Date,Open,High,Low,Close,Adj Close,Volume
2018-03-28,9.800000190734863,11.260000228881836,9.619999885559082,11.239999771118164,11.239999771118164,23929600
2018-03-29,11.5,11.800000190734863,10.649999618530273,11.0,11.0,5863900
2018-04-02,11.050000190734863,11.5,10.90999984741211,11.0,11.0,2771000
2018-04-03,11.5,11.5,10.791000366210938,10.90999984741211,10.90999984741211,2509600
2018-04-04,10.75,11.079999923706055,10.550000190734863,10.970000267028809,10.970000267028809,1498200
2018-04-05,11.0,11.048999786376953,10.75,10.979999542236328,10.979999542236328,893300
2018-04-06,10.949999809265137,11.029999732971191,10.850000381469727,10.9399995803833,10.9399995803833,684700
2018-04-09,11.0,11.6899995803833,10.960000038146973,11.100000381469727,11.100000381469727,2648400
2018-04-10,11.449999809265137,11.59000015258789,11.25,11.5,11.5,2198200
2018-04-11,11.579999923706055,11.59000015258789,11.029999732971191,11.479999542236328,11.479999542236328,1497800
2018-04-12,11.529999732971191,11.760000228881836,11.350000381469727,11.619999885559082,11.619999885559082,2075200
2018-04-13,11.600000381469727,11.6899995803833,11.319999694824219,11.399999618530273,11.399999618530273,803800
2018-04-16,11.40999984741211,11.5,11.329999923706055,11.329999923706055,11.329999923706055,562000
2018-04-17,11.350000381469727,11.399999618530273,11.15999984741211,11.319999694824219,11.319999694824219,635100
2018-04-18,11.4399995803833,11.5,11.289999961853027,11.350000381469727,11.350000381469727,582400
2018-04-19,11.399999618530273,11.489999771118164,11.279999732971191,11.350000381469727,11.350000381469727,433000
2018-04-20,11.25,11.3100004196167,11.0600004196167,11.1899995803833,11.1899995803833,625700
2018-04-23,11.289999961853027,11.460000038146973,11.050999641418457,11.1899995803833,11.1899995803833,867800
2018-04-24,11.25,11.520000457763672,11.210000038146973,11.289999961853027,11.289999961853027,1223300
2018-04-25,11.1899995803833,11.289999961853027,10.819999694824219,10.899999618530273,10.899999618530273,1530200
2018-04-26,11.0600004196167,11.1899995803833,10.850000381469727,11.0,11.0,343100
2018-04-27,11.0,11.100000381469727,10.609999656677246,10.609999656677246,10.609999656677246,495000
2018-04-30,10.699999809265137,11.079999923706055,10.100000381469727,10.920000076293945,10.920000076293945,1090900
2018-05-01,10.84000015258789,11.039999961853027,10.40999984741211,10.579999923706055,10.579999923706055,581000
2018-05-02,10.520000457763672,10.63599967956543,10.210000038146973,10.260000228881836,10.260000228881836,558700
2018-05-03,10.1899995803833,10.458999633789062,10.0,10.079999923706055,10.079999923706055,844000
2018-05-04,10.180000305175781,10.279999732971191,9.859999656677246,9.989999771118164,9.989999771118164,954500
2018-05-07,10.010000228881836,10.140000343322754,9.859999656677246,10.0,10.0,877800
2018-05-08,10.050000190734863,10.489999771118164,9.949999809265137,10.270000457763672,10.270000457763672,733800
2018-05-09,10.40999984741211,10.729999542236328,10.279999732971191,10.649999618530273,10.649999618530273,1043500
2018-05-10,10.729999542236328,11.678999900817871,10.510000228881836,11.0,11.0,1653000
2018-05-11,11.0600004196167,12.1899995803833,11.0600004196167,11.460000038146973,11.460000038146973,3152500
2018-05-14,11.550000190734863,12.199999809265137,11.5,12.069999694824219,12.069999694824219,1946800
2018-05-15,12.069999694824219,12.420000076293945,11.520000457763672,12.15999984741211,12.15999984741211,1529300
2018-05-16,12.239999771118164,14.350000381469727,12.15999984741211,14.109999656677246,14.109999656677246,3113400
2018-05-17,13.829999923706055,14.869999885559082,13.029999732971191,13.550000190734863,13.550000190734863,4410200
2018-05-18,13.5,13.5,12.800000190734863,12.84000015258789,12.84000015258789,2469000
2018-05-21,12.9399995803833,13.180000305175781,12.670000076293945,12.75,12.75,3480100
2018-05-22,13.0,13.260000228881836,12.609999656677246,13.140000343322754,13.140000343322754,2364300
2018-05-23,13.069999694824219,13.380000114440918,12.300000190734863,12.4399995803833,12.4399995803833,6222900
2018-05-24,14.350000381469727,15.489999771118164,13.449999809265137,13.850000381469727,13.850000381469727,16603700
2018-05-25,13.859999656677246,14.4399995803833,13.850000381469727,14.239999771118164,14.239999771118164,3624500
2018-05-29,14.300000190734863,15.189000129699707,14.220000267028809,15.029999732971191,15.029999732971191,4145300
2018-05-30,15.199999809265137,16.884000778198242,15.1899995803833,16.670000076293945,16.670000076293945,6639700
2018-05-31,17.1299991607666,17.709999084472656,15.0,16.229999542236328,16.229999542236328,10142000
2018-06-01,16.510000228881836,17.200000762939453,15.869999885559082,16.90999984741211,16.90999984741211,4287600
2018-06-04,17.399999618530273,18.155000686645508,16.25,16.43000030517578,16.43000030517578,5657600
2018-06-05,16.479999542236328,16.739999771118164,15.600000381469727,16.709999084472656,16.709999084472656,4193100
2018-06-06,16.940000534057617,16.959999084472656,16.141000747680664,16.56999969482422,16.56999969482422,2725700
2018-06-07,16.559999465942383,16.790000915527344,16.049999237060547,16.219999313354492,16.219999313354492,1983600
2018-06-08,16.100000381469727,19.350000381469727,15.850000381469727,18.950000762939453,18.950000762939453,10538300
2018-06-11,19.010000228881836,19.350000381469727,17.360000610351562,18.420000076293945,18.420000076293945,11994900
2018-06-12,18.6200008392334,19.100000381469727,17.600000381469727,18.65999984741211,18.65999984741211,7313900
2018-06-13,18.780000686645508,20.239999771118164,18.5,20.06999969482422,20.06999969482422,10175900
2018-06-14,20.690000534057617,22.700000762939453,19.600000381469727,20.5,20.5,19542000
2018-06-15,20.575000762939453,21.350000381469727,18.81999969482422,19.649999618530273,19.649999618530273,14056800
2018-06-18,19.350000381469727,21.65999984741211,18.950000762939453,21.280000686645508,21.280000686645508,10162500
2018-06-19,20.799999237060547,21.25,19.079999923706055,19.18000030517578,19.18000030517578,10723700
2018-06-20,20.040000915527344,20.290000915527344,18.5,18.540000915527344,18.540000915527344,8227700
2018-06-21,18.5,18.540000915527344,16.0,16.440000534057617,16.440000534057617,13195500
2018-06-22,16.520000457763672,16.8799991607666,15.380000114440918,16.649999618530273,16.649999618530273,8722300
2018-06-25,15.670000076293945,16.190000534057617,14.800000190734863,15.359999656677246,15.359999656677246,8813300
2018-06-26,15.949999809265137,16.530000686645508,15.510000228881836,15.850000381469727,15.850000381469727,7155400
2018-06-27,16.209999084472656,16.299999237060547,13.890000343322754,13.899999618530273,13.899999618530273,9576000
2018-06-28,13.5,14.899999618530273,13.3100004196167,14.5,14.5,7180500
2018-06-29,14.899999618530273,14.899999618530273,13.819999694824219,13.989999771118164,13.989999771118164,6025800
2018-07-02,13.239999771118164,13.640000343322754,12.970000267028809,13.359999656677246,13.359999656677246,7243900
2018-07-03,13.539999961853027,14.09000015258789,13.119999885559082,13.800000190734863,13.800000190734863,3656400
2018-07-05,14.0,14.100000381469727,12.880000114440918,12.899999618530273,12.899999618530273,6617300
2018-07-06,12.510000228881836,13.369999885559082,12.5,13.300000190734863,13.300000190734863,6019300
2018-07-09,13.65999984741211,14.079999923706055,13.28499984741211,13.850000381469727,13.850000381469727,9256500
2018-07-10,13.470000267028809,13.970000267028809,13.130000114440918,13.260000228881836,13.260000228881836,6777500
2018-07-11,12.960000038146973,13.529999732971191,12.760000228881836,12.779999732971191,12.779999732971191,7441200
2018-07-12,13.199999809265137,14.399999618530273,12.949999809265137,14.260000228881836,14.260000228881836,11804400
2018-07-13,14.5,14.6899995803833,13.5,13.800000190734863,13.800000190734863,9513200
2018-07-16,13.720000267028809,14.25,13.279999732971191,13.800000190734863,13.800000190734863,8538200
2018-07-17,13.420000076293945,14.149999618530273,13.100000381469727,13.6899995803833,13.6899995803833,6857100
2018-07-18,13.949999809265137,14.989999771118164,13.899999618530273,14.430000305175781,14.430000305175781,10267600
2018-07-19,14.430000305175781,15.079999923706055,13.800000190734863,13.920000076293945,13.920000076293945,10799300
2018-07-20,13.960000038146973,14.710000038146973,13.819999694824219,14.40999984741211,14.40999984741211,6371200
2018-07-23,14.40999984741211,14.699999809265137,13.63599967956543,14.180000305175781,14.180000305175781,4917200
2018-07-24,14.399999618530273,14.770000457763672,13.649999618530273,13.920000076293945,13.920000076293945,6209200
2018-07-25,13.770000457763672,13.949999809265137,13.130000114440918,13.359999656677246,13.359999656677246,9249400
2018-07-26,12.800000190734863,13.149999618530273,12.65999984741211,12.770000457763672,12.770000457763672,6985700
2018-07-27,13.100000381469727,13.100000381469727,12.0,12.130000114440918,12.130000114440918,6568300
2018-07-30,11.300000190734863,12.0,11.050000190734863,11.59000015258789,11.59000015258789,6687400
2018-07-31,11.5,12.25,11.350000381469727,11.710000038146973,11.710000038146973,3235500
2018-08-01,11.65999984741211,11.729999542236328,11.15999984741211,11.329999923706055,11.329999923706055,3789400
2018-08-02,11.0,11.520000457763672,10.699999809265137,11.510000228881836,11.510000228881836,6487900
2018-08-03,11.510000228881836,11.600000381469727,11.0,11.0600004196167,11.0600004196167,2901600
2018-08-06,11.119999885559082,11.739999771118164,11.11299991607666,11.270000457763672,11.270000457763672,3413000
2018-08-07,11.380000114440918,11.670000076293945,11.300000190734863,11.399999618530273,11.399999618530273,2804300
2018-08-08,11.489999771118164,11.678999900817871,11.239999771118164,11.390000343322754,11.390000343322754,1809400
2018-08-09,11.399999618530273,11.579000473022461,11.220000267028809,11.25,11.25,1839500
2018-08-10,11.25,11.369999885559082,11.020000457763672,11.140000343322754,11.140000343322754,2683600
2018-08-13,11.1899995803833,11.270000457763672,10.699999809265137,10.8100004196167,10.8100004196167,2273700
2018-08-14,10.569999694824219,10.6899995803833,10.260000228881836,10.65999984741211,10.65999984741211,5840400
2018-08-15,9.899999618530273,10.300000190734863,9.09000015258789,10.265000343322754,10.265000343322754,10742700
2018-08-16,10.510000228881836,10.9399995803833,10.5,10.5600004196167,10.5600004196167,5202100
2018-08-17,10.550000190734863,10.869999885559082,9.9399995803833,10.699999809265137,10.699999809265137,2922700
2018-08-20,11.25,11.4399995803833,10.5,11.300000190734863,11.300000190734863,5316300
2018-08-21,11.550000190734863,12.430000305175781,11.5,11.850000381469727,11.850000381469727,5490500
2018-08-22,11.75,11.819999694824219,10.960000038146973,11.010000228881836,11.010000228881836,4486300
2018-08-23,11.210000038146973,11.350000381469727,10.432999610900879,10.529999732971191,10.529999732971191,4609900
2018-08-24,10.579999923706055,10.989999771118164,10.40999984741211,10.90999984741211,10.90999984741211,3993900
2018-08-27,11.449999809265137,11.770000457763672,10.960000038146973,11.529999732971191,11.529999732971191,9487100
2018-08-28,12.850000381469727,13.75,12.640000343322754,13.079999923706055,13.079999923706055,19444300
2018-08-29,13.0,14.229999542236328,12.180000305175781,13.760000228881836,13.760000228881836,9428200
2018-08-30,13.399999618530273,13.699999809265137,12.25,13.140000343322754,13.140000343322754,8767700
2018-08-31,12.699999809265137,13.399999618530273,12.699999809265137,12.829999923706055,12.829999923706055,3801300
2018-09-04,12.75,12.859999656677246,12.039999961853027,12.5,12.5,3758800
2018-09-05,12.25,12.3100004196167,11.350000381469727,11.390000343322754,11.390000343322754,5320200
2018-09-06,11.59000015258789,11.65999984741211,11.109999656677246,11.399999618530273,11.399999618530273,2416400
2018-09-07,11.260000228881836,11.880000114440918,11.0,11.710000038146973,11.710000038146973,2973200
2018-09-10,11.729999542236328,11.9399995803833,11.3100004196167,11.3100004196167,11.3100004196167,2528300
2018-09-11,11.109999656677246,11.989999771118164,11.109999656677246,11.84000015258789,11.84000015258789,3510300
2018-09-12,12.0,13.680000305175781,11.890000343322754,13.029999732971191,13.029999732971191,9417300
2018-09-13,13.460000038146973,14.119999885559082,13.16100025177002,13.350000381469727,13.350000381469727,6425300
2018-09-14,13.289999961853027,13.65999984741211,12.90999984741211,13.520000457763672,13.520000457763672,3904800
2018-09-17,13.289999961853027,13.5,12.774999618530273,13.229999542236328,13.229999542236328,3328900
2018-09-18,13.399999618530273,14.069999694824219,13.130000114440918,13.760000228881836,13.760000228881836,3956200
2018-09-19,13.6899995803833,14.0,13.199999809265137,13.220000267028809,13.220000267028809,2756300
2018-09-20,13.489999771118164,13.6899995803833,12.970000267028809,13.4399995803833,13.4399995803833,2206200
2018-09-21,13.449999809265137,13.670000076293945,12.359999656677246,12.430000305175781,12.430000305175781,5074600
2018-09-24,11.699999809265137,12.230999946594238,11.279999732971191,12.0,12.0,5842200
2018-09-25,12.0,12.659000396728516,11.699999809265137,12.550000190734863,12.550000190734863,3393300
2018-09-26,12.489999771118164,13.420000076293945,12.449999809265137,12.869999885559082,12.869999885559082,4916700
2018-09-27,12.869999885559082,13.100000381469727,12.729999542236328,13.020000457763672,13.020000457763672,2278900
2018-09-28,12.899999618530273,13.6899995803833,12.890000343322754,13.479999542236328,13.479999542236328,4170800
2018-10-01,13.699999809265137,14.085000038146973,13.569999694824219,13.949999809265137,13.949999809265137,3226400
2018-10-02,13.399999618530273,13.699999809265137,12.84000015258789,13.3100004196167,13.3100004196167,4114300
2018-10-03,15.149999618530273,15.5,14.029999732971191,14.369999885559082,14.369999885559082,18033500
2018-10-04,14.140000343322754,14.4399995803833,12.885000228881836,13.550000190734863,13.550000190734863,6889500
2018-10-05,13.369999885559082,13.880000114440918,12.899999618530273,13.350000381469727,13.350000381469727,4572100
2018-10-08,12.720000267028809,13.739999771118164,12.649999618530273,13.630000114440918,13.630000114440918,3539400
2018-10-09,13.3100004196167,13.53499984741211,13.0,13.170000076293945,13.170000076293945,2463100
2018-10-10,13.260000228881836,13.260000228881836,12.100000381469727,12.420000076293945,12.420000076293945,3842200
2018-10-11,12.029999732971191,12.899999618530273,12.020000457763672,12.6899995803833,12.6899995803833,3187200
2018-10-12,13.369999885559082,13.850000381469727,13.279999732971191,13.710000038146973,13.710000038146973,4143800
2018-10-15,13.279999732971191,14.180000305175781,13.260000228881836,13.949999809265137,13.949999809265137,3159600
2018-10-16,14.0,14.289999961853027,13.258000373840332,13.460000038146973,13.460000038146973,4059800
2018-10-17,13.670000076293945,13.720000267028809,12.90999984741211,13.25,13.25,2130200
2018-10-18,12.90999984741211,13.100000381469727,12.489999771118164,12.609999656677246,12.609999656677246,3147800
2018-10-19,12.9399995803833,13.069999694824219,12.369999885559082,12.489999771118164,12.489999771118164,1924100
2018-10-22,13.0,13.069999694824219,12.75,13.050000190734863,13.050000190734863,3448800
2018-10-23,12.670000076293945,13.170000076293945,12.569999694824219,12.970000267028809,12.970000267028809,1836300
2018-10-24,12.890000343322754,12.9399995803833,11.869999885559082,11.989999771118164,11.989999771118164,3620900
2018-10-25,12.239999771118164,12.630000114440918,12.210000038146973,12.569999694824219,12.569999694824219,2778000
2018-10-26,12.25,13.260000228881836,12.149999618530273,13.170000076293945,13.170000076293945,2576700
2018-10-29,13.449999809265137,13.550000190734863,12.258000373840332,12.470000267028809,12.470000267028809,2044300
2018-10-30,12.579999923706055,13.399999618530273,12.3100004196167,13.100000381469727,13.100000381469727,2481200
2018-10-31,13.630000114440918,14.5,13.279999732971191,13.5,13.5,8966500
2018-11-01,13.850000381469727,15.15999984741211,13.029999732971191,14.1899995803833,14.1899995803833,12344900
2018-11-02,14.960000038146973,15.180000305175781,14.15999984741211,14.430000305175781,14.430000305175781,5443900
2018-11-05,14.399999618530273,14.779999732971191,14.25,14.359999656677246,14.359999656677246,1709300
2018-11-06,14.359999656677246,15.479999542236328,14.350000381469727,14.90999984741211,14.90999984741211,4477600
2018-11-07,15.390000343322754,15.4399995803833,14.8100004196167,15.149999618530273,15.149999618530273,2010600
2018-11-08,15.0600004196167,15.079999923706055,14.350000381469727,14.489999771118164,14.489999771118164,2149400
2018-11-09,14.0600004196167,14.0600004196167,13.319999694824219,13.399999618530273,13.399999618530273,2689400
2018-11-12,13.510000228881836,13.710000038146973,12.779999732971191,12.899999618530273,12.899999618530273,3235700
2018-11-13,13.329999923706055,13.930000305175781,13.100000381469727,13.770000457763672,13.770000457763672,2395300
2018-11-14,13.869999885559082,14.140000343322754,13.539999961853027,13.5600004196167,13.5600004196167,1710900
2018-11-15,13.859999656677246,14.789999961853027,13.791999816894531,14.470000267028809,14.470000267028809,3435800
2018-11-16,14.199999809265137,14.9399995803833,13.960000038146973,14.5,14.5,3597400
2018-11-19,14.399999618530273,14.420000076293945,13.020000457763672,13.024999618530273,13.024999618530273,5016800
2018-11-20,13.050000190734863,13.899999618530273,12.850000381469727,13.600000381469727,13.600000381469727,5870700
2018-11-21,13.789999961853027,16.1299991607666,13.75,15.140000343322754,15.140000343322754,19460700
2018-11-23,14.529999732971191,15.0600004196167,14.199999809265137,14.979999542236328,14.979999542236328,2797700
2018-11-26,15.149999618530273,15.359999656677246,14.640000343322754,14.9399995803833,14.9399995803833,2888400
2018-11-27,14.699999809265137,15.1899995803833,14.5,14.970000267028809,14.970000267028809,3099600
2018-11-28,15.199999809265137,16.170000076293945,15.029999732971191,16.139999389648438,16.139999389648438,5337900
2018-11-29,15.930000305175781,15.949999809265137,14.640000343322754,14.930000305175781,14.930000305175781,6587000
2018-11-30,15.149999618530273,15.739999771118164,14.899999618530273,15.609999656677246,15.609999656677246,5782600
2018-12-03,16.290000915527344,16.739999771118164,15.319999694824219,15.420000076293945,15.420000076293945,5354700
2018-12-04,15.520000457763672,15.699999809265137,14.109999656677246,14.329999923706055,14.329999923706055,4901300
2018-12-06,14.029999732971191,14.729999542236328,13.899999618530273,14.680000305175781,14.680000305175781,4840400
2018-12-07,14.65999984741211,15.399999618530273,14.520000457763672,14.6899995803833,14.6899995803833,3614300
2018-12-10,14.59000015258789,15.08899974822998,14.59000015258789,14.710000038146973,14.710000038146973,3151300
2018-12-11,15.020000457763672,15.329999923706055,14.8100004196167,15.050000190734863,15.050000190734863,2029900
2018-12-12,15.300000190734863,15.640000343322754,15.170000076293945,15.289999961853027,15.289999961853027,3441400
2018-12-13,15.4399995803833,15.569999694824219,14.90999984741211,14.949999809265137,14.949999809265137,2628500
2018-12-14,14.800000190734863,15.430000305175781,14.300000190734863,15.220000267028809,15.220000267028809,4102300
2018-12-17,14.930000305175781,14.940999984741211,14.220000267028809,14.279999732971191,14.279999732971191,3110000
2018-12-18,14.479999542236328,14.800000190734863,14.300000190734863,14.720000267028809,14.720000267028809,3046800
2018-12-19,14.800000190734863,15.170000076293945,14.5,14.550000190734863,14.550000190734863,3241400
2018-12-20,15.180000305175781,15.229999542236328,14.050000190734863,14.630000114440918,14.630000114440918,7514500
2018-12-21,15.180000305175781,15.5,13.15999984741211,13.300000190734863,13.300000190734863,13876800
2018-12-24,13.039999961853027,13.829999923706055,12.65999984741211,13.710000038146973,13.710000038146973,4584300
2018-12-26,13.779999732971191,13.960000038146973,13.270000457763672,13.850000381469727,13.850000381469727,3562200
2018-12-27,13.40999984741211,14.199999809265137,13.329999923706055,14.079999923706055,14.079999923706055,2181400
2018-12-28,14.039999961853027,14.420000076293945,13.8100004196167,14.369999885559082,14.369999885559082,2762100
2018-12-31,14.569999694824219,15.0,14.399999618530273,14.59000015258789,14.59000015258789,2914100
2019-01-02,14.0,14.630000114440918,13.979999542236328,14.279999732971191,14.279999732971191,1902100
2019-01-03,14.1899995803833,14.199999809265137,12.850000381469727,12.949999809265137,12.949999809265137,5039100
2019-01-04,13.449999809265137,13.890000343322754,13.399999618530273,13.699999809265137,13.699999809265137,2971900
2019-01-07,13.9399995803833,14.369999885559082,13.739999771118164,14.270000457763672,14.270000457763672,2358000
2019-01-08,14.515000343322754,15.100000381469727,14.399999618530273,14.779999732971191,14.779999732971191,4795200
2019-01-09,14.039999961853027,16.3700008392334,14.010000228881836,15.75,15.75,7953100
2019-01-10,15.399999618530273,16.600000381469727,15.300000190734863,16.260000228881836,16.260000228881836,5974600
2019-01-11,16.020000457763672,16.09000015258789,15.289999961853027,15.359999656677246,15.359999656677246,4050200
2019-01-14,15.199999809265137,15.369999885559082,14.710000038146973,15.0600004196167,15.0600004196167,2387300
2019-01-15,15.329999923706055,15.800000190734863,15.229999542236328,15.510000228881836,15.510000228881836,3143300
2019-01-16,15.770000457763672,16.149999618530273,15.5600004196167,16.030000686645508,16.030000686645508,4317900
2019-01-17,15.899999618530273,16.81999969482422,15.75,16.530000686645508,16.530000686645508,3893900
2019-01-18,16.860000610351562,17.09000015258789,16.600000381469727,16.709999084472656,16.709999084472656,3635100
2019-01-22,16.15999984741211,16.190000534057617,15.75,15.930000305175781,15.930000305175781,4492900
2019-01-23,16.190000534057617,16.3700008392334,15.84000015258789,15.949999809265137,15.949999809265137,3083100
2019-01-24,16.09000015258789,17.18000030517578,16.0,16.889999389648438,16.889999389648438,4376000
2019-01-25,17.219999313354492,17.5,16.969999313354492,17.440000534057617,17.440000534057617,3764300
2019-01-28,17.139999389648438,18.15999984741211,16.799999237060547,17.979999542236328,17.979999542236328,4097100
2019-01-29,17.989999771118164,18.3799991607666,17.670000076293945,17.84000015258789,17.84000015258789,6344300
2019-01-30,18.190000534057617,18.299999237060547,17.68000030517578,17.760000228881836,17.760000228881836,2807300
2019-01-31,18.280000686645508,18.459999084472656,17.959999084472656,18.40999984741211,18.40999984741211,5100000
2019-02-01,18.299999237060547,18.610000610351562,17.75,17.829999923706055,17.829999923706055,3082300
2019-02-04,17.889999389648438,18.049999237060547,17.469999313354492,17.700000762939453,17.700000762939453,2415500
2019-02-05,17.760000228881836,18.434999465942383,17.65999984741211,18.209999084472656,18.209999084472656,2056400
2019-02-06,18.190000534057617,18.479999542236328,18.06999969482422,18.209999084472656,18.209999084472656,2865400
2019-02-07,17.989999771118164,18.065000534057617,16.989999771118164,17.18000030517578,17.18000030517578,4054700
2019-02-08,16.989999771118164,17.649999618530273,16.43000030517578,17.459999084472656,17.459999084472656,1702700
2019-02-11,17.825000762939453,17.950000762939453,17.149999618530273,17.290000915527344,17.290000915527344,2375000
2019-02-12,17.510000228881836,18.209999084472656,17.510000228881836,17.860000610351562,17.860000610351562,3905300
2019-02-13,18.110000610351562,18.5,17.964000701904297,18.200000762939453,18.200000762939453,2499700
2019-02-14,18.81999969482422,19.200000762939453,18.3799991607666,18.920000076293945,18.920000076293945,6906900
2019-02-15,18.5,18.510000228881836,17.719999313354492,17.739999771118164,17.739999771118164,6522000
2019-02-19,17.809999465942383,18.219999313354492,17.770000457763672,17.799999237060547,17.799999237060547,3313400
2019-02-20,18.030000686645508,18.75,18.020000457763672,18.309999465942383,18.309999465942383,5234800
2019-02-21,18.459999084472656,18.68000030517578,17.93000030517578,18.139999389648438,18.139999389648438,3018500
2019-02-22,18.450000762939453,19.549999237060547,18.424999237060547,19.479999542236328,19.479999542236328,7639100
2019-02-25,20.5,21.0,19.559999465942383,20.260000228881836,20.260000228881836,8690200
2019-02-26,19.670000076293945,19.979999542236328,19.049999237060547,19.729999542236328,19.729999542236328,4507000
2019-02-27,19.989999771118164,20.049999237060547,19.43000030517578,19.860000610351562,19.860000610351562,5961000
2019-02-28,20.899999618530273,21.5,18.540000915527344,18.979999542236328,18.979999542236328,17474500
2019-03-01,19.110000610351562,19.200000762939453,17.920000076293945,17.979999542236328,17.979999542236328,9815700
2019-03-04,17.6299991607666,19.0,17.56999969482422,18.81999969482422,18.81999969482422,10394200
2019-03-05,18.65999984741211,19.31999969482422,18.268999099731445,19.139999389648438,19.139999389648438,4526000
2019-03-06,19.0,19.1299991607666,18.514999389648438,18.65999984741211,18.65999984741211,4299400
2019-03-07,18.399999618530273,18.600000381469727,17.670000076293945,17.799999237060547,17.799999237060547,3948000
2019-03-08,17.209999084472656,18.200000762939453,17.149999618530273,17.940000534057617,17.940000534057617,3441200
2019-03-11,18.1200008392334,18.6200008392334,17.969999313354492,18.600000381469727,18.600000381469727,4642200
2019-03-12,18.709999084472656,19.260000228881836,18.6299991607666,18.899999618530273,18.899999618530273,3295500
2019-03-13,18.899999618530273,19.100000381469727,18.174999237060547,18.200000762939453,18.200000762939453,3825900
2019-03-14,18.299999237060547,18.600000381469727,18.18000030517578,18.5,18.5,1640100
2019-03-15,18.59000015258789,18.829999923706055,18.5,18.709999084472656,18.709999084472656,2184100
2019-03-18,18.90999984741211,18.950000762939453,18.3700008392334,18.5,18.5,2295800
2019-03-19,18.56999969482422,19.0,18.450000762939453,18.649999618530273,18.649999618530273,3482500
2019-03-20,18.6200008392334,18.649999618530273,17.719999313354492,17.75,17.75,5205700
2019-03-21,17.770000457763672,18.05699920654297,17.549999237060547,17.709999084472656,17.709999084472656,4727100
2019-03-22,17.600000381469727,17.690000534057617,17.200000762939453,17.209999084472656,17.209999084472656,4250900
2019-03-25,17.110000610351562,17.809999465942383,17.049999237060547,17.59000015258789,17.59000015258789,1901400
2019-03-26,17.649999618530273,17.899999618530273,17.610000610351562,17.700000762939453,17.700000762939453,2688100
2019-03-27,17.709999084472656,17.979999542236328,17.5,17.709999084472656,17.709999084472656,5441800
2019-03-28,17.75,18.200000762939453,17.670000076293945,18.100000381469727,18.100000381469727,3779300
2019-03-29,18.40999984741211,18.969999313354492,17.829999923706055,18.950000762939453,18.950000762939453,6273500
2019-04-01,19.239999771118164,19.299999237060547,18.15999984741211,18.799999237060547,18.799999237060547,5938400
2019-04-02,18.389999389648438,18.59000015258789,17.989999771118164,18.049999237060547,18.049999237060547,9102700
2019-04-03,18.270000457763672,18.600000381469727,17.979999542236328,18.079999923706055,18.079999923706055,21655200
2019-04-04,18.030000686645508,18.190000534057617,16.92099952697754,17.229999542236328,17.229999542236328,11660000
2019-04-05,17.389999389648438,18.25,17.239999771118164,18.020000457763672,18.020000457763672,7908800
2019-04-08,17.940000534057617,18.135000228881836,17.690000534057617,17.90999984741211,17.90999984741211,5201500
2019-04-09,17.920000076293945,17.959999084472656,17.770000457763672,17.84000015258789,17.84000015258789,2435300
2019-04-10,17.989999771118164,17.989999771118164,17.420000076293945,17.6299991607666,17.6299991607666,2902900
2019-04-11,17.5,17.770000457763672,17.3799991607666,17.469999313354492,17.469999313354492,3652900
2019-04-12,17.81999969482422,18.520000457763672,17.68000030517578,18.31999969482422,18.31999969482422,7307200
2019-04-15,18.079999923706055,18.149999618530273,16.8799991607666,17.18000030517578,17.18000030517578,8859100
2019-04-16,17.489999771118164,17.549999237060547,17.0,17.100000381469727,17.100000381469727,4515100
2019-04-17,17.260000228881836,17.299999237060547,16.709999084472656,16.93000030517578,16.93000030517578,5296400
2019-04-18,17.0,17.540000915527344,16.959999084472656,17.450000762939453,17.450000762939453,3426600
2019-04-22,17.0,17.75,17.0,17.719999313354492,17.719999313354492,2792600
2019-04-23,17.6200008392334,17.989999771118164,17.611000061035156,17.729999542236328,17.729999542236328,4245600
2019-04-24,17.65999984741211,17.889999389648438,17.190000534057617,17.770000457763672,17.770000457763672,2285000
2019-04-25,17.540000915527344,17.649999618530273,17.030000686645508,17.489999771118164,17.489999771118164,2990600
2019-04-26,17.469999313354492,17.809999465942383,17.2810001373291,17.780000686645508,17.780000686645508,2251800
2019-04-29,17.719999313354492,17.850000381469727,17.413000106811523,17.68000030517578,17.68000030517578,2642800
2019-04-30,17.559999465942383,17.899999618530273,17.450000762939453,17.799999237060547,17.799999237060547,3617400
2019-05-01,17.899999618530273,18.079999923706055,17.80500030517578,17.829999923706055,17.829999923706055,2544300
2019-05-02,17.799999237060547,18.149999618530273,17.514999389648438,17.719999313354492,17.719999313354492,2462900
2019-05-03,17.899999618530273,18.309999465942383,17.75,18.190000534057617,18.190000534057617,3247500
2019-05-06,17.350000381469727,17.56999969482422,17.030000686645508,17.399999618530273,17.399999618530273,4826500
2019-05-07,17.270000457763672,17.600000381469727,16.969999313354492,17.09000015258789,17.09000015258789,3042500
2019-05-08,17.079999923706055,17.389999389648438,16.799999237060547,17.139999389648438,17.139999389648438,3634400
2019-05-09,16.709999084472656,17.170000076293945,16.190000534057617,17.139999389648438,17.139999389648438,6096600
2019-05-10,17.170000076293945,17.5,16.579999923706055,17.100000381469727,17.100000381469727,3930900
2019-05-13,16.510000228881836,16.649999618530273,16.030000686645508,16.209999084472656,16.209999084472656,4672900
2019-05-14,16.690000534057617,16.700000762939453,14.819999694824219,15.390000343322754,15.390000343322754,16739100
2019-05-15,15.460000038146973,15.6899995803833,15.1899995803833,15.529999732971191,15.529999732971191,4802100
2019-05-16,15.630000114440918,15.96500015258789,15.50100040435791,15.8100004196167,15.8100004196167,3529900
2019-05-17,15.529999732971191,15.699999809265137,15.25,15.350000381469727,15.350000381469727,4076700
2019-05-20,15.0,15.100000381469727,14.430000305175781,14.579999923706055,14.579999923706055,4531100
2019-05-21,14.869999885559082,15.03499984741211,14.640000343322754,14.770000457763672,14.770000457763672,5223500
2019-05-22,14.729999542236328,14.994999885559082,14.449999809265137,14.6899995803833,14.6899995803833,2483000
2019-05-23,14.199999809265137,14.472999572753906,13.829999923706055,14.319999694824219,14.319999694824219,4847400
2019-05-24,14.489999771118164,14.574000358581543,13.989999771118164,14.050000190734863,14.050000190734863,2452900
2019-05-28,14.369999885559082,14.630000114440918,13.979999542236328,14.010000228881836,14.010000228881836,3617400
2019-05-29,13.880000114440918,14.020000457763672,13.654999732971191,13.779999732971191,13.779999732971191,3338000
2019-05-30,13.930000305175781,14.050000190734863,13.819999694824219,13.890000343322754,13.890000343322754,1532700
2019-05-31,13.630000114440918,13.720000267028809,13.300000190734863,13.5,13.5,2886300
2019-06-03,13.510000228881836,13.795000076293945,13.229999542236328,13.479999542236328,13.479999542236328,5497300
2019-06-04,13.449999809265137,14.274999618530273,13.270000457763672,14.109999656677246,14.109999656677246,5363800
2019-06-05,14.420000076293945,14.449999809265137,13.479999542236328,13.989999771118164,13.989999771118164,6164700
2019-06-06,13.899999618530273,14.34000015258789,13.729999542236328,14.170000076293945,14.170000076293945,2654300
2019-06-07,14.149999618530273,15.100000381469727,14.100000381469727,14.800000190734863,14.800000190734863,5002000
2019-06-10,14.90999984741211,15.3100004196167,14.880000114440918,15.0600004196167,15.0600004196167,3584400
2019-06-11,15.510000228881836,15.628999710083008,14.545000076293945,14.920000076293945,14.920000076293945,5314200
2019-06-12,14.5600004196167,14.779999732971191,14.40999984741211,14.6899995803833,14.6899995803833,1471300
2019-06-13,14.619999885559082,14.800000190734863,14.25,14.479999542236328,14.479999542236328,3091900
2019-06-14,14.329999923706055,14.449999809265137,14.010000228881836,14.270000457763672,14.270000457763672,2575900
2019-06-17,14.199999809265137,14.579999923706055,14.1899995803833,14.359999656677246,14.359999656677246,1461100
2019-06-18,14.59000015258789,15.5,14.5,15.15999984741211,15.15999984741211,4473100
2019-06-19,15.229999542236328,15.34000015258789,14.949999809265137,15.1899995803833,15.1899995803833,955000
2019-06-20,15.569999694824219,15.930000305175781,15.479999542236328,15.579999923706055,15.579999923706055,3130600
2019-06-21,15.34000015258789,15.569999694824219,15.100000381469727,15.4399995803833,15.4399995803833,2675600
2019-06-24,15.4399995803833,16.239999771118164,15.279999732971191,16.06999969482422,16.06999969482422,3683600
2019-06-25,15.880000114440918,16.139999389648438,15.470000267028809,15.640000343322754,15.640000343322754,2839100
2019-06-26,15.899999618530273,16.229999542236328,15.899999618530273,15.970000267028809,15.970000267028809,1905400
2019-06-27,16.06999969482422,16.25,15.9399995803833,16.100000381469727,16.100000381469727,2739800
2019-06-28,15.890000343322754,16.280000686645508,15.819999694824219,16.270000457763672,16.270000457763672,1853900
2019-07-01,16.549999237060547,16.81999969482422,16.260000228881836,16.479999542236328,16.479999542236328,4575000
2019-07-02,16.420000076293945,16.700000762939453,16.25,16.610000610351562,16.610000610351562,2952500
2019-07-03,16.600000381469727,16.65999984741211,16.299999237060547,16.6299991607666,16.6299991607666,1189600
2019-07-05,16.520000457763672,16.799999237060547,16.399999618530273,16.739999771118164,16.739999771118164,956300
2019-07-08,16.5,16.610000610351562,16.399999618530273,16.559999465942383,16.559999465942383,1076200
2019-07-09,16.299999237060547,16.65999984741211,16.183000564575195,16.600000381469727,16.600000381469727,1391200
2019-07-10,16.700000762939453,16.829999923706055,16.479999542236328,16.59000015258789,16.59000015258789,2012500
2019-07-11,16.649999618530273,16.700000762939453,16.329999923706055,16.469999313354492,16.469999313354492,1145800
2019-07-12,16.600000381469727,16.75,16.325000762939453,16.399999618530273,16.399999618530273,1399700
2019-07-15,16.579999923706055,16.65999984741211,16.405000686645508,16.450000762939453,16.450000762939453,1491300
2019-07-16,16.5,16.549999237060547,16.05500030517578,16.06999969482422,16.06999969482422,1327600
2019-07-17,16.100000381469727,16.100000381469727,15.359999656677246,15.579999923706055,15.579999923706055,2816900
2019-07-18,15.5,15.625,15.0600004196167,15.529999732971191,15.529999732971191,1997900
2019-07-19,15.65999984741211,15.800000190734863,15.425000190734863,15.539999961853027,15.539999961853027,2031700
2019-07-22,15.779999732971191,16.239999771118164,15.40999984741211,15.5600004196167,15.5600004196167,2589000
2019-07-23,15.779999732971191,16.18000030517578,15.699999809265137,15.710000038146973,15.710000038146973,4330800
2019-07-24,15.84000015258789,15.949999809265137,15.720000267028809,15.800000190734863,15.800000190734863,1909900
2019-07-25,15.869999885559082,15.989999771118164,15.5,15.699999809265137,15.699999809265137,2056100
2019-07-26,15.760000228881836,16.200000762939453,15.75,15.960000038146973,15.960000038146973,1748500
2019-07-29,16.0,16.149999618530273,15.770000457763672,16.1299991607666,16.1299991607666,1537100
2019-07-30,15.899999618530273,16.030000686645508,15.369999885559082,15.489999771118164,15.489999771118164,2580400
2019-07-31,15.5,15.5,14.899999618530273,15.149999618530273,15.149999618530273,3207400
2019-08-01,15.25,15.489999771118164,14.600000381469727,14.75,14.75,2556100
2019-08-02,14.699999809265137,14.789999961853027,14.210000038146973,14.720000267028809,14.720000267028809,2139600
2019-08-05,14.199999809265137,14.295000076293945,13.609999656677246,13.8100004196167,13.8100004196167,7192500
2019-08-06,14.260000228881836,14.539999961853027,13.880000114440918,13.949999809265137,13.949999809265137,4844600
2019-08-07,14.15999984741211,14.390000343322754,13.670000076293945,14.039999961853027,14.039999961853027,4303800
2019-08-08,14.1899995803833,14.359999656677246,13.9399995803833,14.1899995803833,14.1899995803833,2475100
2019-08-09,14.09000015258789,14.11299991607666,13.859999656677246,13.90999984741211,13.90999984741211,2122600
2019-08-12,13.75,14.010000228881836,13.699999809265137,13.84000015258789,13.84000015258789,1691300
2019-08-13,13.880000114440918,14.069999694824219,13.729999542236328,14.010000228881836,14.010000228881836,4253700
2019-08-14,13.699999809265137,13.960000038146973,13.550000190734863,13.8100004196167,13.8100004196167,2014400
2019-08-15,13.920000076293945,14.130000114440918,13.899999618530273,14.010000228881836,14.010000228881836,1028400
2019-08-16,14.289999961853027,14.779999732971191,14.279999732971191,14.520000457763672,14.520000457763672,2501800
2019-08-19,14.850000381469727,15.01099967956543,14.399999618530273,14.5,14.5,3142200
2019-08-20,14.420000076293945,14.579999923706055,14.210000038146973,14.3100004196167,14.3100004196167,1697500
2019-08-21,14.5,14.539999961853027,14.319999694824219,14.40999984741211,14.40999984741211,1427500
2019-08-22,14.5600004196167,14.739999771118164,14.350000381469727,14.699999809265137,14.699999809265137,2945000
2019-08-23,14.579999923706055,15.34000015258789,14.579999923706055,14.699999809265137,14.699999809265137,4211200
2019-08-26,15.119999885559082,15.149999618530273,14.0,14.5,14.5,7836000
2019-08-27,14.3100004196167,14.899999618530273,13.850000381469727,13.920000076293945,13.920000076293945,6020000
2019-08-28,13.8100004196167,13.859999656677246,13.359999656677246,13.529999732971191,13.529999732971191,4262600
2019-08-29,13.75,14.020000457763672,13.579999923706055,13.699999809265137,13.699999809265137,2736800
2019-08-30,13.75,14.248000144958496,13.75,14.050000190734863,14.050000190734863,2268700
2019-09-03,13.8100004196167,14.4399995803833,13.8100004196167,14.15999984741211,14.15999984741211,2755300
2019-09-04,14.319999694824219,14.319999694824219,13.699999809265137,13.770000457763672,13.770000457763672,4553800
2019-09-05,14.0,14.649999618530273,14.0,14.59000015258789,14.59000015258789,7928200
2019-09-06,14.699999809265137,14.890000343322754,14.359999656677246,14.460000038146973,14.460000038146973,3314000
2019-09-09,14.479999542236328,14.515000343322754,14.239999771118164,14.34000015258789,14.34000015258789,1597700
2019-09-10,14.270000457763672,14.899999618530273,14.15999984741211,14.869999885559082,14.869999885559082,3981500
2019-09-11,14.979999542236328,15.279999732971191,14.800000190734863,15.210000038146973,15.210000038146973,4430400
2019-09-12,15.300000190734863,15.359999656677246,14.90999984741211,15.140000343322754,15.140000343322754,3548100
2019-09-13,15.199999809265137,15.279999732971191,14.9399995803833,15.0600004196167,15.0600004196167,1693400
2019-09-16,14.899999618530273,15.194999694824219,14.869999885559082,15.0,15.0,2288000
2019-09-17,14.90999984741211,15.305000305175781,14.829999923706055,15.239999771118164,15.239999771118164,1678200
2019-09-18,15.239999771118164,15.350000381469727,14.960000038146973,15.210000038146973,15.210000038146973,1889900
2019-09-19,15.239999771118164,15.430000305175781,15.100000381469727,15.100000381469727,15.100000381469727,1769200
2019-09-20,15.09000015258789,15.479999542236328,15.029999732971191,15.260000228881836,15.260000228881836,2801000
2019-09-23,15.239999771118164,15.329999923706055,14.970000267028809,15.100000381469727,15.100000381469727,1560500
2019-09-24,15.100000381469727,15.1899995803833,14.449999809265137,14.600000381469727,14.600000381469727,3471200
2019-09-25,14.520000457763672,14.944999694824219,14.40999984741211,14.890000343322754,14.890000343322754,2742000
2019-09-26,14.9399995803833,15.130000114440918,14.8100004196167,15.020000457763672,15.020000457763672,1813000
2019-09-27,15.050000190734863,15.289999961853027,14.050000190734863,14.329999923706055,14.329999923706055,3475300
2019-09-30,14.470000267028809,14.550000190734863,14.069999694824219,14.119999885559082,14.119999885559082,1441300
2019-10-01,14.140000343322754,14.199999809265137,13.739999771118164,13.800000190734863,13.800000190734863,2090100
2019-10-02,13.6899995803833,13.928999900817871,13.609999656677246,13.800000190734863,13.800000190734863,1844000
2019-10-03,13.850000381469727,14.229999542236328,13.638999938964844,14.220000267028809,14.220000267028809,1568000
2019-10-04,14.170000076293945,14.25,13.850000381469727,13.920000076293945,13.920000076293945,1346300
2019-10-07,13.880000114440918,13.949999809265137,13.569999694824219,13.640000343322754,13.640000343322754,2375600
2019-10-08,13.569999694824219,13.600000381469727,13.229999542236328,13.4399995803833,13.4399995803833,2636400
2019-10-09,13.779999732971191,13.819999694824219,13.524999618530273,13.789999961853027,13.789999961853027,1363700
2019-10-10,13.8100004196167,14.076000213623047,13.789999961853027,14.010000228881836,14.010000228881836,1448300
2019-10-11,14.5600004196167,14.800000190734863,14.319999694824219,14.369999885559082,14.369999885559082,2744400
2019-10-14,14.260000228881836,14.430000305175781,14.149999618530273,14.350000381469727,14.350000381469727,989500
2019-10-15,14.4399995803833,14.630000114440918,14.359999656677246,14.510000228881836,14.510000228881836,939100
2019-10-16,14.449999809265137,14.5600004196167,14.100000381469727,14.5600004196167,14.5600004196167,1357800
2019-10-17,14.630000114440918,14.6899995803833,14.300000190734863,14.350000381469727,14.350000381469727,2952600
2019-10-18,14.300000190734863,14.550000190734863,14.25,14.40999984741211,14.40999984741211,1341100
2019-10-21,14.5,14.890000343322754,14.470000267028809,14.859999656677246,14.859999656677246,1401400
2019-10-22,14.859999656677246,14.899999618530273,14.5600004196167,14.5600004196167,14.5600004196167,702900
2019-10-23,14.550000190734863,14.699999809265137,14.34000015258789,14.420000076293945,14.420000076293945,1148600
2019-10-24,14.5,15.510000228881836,14.5,15.260000228881836,15.260000228881836,4087400
2019-10-25,15.100000381469727,15.609999656677246,15.100000381469727,15.520000457763672,15.520000457763672,1752900
2019-10-28,15.5600004196167,15.90999984741211,15.5,15.720000267028809,15.720000267028809,2350000
2019-10-29,15.600000381469727,15.699999809265137,15.430000305175781,15.569999694824219,15.569999694824219,1465300
2019-10-30,15.510000228881836,15.75,15.430000305175781,15.710000038146973,15.710000038146973,2551300
2019-10-31,15.6899995803833,15.869999885559082,15.630000114440918,15.789999961853027,15.789999961853027,2226700
2019-11-01,15.979999542236328,16.5,15.899999618530273,16.459999084472656,16.459999084472656,4874600
2019-11-04,16.719999313354492,16.780000686645508,16.299999237060547,16.780000686645508,16.780000686645508,3662000
2019-11-05,16.780000686645508,16.780000686645508,16.3799991607666,16.420000076293945,16.420000076293945,1969800
2019-11-06,16.420000076293945,16.5,16.28499984741211,16.440000534057617,16.440000534057617,1438800
2019-11-07,16.610000610351562,16.959999084472656,16.600000381469727,16.950000762939453,16.950000762939453,3431000
2019-11-08,16.90999984741211,16.93000030517578,16.40999984741211,16.579999923706055,16.579999923706055,2977500
2019-11-11,16.350000381469727,16.895000457763672,16.299999237060547,16.770000457763672,16.770000457763672,2018500
2019-11-12,16.790000915527344,16.8799991607666,16.475000381469727,16.68000030517578,16.68000030517578,3216000
2019-11-13,16.579999923706055,17.0049991607666,16.579999923706055,16.770000457763672,16.770000457763672,1926800
2019-11-14,16.799999237060547,16.809999465942383,16.200000762939453,16.329999923706055,16.329999923706055,1653900
2019-11-15,16.40999984741211,16.719999313354492,16.26099967956543,16.709999084472656,16.709999084472656,2565600
2019-11-18,17.010000228881836,17.010000228881836,16.270000457763672,16.3799991607666,16.3799991607666,3939200
2019-11-19,16.600000381469727,16.649999618530273,15.180000305175781,15.729999542236328,15.729999542236328,9075000
2019-11-20,15.5,16.6299991607666,15.420000076293945,16.290000915527344,16.290000915527344,4344600
2019-11-21,16.34000015258789,17.084999084472656,16.299999237060547,16.920000076293945,16.920000076293945,3826400
2019-11-22,16.93000030517578,16.979999542236328,16.559999465942383,16.59000015258789,16.59000015258789,2824300
2019-11-25,16.5,16.940000534057617,16.360000610351562,16.809999465942383,16.809999465942383,2032900
2019-11-26,16.84000015258789,16.989999771118164,16.625,16.799999237060547,16.799999237060547,1137900
2019-11-27,16.889999389648438,17.299999237060547,16.809999465942383,17.0,17.0,2373000
2019-11-29,16.850000381469727,17.299999237060547,16.440000534057617,17.280000686645508,17.280000686645508,1324900
2019-12-02,17.200000762939453,17.5,17.049999237060547,17.40999984741211,17.40999984741211,3100100
2019-12-03,16.899999618530273,17.100000381469727,16.469999313354492,16.68000030517578,16.68000030517578,3037700
2019-12-04,16.799999237060547,16.88599967956543,16.350000381469727,16.420000076293945,16.420000076293945,1805500
2019-12-05,16.540000915527344,17.19499969482422,16.450000762939453,16.950000762939453,16.950000762939453,2859100
2019-12-06,17.059999465942383,17.239999771118164,17.020000457763672,17.170000076293945,17.170000076293945,1687200
2019-12-09,17.079999923706055,17.389999389648438,16.93000030517578,16.989999771118164,16.989999771118164,2929800
2019-12-10,17.110000610351562,17.190000534057617,16.899999618530273,16.959999084472656,16.959999084472656,2079200
2019-12-11,17.100000381469727,17.610000610351562,16.989999771118164,17.540000915527344,17.540000915527344,1549000
2019-12-12,17.479999542236328,17.829999923706055,17.399999618530273,17.739999771118164,17.739999771118164,1748000
2019-12-13,17.75,18.040000915527344,17.670000076293945,17.899999618530273,17.899999618530273,3535100
2019-12-16,18.049999237060547,18.079999923706055,17.780000686645508,17.959999084472656,17.959999084472656,1983500
2019-12-17,18.059999465942383,18.059999465942383,17.6299991607666,17.850000381469727,17.850000381469727,3074800
2019-12-18,17.860000610351562,17.860000610351562,17.469999313354492,17.690000534057617,17.690000534057617,2692300
2019-12-19,17.790000915527344,18.09000015258789,17.610000610351562,18.040000915527344,18.040000915527344,2265700
2019-12-20,18.09000015258789,18.5,17.90999984741211,17.940000534057617,17.940000534057617,1994900
2019-12-23,18.0,18.5,17.959999084472656,18.420000076293945,18.420000076293945,1852600
2019-12-24,18.440000534057617,18.56999969482422,18.334999084472656,18.440000534057617,18.440000534057617,982900
2019-12-26,18.450000762939453,18.4689998626709,18.239999771118164,18.34000015258789,18.34000015258789,1377500
2019-12-27,18.309999465942383,18.399999618530273,18.100000381469727,18.239999771118164,18.239999771118164,1753400
2019-12-30,18.200000762939453,18.59000015258789,18.1299991607666,18.450000762939453,18.450000762939453,3092200
2019-12-31,18.549999237060547,19.170000076293945,18.475000381469727,18.6200008392334,18.6200008392334,2975200
2020-01-02,19.469999313354492,21.889999389648438,19.299999237060547,20.950000762939453,20.950000762939453,12629400
2020-01-03,20.549999237060547,22.59000015258789,20.530000686645508,22.079999923706055,22.079999923706055,11520900
2020-01-06,21.459999084472656,23.450000762939453,21.40999984741211,23.209999084472656,23.209999084472656,10695200
2020-01-07,23.170000076293945,23.204999923706055,22.420000076293945,23.1299991607666,23.1299991607666,7407000
2020-01-08,22.920000076293945,23.90999984741211,22.190000534057617,23.84000015258789,23.84000015258789,7880800
2020-01-09,24.290000915527344,24.469999313354492,22.8700008392334,23.15999984741211,23.15999984741211,8422200
2020-01-10,22.56999969482422,22.59000015258789,20.829999923706055,21.549999237060547,21.549999237060547,11025500
2020-01-13,22.350000381469727,22.83300018310547,21.850000381469727,21.989999771118164,21.989999771118164,7101800
2020-01-14,22.0,23.014999389648438,21.979999542236328,22.8700008392334,22.8700008392334,5563700
2020-01-15,22.93000030517578,23.270000457763672,22.760000228881836,23.030000686645508,23.030000686645508,4048400
2020-01-16,23.579999923706055,23.600000381469727,22.760000228881836,22.969999313354492,22.969999313354492,3051900
2020-01-17,23.110000610351562,23.15999984741211,22.40999984741211,22.799999237060547,22.799999237060547,6592500
2020-01-21,22.510000228881836,23.25,22.139999389648438,22.610000610351562,22.610000610351562,6813700
2020-01-22,22.799999237060547,23.059999465942383,22.530000686645508,22.540000915527344,22.540000915527344,4416400
2020-01-23,22.0,22.65999984741211,21.75,22.510000228881836,22.510000228881836,3872300
2020-01-24,22.8700008392334,23.08300018310547,21.59000015258789,21.81999969482422,21.81999969482422,4052900
2020-01-27,20.850000381469727,22.469999313354492,20.610000610351562,22.299999237060547,22.299999237060547,4487900
2020-01-28,22.610000610351562,22.780000686645508,21.989999771118164,22.40999984741211,22.40999984741211,3137800
2020-01-29,22.59000015258789,22.610000610351562,22.040000915527344,22.3799991607666,22.3799991607666,2122200
2020-01-30,22.079999923706055,22.239999771118164,20.780000686645508,21.260000228881836,21.260000228881836,4479900
2020-01-31,21.280000686645508,21.700000762939453,21.1299991607666,21.549999237060547,21.549999237060547,4058000
2020-02-03,21.549999237060547,23.299999237060547,21.510000228881836,23.040000915527344,23.040000915527344,6803200
2020-02-04,23.780000686645508,23.979999542236328,23.257999420166016,23.579999923706055,23.579999923706055,4123200
2020-02-05,24.100000381469727,24.170000076293945,22.757999420166016,23.260000228881836,23.260000228881836,5373400
2020-02-06,23.65999984741211,26.719999313354492,23.15999984741211,26.34000015258789,26.34000015258789,11637500
2020-02-07,26.020000457763672,26.219999313354492,24.520000457763672,24.989999771118164,24.989999771118164,7705200
2020-02-10,25.889999389648438,26.170000076293945,24.829999923706055,25.459999084472656,25.459999084472656,8481200
2020-02-11,25.760000228881836,27.549999237060547,25.760000228881836,26.549999237060547,26.549999237060547,9339300
2020-02-12,27.549999237060547,28.15999984741211,27.059999465942383,27.530000686645508,27.530000686645508,7957300
2020-02-13,27.440000534057617,28.540000915527344,27.360000610351562,27.760000228881836,27.760000228881836,6367200
2020-02-14,28.280000686645508,28.950000762939453,27.829999923706055,28.690000534057617,28.690000534057617,5147000
2020-02-18,29.0,29.0049991607666,26.645999908447266,27.1299991607666,27.1299991607666,11429100
2020-02-19,27.3700008392334,27.950000762939453,27.3700008392334,27.719999313354492,27.719999313354492,3682500
2020-02-20,27.979999542236328,28.413000106811523,27.0,27.940000534057617,27.940000534057617,4955200
2020-02-21,27.989999771118164,27.989999771118164,26.719999313354492,26.8799991607666,26.8799991607666,5892300
2020-02-24,25.704999923706055,27.142000198364258,25.280000686645508,26.920000076293945,26.920000076293945,6715300
2020-02-25,27.600000381469727,27.979999542236328,26.58099937438965,26.719999313354492,26.719999313354492,8947200
2020-02-26,27.600000381469727,29.280000686645508,27.06999969482422,27.56999969482422,27.56999969482422,11267300
2020-02-27,27.0,27.290000915527344,25.7549991607666,26.6299991607666,26.6299991607666,5991100
2020-02-28,25.5,26.149999618530273,24.559999465942383,25.68000030517578,25.68000030517578,8608400
2020-03-02,26.479999542236328,27.25,25.860000610351562,27.229999542236328,27.229999542236328,6444500
2020-03-03,27.420000076293945,27.56999969482422,25.850000381469727,26.239999771118164,26.239999771118164,5497100
2020-03-04,26.770000457763672,27.56999969482422,26.719999313354492,27.549999237060547,27.549999237060547,4342800
2020-03-05,27.110000610351562,28.270000457763672,27.06999969482422,28.110000610351562,28.110000610351562,5839200
2020-03-06,27.25,27.8700008392334,25.93000030517578,26.68000030517578,26.68000030517578,6600700
2020-03-09,24.760000228881836,25.979999542236328,23.700000762939453,25.1200008392334,25.1200008392334,6248200
2020-03-10,26.209999084472656,26.600000381469727,25.114999771118164,26.0,26.0,4025300
2020-03-11,25.450000762939453,26.709999084472656,25.15999984741211,25.670000076293945,25.670000076293945,4800500
2020-03-12,23.979999542236328,24.25,22.84000015258789,23.799999237060547,23.799999237060547,8105200
2020-03-13,25.0,25.399999618530273,22.229999542236328,23.3700008392334,23.3700008392334,6556800
2020-03-16,21.110000610351562,23.15999984741211,20.0,22.15999984741211,22.15999984741211,4817700
2020-03-17,23.049999237060547,24.760000228881836,21.295000076293945,24.350000381469727,24.350000381469727,7198800
2020-03-18,22.040000915527344,23.899999618530273,19.25,21.010000228881836,21.010000228881836,13855400
2020-03-19,21.299999237060547,21.950000762939453,20.0,20.84000015258789,20.84000015258789,7021900
2020-03-20,21.799999237060547,21.93000030517578,20.0,20.190000534057617,20.190000534057617,5957000
2020-03-23,20.0,20.559999465942383,19.450000762939453,20.260000228881836,20.260000228881836,5392500
2020-03-24,21.350000381469727,22.815000534057617,21.1299991607666,22.200000762939453,22.200000762939453,7557700
2020-03-25,22.6200008392334,23.979999542236328,22.5,22.8700008392334,22.8700008392334,6298100
2020-03-26,23.06999969482422,23.84000015258789,22.65999984741211,23.040000915527344,23.040000915527344,3560800
2020-03-27,22.170000076293945,22.799999237060547,22.049999237060547,22.110000610351562,22.110000610351562,3315400
2020-03-30,22.399999618530273,23.25,22.149999618530273,22.959999084472656,22.959999084472656,3996300
2020-03-31,22.90999984741211,24.75,22.510000228881836,23.420000076293945,23.420000076293945,5230200
2020-04-01,23.110000610351562,24.850000381469727,23.110000610351562,24.059999465942383,24.059999465942383,3789900
2020-04-02,23.979999542236328,24.579999923706055,23.239999771118164,24.420000076293945,24.420000076293945,4885000
2020-04-03,24.309999465942383,24.700000762939453,23.610000610351562,24.110000610351562,24.110000610351562,3329300
2020-04-06,24.90999984741211,25.584999084472656,24.719999313354492,25.559999465942383,25.559999465942383,3811900
2020-04-07,26.110000610351562,26.899999618530273,25.540000915527344,26.489999771118164,26.489999771118164,5859400
2020-04-08,25.84000015258789,26.5,24.399999618530273,26.200000762939453,26.200000762939453,5526400
2020-04-09,27.850000381469727,29.739999771118164,26.299999237060547,26.829999923706055,26.829999923706055,10328500
2020-04-13,27.030000686645508,27.1200008392334,25.809999465942383,26.209999084472656,26.209999084472656,5070400
2020-04-14,27.0,27.8700008392334,26.790000915527344,27.479999542236328,27.479999542236328,6749700
2020-04-15,27.0,28.450000762939453,26.81999969482422,28.100000381469727,28.100000381469727,3114800
2020-04-16,28.3799991607666,29.420000076293945,28.045000076293945,28.780000686645508,28.780000686645508,4294300
2020-04-17,29.299999237060547,29.700000762939453,28.3700008392334,29.0,29.0,4889200
2020-04-20,28.690000534057617,30.299999237060547,28.440000534057617,29.68000030517578,29.68000030517578,4052100
2020-04-21,29.219999313354492,29.940000534057617,27.920000076293945,28.56999969482422,28.56999969482422,4705500
2020-04-22,29.229999542236328,30.5,29.200000762939453,30.200000762939453,30.200000762939453,3681100
2020-04-23,29.959999084472656,30.010000228881836,27.5,28.010000228881836,28.010000228881836,9417400
2020-04-24,27.989999771118164,27.989999771118164,27.31999969482422,27.739999771118164,27.739999771118164,6468100
2020-04-27,28.329999923706055,28.340999603271484,27.59000015258789,27.709999084472656,27.709999084472656,5371900
2020-04-28,28.079999923706055,28.100000381469727,26.610000610351562,26.959999084472656,26.959999084472656,4211400
2020-04-29,27.549999237060547,27.959999084472656,27.209999084472656,27.760000228881836,27.760000228881836,2745700
2020-04-30,27.540000915527344,28.30500030517578,27.09000015258789,27.389999389648438,27.389999389648438,3365700
2020-05-01,26.579999923706055,26.850000381469727,25.0,25.139999389648438,25.139999389648438,7351500
2020-05-04,26.360000610351562,27.100000381469727,26.045000076293945,26.530000686645508,26.530000686645508,5052200
2020-05-05,27.280000686645508,28.010000228881836,27.260000228881836,27.510000228881836,27.510000228881836,3633700
2020-05-06,28.030000686645508,28.56999969482422,27.90999984741211,27.979999542236328,27.979999542236328,2815400
2020-05-07,28.5,28.760000228881836,27.889999389648438,28.649999618530273,28.649999618530273,3880800
2020-05-08,28.81999969482422,29.84000015258789,28.6200008392334,29.0,29.0,3280300
2020-05-11,28.760000228881836,29.190000534057617,28.079999923706055,28.68000030517578,28.68000030517578,3598300
2020-05-12,28.8799991607666,30.1299991607666,28.6299991607666,29.239999771118164,29.239999771118164,3650300
2020-05-13,29.940000534057617,31.170000076293945,29.81999969482422,30.68000030517578,30.68000030517578,6841500
2020-05-14,30.219999313354492,31.1200008392334,28.649999618530273,31.030000686645508,31.030000686645508,5343700
2020-05-15,30.239999771118164,31.6200008392334,30.100000381469727,30.8799991607666,30.8799991607666,5019200
2020-05-18,32.0,34.099998474121094,31.860000610351562,33.65999984741211,33.65999984741211,9193100
2020-05-19,33.04999923706055,36.2599983215332,31.360000610351562,35.220001220703125,35.220001220703125,15117100
2020-05-20,35.900001525878906,36.470001220703125,32.150001525878906,32.70000076293945,32.70000076293945,11201800
2020-05-21,31.93000030517578,34.02000045776367,31.5,33.93000030517578,33.93000030517578,7564300
2020-05-22,32.400001525878906,33.38999938964844,31.549999237060547,33.040000915527344,33.040000915527344,5388200
2020-05-26,33.90999984741211,34.70000076293945,33.060001373291016,33.130001068115234,33.130001068115234,3563200
2020-05-27,34.08000183105469,34.189998626708984,30.8799991607666,32.29999923706055,32.29999923706055,6215900
2020-05-28,31.34000015258789,33.02000045776367,30.540000915527344,30.739999771118164,30.739999771118164,8328100
2020-05-29,30.860000610351562,32.77000045776367,30.440000534057617,32.43000030517578,32.43000030517578,19147900
2020-06-01,32.439998626708984,33.32500076293945,32.31999969482422,33.060001373291016,33.060001373291016,4416500
2020-06-02,33.38999938964844,34.20000076293945,32.40999984741211,34.189998626708984,34.189998626708984,5899000
2020-06-03,34.540000915527344,34.540000915527344,33.310001373291016,34.150001525878906,34.150001525878906,4703300
2020-06-04,34.20000076293945,34.5,33.28099822998047,33.560001373291016,33.560001373291016,4179300
2020-06-05,33.900001525878906,34.540000915527344,33.11000061035156,34.5,34.5,5915000
2020-06-08,34.68000030517578,35.70000076293945,33.84000015258789,34.959999084472656,34.959999084472656,5138300
2020-06-09,34.709999084472656,35.0880012512207,33.790000915527344,33.869998931884766,33.869998931884766,3618300
2020-06-10,34.119998931884766,35.790000915527344,33.939998626708984,35.47999954223633,35.47999954223633,4690900
2020-06-11,34.11000061035156,35.13199996948242,33.584999084472656,33.900001525878906,33.900001525878906,4038800
2020-06-12,34.97999954223633,36.0099983215332,34.290000915527344,35.869998931884766,35.869998931884766,5585500
2020-06-15,35.060001373291016,38.53499984741211,35.02000045776367,38.209999084472656,38.209999084472656,7566700
2020-06-16,39.75,40.0,38.33000183105469,39.34000015258789,39.34000015258789,6391300
2020-06-17,39.599998474121094,42.0,39.08000183105469,41.11000061035156,41.11000061035156,6371900
2020-06-18,41.279998779296875,42.79999923706055,40.70000076293945,42.61000061035156,42.61000061035156,7089000
2020-06-19,44.189998626708984,45.95000076293945,43.650001525878906,44.720001220703125,44.720001220703125,15148400
2020-06-22,45.0,45.025001525878906,41.540000915527344,42.88999938964844,42.88999938964844,8230800
2020-06-23,43.7400016784668,45.34000015258789,43.27000045776367,44.63999938964844,44.63999938964844,5023900
2020-06-24,44.77000045776367,44.959999084472656,42.54999923706055,44.029998779296875,44.029998779296875,5074500
2020-06-25,43.45000076293945,44.61000061035156,43.45000076293945,44.56999969482422,44.56999969482422,2616300
2020-06-26,44.86000061035156,45.439998626708984,43.63999938964844,44.52000045776367,44.52000045776367,3748200
2020-06-29,44.029998779296875,46.16999816894531,43.59000015258789,45.5,45.5,5393800
2020-06-30,45.29999923706055,47.91999816894531,45.29999923706055,46.31999969482422,46.31999969482422,5950800
2020-07-01,46.77000045776367,47.439998626708984,46.029998779296875,47.150001525878906,47.150001525878906,3578400
2020-07-02,48.41999816894531,49.189998626708984,47.810001373291016,48.18000030517578,48.18000030517578,4361900
2020-07-06,51.16999816894531,51.25,43.400001525878906,44.13999938964844,44.13999938964844,22247800
2020-07-07,45.09000015258789,46.560001373291016,43.5,46.22999954223633,46.22999954223633,9304900
2020-07-08,47.75,48.349998474121094,45.099998474121094,46.66999816894531,46.66999816894531,7152600
2020-07-09,49.290000915527344,49.5,46.709999084472656,48.22999954223633,48.22999954223633,7391500
2020-07-10,47.790000915527344,48.209999084472656,46.130001068115234,47.54999923706055,47.54999923706055,4514700
2020-07-13,48.191001892089844,49.369998931884766,45.0,45.310001373291016,45.310001373291016,6852100
2020-07-14,43.95000076293945,44.130001068115234,41.29999923706055,43.97999954223633,43.97999954223633,9998200
2020-07-15,44.650001525878906,44.66999816894531,42.65999984741211,43.220001220703125,43.220001220703125,4293600
2020-07-16,40.82400131225586,42.78499984741211,40.380001068115234,42.540000915527344,42.540000915527344,9050300
2020-07-17,42.25400161743164,42.58000183105469,41.529998779296875,41.900001525878906,41.900001525878906,3440300
2020-07-20,42.150001525878906,42.58000183105469,40.810001373291016,42.380001068115234,42.380001068115234,5145900
2020-07-21,44.0,45.36000061035156,43.5,44.15999984741211,44.15999984741211,7570800
2020-07-22,43.263999938964844,45.0,41.779998779296875,42.310001373291016,42.310001373291016,4857800
2020-07-23,43.220001220703125,43.4900016784668,40.6150016784668,41.0,41.0,6635300
2020-07-24,39.0099983215332,40.31999969482422,38.540000915527344,40.099998474121094,40.099998474121094,5854700
2020-07-27,40.08000183105469,41.40999984741211,39.65999984741211,41.31999969482422,41.31999969482422,3403800
2020-07-28,41.540000915527344,42.630001068115234,40.7599983215332,40.86000061035156,40.86000061035156,2815600
2020-07-29,41.349998474121094,42.314998626708984,41.099998474121094,41.77000045776367,41.77000045776367,3115200
2020-07-30,41.380001068115234,42.119998931884766,40.77000045776367,41.29999923706055,41.29999923706055,1982600
2020-07-31,41.79999923706055,43.650001525878906,41.45000076293945,43.58000183105469,43.58000183105469,5780200
2020-08-03,44.78499984741211,47.619998931884766,44.40999984741211,46.029998779296875,46.029998779296875,8228900
2020-08-04,46.0,46.59000015258789,44.564998626708984,45.189998626708984,45.189998626708984,4517200
2020-08-05,45.95000076293945,46.22999954223633,44.939998626708984,45.52000045776367,45.52000045776367,3714900
2020-08-06,46.209999084472656,46.45000076293945,43.439998626708984,44.439998626708984,44.439998626708984,4354700
2020-08-07,42.709999084472656,43.20000076293945,40.77000045776367,41.61000061035156,41.61000061035156,7229900
2020-08-10,42.0,42.064998626708984,40.2400016784668,41.0,41.0,5301600
2020-08-11,41.290000915527344,41.43000030517578,40.119998931884766,40.34000015258789,40.34000015258789,3668100
2020-08-12,40.72999954223633,41.41999816894531,40.284000396728516,40.939998626708984,40.939998626708984,2639700
2020-08-13,41.599998474121094,42.189998626708984,41.119998931884766,41.75,41.75,3805700
2020-08-14,41.939998626708984,42.41999816894531,40.900001525878906,41.58000183105469,41.58000183105469,2892700
2020-08-17,42.11199951171875,43.599998474121094,41.95500183105469,43.4900016784668,43.4900016784668,2866000
2020-08-18,43.810001373291016,45.439998626708984,43.810001373291016,45.310001373291016,45.310001373291016,4733500
2020-08-19,44.97999954223633,45.79999923706055,44.380001068115234,45.27000045776367,45.27000045776367,3066000
2020-08-20,45.0,45.66999816894531,44.689998626708984,45.06999969482422,45.06999969482422,2200000
2020-08-21,44.56999969482422,45.619998931884766,44.54999923706055,44.9900016784668,44.9900016784668,2832100
2020-08-24,46.31999969482422,48.34000015258789,45.6349983215332,46.119998931884766,46.119998931884766,5653000
2020-08-25,45.90999984741211,47.29999923706055,45.04999923706055,47.0,47.0,5175600
2020-08-26,47.290000915527344,49.97999954223633,47.23500061035156,48.720001220703125,48.720001220703125,7254100
2020-08-27,45.784000396728516,46.380001068115234,43.79999923706055,45.13999938964844,45.13999938964844,12618400
2020-08-28,45.709999084472656,48.86000061035156,45.5099983215332,47.38999938964844,47.38999938964844,7694100
2020-08-31,47.11000061035156,49.88999938964844,46.71500015258789,47.25,47.25,7712100
2020-09-01,48.380001068115234,52.650001525878906,47.7599983215332,52.25,52.25,10167200
2020-09-02,52.99700164794922,54.0,49.599998474121094,50.880001068115234,50.880001068115234,5507200
2020-09-03,49.0,49.25,46.5099983215332,47.27000045776367,47.27000045776367,5698000
2020-09-04,46.970001220703125,48.0,43.939998626708984,47.02000045776367,47.02000045776367,6282200
2020-09-08,44.5,45.59000015258789,42.91999816894531,44.38999938964844,44.38999938964844,6337100
2020-09-09,45.20000076293945,45.54999923706055,44.11000061035156,45.099998474121094,45.099998474121094,2912000
2020-09-10,44.91999816894531,45.7400016784668,42.709999084472656,42.970001220703125,42.970001220703125,4391000
2020-09-11,43.77000045776367,44.439998626708984,42.38399887084961,43.02000045776367,43.02000045776367,2846700
2020-09-14,43.650001525878906,44.63999938964844,43.209999084472656,43.95000076293945,43.95000076293945,3478300
2020-09-15,45.0,46.38999938964844,44.900001525878906,45.38999938964844,45.38999938964844,5054500
2020-09-16,45.52000045776367,45.650001525878906,43.7400016784668,44.150001525878906,44.150001525878906,3187400
2020-09-17,42.770999908447266,44.22999954223633,42.540000915527344,44.220001220703125,44.220001220703125,3493400
2020-09-18,44.470001220703125,44.54999923706055,41.63999938964844,43.08000183105469,43.08000183105469,5182500
2020-09-21,41.66999816894531,43.130001068115234,41.400001525878906,43.09000015258789,43.09000015258789,3246900
2020-09-22,43.34000015258789,43.54999923706055,42.400001525878906,43.310001373291016,43.310001373291016,2941000
2020-09-23,43.02000045776367,43.150001525878906,41.220001220703125,41.849998474121094,41.849998474121094,2661000
2020-09-24,41.43000030517578,42.2599983215332,40.400001525878906,41.88999938964844,41.88999938964844,3312600
2020-09-25,41.65999984741211,42.45000076293945,41.220001220703125,42.20000076293945,42.20000076293945,2577500
2020-09-28,42.619998931884766,43.0099983215332,40.88999938964844,41.810001373291016,41.810001373291016,2823900
2020-09-29,41.81999969482422,41.95500183105469,40.40999984741211,40.65999984741211,40.65999984741211,2846400
2020-09-30,40.779998779296875,42.369998931884766,40.61000061035156,41.599998474121094,41.599998474121094,2877000
2020-10-01,42.349998474121094,43.02000045776367,41.630001068115234,42.5099983215332,42.5099983215332,3063400
2020-10-02,41.20000076293945,42.25,41.099998474121094,41.79999923706055,41.79999923706055,1936100
2020-10-05,42.5,45.54999923706055,42.400001525878906,45.099998474121094,45.099998474121094,7036100
2020-10-06,46.25,48.45000076293945,45.790000915527344,48.16999816894531,48.16999816894531,8172000
2020-10-07,48.130001068115234,48.70000076293945,47.470001220703125,47.66999816894531,47.66999816894531,3126300
2020-10-08,48.40999984741211,48.40999984741211,46.0,46.599998474121094,46.599998474121094,2574000
2020-10-09,47.2599983215332,48.560001373291016,46.84000015258789,48.41999816894531,48.41999816894531,2132100
2020-10-12,49.43000030517578,49.56999969482422,47.46500015258789,47.880001068115234,47.880001068115234,3170400
2020-10-13,48.56999969482422,48.93000030517578,46.810001373291016,47.65999984741211,47.65999984741211,2064300
2020-10-14,46.709999084472656,46.79999923706055,43.599998474121094,43.689998626708984,43.689998626708984,8144300
2020-10-15,44.16999816894531,44.189998626708984,43.060001373291016,43.7599983215332,43.7599983215332,3621200
2020-10-16,44.779998779296875,44.779998779296875,43.25,43.81999969482422,43.81999969482422,3446700
2020-10-19,44.0,45.13999938964844,43.790000915527344,44.0,44.0,4005100
2020-10-20,44.25,45.4900016784668,44.066001892089844,45.2400016784668,45.2400016784668,3073100
2020-10-21,45.375,45.93000030517578,44.650001525878906,45.15999984741211,45.15999984741211,3502800
2020-10-22,45.97999954223633,46.06999969482422,44.11000061035156,45.29999923706055,45.29999923706055,3560300
2020-10-23,45.400001525878906,45.470001220703125,43.93000030517578,44.439998626708984,44.439998626708984,4761900
2020-10-26,43.779998779296875,45.0,43.72999954223633,45.0,45.0,2775300
2020-10-27,45.0,45.97999954223633,44.66999816894531,45.81999969482422,45.81999969482422,2791900
2020-10-28,45.20000076293945,45.400001525878906,43.61000061035156,44.369998931884766,44.369998931884766,4176600
2020-10-29,45.029998779296875,47.369998931884766,44.849998474121094,46.40999984741211,46.40999984741211,3515900
2020-10-30,45.400001525878906,46.689998626708984,44.31999969482422,44.66999816894531,44.66999816894531,2884100
2020-11-02,45.150001525878906,45.310001373291016,43.209999084472656,44.459999084472656,44.459999084472656,2468300
2020-11-03,43.970001220703125,45.130001068115234,42.91999816894531,44.619998931884766,44.619998931884766,1980100
2020-11-04,45.58000183105469,48.279998779296875,45.58000183105469,48.15999984741211,48.15999984741211,6741200
2020-11-05,49.0,49.18000030517578,44.599998474121094,46.060001373291016,46.060001373291016,8589400
2020-11-06,46.04999923706055,48.939998626708984,45.099998474121094,48.869998931884766,48.869998931884766,7054700
2020-11-09,49.779998779296875,49.790000915527344,46.0099983215332,46.040000915527344,46.040000915527344,5775800
2020-11-10,45.47999954223633,45.810001373291016,42.70000076293945,43.70000076293945,43.70000076293945,8128400
2020-11-11,44.41999816894531,45.65999984741211,43.63999938964844,44.20000076293945,44.20000076293945,5303500
2020-11-12,45.540000915527344,46.54999923706055,43.880001068115234,45.900001525878906,45.900001525878906,5024900
2020-11-13,46.349998474121094,49.060001373291016,46.220001220703125,48.900001525878906,48.900001525878906,6010400
2020-11-16,49.38999938964844,51.0,49.16999816894531,50.04999923706055,50.04999923706055,6925800
2020-11-17,50.0,51.099998474121094,49.060001373291016,50.04999923706055,50.04999923706055,3893700
2020-11-18,49.650001525878906,49.849998474121094,47.150001525878906,47.849998474121094,47.849998474121094,7235200
2020-11-19,49.939998626708984,59.380001068115234,49.400001525878906,58.459999084472656,58.459999084472656,24293000
2020-11-20,59.347999572753906,61.75,57.779998779296875,60.0,60.0,9657200
2020-11-23,61.16999816894531,63.33000183105469,60.31999969482422,63.31999969482422,63.31999969482422,6675200
2020-11-24,64.0,64.45999908447266,61.7400016784668,62.84000015258789,62.84000015258789,4211900
2020-11-25,60.720001220703125,62.470001220703125,60.400001525878906,62.0099983215332,62.0099983215332,3245100
2020-11-27,63.0099983215332,65.48999786376953,62.29999923706055,64.86000061035156,64.86000061035156,2870400
2020-11-30,63.45000076293945,65.04000091552734,61.7599983215332,62.86000061035156,62.86000061035156,4807600
2020-12-01,63.5,63.66600036621094,60.34000015258789,60.81999969482422,60.81999969482422,3583400
2020-12-02,59.06999969482422,62.189998626708984,58.560001373291016,61.790000915527344,61.790000915527344,2865600
2020-12-03,61.9900016784668,64.5999984741211,61.849998474121094,62.33000183105469,62.33000183105469,2886100
2020-12-04,62.65999984741211,68.37000274658203,62.650001525878906,67.79000091552734,67.79000091552734,5659300
2020-12-07,68.55999755859375,74.0,67.68299865722656,72.55000305175781,72.55000305175781,8277200
2020-12-08,72.80000305175781,75.94000244140625,72.72000122070312,75.30000305175781,75.30000305175781,4010400
2020-12-09,77.27999877929688,77.93000030517578,71.88999938964844,73.05999755859375,73.05999755859375,6385900
2020-12-10,72.66999816894531,75.97000122070312,71.9229965209961,75.70999908447266,75.70999908447266,4289000
2020-12-11,76.48999786376953,81.9800033569336,75.19000244140625,75.91000366210938,75.91000366210938,9424500
2020-12-14,78.40599822998047,80.87000274658203,77.04000091552734,78.19999694824219,78.19999694824219,5022600
2020-12-15,80.6500015258789,80.80000305175781,76.0,76.66000366210938,76.66000366210938,3899900
2020-12-16,77.97000122070312,81.80999755859375,77.97000122070312,78.83000183105469,78.83000183105469,3695300
2020-12-17,79.41000366210938,82.83999633789062,78.5999984741211,82.19000244140625,82.19000244140625,3776100
2020-12-18,84.19000244140625,86.5999984741211,83.1500015258789,84.68000030517578,84.68000030517578,6035900
2020-12-21,83.80000305175781,88.87000274658203,83.37999725341797,87.61000061035156,87.61000061035156,7351700
2020-12-22,89.62000274658203,90.19000244140625,84.83000183105469,85.87999725341797,85.87999725341797,3543500
2020-12-23,87.0,87.26000213623047,81.08000183105469,82.77999877929688,82.77999877929688,4371600
2020-12-24,81.70999908447266,83.2300033569336,78.5999984741211,82.01000213623047,82.01000213623047,3531700
2020-12-28,82.03399658203125,83.72000122070312,78.87999725341797,81.37999725341797,81.37999725341797,3433100
2020-12-29,82.30000305175781,84.54000091552734,81.12999725341797,82.44999694824219,82.44999694824219,3004800
2020-12-30,87.06999969482422,95.70999908447266,86.77999877929688,94.3499984741211,94.3499984741211,9775600
2020-12-31,94.5,94.5,85.08999633789062,85.72000122070312,85.72000122070312,11629200
2021-01-04,90.54000091552734,96.18000030517578,90.44999694824219,94.73999786376953,94.73999786376953,7914500
2021-01-05,97.1500015258789,103.6500015258789,96.19999694824219,102.45999908447266,102.45999908447266,9699100
2021-01-06,100.33999633789062,108.05000305175781,98.5999984741211,105.5999984741211,105.5999984741211,8360700
2021-01-07,105.5999984741211,112.55000305175781,105.5,111.4000015258789,111.4000015258789,7374200
2021-01-08,114.73999786376953,120.80000305175781,113.9800033569336,118.47000122070312,118.47000122070312,9468800
2021-01-11,114.38999938964844,116.83000183105469,111.19999694824219,112.47000122070312,112.47000122070312,7728500
2021-01-12,118.26000213623047,119.98999786376953,113.5999984741211,115.44000244140625,115.44000244140625,3328400
2021-01-13,115.23999786376953,120.93000030517578,113.23400115966797,119.30999755859375,119.30999755859375,3608600
2021-01-14,121.84500122070312,129.39999389648438,121.30999755859375,123.22000122070312,123.22000122070312,8002000
2021-01-15,125.47000122070312,126.70999908447266,120.0,122.62999725341797,122.62999725341797,4520300
2021-01-19,127.69000244140625,134.27999877929688,126.37000274658203,127.87999725341797,127.87999725341797,7757100
2021-01-20,134.3000030517578,137.3470001220703,127.33000183105469,127.80000305175781,127.80000305175781,6129800
2021-01-21,129.14999389648438,130.5,121.76499938964844,123.87999725341797,123.87999725341797,5942300
2021-01-22,123.47000122070312,134.07000732421875,122.80000305175781,133.75,133.75,6806500
2021-01-25,142.5500030517578,144.4600067138672,129.42999267578125,134.27000427246094,134.27000427246094,8581200
2021-01-26,134.8699951171875,134.8699951171875,124.66000366210938,126.0,126.0,5582600
2021-01-27,122.16999816894531,125.06999969482422,116.33999633789062,120.43000030517578,120.43000030517578,7901400
2021-01-28,119.11000061035156,124.80000305175781,116.88899993896484,119.0,119.0,8159400
2021-01-29,118.37999725341797,119.875,113.33000183105469,113.88999938964844,113.88999938964844,9860000
2021-02-01,120.9800033569336,122.3290023803711,116.80999755859375,121.63999938964844,121.63999938964844,8453000
2021-02-02,127.98999786376953,131.99000549316406,121.62000274658203,129.97999572753906,129.97999572753906,6234400
2021-02-03,133.27000427246094,136.5,129.35000610351562,135.19000244140625,135.19000244140625,6209200
2021-02-04,150.35000610351562,150.35000610351562,140.17999267578125,142.57000732421875,142.57000732421875,9308400
2021-02-05,143.3000030517578,144.0399932861328,134.22000122070312,138.97999572753906,138.97999572753906,6692300
2021-02-08,141.0,146.22000122070312,140.3800048828125,144.0399932861328,144.0399932861328,4493300
2021-02-09,143.6739959716797,146.97999572753906,138.3800048828125,140.1199951171875,140.1199951171875,5741000
2021-02-10,135.5,157.61700439453125,133.70399475097656,156.3699951171875,156.3699951171875,12312100
2021-02-11,156.4499969482422,157.66000366210938,148.38999938964844,148.52000427246094,148.52000427246094,4830900
2021-02-12,144.97999572753906,155.0399932861328,144.6999969482422,153.1199951171875,153.1199951171875,2660300
2021-02-16,156.38999938964844,157.39999389648438,145.3699951171875,148.83999633789062,148.83999633789062,5417000
2021-02-17,149.2899932861328,153.57000732421875,143.8000030517578,146.83999633789062,146.83999633789062,4580900
2021-02-18,140.0,144.39999389648438,139.2100067138672,143.47000122070312,143.47000122070312,3901200
2021-02-19,146.88800048828125,151.7899932861328,141.97000122070312,143.60000610351562,143.60000610351562,4785400
2021-02-22,135.8800048828125,139.92999267578125,128.1999969482422,129.11000061035156,129.11000061035156,7583300
2021-02-23,125.30000305175781,129.97000122070312,114.9800033569336,129.25999450683594,129.25999450683594,9044200
2021-02-24,126.69999694824219,128.64999389648438,118.83000183105469,127.13999938964844,127.13999938964844,6652100
2021-02-25,140.69000244140625,147.7100067138672,130.39999389648438,131.83999633789062,131.83999633789062,18432300
2021-02-26,132.0399932861328,136.08999633789062,121.08999633789062,125.97000122070312,125.97000122070312,9150000
2021-03-01,132.9499969482422,145.49000549316406,130.53199768066406,144.6699981689453,144.6699981689453,8027200
2021-03-02,139.9199981689453,144.4499969482422,137.0,137.94000244140625,137.94000244140625,4718800
2021-03-03,140.5500030517578,145.9149932861328,137.0,138.77999877929688,138.77999877929688,5678900
2021-03-04,134.6580047607422,136.38999938964844,122.0,126.66000366210938,126.66000366210938,11326600
2021-03-05,128.38999938964844,128.38999938964844,110.0,118.83999633789062,118.83999633789062,12049900
2021-03-08,111.0,114.0,97.41000366210938,98.58999633789062,98.58999633789062,16406100
2021-03-09,104.1500015258789,110.79000091552734,104.01000213623047,107.4000015258789,107.4000015258789,11670400
2021-03-10,110.62000274658203,112.66000366210938,101.80999755859375,103.0999984741211,103.0999984741211,9293300
2021-03-11,112.8499984741211,114.47200012207031,108.11000061035156,110.44000244140625,110.44000244140625,9068500
2021-03-12,106.18000030517578,110.87999725341797,105.52999877929688,109.98999786376953,109.98999786376953,4187500
2021-03-15,107.71299743652344,112.80000305175781,107.19999694824219,111.6500015258789,111.6500015258789,3421100
2021-03-16,116.30000305175781,119.83000183105469,111.77999877929688,113.30999755859375,113.30999755859375,7709700
2021-03-17,111.48999786376953,112.25299835205078,103.7300033569336,111.3499984741211,111.3499984741211,7730900
2021-03-18,110.5,113.68000030517578,108.37999725341797,108.81999969482422,108.81999969482422,3617000
2021-03-19,108.94999694824219,111.19999694824219,107.12000274658203,108.86000061035156,108.86000061035156,3868300
2021-03-22,109.3499984741211,110.25,104.30999755859375,106.87999725341797,106.87999725341797,5604700
2021-03-23,105.62999725341797,107.5,104.94999694824219,105.98999786376953,105.98999786376953,5330700
2021-03-24,104.7300033569336,106.0,94.58999633789062,95.69999694824219,95.69999694824219,14206700
2021-03-25,90.8499984741211,96.88800048828125,90.0,95.6500015258789,95.6500015258789,6910300
2021-03-26,95.48999786376953,101.73999786376953,91.26000213623047,97.08000183105469,97.08000183105469,9639800
2021-03-29,99.33000183105469,104.05000305175781,98.0999984741211,101.54000091552734,101.54000091552734,15293000
2021-03-30,101.52999877929688,107.26000213623047,100.04000091552734,105.05000305175781,105.05000305175781,5813800
2021-03-31,107.5999984741211,108.37999725341797,104.19999694824219,107.05999755859375,107.05999755859375,4572900
2021-04-01,113.08999633789062,117.87999725341797,110.8499984741211,111.9800033569336,111.9800033569336,5500900
2021-04-05,112.62000274658203,113.30000305175781,107.7699966430664,110.41999816894531,110.41999816894531,2872900
2021-04-06,110.0,115.27999877929688,109.77999877929688,114.1500015258789,114.1500015258789,3521000
2021-04-07,109.26000213623047,110.5199966430664,106.19499969482422,106.75,106.75,7207900
2021-04-08,110.11000061035156,110.86399841308594,108.1500015258789,109.1500015258789,109.1500015258789,2630600
2021-04-09,108.0,108.18000030517578,104.19000244140625,105.80000305175781,105.80000305175781,3723900
2021-04-12,103.89700317382812,104.06999969482422,101.25,103.0,103.0,2710900
2021-04-13,103.79000091552734,105.29000091552734,101.58000183105469,104.43000030517578,104.43000030517578,2396400
2021-04-14,105.5999984741211,106.08999633789062,102.51000213623047,103.04000091552734,103.04000091552734,2424300
2021-04-15,103.91999816894531,104.1500015258789,101.41000366210938,103.0,103.0,2703500
2021-04-16,103.6500015258789,103.98999786376953,102.12000274658203,103.4800033569336,103.4800033569336,2577800
2021-04-19,104.36000061035156,107.95500183105469,103.6500015258789,105.72000122070312,105.72000122070312,3275700
2021-04-20,105.27999877929688,105.37000274658203,98.37999725341797,100.63999938964844,100.63999938964844,4782000
2021-04-21,99.93000030517578,105.19999694824219,98.76000213623047,104.16000366210938,104.16000366210938,3185200
2021-04-22,104.69000244140625,111.38999938964844,104.51000213623047,108.1500015258789,108.1500015258789,4838900
2021-04-23,110.33999633789062,117.8499984741211,110.33999633789062,116.66000366210938,116.66000366210938,6108400
2021-04-26,115.21800231933594,118.69000244140625,114.20999908447266,118.45999908447266,118.45999908447266,3294900
2021-04-27,119.72000122070312,122.7300033569336,117.83999633789062,120.16000366210938,120.16000366210938,4438300
2021-04-28,121.45099639892578,122.41000366210938,119.62699890136719,120.63999938964844,120.63999938964844,2626300
2021-04-29,119.87000274658203,120.63999938964844,112.79000091552734,114.62000274658203,114.62000274658203,4084600
2021-04-30,112.2300033569336,114.58999633789062,110.26000213623047,110.86000061035156,110.86000061035156,4328500
2021-05-03,110.12999725341797,110.25,105.41500091552734,106.12999725341797,106.12999725341797,3755100
2021-05-04,106.76699829101562,108.58000183105469,103.7699966430664,106.33999633789062,106.33999633789062,4032000
2021-05-05,106.61000061035156,108.8499984741211,104.5199966430664,105.06999969482422,105.06999969482422,2381100
2021-05-06,106.0,106.54000091552734,101.0,104.11000061035156,104.11000061035156,3157200
2021-05-07,104.7699966430664,105.94000244140625,100.5999984741211,101.66999816894531,101.66999816894531,2969100
2021-05-10,99.19000244140625,99.30999755859375,93.41000366210938,94.63999938964844,94.63999938964844,6189000
2021-05-11,92.12999725341797,98.30999755859375,90.87000274658203,97.8499984741211,97.8499984741211,3808300
2021-05-12,98.63999938964844,98.63999938964844,92.87999725341797,93.9000015258789,93.9000015258789,5540000
2021-05-13,96.47000122070312,99.66999816894531,84.4000015258789,87.48999786376953,87.48999786376953,9325200
2021-05-14,91.0,98.0,89.33999633789062,96.87000274658203,96.87000274658203,7448600
2021-05-17,96.9000015258789,99.9000015258789,94.72000122070312,98.23999786376953,98.23999786376953,4564300
2021-05-18,99.9000015258789,104.40499877929688,99.48999786376953,101.05999755859375,101.05999755859375,3787500
2021-05-19,97.63999938964844,102.94999694824219,97.0199966430664,102.45999908447266,102.45999908447266,2870400
2021-05-20,104.0199966430664,107.05999755859375,101.5999984741211,102.80000305175781,102.80000305175781,5084800
2021-05-21,103.54000091552734,103.98899841308594,101.58999633789062,102.43000030517578,102.43000030517578,3185700
2021-05-24,102.08999633789062,103.80000305175781,100.69999694824219,101.18000030517578,101.18000030517578,5127700
2021-05-25,104.18499755859375,104.87999725341797,101.54000091552734,102.47000122070312,102.47000122070312,4075400
2021-05-26,103.2300033569336,105.19000244140625,102.61000061035156,103.5999984741211,103.5999984741211,5069600
2021-05-27,104.79000091552734,104.79000091552734,99.91999816894531,104.0,104.0,8593200
2021-05-28,102.94000244140625,108.25,102.48999786376953,107.18000030517578,107.18000030517578,3643500
2021-06-01,111.04000091552734,114.98999786376953,110.41999816894531,113.52999877929688,113.52999877929688,5227300
2021-06-02,114.25,115.9000015258789,110.18499755859375,111.93000030517578,111.93000030517578,4687800
2021-06-03,109.58999633789062,109.58999633789062,105.11000061035156,105.23999786376953,105.23999786376953,3504200
2021-06-04,106.78099822998047,109.25,105.62999725341797,108.93000030517578,108.93000030517578,2446300
2021-06-07,106.20999908447266,107.25,103.51000213623047,104.62999725341797,104.62999725341797,2439200
2021-06-08,105.1500015258789,108.95999908447266,105.1500015258789,107.75,107.75,2754200
2021-06-09,108.6500015258789,111.05999755859375,107.01000213623047,107.04000091552734,107.04000091552734,1922000
2021-06-10,107.5,112.5,106.30999755859375,112.20999908447266,112.20999908447266,3523800
2021-06-11,110.62000274658203,112.11799621582031,109.91000366210938,111.41000366210938,111.41000366210938,2712200
2021-06-14,111.51000213623047,116.79000091552734,111.5,115.44999694824219,115.44999694824219,3611500
2021-06-15,113.69999694824219,114.05000305175781,110.6520004272461,111.11000061035156,111.11000061035156,1971200
2021-06-16,108.77999877929688,112.12000274658203,108.5,111.44999694824219,111.44999694824219,2765600
2021-06-17,110.55999755859375,114.98999786376953,110.4000015258789,114.38999938964844,114.38999938964844,2539300
2021-06-18,114.97000122070312,119.19000244140625,114.55999755859375,118.37999725341797,118.37999725341797,10606000
2021-06-21,117.11000061035156,117.75,111.83000183105469,113.58000183105469,113.58000183105469,3092100
2021-06-22,111.2699966430664,111.2699966430664,108.5999984741211,110.12999725341797,110.12999725341797,4685200
2021-06-23,110.5,116.98999786376953,110.19999694824219,114.36000061035156,114.36000061035156,2868100
2021-06-24,115.41999816894531,121.98999786376953,115.41999816894531,121.58999633789062,121.58999633789062,4589300
2021-06-25,122.49500274658203,128.6999969482422,121.26000213623047,124.44999694824219,124.44999694824219,7137000
2021-06-28,127.5,129.24000549316406,123.54000091552734,126.8499984741211,126.8499984741211,2693800
2021-06-29,124.33999633789062,126.95999908447266,121.83000183105469,125.55999755859375,125.55999755859375,2772200
2021-06-30,123.5999984741211,124.11000061035156,121.69999694824219,121.83999633789062,121.83999633789062,1667600
2021-07-01,122.56999969482422,124.38999938964844,118.69999694824219,121.11000061035156,121.11000061035156,2752500
2021-07-02,119.0260009765625,122.42500305175781,117.27999877929688,119.58000183105469,119.58000183105469,2159000
2021-07-06,113.1989974975586,113.48999786376953,107.73999786376953,108.66000366210938,108.66000366210938,5952800
2021-07-07,110.5,111.23999786376953,103.04000091552734,103.9800033569336,103.9800033569336,4712500
2021-07-08,100.87999725341797,101.38999938964844,97.9800033569336,100.19999694824219,100.19999694824219,5982900
2021-07-09,105.05999755859375,107.0999984741211,102.30000305175781,106.73999786376953,106.73999786376953,8201000
2021-07-12,107.33999633789062,108.33999633789062,104.45999908447266,106.9800033569336,106.9800033569336,2363800
2021-07-13,110.48999786376953,112.68000030517578,108.22000122070312,110.37999725341797,110.37999725341797,4022500
2021-07-14,111.06999969482422,111.62999725341797,107.91000366210938,108.58999633789062,108.58999633789062,2190800
2021-07-15,109.08000183105469,114.27999877929688,108.4800033569336,110.12000274658203,110.12000274658203,3376800
2021-07-16,110.93000030517578,111.5,108.16999816894531,109.01000213623047,109.01000213623047,1579600
2021-07-19,106.08000183105469,108.91999816894531,104.43000030517578,108.4800033569336,108.4800033569336,2288500
2021-07-20,108.33000183105469,112.5,106.98999786376953,111.91999816894531,111.91999816894531,1862900
2021-07-21,110.52999877929688,116.18000030517578,110.19999694824219,115.58000183105469,115.58000183105469,2855000
2021-07-22,112.5999984741211,112.5999984741211,107.91000366210938,108.66000366210938,108.66000366210938,6764300
2021-07-23,100.04000091552734,100.55000305175781,90.80999755859375,95.20999908447266,95.20999908447266,15424900
2021-07-26,88.05000305175781,91.31500244140625,85.70999908447266,87.45999908447266,87.45999908447266,12304200
2021-07-27,80.83999633789062,85.4800033569336,79.06999969482422,82.7300033569336,82.7300033569336,15408200
2021-07-28,86.97000122070312,95.94999694824219,86.6500015258789,92.55999755859375,92.55999755859375,10074400
2021-07-29,93.37999725341797,93.69999694824219,88.68000030517578,89.37999725341797,89.37999725341797,5803300
2021-07-30,83.54000091552734,86.41000366210938,82.58000183105469,85.58000183105469,85.58000183105469,5440400
2021-08-02,85.69000244140625,92.5,84.95999908447266,90.37999725341797,90.37999725341797,4778100
2021-08-03,83.5999984741211,84.83000183105469,81.18000030517578,84.0,84.0,7142700
2021-08-04,84.66999816894531,86.11000061035156,82.0999984741211,82.91000366210938,82.91000366210938,3657300
2021-08-05,80.12000274658203,81.5199966430664,78.7300033569336,80.33999633789062,80.33999633789062,5892800
2021-08-06,80.69999694824219,81.33999633789062,77.56099700927734,78.68000030517578,78.68000030517578,4790500
2021-08-09,79.68000030517578,83.16000366210938,76.25,82.0,82.0,3985000
2021-08-10,84.93000030517578,85.1500015258789,79.76000213623047,80.19000244140625,80.19000244140625,6795300
2021-08-11,80.61000061035156,81.08000183105469,78.22000122070312,80.37000274658203,80.37000274658203,3729200
2021-08-12,79.30000305175781,80.33499908447266,77.87999725341797,79.94000244140625,79.94000244140625,4326700
2021-08-13,78.2699966430664,78.2699966430664,73.80999755859375,74.0999984741211,74.0999984741211,6634000
2021-08-16,71.93000030517578,72.5199966430664,69.0999984741211,69.45999908447266,69.45999908447266,6534100
2021-08-17,66.5,69.58000183105469,64.1500015258789,67.77999877929688,67.77999877929688,8000100
2021-08-18,70.3499984741211,70.3499984741211,66.51000213623047,68.45999908447266,68.45999908447266,4173800
2021-08-19,65.2699966430664,66.68000030517578,61.630001068115234,64.33000183105469,64.33000183105469,9319400
2021-08-20,65.12999725341797,70.48999786376953,65.11000061035156,66.54000091552734,66.54000091552734,7478800
2021-08-23,68.80999755859375,71.5,67.56999969482422,70.12000274658203,70.12000274658203,6942700
2021-08-24,75.19000244140625,78.80000305175781,75.0,78.41000366210938,78.41000366210938,9824400
2021-08-25,76.4000015258789,79.88999938964844,76.125,79.62000274658203,79.62000274658203,5368600
2021-08-26,77.62999725341797,79.31999969482422,76.55999755859375,77.48999786376953,77.48999786376953,4661800
2021-08-27,76.47599792480469,76.88999938964844,74.44000244140625,75.33000183105469,75.33000183105469,4522500
2021-08-30,70.19999694824219,74.62000274658203,70.0,74.12999725341797,74.12999725341797,7378000
2021-08-31,76.2699966430664,80.23999786376953,75.11000061035156,80.2300033569336,80.2300033569336,7722400
2021-09-01,82.51699829101562,87.48999786376953,81.75,84.55999755859375,84.55999755859375,9111000
2021-09-02,85.47000122070312,86.4800033569336,82.45999908447266,83.7300033569336,83.7300033569336,4282600
2021-09-03,84.93000030517578,87.26000213623047,84.55000305175781,85.94999694824219,85.94999694824219,3024900
2021-09-07,90.80000305175781,93.47000122070312,90.43000030517578,91.13999938964844,91.13999938964844,6870500
2021-09-08,87.66000366210938,88.6500015258789,84.22000122070312,85.80000305175781,85.80000305175781,5515100
2021-09-09,79.2699966430664,84.23999786376953,78.1500015258789,83.83000183105469,83.83000183105469,6479100
2021-09-10,84.69000244140625,86.15799713134766,82.88500213623047,83.45999908447266,83.45999908447266,2826800
2021-09-13,81.63999938964844,82.08999633789062,79.08000183105469,80.52999877929688,80.52999877929688,3563200
2021-09-14,78.93000030517578,80.3499984741211,78.38999938964844,79.5,79.5,2052000
2021-09-15,76.76000213623047,76.77999877929688,73.87999725341797,76.23999786376953,76.23999786376953,4851100
2021-09-16,73.69999694824219,74.55999755859375,71.69000244140625,72.72000122070312,72.72000122070312,6547700
2021-09-17,74.7300033569336,75.12000274658203,72.36000061035156,74.44000244140625,74.44000244140625,4168300
2021-09-20,71.06999969482422,73.33000183105469,68.6449966430664,69.77999877929688,69.77999877929688,4432200
2021-09-21,71.0199966430664,71.4800033569336,69.3499984741211,70.55999755859375,70.55999755859375,2526700
2021-09-22,71.12000274658203,74.91000366210938,71.12000274658203,73.77999877929688,73.77999877929688,3334000
2021-09-23,74.55999755859375,74.77999877929688,72.05000305175781,74.33999633789062,74.33999633789062,2964600
2021-09-24,71.30000305175781,72.19000244140625,70.04000091552734,70.7300033569336,70.7300033569336,2888000
2021-09-27,70.0,72.1500015258789,67.83999633789062,71.36000061035156,71.36000061035156,3630700
2021-09-28,70.29000091552734,70.6500015258789,66.19000244140625,66.54000091552734,66.54000091552734,7133600
2021-09-29,66.62999725341797,68.0,64.23999786376953,64.37999725341797,64.37999725341797,6158400
2021-09-30,64.97000122070312,66.87999725341797,63.90999984741211,66.16999816894531,66.16999816894531,3790400
2021-10-01,66.69000244140625,66.83999633789062,63.29999923706055,64.87999725341797,64.87999725341797,2031100
2021-10-04,64.0,64.0,60.470001220703125,61.9900016784668,61.9900016784668,4857500
2021-10-05,62.63999938964844,65.56999969482422,62.06999969482422,64.5,64.5,2710100
2021-10-06,62.720001220703125,65.16000366210938,62.40999984741211,64.2699966430664,64.2699966430664,2128600
2021-10-07,68.0250015258789,71.95999908447266,67.9489974975586,70.4000015258789,70.4000015258789,5389000
2021-10-08,71.52999877929688,72.0,69.9000015258789,70.95999908447266,70.95999908447266,2535700
2021-10-11,73.19999694824219,73.19999694824219,70.45999908447266,70.55999755859375,70.55999755859375,2276900
2021-10-12,69.66000366210938,71.55999755859375,68.7300033569336,69.0,69.0,2401000
2021-10-13,69.58999633789062,71.44499969482422,68.88999938964844,71.33999633789062,71.33999633789062,1700200
2021-10-14,70.19999694824219,70.98999786376953,68.12000274658203,69.5199966430664,69.5199966430664,1999200
2021-10-15,70.79000091552734,70.79000091552734,68.69000244140625,70.08999633789062,70.08999633789062,4687700
2021-10-18,71.6500015258789,77.1500015258789,70.79000091552734,75.04000091552734,75.04000091552734,5419800
2021-10-19,78.21099853515625,81.48999786376953,77.9000015258789,80.76000213623047,80.76000213623047,6879000
2021-10-20,82.95999908447266,83.0,79.81999969482422,82.41000366210938,82.41000366210938,5756000
2021-10-21,80.75,83.80000305175781,80.75,82.62000274658203,82.62000274658203,3796200
2021-10-22,83.3499984741211,84.18000030517578,81.30999755859375,82.0999984741211,82.0999984741211,2530100
2021-10-25,83.0,83.19999694824219,80.75,80.97000122070312,80.97000122070312,2051200
2021-10-26,80.0,80.44999694824219,74.70999908447266,76.13999938964844,76.13999938964844,3892200
2021-10-27,74.77999877929688,78.5999984741211,74.47000122070312,76.6500015258789,76.6500015258789,2591500
2021-10-28,74.33000183105469,76.66000366210938,74.19999694824219,76.44999694824219,76.44999694824219,2188300
2021-10-29,75.75,76.48999786376953,73.16500091552734,73.30000305175781,73.30000305175781,2716300
2021-11-01,74.05000305175781,80.97000122070312,74.01000213623047,80.69000244140625,80.69000244140625,3417700
2021-11-02,76.5999984741211,78.19000244140625,76.19999694824219,77.93000030517578,77.93000030517578,2324200
2021-11-03,78.5,79.37000274658203,77.55000305175781,79.19999694824219,79.19999694824219,1472800
2021-11-04,80.5,80.95999908447266,75.22000122070312,75.4800033569336,75.4800033569336,3469700
2021-11-05,76.26699829101562,76.72000122070312,73.97000122070312,74.81999969482422,74.81999969482422,1912800
2021-11-08,76.30999755859375,78.41999816894531,76.30999755859375,77.33000183105469,77.33000183105469,1801800
2021-11-09,78.17400360107422,78.80000305175781,75.5,77.43000030517578,77.43000030517578,1705000
2021-11-10,80.0,84.29000091552734,78.6500015258789,81.30999755859375,81.30999755859375,4171700
2021-11-11,84.5,87.4000015258789,84.0,84.83000183105469,84.83000183105469,3622500
2021-11-12,83.83999633789062,87.0,83.66999816894531,86.05000305175781,86.05000305175781,2323300
2021-11-15,86.55999755859375,87.6500015258789,83.72000122070312,85.3499984741211,85.3499984741211,2675200
2021-11-16,88.36000061035156,89.80000305175781,87.11000061035156,89.0199966430664,89.0199966430664,4090500
2021-11-17,85.50499725341797,85.63999938964844,80.0999984741211,81.02999877929688,81.02999877929688,6883800
2021-11-18,73.33000183105469,73.45700073242188,65.66999816894531,67.12000274658203,67.12000274658203,21270700
2021-11-19,67.94999694824219,67.94999694824219,66.01000213623047,67.12000274658203,67.12000274658203,9310700
2021-11-22,69.91000366210938,70.16000366210938,68.05999755859375,68.70999908447266,68.70999908447266,7675200
2021-11-23,69.2300033569336,70.6500015258789,67.91000366210938,69.5,69.5,4400000
2021-11-24,69.06999969482422,72.94999694824219,68.5,72.47000122070312,72.47000122070312,4084700
2021-11-26,68.0,69.87999725341797,66.62999725341797,68.79000091552734,68.79000091552734,3758600
2021-11-29,68.02999877929688,69.5,66.76000213623047,67.56999969482422,67.56999969482422,3233200
2021-11-30,66.19000244140625,67.37999725341797,63.70000076293945,66.01000213623047,66.01000213623047,5236900
2021-12-01,66.5,67.39800262451172,62.43000030517578,62.54999923706055,62.54999923706055,4276400
2021-12-02,61.5099983215332,62.59000015258789,57.0099983215332,59.16999816894531,59.16999816894531,6186100
2021-12-03,54.86000061035156,57.2599983215332,52.06999969482422,54.939998626708984,54.939998626708984,11810400
2021-12-06,53.68000030517578,57.130001068115234,52.09000015258789,57.0,57.0,5897500
2021-12-07,60.54999923706055,62.459999084472656,59.11000061035156,61.15999984741211,61.15999984741211,5507400
2021-12-08,58.58000183105469,61.83000183105469,58.0099983215332,60.52000045776367,60.52000045776367,3192300
2021-12-09,60.40999984741211,61.849998474121094,59.369998931884766,59.45000076293945,59.45000076293945,2626000
2021-12-10,58.619998931884766,59.619998931884766,57.290000915527344,59.130001068115234,59.130001068115234,5887600
2021-12-13,57.96500015258789,58.38999938964844,55.48500061035156,55.560001373291016,55.560001373291016,5147900
2021-12-14,54.130001068115234,54.97999954223633,52.0,52.970001220703125,52.970001220703125,9642400
2021-12-15,52.279998779296875,52.279998779296875,48.72999954223633,50.709999084472656,50.709999084472656,10724200
2021-12-16,51.70000076293945,52.599998474121094,49.68000030517578,50.08000183105469,50.08000183105469,6654400
2021-12-17,49.52000045776367,50.52000045776367,47.38999938964844,49.95000076293945,49.95000076293945,8894900
2021-12-20,47.77000045776367,47.959999084472656,43.209999084472656,44.13999938964844,44.13999938964844,7849900
2021-12-21,46.04999923706055,49.47999954223633,46.04999923706055,49.310001373291016,49.310001373291016,10329700
2021-12-22,47.45000076293945,48.290000915527344,46.54999923706055,47.0,47.0,5580600
2021-12-23,45.439998626708984,46.290000915527344,44.16999816894531,45.90999984741211,45.90999984741211,8128900
2021-12-27,45.470001220703125,47.79999923706055,44.59000015258789,44.59000015258789,44.59000015258789,3145500
2021-12-28,44.630001068115234,45.45000076293945,43.79999923706055,44.33000183105469,44.33000183105469,4779700
2021-12-29,44.15999984741211,44.189998626708984,41.76300048828125,42.56999969482422,42.56999969482422,5530700
2021-12-30,42.665000915527344,48.869998931884766,42.54999923706055,47.7400016784668,47.7400016784668,7083500
2021-12-31,46.15999984741211,47.97999954223633,45.54999923706055,46.400001525878906,46.400001525878906,3945700
2022-01-03,46.0099983215332,46.349998474121094,43.689998626708984,44.38999938964844,44.38999938964844,4914300
2022-01-04,42.20000076293945,42.65999984741211,39.91999816894531,40.41999816894531,40.41999816894531,9273700
2022-01-05,38.810001373291016,41.23500061035156,37.900001525878906,37.95000076293945,37.95000076293945,8654300
2022-01-06,37.529998779296875,40.290000915527344,36.124000549316406,39.0099983215332,39.0099983215332,8819300
2022-01-07,37.79999923706055,40.20000076293945,37.38999938964844,38.439998626708984,38.439998626708984,8389900
2022-01-10,39.369998931884766,41.58000183105469,37.90999984741211,40.88999938964844,40.88999938964844,8005700
2022-01-11,40.099998474121094,42.314998626708984,39.81999969482422,41.86000061035156,41.86000061035156,7218800
2022-01-12,43.70800018310547,44.45000076293945,40.439998626708984,41.70000076293945,41.70000076293945,6644000
2022-01-13,40.290000915527344,40.959999084472656,37.029998779296875,37.2400016784668,37.2400016784668,7883700
2022-01-14,38.0,38.810001373291016,37.439998626708984,38.689998626708984,38.689998626708984,4399000
2022-01-18,37.119998931884766,39.52000045776367,36.900001525878906,37.9900016784668,37.9900016784668,3695800
2022-01-19,38.0099983215332,38.849998474121094,37.459999084472656,37.720001220703125,37.720001220703125,3385300
2022-01-20,40.349998474121094,41.7400016784668,39.16999816894531,39.33000183105469,39.33000183105469,9410400
2022-01-21,39.650001525878906,39.810001373291016,35.720001220703125,36.08000183105469,36.08000183105469,6942900
2022-01-24,34.97999954223633,35.290000915527344,32.520999908447266,35.189998626708984,35.189998626708984,9508400
2022-01-25,33.939998626708984,35.83000183105469,33.619998931884766,34.209999084472656,34.209999084472656,3574700
2022-01-26,34.59000015258789,34.959999084472656,31.719999313354492,32.11000061035156,32.11000061035156,5231800
2022-01-27,31.110000610351562,32.5099983215332,30.010000228881836,30.25,30.25,6690200
2022-01-28,29.709999084472656,30.56999969482422,28.31999969482422,30.540000915527344,30.540000915527344,6717900
2022-01-31,31.75,35.38999938964844,31.25,35.290000915527344,35.290000915527344,6348000
2022-02-01,34.94499969482422,36.34000015258789,33.70000076293945,35.88999938964844,35.88999938964844,4349500
2022-02-02,35.88999938964844,35.88999938964844,33.29999923706055,33.689998626708984,33.689998626708984,3208500
2022-02-03,32.599998474121094,34.060001373291016,32.09000015258789,32.599998474121094,32.599998474121094,2410700
2022-02-04,32.79999923706055,34.400001525878906,31.700000762939453,33.5099983215332,33.5099983215332,3438000
2022-02-07,32.84000015258789,34.369998931884766,32.0,32.310001373291016,32.310001373291016,3418800
2022-02-08,32.22999954223633,34.810001373291016,31.93000030517578,34.58000183105469,34.58000183105469,3381900
2022-02-09,35.400001525878906,37.7400016784668,35.29999923706055,36.880001068115234,36.880001068115234,7917700
2022-02-10,35.849998474121094,38.45000076293945,35.2599983215332,36.47999954223633,36.47999954223633,4705800
2022-02-11,36.68000030517578,37.189998626708984,34.849998474121094,35.13999938964844,35.13999938964844,3435800
2022-02-14,34.45399856567383,35.099998474121094,33.77000045776367,34.33000183105469,34.33000183105469,2988900
2022-02-15,35.349998474121094,37.529998779296875,35.20000076293945,37.119998931884766,37.119998931884766,3443200
2022-02-16,37.029998779296875,38.31999969482422,36.20000076293945,37.84000015258789,37.84000015258789,3440100
2022-02-17,37.400001525878906,39.099998474121094,36.150001525878906,36.540000915527344,36.540000915527344,3859400
2022-02-18,34.13999938964844,34.63999938964844,32.38999938964844,34.279998779296875,34.279998779296875,7356700
2022-02-22,31.5,32.599998474121094,30.899999618530273,31.040000915527344,31.040000915527344,6546300
2022-02-23,31.670000076293945,32.38999938964844,30.06999969482422,30.149999618530273,30.149999618530273,4208700
2022-02-24,28.25,32.2400016784668,28.010000228881836,32.130001068115234,32.130001068115234,4962000
2022-02-25,31.229999542236328,31.649999618530273,30.18000030517578,31.459999084472656,31.459999084472656,4186600
2022-02-28,30.6299991607666,32.529998779296875,30.125,31.610000610351562,31.610000610351562,5129700
2022-03-01,31.93000030517578,33.470001220703125,30.979999542236328,31.200000762939453,31.200000762939453,6162100
2022-03-02,31.100000381469727,31.56999969482422,29.690000534057617,30.15999984741211,30.15999984741211,6236600
2022-03-03,32.970001220703125,33.470001220703125,27.200000762939453,27.780000686645508,27.780000686645508,13755900
2022-03-04,26.895000457763672,27.1200008392334,25.149999618530273,25.459999084472656,25.459999084472656,8885100
2022-03-07,24.520000457763672,24.742000579833984,23.079999923706055,23.420000076293945,23.420000076293945,10609400
2022-03-08,22.670000076293945,23.399999618530273,21.790000915527344,22.700000762939453,22.700000762939453,11335000
2022-03-09,23.43000030517578,25.979999542236328,23.190000534057617,25.239999771118164,25.239999771118164,10343500
2022-03-10,22.850000381469727,22.8700008392334,21.320999145507812,21.68000030517578,21.68000030517578,12620400
2022-03-11,22.010000228881836,22.15999984741211,18.8799991607666,19.020000457763672,19.020000457763672,13297600
2022-03-14,17.010000228881836,18.65999984741211,14.930000305175781,16.959999084472656,16.959999084472656,21029000
2022-03-15,16.600000381469727,20.43000030517578,16.239999771118164,18.860000610351562,18.860000610351562,19865500
2022-03-16,25.06999969482422,28.09000015258789,22.709999084472656,27.829999923706055,27.829999923706055,35185800
2022-03-17,26.020000457763672,26.399999618530273,23.100000381469727,23.84000015258789,23.84000015258789,17936200
2022-03-18,24.530000686645508,30.81999969482422,24.06999969482422,27.549999237060547,27.549999237060547,29143400
2022-03-21,25.40999984741211,26.239999771118164,23.809999465942383,24.90999984741211,24.90999984741211,15764000
2022-03-22,27.0,31.540000915527344,26.94300079345703,29.899999618530273,29.899999618530273,26919300
2022-03-23,28.65999984741211,35.0,27.65999984741211,31.530000686645508,31.530000686645508,34026400
2022-03-24,30.889999389648438,32.119998931884766,28.520000457763672,30.309999465942383,30.309999465942383,20579200
2022-03-25,28.235000610351562,28.895000457763672,26.6299991607666,27.530000686645508,27.530000686645508,14358500
2022-03-28,28.670000076293945,30.450000762939453,27.809999465942383,28.540000915527344,28.540000915527344,10832800
2022-03-29,29.920000076293945,31.59000015258789,29.579999923706055,29.719999313354492,29.719999313354492,15174600
2022-03-30,28.25,30.5,28.09000015258789,28.219999313354492,28.219999313354492,8530800
2022-03-31,27.43000030517578,27.940000534057617,25.40999984741211,25.579999923706055,25.579999923706055,10747600
2022-04-01,29.360000610351562,29.770000457763672,27.329999923706055,27.6200008392334,27.6200008392334,17422300
2022-04-04,30.28499984741211,33.779998779296875,29.410999298095703,32.189998626708984,32.189998626708984,24005300
2022-04-05,31.670000076293945,31.700000762939453,29.549999237060547,30.15999984741211,30.15999984741211,10621700
2022-04-06,29.969999313354492,30.440000534057617,28.510000228881836,30.020000457763672,30.020000457763672,11280700
2022-04-07,29.3700008392334,29.489999771118164,26.459999084472656,27.610000610351562,27.610000610351562,12805000
2022-04-08,27.020000457763672,27.65999984741211,25.65999984741211,25.709999084472656,25.709999084472656,11724000
2022-04-11,28.225000381469727,29.18000030517578,27.049999237060547,27.56999969482422,27.56999969482422,36062400
2022-04-12,27.399999618530273,27.549999237060547,24.56999969482422,24.940000534057617,24.940000534057617,14455700
2022-04-13,25.399999618530273,27.209999084472656,24.700000762939453,26.239999771118164,26.239999771118164,8988700
2022-04-14,25.639999389648438,26.079999923706055,24.639999389648438,24.940000534057617,24.940000534057617,9154900
2022-04-18,24.139999389648438,24.424999237060547,22.56999969482422,23.34000015258789,23.34000015258789,13419000
2022-04-19,22.709999084472656,24.170000076293945,22.030000686645508,24.100000381469727,24.100000381469727,9803100
2022-04-20,23.600000381469727,23.639999389648438,22.030000686645508,22.190000534057617,22.190000534057617,8232700
2022-04-21,21.950000762939453,22.850000381469727,20.731000900268555,21.0,21.0,9208700
2022-04-22,21.31999969482422,22.6200008392334,20.934999465942383,21.079999923706055,21.079999923706055,9253500
2022-04-25,20.030000686645508,21.479999542236328,19.530000686645508,21.25,21.25,10451600
2022-04-26,21.100000381469727,21.219999313354492,20.219999313354492,20.56999969482422,20.56999969482422,8733700
2022-04-27,20.899999618530273,23.0,20.8799991607666,22.229999542236328,22.229999542236328,12001800
2022-04-28,22.450000762939453,22.829999923706055,21.19300079345703,22.170000076293945,22.170000076293945,6480500
2022-04-29,25.959999084472656,26.280000686645508,24.299999237060547,24.34000015258789,24.34000015258789,12961700
2022-05-02,22.530000686645508,24.479999542236328,21.860000610351562,24.459999084472656,24.459999084472656,10344500
2022-05-03,24.020000457763672,24.979999542236328,22.899999618530273,23.389999389648438,23.389999389648438,6972100
2022-05-04,22.450000762939453,24.170000076293945,21.68000030517578,24.06999969482422,24.06999969482422,7810100
2022-05-05,22.8799991607666,23.43000030517578,21.0049991607666,21.5,21.5,7552100
2022-05-06,21.280000686645508,21.469999313354492,19.850000381469727,20.850000381469727,20.850000381469727,7579200
2022-05-09,20.110000610351562,20.149999618530273,18.709999084472656,18.799999237060547,18.799999237060547,7860100
2022-05-10,19.950000762939453,19.959999084472656,18.020000457763672,19.15999984741211,19.15999984741211,8550200
2022-05-11,20.190000534057617,20.940000534057617,18.719999313354492,18.850000381469727,18.850000381469727,9802400
2022-05-12,18.600000381469727,19.799999237060547,17.479999542236328,18.90999984741211,18.90999984741211,8618300
2022-05-13,19.440000534057617,20.790000915527344,19.40999984741211,20.600000381469727,20.600000381469727,6440300
2022-05-16,20.600000381469727,21.850000381469727,20.34000015258789,20.6299991607666,20.6299991607666,5806200
2022-05-17,21.799999237060547,22.389999389648438,20.760000228881836,21.1299991607666,21.1299991607666,6607100
2022-05-18,20.6200008392334,21.760000228881836,20.5,20.75,20.75,4674800
2022-05-19,21.4950008392334,22.795000076293945,20.663999557495117,21.59000015258789,21.59000015258789,11377100
2022-05-20,22.209999084472656,22.729999542236328,21.100000381469727,21.799999237060547,21.799999237060547,6784200
2022-05-23,21.559999465942383,21.610000610351562,20.649999618530273,21.229999542236328,21.229999542236328,4407600
2022-05-24,20.200000762939453,20.489999771118164,18.350000381469727,18.690000534057617,18.690000534057617,9106700
2022-05-25,19.360000610351562,19.93000030517578,18.81999969482422,19.270000457763672,19.270000457763672,6374500
2022-05-26,19.1299991607666,21.219999313354492,18.6299991607666,20.940000534057617,20.940000534057617,7477700
2022-05-27,20.440000534057617,21.36199951171875,19.459999084472656,21.25,21.25,8309300
2022-05-31,23.0,23.700000762939453,22.170000076293945,22.350000381469727,22.350000381469727,11939500
2022-06-01,23.06999969482422,23.84000015258789,22.110000610351562,22.540000915527344,22.540000915527344,6487400
2022-06-02,23.079999923706055,25.34000015258789,23.079999923706055,25.0,25.0,9902600
2022-06-03,24.43000030517578,24.833999633789062,23.979999542236328,24.170000076293945,24.170000076293945,4810200
2022-06-06,25.739999771118164,27.149999618530273,25.149999618530273,25.489999771118164,25.489999771118164,9929900
2022-06-07,25.700000762939453,28.434999465942383,25.15999984741211,28.030000686645508,28.030000686645508,14489500
2022-06-08,30.1299991607666,30.350000381469727,27.829999923706055,29.709999084472656,29.709999084472656,16988900
2022-06-09,25.290000915527344,27.3799991607666,24.729999542236328,25.31999969482422,25.31999969482422,21699800
2022-06-10,26.959999084472656,27.200000762939453,25.360000610351562,26.100000381469727,26.100000381469727,13032800
2022-06-13,25.0,25.469999313354492,22.3799991607666,23.489999771118164,23.489999771118164,10527700
2022-06-14,24.760000228881836,26.059999465942383,24.31999969482422,25.809999465942383,25.809999465942383,8461700
2022-06-15,26.350000381469727,27.450000762939453,25.600000381469727,26.950000762939453,26.950000762939453,6244900
2022-06-16,25.450000762939453,26.389999389648438,25.364999771118164,25.829999923706055,25.829999923706055,5387500
2022-06-17,27.049999237060547,27.469999313354492,25.649999618530273,26.31999969482422,26.31999969482422,7025800
2022-06-21,27.190000534057617,27.889999389648438,26.424999237060547,27.540000915527344,27.540000915527344,5400700
2022-06-22,26.53499984741211,27.280000686645508,26.0,26.59000015258789,26.59000015258789,5780300
2022-06-23,26.864999771118164,28.229999542236328,26.610000610351562,27.850000381469727,27.850000381469727,5261500
2022-06-24,28.229999542236328,28.420000076293945,27.209999084472656,27.809999465942383,27.809999465942383,7285900
2022-06-27,28.68000030517578,29.450000762939453,27.665000915527344,28.200000762939453,28.200000762939453,6406300
2022-06-28,27.989999771118164,28.450000762939453,26.860000610351562,27.229999542236328,27.229999542236328,4782800
2022-06-29,26.459999084472656,26.709999084472656,25.450000762939453,26.059999465942383,26.059999465942383,6255300
2022-06-30,25.670000076293945,25.90999984741211,24.90999984741211,25.600000381469727,25.600000381469727,5437600
2022-07-01,25.829999923706055,26.780000686645508,25.649999618530273,26.739999771118164,26.739999771118164,3167700
2022-07-05,26.350000381469727,27.790000915527344,26.1200008392334,27.709999084472656,27.709999084472656,3909700
2022-07-06,26.969999313354492,27.399999618530273,25.149999618530273,26.209999084472656,26.209999084472656,4984000
2022-07-07,26.610000610351562,28.469999313354492,26.440000534057617,27.959999084472656,27.959999084472656,5599900
2022-07-08,27.190000534057617,27.450000762939453,26.479999542236328,26.780000686645508,26.780000686645508,5286500
2022-07-11,25.270000457763672,25.270000457763672,24.010000228881836,24.110000610351562,24.110000610351562,5476600
2022-07-12,24.299999237060547,24.790000915527344,23.68000030517578,24.25,24.25,3504500
2022-07-13,23.780000686645508,25.020000457763672,23.739999771118164,24.6200008392334,24.6200008392334,4185000
2022-07-14,23.969999313354492,24.219999313354492,22.709999084472656,23.09000015258789,23.09000015258789,6254600
2022-07-15,22.639999389648438,22.920000076293945,21.552000045776367,22.8799991607666,22.8799991607666,6289500
2022-07-18,24.0,25.659000396728516,24.0,24.43000030517578,24.43000030517578,7208300
2022-07-19,24.799999237060547,26.040000915527344,24.479999542236328,25.520000457763672,25.520000457763672,5263000
2022-07-20,25.520000457763672,25.59000015258789,24.729999542236328,25.360000610351562,25.360000610351562,5084400
2022-07-21,26.100000381469727,27.415000915527344,26.020000457763672,26.989999771118164,26.989999771118164,4917100
2022-07-22,26.56999969482422,26.739999771118164,25.440000534057617,25.59000015258789,25.59000015258789,2613200
2022-07-25,25.799999237060547,26.139999389648438,25.242000579833984,25.899999618530273,25.899999618530273,1785900
2022-07-26,26.100000381469727,26.15999984741211,24.72800064086914,24.959999084472656,24.959999084472656,3948900
2022-07-27,25.290000915527344,26.100000381469727,24.459999084472656,26.079999923706055,26.079999923706055,2895300
2022-07-28,25.530000686645508,26.016000747680664,24.329999923706055,25.40999984741211,25.40999984741211,3039100
2022-07-29,23.81999969482422,24.510000228881836,23.260000228881836,24.440000534057617,24.440000534057617,3422500
2022-08-01,23.43000030517578,23.6200008392334,22.6200008392334,23.31999969482422,23.31999969482422,5933800
2022-08-02,22.520000457763672,24.540000915527344,22.516000747680664,23.809999465942383,23.809999465942383,5613400
2022-08-03,23.290000915527344,24.540000915527344,22.81999969482422,24.399999618530273,24.399999618530273,4289300
2022-08-04,25.09000015258789,25.969999313354492,24.875,24.989999771118164,24.989999771118164,3504200
2022-08-05,24.31999969482422,24.670000076293945,23.8700008392334,24.579999923706055,24.579999923706055,2043500
2022-08-08,24.610000610351562,25.6200008392334,24.389999389648438,24.649999618530273,24.649999618530273,3144600
2022-08-09,24.579999923706055,25.100000381469727,23.81999969482422,24.110000610351562,24.110000610351562,2068600
2022-08-10,24.15999984741211,24.3700008392334,22.889999389648438,24.270000457763672,24.270000457763672,3855800
2022-08-11,25.170000076293945,26.459999084472656,24.8700008392334,25.209999084472656,25.209999084472656,4019000
2022-08-12,24.260000228881836,25.459999084472656,24.059999465942383,25.399999618530273,25.399999618530273,2247800
2022-08-15,25.270000457763672,25.920000076293945,25.149999618530273,25.270000457763672,25.270000457763672,2372200
2022-08-16,24.43000030517578,24.690000534057617,24.100000381469727,24.600000381469727,24.600000381469727,3131900
2022-08-17,24.31999969482422,24.829999923706055,23.73200035095215,23.84000015258789,23.84000015258789,2520400
2022-08-18,23.25,23.437000274658203,22.889999389648438,23.25,23.25,3596000
2022-08-19,22.920000076293945,23.0,22.40999984741211,22.559999465942383,22.559999465942383,2644100
2022-08-22,22.899999618530273,23.617000579833984,22.3799991607666,23.170000076293945,23.170000076293945,2740700
2022-08-23,23.770000457763672,24.030000686645508,22.6200008392334,23.739999771118164,23.739999771118164,2827000
2022-08-24,22.81999969482422,24.545000076293945,22.260000228881836,24.40999984741211,24.40999984741211,6021400
2022-08-25,25.871999740600586,27.469999313354492,25.440000534057617,27.360000610351562,27.360000610351562,8526400
2022-08-26,28.84000015258789,28.860000610351562,25.010000228881836,25.239999771118164,25.239999771118164,9334000
2022-08-29,24.700000762939453,25.540000915527344,23.905000686645508,23.950000762939453,23.950000762939453,5854200
2022-08-30,24.0,24.170000076293945,22.520000457763672,23.149999618530273,23.149999618530273,5391000
2022-08-31,24.229999542236328,25.33300018310547,24.09000015258789,24.959999084472656,24.959999084472656,5706200
2022-09-01,24.34000015258789,24.979999542236328,23.950000762939453,24.799999237060547,24.799999237060547,2905500
2022-09-02,24.100000381469727,24.260000228881836,23.424999237060547,23.579999923706055,23.579999923706055,3645500
2022-09-06,23.100000381469727,23.360000610351562,22.459999084472656,22.510000228881836,22.510000228881836,4825200
2022-09-07,22.80500030517578,23.875,22.09000015258789,23.6200008392334,23.6200008392334,5866200
2022-09-08,20.459999084472656,21.0,19.450000762939453,20.06999969482422,20.06999969482422,25292100
2022-09-09,19.5,20.200000762939453,19.200000762939453,19.31999969482422,19.31999969482422,11817500
2022-09-12,19.360000610351562,20.219999313354492,19.139999389648438,20.149999618530273,20.149999618530273,5902300
2022-09-13,19.450000762939453,19.5,18.40999984741211,18.489999771118164,18.489999771118164,8281700
2022-09-14,18.290000915527344,18.639999389648438,17.979999542236328,18.459999084472656,18.459999084472656,4663600
2022-09-15,18.1299991607666,18.729999542236328,17.4950008392334,18.170000076293945,18.170000076293945,4734900
2022-09-16,17.56999969482422,17.719999313354492,16.950000762939453,17.059999465942383,17.059999465942383,6267700
2022-09-19,16.510000228881836,17.229999542236328,16.360000610351562,17.190000534057617,17.190000534057617,3296900
2022-09-20,16.790000915527344,17.145000457763672,16.639999389648438,16.719999313354492,16.719999313354492,4151400
2022-09-21,16.3799991607666,16.979999542236328,16.059999465942383,16.239999771118164,16.239999771118164,5908200
2022-09-22,16.350000381469727,16.940000534057617,16.260000228881836,16.450000762939453,16.450000762939453,4721000
2022-09-23,15.989999771118164,16.225000381469727,15.699999809265137,16.18000030517578,16.18000030517578,4877800
2022-09-26,16.56999969482422,16.889999389648438,16.06999969482422,16.09000015258789,16.09000015258789,3442300
2022-09-27,16.360000610351562,17.239999771118164,15.899999618530273,16.0,16.0,3750100
2022-09-28,15.359999656677246,16.270000457763672,15.359999656677246,16.18000030517578,16.18000030517578,2965300
2022-09-29,15.539999961853027,15.680000305175781,14.949999809265137,15.25,15.25,4854700
2022-09-30,14.899999618530273,15.505000114440918,14.899999618530273,15.319999694824219,15.319999694824219,4092500
2022-10-03,15.430000305175781,15.725000381469727,15.210000038146973,15.59000015258789,15.59000015258789,2994000
2022-10-04,16.040000915527344,17.139999389648438,16.040000915527344,17.0,17.0,5736600
2022-10-05,16.399999618530273,16.975000381469727,16.329999923706055,16.75,16.75,3955400
2022-10-06,16.55500030517578,16.809999465942383,16.020000457763672,16.079999923706055,16.079999923706055,3855300
2022-10-07,15.609999656677246,15.880000114440918,15.109999656677246,15.449999809265137,15.449999809265137,5199100
2022-10-10,14.619999885559082,14.640000343322754,13.40999984741211,13.800000190734863,13.800000190734863,9333300
2022-10-11,13.020000457763672,13.319999694824219,12.595000267028809,12.800000190734863,12.800000190734863,9363600
2022-10-12,12.729999542236328,12.994999885559082,12.329999923706055,12.489999771118164,12.489999771118164,6884600
2022-10-13,11.482000350952148,12.145000457763672,11.010000228881836,11.869999885559082,11.869999885559082,9479200
2022-10-14,12.039999961853027,12.220000267028809,11.170000076293945,11.180000305175781,11.180000305175781,5863800
2022-10-17,11.729999542236328,12.5,11.710000038146973,12.09000015258789,12.09000015258789,9941400
2022-10-18,12.699999809265137,12.869999885559082,11.890000343322754,12.279999732971191,12.279999732971191,7705700
2022-10-19,11.609999656677246,11.65999984741211,11.0,11.029999732971191,11.029999732971191,9143500
2022-10-20,11.10099983215332,11.739999771118164,10.9399995803833,11.069999694824219,11.069999694824219,6523000
2022-10-21,10.729999542236328,11.079999923706055,10.395000457763672,11.050000190734863,11.050000190734863,7502600
2022-10-24,9.15999984741211,9.529999732971191,8.229999542236328,9.1899995803833,9.1899995803833,20890700
2022-10-25,9.635000228881836,10.029999732971191,9.489999771118164,9.930000305175781,9.930000305175781,12471800
2022-10-26,9.710000038146973,11.029999732971191,9.640000343322754,10.479999542236328,10.479999542236328,15888300
2022-10-27,9.770000457763672,10.21500015258789,9.5,9.520000457763672,9.520000457763672,10108800
2022-10-28,8.960000038146973,8.989999771118164,8.524999618530273,8.949999809265137,8.949999809265137,9410700
2022-10-31,8.744999885559082,9.210000038146973,8.739999771118164,8.920000076293945,8.920000076293945,6714200
2022-11-01,9.779999732971191,9.975000381469727,9.210000038146973,9.229999542236328,9.229999542236328,12662300
2022-11-02,9.550000190734863,9.789999961853027,9.104999542236328,9.260000228881836,9.260000228881836,10879200
2022-11-03,8.880000114440918,9.729999542236328,8.829999923706055,9.529999732971191,9.529999732971191,8010700
2022-11-04,11.069999694824219,11.739999771118164,10.454999923706055,11.710000038146973,11.710000038146973,21998800
2022-11-07,12.3100004196167,12.732000350952148,11.40999984741211,11.819999694824219,11.819999694824219,16347400
2022-11-08,11.399999618530273,11.630000114440918,10.899999618530273,11.5600004196167,11.5600004196167,9035700
2022-11-09,10.779999732971191,10.850000381469727,10.069999694824219,10.170000076293945,10.170000076293945,9154000
2022-11-10,11.029999732971191,12.039999961853027,11.020000457763672,11.710000038146973,11.710000038146973,9643800
2022-11-11,12.329999923706055,12.805000305175781,11.90999984741211,12.670000076293945,12.670000076293945,10533700
2022-11-14,13.15999984741211,13.489999771118164,12.699999809265137,12.880000114440918,12.880000114440918,7220900
2022-11-15,14.949999809265137,16.8799991607666,14.739999771118164,16.280000686645508,16.280000686645508,24960300
2022-11-16,15.930000305175781,16.104999542236328,15.300000190734863,15.460000038146973,15.460000038146973,13639200
2022-11-17,14.920000076293945,16.530000686645508,14.640000343322754,15.789999961853027,15.789999961853027,13785700
2022-11-18,15.470000267028809,15.470000267028809,14.109999656677246,14.720000267028809,14.720000267028809,10406200
2022-11-21,14.210000038146973,14.220000267028809,13.220000267028809,13.520000457763672,13.520000457763672,7820100
2022-11-22,12.9399995803833,13.180000305175781,12.654999732971191,13.149999618530273,13.149999618530273,6163100
2022-11-23,13.460000038146973,13.600000381469727,13.020000457763672,13.279999732971191,13.279999732971191,4974400
2022-11-25,12.600000381469727,12.890000343322754,12.225000381469727,12.329999923706055,12.329999923706055,6214800
2022-11-28,12.220000267028809,13.1899995803833,12.210000038146973,12.59000015258789,12.59000015258789,9889000
2022-11-29,14.289999961853027,15.729999542236328,14.270000457763672,15.399999618530273,15.399999618530273,34611900
2022-11-30,16.510000228881836,17.739999771118164,16.510000228881836,17.360000610351562,17.360000610351562,25309000
2022-12-01,16.65999984741211,17.18000030517578,16.3700008392334,17.020000457763672,17.020000457763672,7135500
2022-12-02,16.610000610351562,19.989999771118164,16.5,19.84000015258789,19.84000015258789,28678000
2022-12-05,22.34000015258789,23.010000228881836,19.360000610351562,19.690000534057617,19.690000534057617,30351500
2022-12-06,19.959999084472656,21.899999618530273,18.8799991607666,20.559999465942383,20.559999465942383,25631800
2022-12-07,19.6299991607666,22.5,19.559999465942383,21.719999313354492,21.719999313354492,23072900
2022-12-08,23.770000457763672,24.90999984741211,22.799999237060547,23.399999618530273,23.399999618530273,28125700
2022-12-09,24.520000457763672,26.30500030517578,24.395000457763672,25.40999984741211,25.40999984741211,24538500
2022-12-12,24.84000015258789,24.924999237060547,21.81999969482422,23.0,23.0,18751100
2022-12-13,25.0,25.25,23.46500015258789,24.09000015258789,24.09000015258789,12760700
2022-12-14,24.15999984741211,25.065000534057617,23.3700008392334,24.59000015258789,24.59000015258789,9120300
2022-12-15,25.09000015258789,25.25,22.290000915527344,22.5,22.5,13074900
2022-12-16,23.270000457763672,24.25,23.0,23.010000228881836,23.010000228881836,10440600
2022-12-19,23.059999465942383,23.1299991607666,20.700000762939453,21.65999984741211,21.65999984741211,9592600
2022-12-20,20.68000030517578,22.5,20.479999542236328,22.18000030517578,22.18000030517578,8779900
2022-12-21,21.940000534057617,23.575000762939453,21.600000381469727,23.34000015258789,23.34000015258789,6577400
2022-12-22,23.700000762939453,24.170000076293945,22.8700008392334,23.600000381469727,23.600000381469727,7984200
2022-12-23,23.75,24.18000030517578,22.829999923706055,23.170000076293945,23.170000076293945,5217400
2022-12-27,23.299999237060547,25.440000534057617,23.135000228881836,24.75,24.75,11468900
2022-12-28,24.280000686645508,24.530000686645508,22.469999313354492,22.760000228881836,22.760000228881836,7772500
2022-12-29,23.15999984741211,24.43000030517578,22.280000686645508,24.290000915527344,24.290000915527344,9302000
2022-12-30,23.020000457763672,24.170000076293945,23.020000457763672,23.690000534057617,23.690000534057617,6127500
2023-01-03,25.479999542236328,27.65999984741211,25.0,27.0,27.0,17735600
2023-01-04,28.25,28.809999465942383,27.200000762939453,28.31999969482422,28.31999969482422,14454200
2023-01-05,27.639999389648438,29.459999084472656,27.40999984741211,29.200000762939453,29.200000762939453,10745300
2023-01-06,28.30500030517578,28.979999542236328,27.510000228881836,28.649999618530273,28.649999618530273,8175600
2023-01-09,27.25,27.610000610351562,26.639999389648438,27.0,27.0,21026200
2023-01-10,27.260000228881836,27.639999389648438,26.790000915527344,27.5,27.5,7393000
2023-01-11,27.674999237060547,27.760000228881836,26.34000015258789,26.940000534057617,26.940000534057617,10614800
2023-01-12,26.420000076293945,26.93000030517578,25.25,26.68000030517578,26.68000030517578,7326800
2023-01-13,27.030000686645508,28.049999237060547,27.010000228881836,27.969999313354492,27.969999313354492,8505700
2023-01-17,27.274999618530273,27.3799991607666,25.940000534057617,26.540000915527344,26.540000915527344,6312300
2023-01-18,26.670000076293945,27.222000122070312,25.399999618530273,25.43000030517578,25.43000030517578,5242300
2023-01-19,26.040000915527344,26.450000762939453,24.469999313354492,24.649999618530273,24.649999618530273,7937200
2023-01-20,25.600000381469727,25.989999771118164,25.219999313354492,25.389999389648438,25.389999389648438,6467500
2023-01-23,25.770000457763672,26.809999465942383,25.4689998626709,26.18000030517578,26.18000030517578,5680500
2023-01-24,25.799999237060547,26.200000762939453,25.56999969482422,25.639999389648438,25.639999389648438,3190800
2023-01-25,25.489999771118164,25.940000534057617,24.90999984741211,25.90999984741211,25.90999984741211,4108400
2023-01-26,27.729999542236328,28.149999618530273,26.8700008392334,28.020000457763672,28.020000457763672,9538800
2023-01-27,27.684999465942383,28.049999237060547,26.90999984741211,27.780000686645508,27.780000686645508,5426100
2023-01-30,25.450000762939453,25.799999237060547,24.559999465942383,25.31999969482422,25.31999969482422,10005300
2023-01-31,24.790000915527344,25.875,24.729999542236328,25.0,25.0,5745500
2023-02-01,25.790000915527344,26.530000686645508,24.969999313354492,26.25,26.25,7538400
2023-02-02,25.850000381469727,26.010000228881836,25.149999618530273,25.65999984741211,25.65999984741211,6157900
2023-02-03,25.040000915527344,25.700000762939453,24.290000915527344,24.329999923706055,24.329999923706055,5415700
2023-02-06,23.329999923706055,23.635000228881836,22.459999084472656,23.329999923706055,23.329999923706055,7836100
2023-02-07,24.049999237060547,24.170000076293945,22.40999984741211,23.270000457763672,23.270000457763672,9610300
2023-02-08,23.020000457763672,23.170000076293945,21.950000762939453,22.459999084472656,22.459999084472656,8040100
2023-02-09,23.834999084472656,23.8799991607666,22.280000686645508,22.420000076293945,22.420000076293945,7986200
2023-02-10,21.799999237060547,22.0,21.229999542236328,21.6200008392334,21.6200008392334,7781000
2023-02-13,22.549999237060547,22.93000030517578,22.329999923706055,22.40999984741211,22.40999984741211,6410300
2023-02-14,22.200000762939453,22.68000030517578,21.700000762939453,22.469999313354492,22.469999313354492,3827100
2023-02-15,21.850000381469727,22.75,21.760000228881836,22.649999618530273,22.649999618530273,3052100
2023-02-16,22.93000030517578,23.350000381469727,22.489999771118164,22.75,22.75,4527600
2023-02-17,22.15999984741211,22.31999969482422,21.709999084472656,22.049999237060547,22.049999237060547,3386700
2023-02-21,21.6200008392334,22.1200008392334,21.399999618530273,21.5,21.5,5647600
2023-02-22,22.229999542236328,22.65999984741211,21.520999908447266,21.889999389648438,21.889999389648438,7046000
2023-02-23,22.860000610351562,22.950000762939453,21.600000381469727,22.049999237060547,22.049999237060547,6855200
2023-02-24,20.719999313354492,20.899999618530273,19.959999084472656,20.469999313354492,20.469999313354492,8708300
2023-02-27,20.829999923706055,20.860000610351562,19.915000915527344,20.040000915527344,20.040000915527344,8354000
2023-02-28,19.649999618530273,20.049999237060547,19.239999771118164,19.299999237060547,19.299999237060547,8943500
2023-03-01,20.950000762939453,21.040000915527344,19.479999542236328,19.670000076293945,19.670000076293945,14193700
2023-03-02,18.389999389648438,21.75,18.200000762939453,21.56999969482422,21.56999969482422,16306600
2023-03-03,21.81999969482422,23.719999313354492,21.551000595092773,22.610000610351562,22.610000610351562,16632700
2023-03-06,22.5,22.6200008392334,21.6200008392334,21.6299991607666,21.6299991607666,5065500
2023-03-07,20.559999465942383,21.05500030517578,20.329999923706055,20.549999237060547,20.549999237060547,7152800
2023-03-08,20.09000015258789,20.51799964904785,19.760000228881836,20.239999771118164,20.239999771118164,4016200
2023-03-09,19.6200008392334,19.639999389648438,18.559999465942383,18.6200008392334,18.6200008392334,8093500
2023-03-10,19.0,20.239999771118164,18.760000228881836,19.729999542236328,19.729999542236328,11223000
2023-03-13,20.690000534057617,21.405000686645508,20.299999237060547,21.100000381469727,21.100000381469727,8468800
2023-03-14,20.709999084472656,21.520000457763672,20.700000762939453,21.5,21.5,4786500
2023-03-15,20.834999084472656,21.18000030517578,20.100000381469727,21.09000015258789,21.09000015258789,5640400
2023-03-16,20.357999801635742,22.420000076293945,20.309999465942383,22.34000015258789,22.34000015258789,8563700
2023-03-17,23.06999969482422,23.31999969482422,22.139999389648438,22.18000030517578,22.18000030517578,5095200
2023-03-20,22.649999618530273,24.040000915527344,22.549999237060547,23.6299991607666,23.6299991607666,10368200
2023-03-21,23.010000228881836,23.540000915527344,22.7549991607666,23.15999984741211,23.15999984741211,4397800
2023-03-22,23.6299991607666,23.809999465942383,22.770000457763672,22.780000686645508,22.780000686645508,4101400
2023-03-23,24.3799991607666,25.579999923706055,23.559999465942383,24.209999084472656,24.209999084472656,10071700
2023-03-24,23.940000534057617,24.674999237060547,23.739999771118164,23.899999618530273,23.899999618530273,3239700
2023-03-27,23.920000076293945,24.399999618530273,23.719999313354492,24.389999389648438,24.389999389648438,4360900
2023-03-28,24.764999389648438,25.31999969482422,24.489999771118164,25.09000015258789,25.09000015258789,5191600
2023-03-29,24.479999542236328,24.780000686645508,23.780000686645508,24.709999084472656,24.709999084472656,4080800
2023-03-30,24.84000015258789,25.559999465942383,24.649999618530273,25.030000686645508,25.030000686645508,3844100
2023-03-31,24.149999618530273,24.299999237060547,23.125,23.5,23.5,7277400
2023-04-03,22.899999618530273,22.93000030517578,22.350000381469727,22.690000534057617,22.690000534057617,7318600
2023-04-04,21.860000610351562,22.020000457763672,21.34000015258789,21.65999984741211,21.65999984741211,7096100
2023-04-05,21.59000015258789,21.59000015258789,20.899999618530273,21.260000228881836,21.260000228881836,3737600
2023-04-06,21.3799991607666,21.770000457763672,20.920000076293945,21.510000228881836,21.510000228881836,3544400
2023-04-10,20.920000076293945,21.18000030517578,20.639999389648438,20.940000534057617,20.940000534057617,3075400
2023-04-11,21.799999237060547,22.530000686645508,21.655000686645508,21.739999771118164,21.739999771118164,6499500
2023-04-12,21.399999618530273,21.690000534057617,20.235000610351562,20.290000915527344,20.290000915527344,5585900
2023-04-13,21.290000915527344,21.729999542236328,21.219999313354492,21.399999618530273,21.399999618530273,5142700
2023-04-14,21.200000762939453,21.479999542236328,20.829999923706055,20.899999618530273,20.899999618530273,2295100
2023-04-17,21.530000686645508,21.844999313354492,21.420000076293945,21.729999542236328,21.729999542236328,3163500
2023-04-18,21.829999923706055,21.920000076293945,21.200000762939453,21.59000015258789,21.59000015258789,3899600
2023-04-19,20.799999237060547,21.125,20.719999313354492,20.959999084472656,20.959999084472656,2007100
2023-04-20,20.739999771118164,20.825000762939453,20.030000686645508,20.31999969482422,20.31999969482422,4484600
2023-04-21,20.200000762939453,20.59000015258789,20.045000076293945,20.3799991607666,20.3799991607666,4054500
2023-04-24,20.18000030517578,20.309999465942383,19.684999465942383,19.8799991607666,19.8799991607666,2435800
2023-04-25,19.5,19.885000228881836,19.25,19.280000686645508,19.280000686645508,4425700
2023-04-26,20.450000762939453,20.600000381469727,19.59000015258789,19.850000381469727,19.850000381469727,3380200
2023-04-27,19.559999465942383,20.110000610351562,19.270000457763672,20.040000915527344,20.040000915527344,2887900
2023-04-28,20.079999923706055,20.424999237060547,19.950000762939453,20.360000610351562,20.360000610351562,2353200
2023-05-01,20.059999465942383,20.559999465942383,20.0,20.229999542236328,20.229999542236328,1641000
2023-05-02,19.75,19.795000076293945,18.760000228881836,18.790000915527344,18.790000915527344,4722900
2023-05-03,19.100000381469727,19.434999465942383,18.719999313354492,19.110000610351562,19.110000610351562,2494100
2023-05-04,19.600000381469727,20.385000228881836,19.530000686645508,19.8799991607666,19.8799991607666,3389800
2023-05-05,19.770000457763672,20.354999542236328,19.649999618530273,20.25,20.25,2982100
2023-05-08,20.1200008392334,20.1200008392334,19.41900062561035,19.979999542236328,19.979999542236328,2564000
2023-05-09,19.0,19.469999313354492,18.940000534057617,19.40999984741211,19.40999984741211,2233300
2023-05-10,18.90999984741211,19.25,18.56999969482422,18.8799991607666,18.8799991607666,4249300
2023-05-11,18.709999084472656,19.360000610351562,18.6299991607666,19.100000381469727,19.100000381469727,4589700
2023-05-12,18.510000228881836,18.520000457763672,18.040000915527344,18.209999084472656,18.209999084472656,4687000
2023-05-15,18.690000534057617,19.739999771118164,18.469999313354492,19.579999923706055,19.579999923706055,4859000
2023-05-16,18.809999465942383,19.219999313354492,18.56999969482422,19.010000228881836,19.010000228881836,3606500
2023-05-17,18.18000030517578,18.700000762939453,18.079999923706055,18.56999969482422,18.56999969482422,3741500
2023-05-18,18.56999969482422,18.600000381469727,18.000999450683594,18.25,18.25,2849900
2023-05-19,18.139999389648438,18.4950008392334,18.049999237060547,18.200000762939453,18.200000762939453,2298600
2023-05-22,18.790000915527344,19.360000610351562,18.690000534057617,18.799999237060547,18.799999237060547,3556400
2023-05-23,18.350000381469727,18.490999221801758,17.905000686645508,18.0,18.0,5180600
2023-05-24,17.59000015258789,17.81100082397461,17.219999313354492,17.290000915527344,17.290000915527344,4568500
2023-05-25,17.040000915527344,17.090999603271484,16.329999923706055,16.549999237060547,16.549999237060547,5006000
2023-05-26,16.969999313354492,17.15999984741211,16.6200008392334,16.889999389648438,16.889999389648438,4430000
2023-05-30,16.899999618530273,17.25,16.290000915527344,16.56999969482422,16.56999969482422,5829300
2023-05-31,16.260000228881836,16.280000686645508,15.350000381469727,15.65999984741211,15.65999984741211,10570200
2023-06-01,15.100000381469727,15.90999984741211,14.449999809265137,15.869999885559082,15.869999885559082,14626900
2023-06-02,15.9399995803833,16.604999542236328,15.180999755859375,15.319999694824219,15.319999694824219,13015700
2023-06-05,15.234999656677246,15.385000228881836,14.829999923706055,14.970000267028809,14.970000267028809,7008800
2023-06-06,15.130000114440918,16.155000686645508,14.970000267028809,15.8100004196167,15.8100004196167,15385900
2023-06-07,15.8100004196167,16.440000534057617,15.5600004196167,15.670000076293945,15.670000076293945,7092000
2023-06-08,15.8100004196167,16.149999618530273,15.8100004196167,15.90999984741211,15.90999984741211,4143900
2023-06-09,16.540000915527344,16.639999389648438,15.949999809265137,16.110000610351562,16.110000610351562,6577500
2023-06-12,16.3700008392334,16.670000076293945,16.200000762939453,16.290000915527344,16.290000915527344,4821800
2023-06-13,16.989999771118164,17.479999542236328,16.84000015258789,16.8700008392334,16.8700008392334,8580000
2023-06-14,16.954999923706055,17.770000457763672,16.93000030517578,17.600000381469727,17.600000381469727,5234100
2023-06-15,18.299999237060547,18.760000228881836,18.18000030517578,18.299999237060547,18.299999237060547,6382400
2023-06-16,18.510000228881836,18.520000457763672,17.360000610351562,17.469999313354492,17.469999313354492,7922900
2023-06-20,16.700000762939453,16.700000762939453,15.800000190734863,15.970000267028809,15.970000267028809,8201900
2023-06-21,15.670000076293945,16.049999237060547,15.505000114440918,15.5600004196167,15.5600004196167,4438200
2023-06-22,15.510000228881836,15.729999542236328,15.220000267028809,15.369999885559082,15.369999885559082,3231000
2023-06-23,15.220000267028809,15.258999824523926,14.800000190734863,14.9399995803833,14.9399995803833,4699000
2023-06-26,15.130000114440918,15.399999618530273,14.949999809265137,14.989999771118164,14.989999771118164,3563700
2023-06-27,15.569999694824219,15.720000267028809,15.350000381469727,15.550000190734863,15.550000190734863,4283600
2023-06-28,15.319999694824219,15.369999885559082,14.968000411987305,15.3100004196167,15.3100004196167,5062900
2023-06-29,14.829999923706055,15.010000228881836,14.630000114440918,14.930000305175781,14.930000305175781,3630000
2023-06-30,15.010000228881836,15.25,14.890000343322754,15.100000381469727,15.100000381469727,2797400
2023-07-03,15.720000267028809,15.979999542236328,15.520000457763672,15.729999542236328,15.729999542236328,3696400
2023-07-05,15.350000381469727,15.399999618530273,14.994000434875488,15.260000228881836,15.260000228881836,3713600
2023-07-06,14.800000190734863,14.979999542236328,14.420000076293945,14.550000190734863,14.550000190734863,4861200
2023-07-07,14.819999694824219,15.0,14.630999565124512,14.899999618530273,14.899999618530273,4674200
2023-07-10,14.770000457763672,15.079999923706055,14.579999923706055,14.890000343322754,14.890000343322754,3686800
2023-07-11,14.989999771118164,15.619999885559082,14.970000267028809,15.5,15.5,4498900
2023-07-12,16.395999908447266,16.975000381469727,16.191999435424805,16.700000762939453,16.700000762939453,7696600
2023-07-13,17.149999618530273,17.690000534057617,17.139999389648438,17.540000915527344,17.540000915527344,6892900
2023-07-14,16.959999084472656,16.959999084472656,16.450000762939453,16.739999771118164,16.739999771118164,4892800
2023-07-17,16.200000762939453,16.68000030517578,15.970000267028809,16.639999389648438,16.639999389648438,4414800
2023-07-18,16.239999771118164,16.239999771118164,15.170000076293945,15.5600004196167,15.5600004196167,11253000
2023-07-19,16.1200008392334,16.489999771118164,15.739999771118164,15.75,15.75,5914200
2023-07-20,15.59000015258789,15.666999816894531,15.270000457763672,15.369999885559082,15.369999885559082,3415700
2023-07-21,15.600000381469727,15.75,15.260000228881836,15.460000038146973,15.460000038146973,3568600
2023-07-24,15.720000267028809,17.739999771118164,15.65999984741211,17.100000381469727,17.100000381469727,15271900
2023-07-25,17.709999084472656,17.84000015258789,16.875,16.950000762939453,16.950000762939453,7421300
2023-07-26,16.920000076293945,17.799999237060547,16.81999969482422,17.3799991607666,17.3799991607666,6289000
2023-07-27,16.84000015258789,17.0,16.020000457763672,16.200000762939453,16.200000762939453,11068400
2023-07-28,17.3799991607666,19.100000381469727,17.3799991607666,18.670000076293945,18.670000076293945,18026100
