Date,Open,High,Low,Close,Adj Close,Volume
2022-01-20,9.970000267028809,9.994999885559082,9.970000267028809,9.975000381469727,9.975000381469727,3187500
2022-01-21,9.960000038146973,9.979999542236328,9.960000038146973,9.970000267028809,9.970000267028809,171100
2022-01-24,9.989999771118164,10.0,9.970000267028809,9.970000267028809,9.970000267028809,81500
2022-01-25,9.975000381469727,10.0,9.970000267028809,9.989999771118164,9.989999771118164,123500
2022-01-26,9.989999771118164,9.989999771118164,9.989999771118164,9.989999771118164,9.989999771118164,200
2022-01-27,10.0,10.0,10.0,10.0,10.0,1100
2022-01-28,9.960000038146973,9.960000038146973,9.949999809265137,9.949999809265137,9.949999809265137,200000
2022-01-31,9.979999542236328,9.979999542236328,9.960000038146973,9.960000038146973,9.960000038146973,201000
2022-02-01,9.960000038146973,10.0,9.949999809265137,10.0,10.0,101200
2022-02-02,9.979999542236328,9.979999542236328,9.979999542236328,9.979999542236328,9.979999542236328,100
2022-02-03,9.979999542236328,9.979999542236328,9.979999542236328,9.979999542236328,9.979999542236328,0
2022-02-04,9.979999542236328,9.979999542236328,9.979999542236328,9.979999542236328,9.979999542236328,0
2022-02-07,9.979999542236328,9.979999542236328,9.979999542236328,9.979999542236328,9.979999542236328,0
2022-02-08,9.979999542236328,9.979999542236328,9.979999542236328,9.979999542236328,9.979999542236328,0
2022-02-09,9.960000038146973,10.010000228881836,9.960000038146973,10.0,10.0,135300
2022-02-10,10.0,10.0,10.0,10.0,10.0,0
2022-02-11,10.0,10.0,10.0,10.0,10.0,0
2022-02-14,10.0,10.0,10.0,10.0,10.0,0
2022-02-15,10.0,10.0,10.0,10.0,10.0,0
2022-02-16,10.0,10.0,10.0,10.0,10.0,0
2022-02-17,10.0,10.0,10.0,10.0,10.0,0
2022-02-18,10.0,10.0,10.0,10.0,10.0,0
2022-02-22,10.0,10.0,10.0,10.0,10.0,0
2022-02-23,9.989999771118164,9.989999771118164,9.989999771118164,9.989999771118164,9.989999771118164,100
2022-02-24,9.989999771118164,9.989999771118164,9.989999771118164,9.989999771118164,9.989999771118164,0
2022-02-25,9.989999771118164,9.989999771118164,9.989999771118164,9.989999771118164,9.989999771118164,0
2022-02-28,9.960000038146973,9.979999542236328,9.960000038146973,9.960000038146973,9.960000038146973,5100
2022-03-01,9.979999542236328,9.989999771118164,9.960000038146973,9.989999771118164,9.989999771118164,47500
2022-03-02,9.960000038146973,10.0,9.9399995803833,10.0,10.0,135300
2022-03-03,9.965999603271484,10.008999824523926,9.949999809265137,10.008999824523926,10.008999824523926,11800
2022-03-04,9.965999603271484,9.994999885559082,9.9399995803833,9.9399995803833,9.9399995803833,20500
2022-03-07,9.9399995803833,9.977999687194824,9.920000076293945,9.949999809265137,9.949999809265137,24400
2022-03-08,9.920000076293945,9.975000381469727,9.90999984741211,9.949999809265137,9.949999809265137,9900
2022-03-09,9.920000076293945,9.9399995803833,9.920000076293945,9.9350004196167,9.9350004196167,4100
2022-03-10,9.930000305175781,9.949999809265137,9.930000305175781,9.940999984741211,9.940999984741211,1500
2022-03-11,9.930000305175781,10.010000228881836,9.930000305175781,10.010000228881836,10.010000228881836,2500
2022-03-14,9.949999809265137,9.949999809265137,9.949999809265137,9.949999809265137,9.949999809265137,1400
2022-03-15,9.970000267028809,10.170000076293945,9.960000038146973,10.170000076293945,10.170000076293945,1400
2022-03-16,10.170000076293945,10.170000076293945,10.170000076293945,10.170000076293945,10.170000076293945,0
2022-03-17,10.170000076293945,10.170000076293945,10.170000076293945,10.170000076293945,10.170000076293945,0
2022-03-18,9.989999771118164,9.989999771118164,9.954999923706055,9.960000038146973,9.960000038146973,103900
2022-03-21,9.989999771118164,10.0,9.979999542236328,9.989999771118164,9.989999771118164,114900
2022-03-22,9.989999771118164,9.989999771118164,9.989999771118164,9.989999771118164,9.989999771118164,0
2022-03-23,9.989999771118164,9.989999771118164,9.989999771118164,9.989999771118164,9.989999771118164,0
2022-03-24,9.989999771118164,9.989999771118164,9.989999771118164,9.989999771118164,9.989999771118164,0
2022-03-25,9.989999771118164,9.989999771118164,9.989999771118164,9.989999771118164,9.989999771118164,0
2022-03-28,9.989999771118164,9.989999771118164,9.989999771118164,9.989999771118164,9.989999771118164,0
2022-03-29,10.0,10.0,10.0,10.0,10.0,4900
2022-03-30,9.989999771118164,9.989999771118164,9.989999771118164,9.989999771118164,9.989999771118164,5100
2022-03-31,10.010000228881836,10.020000457763672,9.994999885559082,10.0,10.0,42400
2022-04-01,10.0,10.0,10.0,10.0,10.0,0
2022-04-04,10.0,10.0,10.0,10.0,10.0,0
2022-04-05,10.0,10.0,10.0,10.0,10.0,0
2022-04-06,10.0,10.0,10.0,10.0,10.0,0
2022-04-07,10.0,10.029999732971191,10.0,10.020000457763672,10.020000457763672,23300
2022-04-08,10.020000457763672,10.020000457763672,10.020000457763672,10.020000457763672,10.020000457763672,0
2022-04-11,10.039999961853027,10.039999961853027,10.039999961853027,10.039999961853027,10.039999961853027,800
2022-04-12,10.039999961853027,10.039999961853027,10.039999961853027,10.039999961853027,10.039999961853027,0
2022-04-13,10.0600004196167,10.0600004196167,10.050000190734863,10.057000160217285,10.057000160217285,1600
2022-04-14,10.057000160217285,10.057000160217285,10.057000160217285,10.057000160217285,10.057000160217285,0
2022-04-18,10.057000160217285,10.057000160217285,10.057000160217285,10.057000160217285,10.057000160217285,0
2022-04-19,10.050000190734863,10.050000190734863,10.050000190734863,10.050000190734863,10.050000190734863,3000
2022-04-20,10.050000190734863,10.057000160217285,10.050000190734863,10.050000190734863,10.050000190734863,6100
2022-04-21,10.050000190734863,10.050000190734863,10.050000190734863,10.050000190734863,10.050000190734863,0
2022-04-22,10.050000190734863,10.050000190734863,10.050000190734863,10.050000190734863,10.050000190734863,0
2022-04-25,10.050000190734863,10.050000190734863,10.050000190734863,10.050000190734863,10.050000190734863,0
2022-04-26,10.050000190734863,10.050000190734863,10.050000190734863,10.050000190734863,10.050000190734863,0
2022-04-27,10.050000190734863,10.050000190734863,10.050000190734863,10.050000190734863,10.050000190734863,0
2022-04-28,10.050000190734863,10.050000190734863,10.050000190734863,10.050000190734863,10.050000190734863,0
2022-04-29,10.050000190734863,10.050000190734863,10.050000190734863,10.050000190734863,10.050000190734863,0
2022-05-02,10.050000190734863,10.050000190734863,10.050000190734863,10.050000190734863,10.050000190734863,0
2022-05-03,10.050000190734863,10.050000190734863,10.050000190734863,10.050000190734863,10.050000190734863,0
2022-05-04,10.050000190734863,10.050000190734863,10.050000190734863,10.050000190734863,10.050000190734863,0
2022-05-05,10.050000190734863,10.050000190734863,10.050000190734863,10.050000190734863,10.050000190734863,0
2022-05-06,10.050000190734863,10.050000190734863,10.050000190734863,10.050000190734863,10.050000190734863,0
2022-05-09,10.050000190734863,10.050000190734863,10.050000190734863,10.050000190734863,10.050000190734863,0
2022-05-10,10.050000190734863,10.050000190734863,10.050000190734863,10.050000190734863,10.050000190734863,0
2022-05-11,10.050000190734863,10.050000190734863,10.050000190734863,10.050000190734863,10.050000190734863,0
2022-05-12,10.050000190734863,10.050000190734863,10.050000190734863,10.050000190734863,10.050000190734863,0
2022-05-13,9.930000305175781,9.930000305175781,9.930000305175781,9.930000305175781,9.930000305175781,100
2022-05-16,9.930000305175781,9.930000305175781,9.930000305175781,9.930000305175781,9.930000305175781,0
2022-05-17,9.930000305175781,9.930000305175781,9.930000305175781,9.930000305175781,9.930000305175781,0
2022-05-18,9.930000305175781,9.930000305175781,9.930000305175781,9.930000305175781,9.930000305175781,0
2022-05-19,9.930000305175781,9.930000305175781,9.930000305175781,9.930000305175781,9.930000305175781,0
2022-05-20,9.930000305175781,9.930000305175781,9.930000305175781,9.930000305175781,9.930000305175781,0
2022-05-23,9.930000305175781,9.930000305175781,9.930000305175781,9.930000305175781,9.930000305175781,0
2022-05-24,9.930000305175781,9.930000305175781,9.930000305175781,9.930000305175781,9.930000305175781,0
2022-05-25,9.930000305175781,9.930000305175781,9.930000305175781,9.930000305175781,9.930000305175781,0
2022-05-26,9.970000267028809,9.970000267028809,9.970000267028809,9.970000267028809,9.970000267028809,100
2022-05-27,9.970000267028809,9.970000267028809,9.970000267028809,9.970000267028809,9.970000267028809,0
2022-05-31,9.970000267028809,9.970000267028809,9.970000267028809,9.970000267028809,9.970000267028809,0
2022-06-01,9.970000267028809,9.970000267028809,9.970000267028809,9.970000267028809,9.970000267028809,0
2022-06-02,9.970000267028809,9.970000267028809,9.970000267028809,9.970000267028809,9.970000267028809,0
2022-06-03,9.970000267028809,9.970000267028809,9.970000267028809,9.970000267028809,9.970000267028809,0
2022-06-06,9.970000267028809,9.970000267028809,9.970000267028809,9.970000267028809,9.970000267028809,0
2022-06-07,9.970000267028809,9.970000267028809,9.970000267028809,9.970000267028809,9.970000267028809,0
2022-06-08,9.970000267028809,9.970000267028809,9.970000267028809,9.970000267028809,9.970000267028809,0
2022-06-09,9.970000267028809,9.970000267028809,9.970000267028809,9.970000267028809,9.970000267028809,0
2022-06-10,9.970000267028809,9.970000267028809,9.970000267028809,9.970000267028809,9.970000267028809,0
2022-06-13,9.960000038146973,10.015000343322754,9.960000038146973,9.960000038146973,9.960000038146973,1300
2022-06-14,9.960000038146973,9.960000038146973,9.960000038146973,9.960000038146973,9.960000038146973,0
2022-06-15,9.960000038146973,9.960000038146973,9.960000038146973,9.960000038146973,9.960000038146973,0
2022-06-16,9.960000038146973,9.960000038146973,9.960000038146973,9.960000038146973,9.960000038146973,0
2022-06-17,9.960000038146973,9.960000038146973,9.960000038146973,9.960000038146973,9.960000038146973,0
2022-06-21,9.960000038146973,9.960000038146973,9.960000038146973,9.960000038146973,9.960000038146973,0
2022-06-22,10.027000427246094,10.039999961853027,10.027000427246094,10.039999961853027,10.039999961853027,300
2022-06-23,10.039999961853027,10.039999961853027,10.039999961853027,10.039999961853027,10.039999961853027,0
2022-06-24,10.100000381469727,10.100000381469727,10.100000381469727,10.100000381469727,10.100000381469727,400
2022-06-27,10.100000381469727,10.100000381469727,10.100000381469727,10.100000381469727,10.100000381469727,0
2022-06-28,10.100000381469727,10.100000381469727,10.100000381469727,10.100000381469727,10.100000381469727,0
2022-06-29,10.100000381469727,10.100000381469727,10.100000381469727,10.100000381469727,10.100000381469727,0
2022-06-30,10.100000381469727,10.100000381469727,10.100000381469727,10.100000381469727,10.100000381469727,0
2022-07-01,10.100000381469727,10.100000381469727,10.100000381469727,10.100000381469727,10.100000381469727,0
2022-07-05,10.100000381469727,10.100000381469727,10.100000381469727,10.100000381469727,10.100000381469727,0
2022-07-06,9.949999809265137,9.949999809265137,9.949999809265137,9.949999809265137,9.949999809265137,100
2022-07-07,9.949999809265137,9.949999809265137,9.949999809265137,9.949999809265137,9.949999809265137,0
2022-07-08,9.949999809265137,9.949999809265137,9.949999809265137,9.949999809265137,9.949999809265137,0
2022-07-11,9.949999809265137,9.949999809265137,9.949999809265137,9.949999809265137,9.949999809265137,0
2022-07-12,9.949999809265137,9.949999809265137,9.949999809265137,9.949999809265137,9.949999809265137,0
2022-07-13,9.960000038146973,9.960000038146973,9.960000038146973,9.960000038146973,9.960000038146973,100
2022-07-14,9.960000038146973,9.960000038146973,9.960000038146973,9.960000038146973,9.960000038146973,0
2022-07-15,9.960000038146973,9.960000038146973,9.960000038146973,9.960000038146973,9.960000038146973,0
2022-07-18,9.960000038146973,9.960000038146973,9.960000038146973,9.960000038146973,9.960000038146973,0
2022-07-19,9.960000038146973,9.960000038146973,9.960000038146973,9.960000038146973,9.960000038146973,0
2022-07-20,9.960000038146973,9.960000038146973,9.960000038146973,9.960000038146973,9.960000038146973,0
2022-07-21,9.960000038146973,9.960000038146973,9.960000038146973,9.960000038146973,9.960000038146973,0
2022-07-22,9.960000038146973,9.960000038146973,9.960000038146973,9.960000038146973,9.960000038146973,0
2022-07-25,9.960000038146973,9.960000038146973,9.960000038146973,9.960000038146973,9.960000038146973,0
2022-07-26,9.960000038146973,9.960000038146973,9.960000038146973,9.960000038146973,9.960000038146973,0
2022-07-27,9.960000038146973,9.960000038146973,9.960000038146973,9.960000038146973,9.960000038146973,0
2022-07-28,9.960000038146973,9.960000038146973,9.960000038146973,9.960000038146973,9.960000038146973,0
2022-07-29,9.960000038146973,9.960000038146973,9.960000038146973,9.960000038146973,9.960000038146973,0
2022-08-01,9.960000038146973,9.960000038146973,9.960000038146973,9.960000038146973,9.960000038146973,0
2022-08-02,9.960000038146973,9.960000038146973,9.960000038146973,9.960000038146973,9.960000038146973,0
2022-08-03,9.960000038146973,9.960000038146973,9.960000038146973,9.960000038146973,9.960000038146973,0
2022-08-04,9.960000038146973,9.960000038146973,9.960000038146973,9.960000038146973,9.960000038146973,0
2022-08-05,10.0,10.0,10.0,10.0,10.0,100
2022-08-08,10.0,10.0,10.0,10.0,10.0,0
2022-08-09,10.0,10.0,10.0,10.0,10.0,100
2022-08-10,10.0,10.0,10.0,10.0,10.0,0
2022-08-11,10.0,10.0,10.0,10.0,10.0,0
2022-08-12,10.0,10.0,10.0,10.0,10.0,0
2022-08-15,10.0,10.0,10.0,10.0,10.0,0
2022-08-16,10.0,10.0,10.0,10.0,10.0,0
2022-08-17,10.0,10.0,10.0,10.0,10.0,0
2022-08-18,10.0,10.020000457763672,10.0,10.020000457763672,10.020000457763672,2000
2022-08-19,10.020000457763672,10.020000457763672,10.020000457763672,10.020000457763672,10.020000457763672,0
2022-08-22,10.020000457763672,10.020000457763672,10.020000457763672,10.020000457763672,10.020000457763672,0
2022-08-23,10.020000457763672,10.020000457763672,10.020000457763672,10.020000457763672,10.020000457763672,0
2022-08-24,10.020000457763672,10.020000457763672,10.020000457763672,10.020000457763672,10.020000457763672,0
2022-08-25,10.020000457763672,10.020000457763672,10.020000457763672,10.020000457763672,10.020000457763672,0
2022-08-26,10.020000457763672,10.020000457763672,10.020000457763672,10.020000457763672,10.020000457763672,0
2022-08-29,10.020000457763672,10.020000457763672,10.020000457763672,10.020000457763672,10.020000457763672,0
2022-08-30,10.020000457763672,10.020000457763672,10.020000457763672,10.020000457763672,10.020000457763672,0
2022-08-31,10.020000457763672,10.020000457763672,10.020000457763672,10.020000457763672,10.020000457763672,0
2022-09-01,10.020000457763672,10.020000457763672,10.020000457763672,10.020000457763672,10.020000457763672,0
2022-09-02,10.020000457763672,10.020000457763672,10.020000457763672,10.020000457763672,10.020000457763672,0
2022-09-06,10.0,10.0,9.949999809265137,10.0,10.0,25100
2022-09-07,9.930000305175781,9.930000305175781,9.930000305175781,9.930000305175781,9.930000305175781,5000
2022-09-08,9.930000305175781,9.930000305175781,9.930000305175781,9.930000305175781,9.930000305175781,0
2022-09-09,9.949999809265137,9.979999542236328,9.920000076293945,9.930000305175781,9.930000305175781,37000
2022-09-12,9.960000038146973,9.960000038146973,9.960000038146973,9.960000038146973,9.960000038146973,12800
2022-09-13,9.960000038146973,9.960000038146973,9.960000038146973,9.960000038146973,9.960000038146973,0
2022-09-14,9.960000038146973,9.960000038146973,9.960000038146973,9.960000038146973,9.960000038146973,0
2022-09-15,9.960000038146973,9.960000038146973,9.960000038146973,9.960000038146973,9.960000038146973,0
2022-09-16,9.960000038146973,9.960000038146973,9.960000038146973,9.960000038146973,9.960000038146973,0
2022-09-19,9.970000267028809,9.970000267028809,9.970000267028809,9.970000267028809,9.970000267028809,500
2022-09-20,9.970000267028809,9.970000267028809,9.970000267028809,9.970000267028809,9.970000267028809,400
2022-09-21,9.970000267028809,9.970000267028809,9.970000267028809,9.970000267028809,9.970000267028809,0
2022-09-22,9.960000038146973,9.970000267028809,9.960000038146973,9.960000038146973,9.960000038146973,246100
2022-09-23,9.960000038146973,9.960000038146973,9.960000038146973,9.960000038146973,9.960000038146973,0
2022-09-26,9.960000038146973,9.960000038146973,9.960000038146973,9.960000038146973,9.960000038146973,0
2022-09-27,9.960000038146973,9.960000038146973,9.960000038146973,9.960000038146973,9.960000038146973,0
2022-09-28,9.949999809265137,9.949999809265137,9.9399995803833,9.9399995803833,9.9399995803833,500
2022-09-29,9.9399995803833,9.9399995803833,9.9399995803833,9.9399995803833,9.9399995803833,4200
2022-09-30,9.9399995803833,9.9399995803833,9.9399995803833,9.9399995803833,9.9399995803833,0
2022-10-03,9.9399995803833,9.9399995803833,9.9399995803833,9.9399995803833,9.9399995803833,0
2022-10-04,9.9399995803833,9.9399995803833,9.9399995803833,9.9399995803833,9.9399995803833,0
2022-10-05,9.9399995803833,9.9399995803833,9.9399995803833,9.9399995803833,9.9399995803833,0
2022-10-06,9.9399995803833,9.9399995803833,9.9399995803833,9.9399995803833,9.9399995803833,0
2022-10-07,9.9399995803833,9.9399995803833,9.9399995803833,9.9399995803833,9.9399995803833,0
2022-10-10,9.9399995803833,9.9399995803833,9.9399995803833,9.9399995803833,9.9399995803833,0
2022-10-11,9.9399995803833,9.9399995803833,9.9399995803833,9.9399995803833,9.9399995803833,0
2022-10-12,9.960000038146973,9.960000038146973,9.960000038146973,9.960000038146973,9.960000038146973,5000
2022-10-13,9.960000038146973,9.960000038146973,9.960000038146973,9.960000038146973,9.960000038146973,9000
2022-10-14,9.989999771118164,9.989999771118164,9.979999542236328,9.979999542236328,9.979999542236328,10200
2022-10-17,9.979999542236328,9.979999542236328,9.979999542236328,9.979999542236328,9.979999542236328,0
2022-10-18,9.979999542236328,9.979999542236328,9.979999542236328,9.979999542236328,9.979999542236328,0
2022-10-19,10.039999961853027,10.039999961853027,9.979999542236328,9.979999542236328,9.979999542236328,2200
2022-10-20,10.300000190734863,10.300000190734863,10.300000190734863,10.300000190734863,10.300000190734863,2400
2022-10-21,10.300000190734863,10.300000190734863,10.300000190734863,10.300000190734863,10.300000190734863,0
2022-10-24,10.300000190734863,10.300000190734863,10.300000190734863,10.300000190734863,10.300000190734863,0
2022-10-25,10.300000190734863,10.300000190734863,10.300000190734863,10.300000190734863,10.300000190734863,0
2022-10-26,10.300000190734863,10.300000190734863,10.300000190734863,10.300000190734863,10.300000190734863,0
2022-10-27,10.300000190734863,10.300000190734863,10.300000190734863,10.300000190734863,10.300000190734863,0
2022-10-28,9.989999771118164,9.989999771118164,9.989999771118164,9.989999771118164,9.989999771118164,100
2022-10-31,9.989999771118164,9.989999771118164,9.989999771118164,9.989999771118164,9.989999771118164,0
2022-11-01,9.989999771118164,9.989999771118164,9.989999771118164,9.989999771118164,9.989999771118164,100
2022-11-02,9.989999771118164,9.989999771118164,9.989999771118164,9.989999771118164,9.989999771118164,0
2022-11-03,9.989999771118164,9.989999771118164,9.989999771118164,9.989999771118164,9.989999771118164,0
2022-11-04,9.989999771118164,9.989999771118164,9.989999771118164,9.989999771118164,9.989999771118164,0
2022-11-07,9.989999771118164,9.989999771118164,9.989999771118164,9.989999771118164,9.989999771118164,0
2022-11-08,9.989999771118164,9.989999771118164,9.989999771118164,9.989999771118164,9.989999771118164,0
2022-11-09,9.989999771118164,9.989999771118164,9.989999771118164,9.989999771118164,9.989999771118164,0
2022-11-10,9.989999771118164,9.989999771118164,9.989999771118164,9.989999771118164,9.989999771118164,0
2022-11-11,9.989999771118164,9.989999771118164,9.989999771118164,9.989999771118164,9.989999771118164,0
2022-11-14,9.989999771118164,9.989999771118164,9.989999771118164,9.989999771118164,9.989999771118164,0
2022-11-15,9.989999771118164,9.989999771118164,9.989999771118164,9.989999771118164,9.989999771118164,0
2022-11-16,9.989999771118164,9.989999771118164,9.989999771118164,9.989999771118164,9.989999771118164,0
2022-11-17,9.989999771118164,9.989999771118164,9.989999771118164,9.989999771118164,9.989999771118164,0
2022-11-18,10.050000190734863,10.0600004196167,10.050000190734863,10.0600004196167,10.0600004196167,1300
2022-11-21,10.0600004196167,10.0600004196167,10.0600004196167,10.0600004196167,10.0600004196167,0
2022-11-22,10.0600004196167,10.0600004196167,10.0600004196167,10.0600004196167,10.0600004196167,0
2022-11-23,10.0600004196167,10.0600004196167,10.0600004196167,10.0600004196167,10.0600004196167,0
2022-11-25,10.0600004196167,10.0600004196167,10.0600004196167,10.0600004196167,10.0600004196167,0
2022-11-28,10.0600004196167,10.0600004196167,10.0600004196167,10.0600004196167,10.0600004196167,0
2022-11-29,10.0600004196167,10.0600004196167,10.0600004196167,10.0600004196167,10.0600004196167,0
2022-11-30,10.0600004196167,10.0600004196167,10.0600004196167,10.0600004196167,10.0600004196167,0
2022-12-01,10.0600004196167,10.0600004196167,10.0600004196167,10.0600004196167,10.0600004196167,0
2022-12-02,10.0600004196167,10.0600004196167,10.0600004196167,10.0600004196167,10.0600004196167,0
2022-12-05,10.0600004196167,10.0600004196167,10.0600004196167,10.0600004196167,10.0600004196167,0
2022-12-06,10.065999984741211,10.100000381469727,10.010000228881836,10.020000457763672,10.020000457763672,2600
2022-12-07,10.020000457763672,10.020000457763672,10.020000457763672,10.020000457763672,10.020000457763672,0
2022-12-08,10.020000457763672,10.020000457763672,10.020000457763672,10.020000457763672,10.020000457763672,0
2022-12-09,10.020000457763672,10.020000457763672,10.020000457763672,10.020000457763672,10.020000457763672,0
2022-12-12,10.020000457763672,10.020000457763672,10.020000457763672,10.020000457763672,10.020000457763672,0
2022-12-13,10.020000457763672,10.020000457763672,10.020000457763672,10.020000457763672,10.020000457763672,0
2022-12-14,10.020000457763672,10.020000457763672,10.020000457763672,10.020000457763672,10.020000457763672,0
2022-12-15,10.029999732971191,10.029999732971191,10.029999732971191,10.029999732971191,10.029999732971191,100
2022-12-16,10.029999732971191,10.029999732971191,10.029999732971191,10.029999732971191,10.029999732971191,0
2022-12-19,10.029999732971191,10.029999732971191,10.029999732971191,10.029999732971191,10.029999732971191,0
2022-12-20,10.029999732971191,10.029999732971191,10.029999732971191,10.029999732971191,10.029999732971191,0
2022-12-21,10.029999732971191,10.029999732971191,10.029999732971191,10.029999732971191,10.029999732971191,0
2022-12-22,10.029999732971191,10.029999732971191,10.029999732971191,10.029999732971191,10.029999732971191,0
2022-12-23,10.029999732971191,10.029999732971191,10.029999732971191,10.029999732971191,10.029999732971191,0
2022-12-27,10.029999732971191,10.029999732971191,10.029999732971191,10.029999732971191,10.029999732971191,0
2022-12-28,10.029999732971191,10.029999732971191,10.029999732971191,10.029999732971191,10.029999732971191,0
2022-12-29,10.029999732971191,10.029999732971191,10.029999732971191,10.029999732971191,10.029999732971191,0
2022-12-30,10.029999732971191,10.029999732971191,10.029999732971191,10.029999732971191,10.029999732971191,0
2023-01-03,10.100000381469727,10.100000381469727,10.100000381469727,10.100000381469727,10.100000381469727,200
2023-01-04,10.100000381469727,10.100000381469727,10.100000381469727,10.100000381469727,10.100000381469727,0
2023-01-05,10.100000381469727,10.100000381469727,10.100000381469727,10.100000381469727,10.100000381469727,0
2023-01-06,10.100000381469727,10.152000427246094,10.100000381469727,10.149999618530273,10.149999618530273,43800
2023-01-09,10.15999984741211,10.15999984741211,10.15999984741211,10.15999984741211,10.15999984741211,200
2023-01-10,10.15999984741211,10.15999984741211,10.15999984741211,10.15999984741211,10.15999984741211,0
2023-01-11,10.15999984741211,10.15999984741211,10.15999984741211,10.15999984741211,10.15999984741211,0
2023-01-12,10.15999984741211,10.15999984741211,10.15999984741211,10.15999984741211,10.15999984741211,0
2023-01-13,10.15999984741211,10.15999984741211,10.15999984741211,10.15999984741211,10.15999984741211,0
2023-01-17,10.239999771118164,10.5,10.239999771118164,10.25,10.25,800
2023-01-18,10.25,10.25,10.25,10.25,10.25,0
2023-01-19,10.25,10.25,10.25,10.25,10.25,0
2023-01-20,10.25,10.25,10.25,10.25,10.25,0
2023-01-23,10.25,10.25,10.25,10.25,10.25,0
2023-01-24,10.25,10.25,10.25,10.25,10.25,0
2023-01-25,10.199999809265137,10.199999809265137,10.199999809265137,10.199999809265137,10.199999809265137,100
2023-01-26,10.199999809265137,10.199999809265137,10.199999809265137,10.199999809265137,10.199999809265137,0
2023-01-27,10.220000267028809,10.220000267028809,10.220000267028809,10.220000267028809,10.220000267028809,100
2023-01-30,10.220000267028809,10.220000267028809,10.220000267028809,10.220000267028809,10.220000267028809,0
2023-01-31,10.229999542236328,10.229999542236328,10.229999542236328,10.229999542236328,10.229999542236328,100
2023-02-01,10.229999542236328,10.229999542236328,10.229999542236328,10.229999542236328,10.229999542236328,100
2023-02-02,10.229999542236328,10.229999542236328,10.229999542236328,10.229999542236328,10.229999542236328,100
2023-02-03,10.229999542236328,10.229999542236328,10.229999542236328,10.229999542236328,10.229999542236328,100
2023-02-06,10.260000228881836,10.260000228881836,10.229999542236328,10.229999542236328,10.229999542236328,300
2023-02-07,10.229999542236328,10.229999542236328,10.229999542236328,10.229999542236328,10.229999542236328,0
2023-02-08,10.229999542236328,10.229999542236328,10.229999542236328,10.229999542236328,10.229999542236328,0
2023-02-09,10.229999542236328,10.229999542236328,10.229999542236328,10.229999542236328,10.229999542236328,0
2023-02-10,10.229999542236328,10.229999542236328,10.229999542236328,10.229999542236328,10.229999542236328,0
2023-02-13,10.229999542236328,10.229999542236328,10.229999542236328,10.229999542236328,10.229999542236328,0
2023-02-14,10.229999542236328,10.229999542236328,10.229999542236328,10.229999542236328,10.229999542236328,0
2023-02-15,10.229999542236328,10.229999542236328,10.229999542236328,10.229999542236328,10.229999542236328,0
2023-02-16,10.229999542236328,10.229999542236328,10.229999542236328,10.229999542236328,10.229999542236328,0
2023-02-17,10.229999542236328,10.229999542236328,10.229999542236328,10.229999542236328,10.229999542236328,0
2023-02-21,10.229999542236328,10.229999542236328,10.229999542236328,10.229999542236328,10.229999542236328,0
2023-02-22,10.229999542236328,10.229999542236328,10.229999542236328,10.229999542236328,10.229999542236328,0
2023-02-23,10.300000190734863,10.3100004196167,10.300000190734863,10.3100004196167,10.3100004196167,1000
2023-02-24,10.3100004196167,10.3100004196167,10.3100004196167,10.3100004196167,10.3100004196167,0
2023-02-27,10.3100004196167,10.3100004196167,10.3100004196167,10.3100004196167,10.3100004196167,0
2023-02-28,10.3100004196167,10.3100004196167,10.3100004196167,10.3100004196167,10.3100004196167,0
2023-03-01,10.3100004196167,10.3100004196167,10.3100004196167,10.3100004196167,10.3100004196167,0
2023-03-02,10.3100004196167,10.3100004196167,10.3100004196167,10.3100004196167,10.3100004196167,0
2023-03-03,10.3100004196167,10.3100004196167,10.3100004196167,10.3100004196167,10.3100004196167,0
2023-03-06,10.3100004196167,10.3100004196167,10.3100004196167,10.3100004196167,10.3100004196167,0
2023-03-07,10.3100004196167,10.3100004196167,10.3100004196167,10.3100004196167,10.3100004196167,0
2023-03-08,10.300000190734863,10.300000190734863,10.300000190734863,10.300000190734863,10.300000190734863,100
2023-03-09,10.300000190734863,10.300000190734863,10.300000190734863,10.300000190734863,10.300000190734863,0
2023-03-10,10.300000190734863,10.300000190734863,10.300000190734863,10.300000190734863,10.300000190734863,0
2023-03-13,10.300000190734863,10.300000190734863,10.300000190734863,10.300000190734863,10.300000190734863,0
2023-03-14,10.300000190734863,10.300000190734863,10.300000190734863,10.300000190734863,10.300000190734863,0
2023-03-15,10.300000190734863,10.300000190734863,10.300000190734863,10.300000190734863,10.300000190734863,0
2023-03-16,10.300000190734863,10.300000190734863,10.300000190734863,10.300000190734863,10.300000190734863,0
2023-03-17,10.300000190734863,10.300000190734863,10.300000190734863,10.300000190734863,10.300000190734863,0
2023-03-20,10.300000190734863,10.300000190734863,10.300000190734863,10.300000190734863,10.300000190734863,0
2023-03-21,10.300000190734863,10.300000190734863,10.300000190734863,10.300000190734863,10.300000190734863,0
2023-03-22,10.300000190734863,10.300000190734863,10.300000190734863,10.300000190734863,10.300000190734863,0
2023-03-23,10.300000190734863,10.300000190734863,10.300000190734863,10.300000190734863,10.300000190734863,0
2023-03-24,10.300000190734863,10.300000190734863,10.300000190734863,10.300000190734863,10.300000190734863,0
2023-03-27,10.300000190734863,10.300000190734863,10.300000190734863,10.300000190734863,10.300000190734863,0
2023-03-28,10.300000190734863,10.300000190734863,10.300000190734863,10.300000190734863,10.300000190734863,0
2023-03-29,10.300000190734863,10.300000190734863,10.300000190734863,10.300000190734863,10.300000190734863,0
2023-03-30,10.300000190734863,10.300000190734863,10.300000190734863,10.300000190734863,10.300000190734863,0
2023-03-31,10.300000190734863,10.300000190734863,10.300000190734863,10.300000190734863,10.300000190734863,0
2023-04-03,10.300000190734863,10.300000190734863,10.300000190734863,10.300000190734863,10.300000190734863,0
2023-04-04,10.300000190734863,10.300000190734863,10.300000190734863,10.300000190734863,10.300000190734863,0
2023-04-05,10.380000114440918,10.380000114440918,10.369999885559082,10.380000114440918,10.380000114440918,1500
2023-04-06,10.380000114440918,10.380000114440918,10.380000114440918,10.380000114440918,10.380000114440918,0
2023-04-10,10.380000114440918,10.380000114440918,10.380000114440918,10.380000114440918,10.380000114440918,500
2023-04-11,10.380000114440918,10.380000114440918,10.380000114440918,10.380000114440918,10.380000114440918,0
2023-04-12,10.380000114440918,10.380000114440918,10.380000114440918,10.380000114440918,10.380000114440918,0
2023-04-13,10.380000114440918,10.380000114440918,10.380000114440918,10.380000114440918,10.380000114440918,0
2023-04-14,10.380000114440918,10.380000114440918,10.380000114440918,10.380000114440918,10.380000114440918,0
2023-04-17,10.380000114440918,10.380000114440918,10.380000114440918,10.380000114440918,10.380000114440918,0
2023-04-18,10.380000114440918,10.380000114440918,10.380000114440918,10.380000114440918,10.380000114440918,0
2023-04-19,10.380000114440918,10.380000114440918,10.380000114440918,10.380000114440918,10.380000114440918,0
2023-04-20,10.380000114440918,10.380000114440918,10.380000114440918,10.380000114440918,10.380000114440918,0
2023-04-21,10.380000114440918,10.380000114440918,10.380000114440918,10.380000114440918,10.380000114440918,0
2023-04-24,10.380000114440918,10.380000114440918,10.380000114440918,10.380000114440918,10.380000114440918,0
2023-04-25,10.380000114440918,10.380000114440918,10.380000114440918,10.380000114440918,10.380000114440918,0
2023-04-26,10.380000114440918,10.380000114440918,10.380000114440918,10.380000114440918,10.380000114440918,0
2023-04-27,10.380000114440918,10.380000114440918,10.380000114440918,10.380000114440918,10.380000114440918,0
2023-04-28,10.380000114440918,10.380000114440918,10.380000114440918,10.380000114440918,10.380000114440918,0
2023-05-01,10.380000114440918,10.380000114440918,10.380000114440918,10.380000114440918,10.380000114440918,0
2023-05-02,10.380000114440918,10.380000114440918,10.380000114440918,10.380000114440918,10.380000114440918,0
2023-05-03,10.380000114440918,10.380000114440918,10.380000114440918,10.380000114440918,10.380000114440918,0
2023-05-04,10.380000114440918,10.380000114440918,10.380000114440918,10.380000114440918,10.380000114440918,0
2023-05-05,10.380000114440918,10.380000114440918,10.380000114440918,10.380000114440918,10.380000114440918,0
2023-05-08,10.380000114440918,10.380000114440918,10.380000114440918,10.380000114440918,10.380000114440918,0
2023-05-09,10.380000114440918,10.380000114440918,10.380000114440918,10.380000114440918,10.380000114440918,0
2023-05-10,10.380000114440918,10.380000114440918,10.380000114440918,10.380000114440918,10.380000114440918,0
2023-05-11,10.380000114440918,10.380000114440918,10.380000114440918,10.380000114440918,10.380000114440918,0
2023-05-12,10.380000114440918,10.380000114440918,10.380000114440918,10.380000114440918,10.380000114440918,0
2023-05-15,10.380000114440918,10.380000114440918,10.380000114440918,10.380000114440918,10.380000114440918,0
2023-05-16,10.380000114440918,10.380000114440918,10.380000114440918,10.380000114440918,10.380000114440918,0
2023-05-17,10.380000114440918,10.380000114440918,10.380000114440918,10.380000114440918,10.380000114440918,0
2023-05-18,10.380000114440918,10.380000114440918,10.380000114440918,10.380000114440918,10.380000114440918,0
2023-05-19,10.380000114440918,10.380000114440918,10.380000114440918,10.380000114440918,10.380000114440918,0
2023-05-22,10.489999771118164,10.489999771118164,10.489999771118164,10.489999771118164,10.489999771118164,300
2023-05-23,10.5,10.970000267028809,10.5,10.970000267028809,10.970000267028809,400
2023-05-24,10.970000267028809,10.970000267028809,10.970000267028809,10.970000267028809,10.970000267028809,0
2023-05-25,10.970000267028809,10.970000267028809,10.970000267028809,10.970000267028809,10.970000267028809,0
2023-05-26,10.970000267028809,10.970000267028809,10.970000267028809,10.970000267028809,10.970000267028809,0
2023-05-30,10.970000267028809,10.970000267028809,10.970000267028809,10.970000267028809,10.970000267028809,0
2023-05-31,10.970000267028809,10.970000267028809,10.970000267028809,10.970000267028809,10.970000267028809,0
2023-06-01,10.970000267028809,10.970000267028809,10.970000267028809,10.970000267028809,10.970000267028809,0
2023-06-02,10.970000267028809,10.970000267028809,10.970000267028809,10.970000267028809,10.970000267028809,0
2023-06-05,10.970000267028809,10.970000267028809,10.970000267028809,10.970000267028809,10.970000267028809,0
2023-06-06,10.970000267028809,10.970000267028809,10.970000267028809,10.970000267028809,10.970000267028809,0
2023-06-07,10.970000267028809,10.970000267028809,10.970000267028809,10.970000267028809,10.970000267028809,0
2023-06-08,10.970000267028809,10.970000267028809,10.970000267028809,10.970000267028809,10.970000267028809,0
2023-06-09,10.970000267028809,10.970000267028809,10.970000267028809,10.970000267028809,10.970000267028809,0
2023-06-12,10.970000267028809,10.970000267028809,10.970000267028809,10.970000267028809,10.970000267028809,0
2023-06-13,10.970000267028809,10.970000267028809,10.970000267028809,10.970000267028809,10.970000267028809,0
2023-06-14,10.970000267028809,10.970000267028809,10.970000267028809,10.970000267028809,10.970000267028809,0
2023-06-15,10.970000267028809,10.970000267028809,10.970000267028809,10.970000267028809,10.970000267028809,0
2023-06-16,10.510000228881836,10.510000228881836,10.5,10.5,10.5,7000
2023-06-20,10.5,10.5,10.5,10.5,10.5,0
2023-06-21,10.5,10.5,10.5,10.5,10.5,0
2023-06-22,10.5,10.5,10.5,10.5,10.5,0
2023-06-23,10.5,10.5,10.5,10.5,10.5,0
2023-06-26,10.5,10.5,10.5,10.5,10.5,0
2023-06-27,10.5,10.5,10.5,10.5,10.5,0
2023-06-28,10.5,10.5,10.5,10.5,10.5,0
2023-06-29,10.5,10.5,10.5,10.5,10.5,0
2023-06-30,10.5,10.5,10.5,10.5,10.5,0
2023-07-03,10.5,10.5,10.5,10.5,10.5,0
2023-07-05,10.5,10.5,10.5,10.5,10.5,0
2023-07-06,10.5,10.5,10.5,10.5,10.5,0
2023-07-07,10.5,10.5,10.5,10.5,10.5,0
2023-07-10,10.5,10.5,10.5,10.5,10.5,0
2023-07-11,10.5,10.5,10.5,10.5,10.5,0
2023-07-12,10.5,10.5,10.5,10.5,10.5,0
2023-07-13,10.5,10.5,10.5,10.5,10.5,0
2023-07-14,10.5,10.5,10.5,10.5,10.5,0
2023-07-17,10.5,10.5,10.5,10.5,10.5,0
2023-07-18,10.5,10.5,10.5,10.5,10.5,0
2023-07-19,10.5,10.5,10.5,10.5,10.5,0
2023-07-20,10.5,10.5,10.5,10.5,10.5,0
2023-07-21,10.5,10.5,10.5,10.5,10.5,0
2023-07-24,10.5,10.5,10.5,10.5,10.5,0
2023-07-25,10.5,10.5,10.5,10.5,10.5,0
2023-07-26,10.5,10.5,10.5,10.5,10.5,0
2023-07-27,10.5,10.5,10.5,10.5,10.5,0
2023-07-28,10.5,10.5,10.5,10.5,10.5,0
