Date,Open,High,Low,Close,Adj Close,Volume
1996-03-18,10.375,10.375,10.375,10.375,6.261445999145508,100
1996-03-19,10.375,10.375,10.375,10.375,6.261445999145508,400
1996-03-20,10.6875,10.75,10.625,10.6875,6.450043201446533,26200
1996-03-21,10.625,10.625,10.625,10.625,6.412323951721191,5500
1996-03-22,10.75,10.8125,10.75,10.75,6.487764835357666,1500
1996-03-25,10.75,10.75,10.75,10.75,6.487764835357666,10000
1996-03-26,10.75,11.0,10.75,10.8125,6.525482177734375,29700
1996-03-27,11.125,11.125,10.5625,10.5625,6.374603271484375,6100
1996-03-28,10.625,10.6875,10.625,10.6875,6.450043201446533,21400
1996-03-29,10.625,10.625,10.625,10.625,6.412323951721191,3400
1996-04-01,10.8125,10.9375,10.8125,10.9375,6.600919723510742,12100
1996-04-02,10.875,10.9375,10.8125,10.8125,6.525482177734375,17200
1996-04-03,10.8125,10.875,10.8125,10.875,6.563202381134033,2600
1996-04-04,10.9375,10.9375,10.8125,10.875,6.563202381134033,1600
1996-04-08,10.75,10.75,10.5625,10.625,6.412323951721191,6400
1996-04-09,10.625,10.625,10.625,10.625,6.412323951721191,1100
1996-04-10,10.75,10.75,10.75,10.75,6.487764835357666,2500
1996-04-11,10.625,10.625,10.5625,10.5625,6.374603271484375,20500
1996-04-12,10.5,11.1875,10.5,11.1875,6.751799583435059,3400
1996-04-15,11.125,11.375,11.125,11.375,6.864958763122559,1200
1996-04-16,11.375,11.375,11.25,11.3125,6.827237129211426,29900
1996-04-17,11.3125,11.75,11.3125,11.625,7.015836238861084,18000
1996-04-18,11.625,11.875,11.625,11.875,7.166715621948242,16700
1996-04-19,12.0,12.0625,11.5625,12.0625,7.279873847961426,20300
1996-04-22,11.875,12.125,11.875,12.0,7.242153644561768,3500
1996-04-23,12.0,12.0,11.75,11.875,7.166715621948242,3600
1996-04-24,11.875,11.875,11.8125,11.8125,7.128993988037109,6500
1996-04-25,11.8125,11.8125,11.625,11.6875,7.053555965423584,10100
1996-04-26,11.875,11.875,11.75,11.75,7.091274738311768,63600
1996-04-29,11.625,11.625,11.5,11.5,6.9403977394104,11300
1996-04-30,11.5,11.5625,11.5,11.5625,6.978116512298584,3600
1996-05-01,11.625,11.625,11.4375,11.625,7.015836238861084,2800
1996-05-02,11.625,11.625,11.25,11.25,6.789517879486084,4700
1996-05-03,11.5,11.5,11.3125,11.3125,6.827237129211426,9700
1996-05-06,11.0625,11.0625,11.0,11.0,6.6386399269104,10800
1996-05-07,11.25,11.3125,11.125,11.125,6.714079856872559,2600
1996-05-08,11.3125,11.4375,11.25,11.4375,6.902679443359375,53100
1996-05-09,11.5,11.5625,11.5,11.5625,6.978116512298584,1600
1996-05-10,11.5625,11.625,11.5625,11.625,7.015836238861084,11400
1996-05-13,11.625,11.6875,11.625,11.6875,7.053555965423584,2000
1996-05-14,11.875,11.875,11.75,11.75,7.091274738311768,4700
1996-05-15,11.8125,11.8125,11.75,11.75,7.091274738311768,2000
1996-05-16,11.6875,11.6875,11.625,11.6875,7.053555965423584,2400
1996-05-17,11.5,11.8125,11.5,11.8125,7.128993988037109,27500
1996-05-20,11.875,11.9375,11.875,11.9375,7.204435348510742,52500
1996-05-21,12.0,12.125,12.0,12.125,7.317595481872559,7000
1996-05-22,12.0625,12.0625,12.0625,12.0625,7.279873847961426,51900
1996-05-23,12.0625,12.125,12.0625,12.0625,7.279873847961426,6600
1996-05-24,12.125,12.125,12.0,12.0,7.242153644561768,1600
1996-05-28,12.125,12.125,12.0625,12.0625,7.279873847961426,13200
1996-05-29,12.0625,12.0625,11.875,11.9375,7.204435348510742,6200
1996-05-30,11.8125,11.9375,11.75,11.8125,7.128993988037109,21100
1996-05-31,11.75,11.75,11.625,11.625,7.015836238861084,2600
1996-06-03,11.6875,11.6875,11.625,11.6875,7.053555965423584,700
1996-06-04,11.875,11.875,11.875,11.875,7.166715621948242,1500
1996-06-05,11.9375,11.9375,11.8125,11.8125,7.128993988037109,1200
1996-06-06,11.875,11.875,11.875,11.875,7.166715621948242,400
1996-06-07,11.625,11.625,11.625,11.625,7.015836238861084,700
1996-06-10,11.625,11.625,11.625,11.625,7.015836238861084,0
1996-06-11,11.6875,11.6875,11.625,11.625,7.015836238861084,3000
1996-06-12,11.5,11.5,11.5,11.5,6.9403977394104,200
1996-06-13,11.5,11.5,11.5,11.5,6.9403977394104,0
1996-06-14,11.4375,11.4375,11.4375,11.4375,6.902679443359375,1000
1996-06-17,11.4375,11.4375,11.4375,11.4375,6.902679443359375,0
1996-06-18,11.625,11.6875,11.5625,11.5625,6.978116512298584,142000
1996-06-19,11.75,11.75,11.6875,11.6875,7.053555965423584,2900
1996-06-20,11.75,11.75,11.5,11.625,7.015836238861084,2300
1996-06-21,11.5,11.5,11.5,11.5,6.9403977394104,2000
1996-06-24,11.3125,11.3125,11.125,11.125,6.714079856872559,5000
1996-06-25,11.375,11.375,11.375,11.375,6.864958763122559,200
1996-06-26,11.1875,11.3125,11.1875,11.3125,6.827237129211426,1400
1996-06-27,11.375,11.6875,11.375,11.6875,7.053555965423584,31600
1996-06-28,11.625,11.625,11.625,11.625,7.015836238861084,6900
1996-07-01,11.625,11.625,11.375,11.375,6.864958763122559,400
1996-07-02,11.375,11.4375,11.375,11.4375,6.902679443359375,4000
1996-07-03,11.5,11.5,11.375,11.375,6.864958763122559,3200
1996-07-05,11.125,11.125,11.0,11.0,6.6386399269104,33900
1996-07-08,11.0,11.0,10.75,10.75,6.487764835357666,900
1996-07-09,10.875,10.875,10.875,10.875,6.563202381134033,3000
1996-07-10,10.8125,11.0,10.8125,11.0,6.6386399269104,800
1996-07-11,10.875,10.875,10.625,10.625,6.412323951721191,4500
1996-07-12,10.875,10.875,10.875,10.875,6.563202381134033,600
1996-07-15,10.5,10.5,10.3125,10.3125,6.223724842071533,18400
1996-07-16,10.25,10.25,10.125,10.125,6.110568523406982,14200
1996-07-17,10.5,10.625,10.5,10.625,6.412323951721191,7800
1996-07-18,10.875,10.875,10.875,10.875,6.563202381134033,11500
1996-07-19,10.875,10.875,10.875,10.875,6.563202381134033,0
1996-07-22,10.75,10.75,10.6875,10.6875,6.450043201446533,8600
1996-07-23,10.625,10.75,10.625,10.625,6.412323951721191,30300
1996-07-24,10.5625,10.625,10.5,10.5,6.33688497543335,37900
1996-07-25,10.6875,10.6875,10.6875,10.6875,6.450043201446533,100
1996-07-26,10.625,10.625,10.5,10.5,6.33688497543335,25500
1996-07-29,10.6875,10.6875,10.4375,10.4375,6.299167156219482,11000
1996-07-30,10.625,10.625,10.5625,10.5625,6.374603271484375,2100
1996-07-31,10.5625,10.5625,10.5,10.5,6.33688497543335,100000
1996-08-01,10.75,11.125,10.75,11.0,6.6386399269104,800
1996-08-02,11.375,11.375,11.375,11.375,6.864958763122559,3000
1996-08-05,11.25,11.3125,11.125,11.3125,6.827237129211426,1800
1996-08-06,11.25,11.3125,11.125,11.3125,6.827237129211426,16900
1996-08-07,11.375,11.5,11.25,11.375,6.864958763122559,115600
1996-08-08,11.3125,11.3125,11.3125,11.3125,6.827237129211426,2500
1996-08-09,11.3125,11.3125,11.3125,11.3125,6.827237129211426,0
1996-08-12,11.5,11.5,11.375,11.5,6.9403977394104,6300
1996-08-13,11.625,11.625,11.5625,11.5625,6.978116512298584,7500
1996-08-14,11.5625,11.625,11.4375,11.5,6.9403977394104,9800
1996-08-15,11.375,11.8125,11.375,11.8125,7.128993988037109,5800
1996-08-16,11.875,11.9375,11.6875,11.9375,7.204435348510742,4800
1996-08-19,12.0,12.125,12.0,12.0625,7.279873847961426,3800
1996-08-20,12.0,12.125,11.9375,12.0,7.242153644561768,14300
1996-08-21,12.25,12.25,12.125,12.1875,7.355309963226318,6000
1996-08-22,12.1875,12.25,12.125,12.1875,7.355309963226318,33900
1996-08-23,12.1875,12.1875,12.0,12.0,7.242153644561768,3600
1996-08-26,12.0,12.125,12.0,12.125,7.32675313949585,19900
1996-08-27,12.25,12.25,12.0625,12.1875,7.364518165588379,36700
1996-08-28,12.375,12.375,12.25,12.3125,7.440051078796387,78100
1996-08-29,12.25,12.25,11.75,11.75,7.100149154663086,17600
1996-08-30,11.875,11.875,11.4375,11.5625,6.986850738525391,27300
1996-09-03,11.5,11.75,11.4375,11.5625,6.986850738525391,84000
1996-09-04,11.5625,11.75,11.5625,11.75,7.100149154663086,3800
1996-09-05,11.625,11.6875,11.5625,11.5625,6.986850738525391,2600
1996-09-06,11.5625,11.75,11.5625,11.75,7.100149154663086,1400
1996-09-09,11.75,11.75,11.625,11.625,7.024618625640869,2300
1996-09-10,11.9375,12.0,11.8125,11.875,7.17568302154541,157400
1996-09-11,11.8125,11.875,11.75,11.875,7.17568302154541,3400
1996-09-12,11.875,11.875,11.75,11.875,7.17568302154541,1500
1996-09-13,11.9375,12.0625,11.75,11.75,7.100149154663086,10600
1996-09-16,11.625,11.75,11.625,11.75,7.100149154663086,3500
1996-09-17,11.875,11.875,11.6875,11.8125,7.137918472290039,1000
1996-09-18,11.8125,12.0,11.8125,11.875,7.17568302154541,19700
1996-09-19,11.9375,12.0,11.9375,12.0,7.251219749450684,12700
1996-09-20,11.9375,11.9375,11.8125,11.8125,7.137918472290039,700
1996-09-23,11.75,11.75,11.5625,11.75,7.100149154663086,1600
1996-09-24,11.75,11.8125,11.75,11.8125,7.137918472290039,500
1996-09-25,11.8125,11.875,11.75,11.875,7.17568302154541,800
1996-09-26,11.75,11.75,11.75,11.75,7.100149154663086,300
1996-09-27,11.6875,11.6875,11.5625,11.5625,6.986850738525391,12700
1996-09-30,11.5,11.5625,11.5,11.5625,6.986850738525391,800
1996-10-01,11.75,11.8125,11.75,11.8125,7.137918472290039,10800
1996-10-02,11.9375,11.9375,11.9375,11.9375,7.213449954986572,10000
1996-10-03,11.9375,12.0625,11.9375,12.0,7.251219749450684,1300
1996-10-04,12.0625,12.0625,12.0625,12.0625,7.2889862060546875,400
1996-10-07,12.125,12.125,12.0,12.0,7.251219749450684,6900
1996-10-08,12.0625,12.0625,11.9375,12.0,7.251219749450684,13800
1996-10-09,12.0,12.0,12.0,12.0,7.251219749450684,1000
1996-10-10,12.0,12.0625,11.875,11.875,7.17568302154541,46300
1996-10-11,11.875,12.0,11.8125,11.8125,7.137918472290039,16100
1996-10-14,11.625,11.625,11.375,11.5,6.949086666107178,3800
1996-10-15,11.375,11.4375,11.25,11.25,6.798015117645264,5000
1996-10-16,11.25,11.25,11.125,11.25,6.798015117645264,2200
1996-10-17,11.1875,11.375,11.1875,11.375,6.873551368713379,7400
1996-10-18,11.625,11.625,11.625,11.625,7.024618625640869,2700
1996-10-21,11.625,11.625,11.4375,11.5,6.949086666107178,2600
1996-10-22,11.5,11.5625,11.375,11.4375,6.911318778991699,3300
1996-10-23,11.375,11.375,11.0625,11.0625,6.684717655181885,1100
1996-10-24,11.375,11.375,11.25,11.3125,6.835784435272217,5900
1996-10-25,11.4375,11.4375,11.0625,11.0625,6.684717655181885,20900
1996-10-28,11.125,11.1875,11.125,11.125,6.7224836349487305,2500
1996-10-29,11.125,11.125,10.8125,10.875,6.571416854858398,2200
1996-10-30,10.875,10.875,10.625,10.6875,6.458115577697754,4600
1996-10-31,10.75,10.875,10.625,10.875,6.571416854858398,90000
1996-11-01,10.8125,11.0,10.8125,11.0,6.64694881439209,62700
1996-11-04,11.0,11.0625,11.0,11.0,6.64694881439209,800
1996-11-05,11.0,11.0,11.0,11.0,6.64694881439209,0
1996-11-06,11.375,11.375,11.25,11.25,6.798015117645264,1300
1996-11-07,11.3125,11.3125,11.1875,11.25,6.798015117645264,1800
1996-11-08,11.375,11.375,11.375,11.375,6.873551368713379,400
1996-11-11,11.375,11.625,11.25,11.625,7.024618625640869,30900
1996-11-12,11.5625,11.5625,11.375,11.4375,6.911318778991699,26600
1996-11-13,11.4375,11.5,11.375,11.5,6.949086666107178,38800
1996-11-14,11.625,11.625,11.5,11.5,6.949086666107178,1800
1996-11-15,11.75,11.75,11.4375,11.4375,6.911318778991699,1700
1996-11-18,11.5625,11.5625,11.5,11.5,6.949086666107178,3600
1996-11-19,11.5,11.5625,11.375,11.5,6.949086666107178,4100
1996-11-20,11.5625,11.5625,11.4375,11.4375,6.911318778991699,22700
1996-11-21,11.4375,11.4375,11.3125,11.3125,6.835784435272217,300
1996-11-22,11.3125,11.4375,11.3125,11.3125,6.835784435272217,3000
1996-11-25,11.4375,11.4375,11.125,11.125,6.7224836349487305,3000
1996-11-26,11.1875,11.25,11.1875,11.1875,6.760249137878418,2200
1996-11-27,11.1875,11.375,11.1875,11.1875,6.760249137878418,800
1996-11-29,11.375,11.375,11.1875,11.1875,6.760249137878418,500
1996-12-02,11.4375,11.5,11.3125,11.375,6.873551368713379,2000
1996-12-03,11.4375,11.6875,11.4375,11.625,7.024618625640869,2200
1996-12-04,11.6875,11.6875,11.5,11.5,6.949086666107178,6200
1996-12-05,11.625,11.625,11.4375,11.4375,6.911318778991699,800
1996-12-06,11.25,11.5,11.25,11.25,6.798015117645264,600
1996-12-09,11.375,11.375,11.375,11.375,6.873551368713379,1000
1996-12-10,11.5,11.5,11.3125,11.3125,6.835784435272217,600
1996-12-11,11.25,11.4375,11.0,11.0,6.64694881439209,61100
1996-12-12,11.125,11.25,11.0,11.0,6.64694881439209,15900
1996-12-13,11.125,11.1875,11.0,11.0,6.64694881439209,800
1996-12-16,11.0,11.0,10.875,10.875,6.571416854858398,1500
1996-12-17,10.8125,11.125,10.8125,11.125,6.7224836349487305,2700
1996-12-18,11.125,11.375,11.125,11.25,6.798015117645264,1300
1996-12-19,11.3125,11.3125,11.1875,11.3125,6.835784435272217,3500
1996-12-20,11.375,11.375,11.3125,11.3125,6.835784435272217,32000
1996-12-23,11.375,11.375,11.375,11.375,6.873551368713379,1500
1996-12-24,11.375,11.375,11.375,11.375,6.873551368713379,0
1996-12-26,11.3125,11.5625,11.3125,11.3125,6.835784435272217,1400
1996-12-27,11.3125,11.5625,11.3125,11.5625,6.986850738525391,1800
1996-12-30,11.625,11.625,11.625,11.625,7.024618625640869,2200
1996-12-31,11.625,11.625,11.375,11.625,7.024618625640869,1500
1997-01-02,11.5,11.5,11.5,11.5,6.949086666107178,400
1997-01-03,11.75,11.75,11.5,11.5,6.949086666107178,800
1997-01-06,12.0,12.0625,11.875,12.0,7.251219749450684,3200
1997-01-07,11.875,11.875,11.875,11.875,7.17568302154541,100
1997-01-08,12.125,12.25,12.125,12.25,7.402285099029541,14900
1997-01-09,12.3125,12.3125,12.0,12.0625,7.2889862060546875,10600
1997-01-10,12.125,12.25,12.0,12.25,7.402285099029541,4500
1997-01-13,12.375,12.375,12.125,12.125,7.32675313949585,7000
1997-01-14,12.25,12.4375,12.25,12.4375,7.515587329864502,30000
1997-01-15,12.5625,12.6875,12.5625,12.6875,7.666651248931885,17500
1997-01-16,12.8125,12.875,12.625,12.75,7.704421520233154,37900
1997-01-17,12.75,12.8125,12.75,12.8125,7.742186546325684,13400
1997-01-20,12.875,12.875,12.5625,12.75,7.704421520233154,25000
1997-01-21,12.75,12.875,12.6875,12.75,7.704421520233154,25500
1997-01-22,12.5,12.6875,12.5,12.5,7.5533528327941895,38300
1997-01-23,12.375,12.875,12.375,12.625,7.62888765335083,44900
1997-01-24,12.5625,12.5625,12.375,12.5,7.5533528327941895,26700
1997-01-27,12.5,12.5,12.375,12.375,7.477817058563232,7400
1997-01-28,12.5625,12.6875,12.5625,12.625,7.62888765335083,1300
1997-01-29,12.5,12.5625,12.1875,12.25,7.402285099029541,219900
1997-01-30,12.4375,12.5,12.375,12.5,7.5533528327941895,1800
1997-01-31,12.625,12.625,12.375,12.5,7.5533528327941895,4400
1997-02-03,12.4375,12.4375,12.25,12.375,7.477817058563232,6300
1997-02-04,12.4375,12.4375,12.3125,12.3125,7.440051078796387,3100
1997-02-05,12.25,12.25,12.25,12.25,7.402285099029541,100
1997-02-06,12.375,12.5,12.375,12.5,7.5533528327941895,2000
1997-02-07,12.5625,12.5625,12.375,12.375,7.477817058563232,17800
1997-02-10,12.5625,12.5625,12.375,12.5,7.5533528327941895,2200
1997-02-11,12.5,12.625,12.5,12.625,7.62888765335083,7400
1997-02-12,12.8125,12.8125,12.8125,12.8125,7.742186546325684,100
1997-02-13,13.125,13.125,12.75,12.75,7.704421520233154,9900
1997-02-14,12.9375,13.0,12.75,13.0,7.8554887771606445,4400
1997-02-18,13.1875,13.1875,13.0,13.125,7.931020736694336,18200
1997-02-19,13.125,13.3125,13.0625,13.1875,7.968789100646973,4500
1997-02-20,13.25,13.25,13.125,13.125,7.931020736694336,3900
1997-02-21,13.125,13.375,13.125,13.25,8.006552696228027,8900
1997-02-24,13.375,13.375,13.1875,13.375,8.082087516784668,6400
1997-02-25,13.375,13.4375,13.3125,13.4375,8.119853019714355,12700
1997-02-26,13.4375,13.4375,13.125,13.125,7.931020736694336,21000
1997-02-27,13.25,13.25,12.625,12.625,7.62888765335083,11200
1997-02-28,12.625,12.875,12.5625,12.875,7.779952049255371,2800
1997-03-03,12.625,12.6875,12.5,12.625,7.62888765335083,2400
1997-03-04,12.75,12.8125,12.625,12.625,7.62888765335083,29200
1997-03-05,12.5,12.625,12.375,12.5,7.5533528327941895,41300
1997-03-06,12.625,12.6875,12.4375,12.5,7.5533528327941895,3200
1997-03-07,12.4375,12.75,12.4375,12.625,7.62888765335083,56600
1997-03-10,12.5,12.75,12.5,12.75,7.704421520233154,2700
1997-03-11,12.875,12.875,12.5625,12.5625,7.591121673583984,1100
1997-03-12,12.5625,12.625,12.5,12.625,7.62888765335083,2700
1997-03-13,12.5,12.5625,12.25,12.25,7.402285099029541,4100
1997-03-14,12.1875,12.375,12.0,12.375,7.477817058563232,204900
1997-03-17,12.5625,12.5625,12.375,12.375,7.477817058563232,58500
1997-03-18,12.625,12.625,12.625,12.625,7.62888765335083,2400
1997-03-19,12.625,12.875,12.625,12.875,7.779952049255371,5600
1997-03-20,12.75,12.875,12.625,12.625,7.62888765335083,31200
1997-03-21,12.5625,12.75,12.5,12.75,7.704421520233154,2300
1997-03-24,12.5625,12.5625,12.5,12.5625,7.591121673583984,3800
1997-03-25,12.875,12.875,12.6875,12.6875,7.666651248931885,1300
1997-03-26,12.875,12.875,12.6875,12.6875,7.666651248931885,2600
1997-03-27,12.9375,12.9375,12.6875,12.6875,7.666651248931885,4200
1997-03-31,12.6875,12.6875,12.6875,12.6875,7.666651248931885,1100
1997-04-01,12.625,12.625,12.375,12.375,7.477817058563232,4800
1997-04-02,12.3125,12.5,12.3125,12.5,7.5533528327941895,700
1997-04-03,12.25,12.625,12.25,12.625,7.62888765335083,37500
1997-04-04,12.625,12.625,12.625,12.625,7.62888765335083,0
1997-04-07,12.6875,12.75,12.5,12.625,7.62888765335083,3100
1997-04-08,12.75,12.75,12.6875,12.6875,7.666651248931885,1500
1997-04-09,12.75,12.75,12.625,12.75,7.704421520233154,1900
1997-04-10,12.8125,12.8125,12.625,12.625,7.62888765335083,4600
1997-04-11,12.625,12.8125,12.375,12.375,7.477817058563232,5500
1997-04-14,12.3125,12.3125,12.3125,12.3125,7.440051078796387,2000
1997-04-15,12.625,12.625,12.625,12.625,7.62888765335083,500
1997-04-16,12.8125,13.0,12.8125,12.875,7.779952049255371,1300
1997-04-17,12.875,12.875,12.875,12.875,7.779952049255371,1500
1997-04-18,12.875,12.875,12.75,12.75,7.704421520233154,200
1997-04-21,12.75,12.75,12.75,12.75,7.704421520233154,0
1997-04-22,12.75,12.8125,12.75,12.8125,7.742186546325684,8100
1997-04-23,12.6875,13.0,12.6875,13.0,7.8554887771606445,400
1997-04-24,13.0625,13.0625,12.75,12.75,7.704421520233154,30700
1997-04-25,12.8125,12.8125,12.8125,12.8125,7.742186546325684,1900
1997-04-28,12.875,12.875,12.5,12.5,7.5533528327941895,45800
1997-04-29,12.5625,12.5625,12.5,12.5,7.5533528327941895,900
1997-04-30,12.6875,12.6875,12.6875,12.6875,7.666651248931885,1900
1997-05-01,12.5,12.5,12.4375,12.5,7.5533528327941895,1000
1997-05-02,12.5,12.5,12.4375,12.5,7.5533528327941895,20000
1997-05-05,12.5625,12.8125,12.5625,12.8125,7.742186546325684,3000
1997-05-06,13.0,13.0,12.9375,12.9375,7.817721843719482,15600
1997-05-07,12.875,12.875,12.625,12.625,7.62888765335083,300
1997-05-08,12.75,12.8125,12.75,12.8125,7.742186546325684,1600
1997-05-09,12.9375,13.0,12.9375,13.0,7.8554887771606445,2100
1997-05-12,13.0,13.3125,13.0,13.3125,8.044319152832031,11300
1997-05-13,13.4375,13.4375,13.1875,13.1875,7.968789100646973,18600
1997-05-14,13.125,13.125,13.125,13.125,7.931020736694336,2000
1997-05-15,13.25,13.25,13.0,13.125,7.931020736694336,2700
1997-05-16,13.125,13.25,13.0625,13.0625,7.893252849578857,4400
1997-05-19,13.375,13.375,13.0,13.0625,7.893252849578857,1700
1997-05-20,13.1875,13.4375,13.1875,13.375,8.082087516784668,9900
1997-05-21,13.25,13.5,13.25,13.5,8.157620429992676,3000
1997-05-22,13.5625,13.5625,13.5625,13.5625,8.195384979248047,900
1997-05-23,13.375,13.625,13.375,13.5,8.157620429992676,13700
1997-05-27,13.625,13.625,13.4375,13.5,8.157620429992676,37700
1997-05-28,13.5,13.5,13.25,13.25,8.006552696228027,1800
1997-05-29,13.0,13.25,13.0,13.25,8.006552696228027,5900
1997-05-30,13.25,13.25,13.1875,13.25,8.006552696228027,4500
1997-06-02,13.125,13.4375,13.125,13.4375,8.119853019714355,8100
1997-06-03,13.3125,13.6875,13.3125,13.5,8.157620429992676,9000
1997-06-04,13.6875,13.6875,13.5625,13.6875,8.270918846130371,4000
1997-06-05,13.75,13.875,13.75,13.75,8.308687210083008,3800
1997-06-06,13.8125,13.875,13.6875,13.875,8.384220123291016,26700
1997-06-09,13.9375,13.9375,13.75,13.75,8.308687210083008,3800
1997-06-10,13.8125,13.875,13.8125,13.875,8.384220123291016,3400
1997-06-11,13.875,13.875,13.875,13.875,8.384220123291016,500
1997-06-12,14.0,14.125,13.875,13.875,8.384220123291016,1900
1997-06-13,14.1875,14.25,14.1875,14.25,8.610821723937988,4200
1997-06-16,14.25,14.3125,14.125,14.3125,8.648588180541992,7700
1997-06-17,14.375,14.4375,14.1875,14.1875,8.573053359985352,2400
1997-06-18,14.3125,14.3125,14.0625,14.0625,8.49752140045166,600
1997-06-19,14.3125,14.625,14.3125,14.625,8.837422370910645,9600
1997-06-20,14.375,14.6875,14.375,14.625,8.837422370910645,25100
1997-06-23,14.625,14.8125,14.5,14.8125,8.950727462768555,1500
1997-06-24,14.875,14.875,14.625,14.75,8.912954330444336,9700
1997-06-25,14.375,14.625,14.375,14.4375,8.72412395477295,3100
1997-06-26,14.625,14.875,14.5625,14.5625,8.799654006958008,5000
1997-06-27,14.6875,14.9375,14.6875,14.75,8.912954330444336,2100
1997-06-30,14.875,14.9375,14.625,14.875,8.988487243652344,4800
1997-07-01,14.625,15.0,14.625,15.0,9.064023971557617,17600
1997-07-02,15.125,15.25,15.0,15.1875,9.177326202392578,44700
1997-07-03,15.1875,15.375,15.1875,15.375,9.29062271118164,3000
1997-07-07,15.5625,15.8125,15.5625,15.8125,9.554990768432617,30700
1997-07-08,15.9375,16.3125,15.9375,16.3125,9.857126235961914,279300
1997-07-09,16.25,16.375,16.125,16.1875,9.78158950805664,59300
1997-07-10,16.25,16.25,16.0,16.125,9.743825912475586,5500
1997-07-11,16.5,16.5,16.0625,16.0625,9.7060546875,26200
1997-07-14,16.0,16.125,15.875,15.875,9.592757225036621,3300
1997-07-15,15.75,15.9375,15.375,15.375,9.29062271118164,46400
1997-07-16,15.4375,16.0,15.4375,16.0,9.668291091918945,2200
1997-07-17,16.125,16.375,15.9375,16.25,9.819355964660645,15000
1997-07-18,15.875,15.9375,15.5,15.5,9.366156578063965,25700
1997-07-21,15.5,15.5,15.25,15.25,9.215089797973633,93100
1997-07-22,15.4375,15.625,15.375,15.4375,9.328392028808594,24900
1997-07-23,15.5,15.75,15.5,15.75,9.517223358154297,15400
1997-07-24,15.9375,16.125,15.9375,16.0,9.668291091918945,17300
1997-07-25,16.125,16.1875,15.9375,15.9375,9.630526542663574,76300
1997-07-28,16.0,16.0,15.875,15.875,9.592757225036621,19600
1997-07-29,16.0,16.3125,15.75,16.0625,9.7060546875,14600
1997-07-30,16.4375,16.75,16.4375,16.75,10.121490478515625,3800
1997-07-31,17.0,17.1875,16.875,17.125,10.348091125488281,11300
1997-08-01,16.9375,17.1875,16.75,16.875,10.197027206420898,59500
1997-08-04,17.0,17.0625,16.875,17.0625,10.310320854187012,1100
1997-08-05,17.3125,17.5,17.1875,17.25,10.423624038696289,5300
1997-08-06,17.5,17.6875,17.5,17.6875,10.68799114227295,1600
1997-08-07,17.6875,17.6875,17.3125,17.5,10.574687957763672,7800
1997-08-08,17.125,17.25,16.75,16.875,10.197027206420898,55500
1997-08-11,16.875,17.125,16.5,16.75,10.121490478515625,19800
1997-08-12,16.9375,17.0,16.8125,16.9375,10.234795570373535,9300
1997-08-13,16.9375,17.0,16.6875,16.6875,10.083724021911621,34000
1997-08-14,16.9375,17.0,16.75,16.75,10.121490478515625,1200
1997-08-15,16.625,16.75,16.5,16.5,9.970427513122559,60200
1997-08-18,16.6875,16.6875,16.1875,16.3125,9.857126235961914,29500
1997-08-19,16.6875,16.9375,16.625,16.9375,10.234795570373535,10500
1997-08-20,17.0,17.1875,17.0,17.1875,10.385855674743652,15400
1997-08-21,17.3125,17.3125,16.8125,16.8125,10.159258842468262,45100
1997-08-22,16.875,16.875,15.9375,15.9375,9.630526542663574,41100
1997-08-25,16.1875,16.4375,16.125,16.125,10.060065269470215,2400
1997-08-26,16.125,16.25,15.9375,15.9375,9.943090438842773,3700
1997-08-27,16.1875,16.1875,15.625,15.625,9.748123168945312,9100
1997-08-28,15.875,15.875,15.875,15.875,9.904097557067871,12500
1997-08-29,15.5,15.5,14.9375,15.0625,9.39719295501709,42500
1997-09-02,15.3125,15.625,15.3125,15.625,9.748123168945312,36500
1997-09-03,15.75,16.0,15.6875,16.0,9.98207950592041,14400
1997-09-04,15.75,15.875,15.625,15.75,9.82611083984375,15600
1997-09-05,16.0625,16.0625,15.6875,15.6875,9.787116050720215,5100
1997-09-08,16.0,16.0,16.0,16.0,9.98207950592041,4100
1997-09-09,16.0625,16.0625,16.0625,16.0625,10.021071434020996,100
1997-09-10,15.875,15.875,15.6875,15.6875,9.787116050720215,22500
1997-09-11,15.75,15.75,15.25,15.375,9.592156410217285,55000
1997-09-12,15.625,15.8125,15.5,15.8125,9.865104675292969,1600
1997-09-15,15.9375,15.9375,15.9375,15.9375,9.943090438842773,100
1997-09-16,15.5625,16.125,15.5625,16.125,10.060065269470215,14800
1997-09-17,15.75,16.125,15.75,15.9375,9.943090438842773,3100
1997-09-18,16.3125,16.5625,16.3125,16.5625,10.333013534545898,14600
1997-09-19,16.5,16.625,16.5,16.625,10.372003555297852,800
1997-09-22,16.625,16.8125,16.625,16.6875,10.410999298095703,2000
1997-09-23,16.8125,16.8125,16.6875,16.6875,10.410999298095703,8200
1997-09-24,16.625,17.0,16.625,16.9375,10.566967964172363,13200
1997-09-25,16.9375,16.9375,16.75,16.8125,10.488982200622559,9800
1997-09-26,16.875,17.0625,16.875,17.0,10.605958938598633,42000
1997-09-29,16.75,17.125,16.75,17.125,10.683948516845703,1300
1997-09-30,17.1875,17.1875,16.9375,17.125,10.683948516845703,10300
1997-10-01,17.25,17.5,17.25,17.5,10.91789722442627,12400
1997-10-02,17.3125,17.5,17.3125,17.3125,10.800921440124512,7200
1997-10-03,17.75,17.75,17.3125,17.3125,10.800921440124512,3100
1997-10-06,17.4375,17.5,17.375,17.375,10.839917182922363,7300
1997-10-07,17.5,17.5,17.3125,17.375,10.839917182922363,7100
1997-10-08,17.5,17.5,17.3125,17.3125,10.800921440124512,41300
1997-10-09,17.1875,17.1875,16.875,16.875,10.527975082397461,11300
1997-10-10,17.0,17.0,16.875,16.875,10.527975082397461,4600
1997-10-13,16.9375,16.9375,16.9375,16.9375,10.566967964172363,100
1997-10-14,17.25,17.25,17.25,17.25,10.761931419372559,1100
1997-10-15,17.25,17.25,17.1875,17.1875,10.722938537597656,27800
1997-10-16,17.625,17.625,17.375,17.5625,10.956892967224121,7900
1997-10-17,17.25,17.25,16.875,16.875,10.527975082397461,102200
1997-10-20,17.25,17.5,17.25,17.375,10.839917182922363,1000
1997-10-21,17.3125,17.4375,17.3125,17.4375,10.878908157348633,1700
1997-10-22,17.5,17.5625,17.25,17.25,10.761931419372559,6400
1997-10-23,16.875,16.875,16.1875,16.375,10.216035842895508,42900
1997-10-24,16.625,16.8125,15.5625,15.75,9.82611083984375,54800
1997-10-27,15.1875,15.1875,13.0,13.0625,8.149431228637695,24000
1997-10-28,11.75,14.75,11.625,14.75,9.202229499816895,127100
1997-10-29,15.0625,15.4375,14.3125,14.3125,8.92928409576416,70400
1997-10-30,13.875,14.1875,13.5,13.5,8.422382354736328,86300
1997-10-31,14.375,14.375,13.6875,13.8125,8.617344856262207,50400
1997-11-03,14.5,14.8125,14.5,14.6875,9.163238525390625,34600
1997-11-04,15.0,15.0,14.6875,14.6875,9.163238525390625,2000
1997-11-05,15.125,15.25,15.0,15.0,9.35820198059082,5100
1997-11-06,14.6875,14.6875,14.6875,14.6875,9.163238525390625,400
1997-11-07,14.0625,14.25,13.75,13.75,8.578351020812988,6100
1997-11-10,14.0,14.1875,13.625,13.625,8.500364303588867,11900
1997-11-11,13.9375,13.9375,13.8125,13.8125,8.617344856262207,2100
1997-11-12,13.375,13.375,13.0,13.0,8.110442161560059,7100
1997-11-13,13.375,13.4375,13.0,13.4375,8.383386611938477,10100
1997-11-14,13.75,13.9375,13.625,13.9375,8.695329666137695,7200
1997-11-17,14.375,14.4375,14.125,14.4375,9.007268905639648,13300
1997-11-18,14.25,14.25,14.0625,14.0625,8.773313522338867,8500
1997-11-19,13.875,13.875,13.875,13.875,8.65633773803711,1500
1997-11-20,14.5625,14.5625,14.25,14.25,8.890290260314941,185900
1997-11-21,14.75,15.0625,14.75,15.0625,9.39719295501709,10800
1997-11-24,14.5625,14.75,14.5625,14.75,9.202229499816895,1400
1997-11-25,14.375,14.625,14.375,14.5,9.046257972717285,13000
1997-11-26,14.9375,14.9375,14.75,14.875,9.28021240234375,27900
1997-11-28,15.125,15.25,15.125,15.25,9.514169692993164,7600
1997-12-01,15.25,15.875,15.25,15.8125,9.865104675292969,12900
1997-12-02,15.9375,16.0,15.75,15.8125,9.865104675292969,3200
1997-12-03,15.9375,15.9375,15.9375,15.9375,9.943090438842773,700
1997-12-04,16.0625,16.25,16.0,16.0625,10.021071434020996,25700
1997-12-05,15.9375,15.9375,15.75,15.75,9.82611083984375,700
1997-12-08,16.1875,16.1875,16.1875,16.1875,10.099059104919434,2300
1997-12-09,16.1875,16.1875,15.875,15.875,9.904097557067871,8000
1997-12-10,15.875,15.875,15.6875,15.6875,9.787116050720215,14700
1997-12-11,15.5,15.5,15.125,15.125,9.436188697814941,8700
1997-12-12,15.25,15.4375,15.125,15.125,9.436188697814941,22900
1997-12-15,15.4375,15.5,15.375,15.5,9.670141220092773,13100
1997-12-16,15.9375,15.9375,15.9375,15.9375,9.943090438842773,1300
1997-12-17,16.0,16.0,15.875,15.875,9.904097557067871,6300
1997-12-18,15.875,15.875,15.625,15.625,9.748123168945312,8100
1997-12-19,15.5625,15.5625,15.1875,15.5,9.670141220092773,17200
1997-12-22,15.5625,15.5625,15.25,15.375,9.592156410217285,7100
1997-12-23,15.25,15.4375,15.1875,15.1875,9.48134708404541,4600
1997-12-24,15.375,15.4375,15.375,15.4375,9.637417793273926,1600
1997-12-26,15.5,15.5,15.5,15.5,9.676433563232422,300
1997-12-29,15.75,16.0,15.75,16.0,9.988577842712402,6300
1997-12-30,16.4375,16.4375,16.3125,16.375,10.222685813903809,12100
1997-12-31,16.4375,16.5625,16.25,16.5625,10.339739799499512,700
1998-01-02,16.4375,16.5,16.3125,16.5,10.300722122192383,5600
1998-01-05,16.5,16.5,16.1875,16.3125,10.18366527557373,20000
1998-01-06,16.25,16.25,16.25,16.25,10.144644737243652,500
1998-01-07,15.8125,15.8125,15.4375,15.4375,9.637417793273926,12300
1998-01-08,15.6875,15.6875,15.1875,15.1875,9.48134708404541,41000
1998-01-09,15.375,15.375,14.0,14.0,8.740002632141113,34900
1998-01-12,14.0,14.125,13.9375,14.125,8.81804084777832,5600
1998-01-13,14.4375,14.5,14.4375,14.4375,9.013128280639648,2800
1998-01-14,14.75,14.75,14.1875,14.1875,8.857057571411133,11900
1998-01-15,14.125,14.25,14.0625,14.25,8.896077156066895,30700
1998-01-16,14.5,14.75,14.5,14.75,9.208219528198242,11800
1998-01-20,15.0,15.1875,14.75,14.75,9.208219528198242,13300
1998-01-21,14.8125,14.875,14.4375,14.5,9.052148818969727,3900
1998-01-22,14.125,14.125,14.125,14.125,8.81804084777832,4700
1998-01-23,14.125,14.375,14.0,14.0,8.740002632141113,4200
1998-01-26,14.0625,14.3125,14.0625,14.125,8.81804084777832,7900
1998-01-27,14.4375,14.5625,14.375,14.5625,9.091163635253906,4300
1998-01-28,14.375,14.5,14.25,14.3125,8.935094833374023,40100
1998-01-29,14.25,14.25,14.0,14.0,8.740002632141113,20600
1998-01-30,14.0625,14.1875,13.75,14.125,8.81804084777832,8400
1998-02-02,14.5625,14.625,14.375,14.5625,9.091163635253906,16500
1998-02-03,14.5625,14.875,14.5625,14.75,9.208219528198242,8800
1998-02-04,14.75,15.0,14.75,14.8125,9.247241020202637,6100
1998-02-05,15.0,15.125,14.875,15.125,9.442327499389648,3600
1998-02-06,15.125,15.1875,15.0625,15.0625,9.403307914733887,8700
1998-02-09,15.0625,15.0625,14.5,14.75,9.208219528198242,12200
1998-02-10,14.4375,14.875,14.4375,14.875,9.286253929138184,31100
1998-02-11,14.8125,14.8125,14.5625,14.625,9.130184173583984,8900
1998-02-12,14.5,14.75,14.4375,14.75,9.208219528198242,8200
1998-02-13,14.5,14.5,14.5,14.5,9.052148818969727,1300
1998-02-17,14.5,14.5,14.125,14.125,8.81804084777832,4500
1998-02-18,14.0,14.0625,14.0,14.0,8.740002632141113,13500
1998-02-19,14.1875,14.625,14.1875,14.375,8.974111557006836,110200
1998-02-20,14.3125,14.3125,14.125,14.125,8.81804084777832,200
1998-02-23,14.4375,14.4375,14.125,14.125,8.81804084777832,10400
1998-02-24,14.0,14.4375,14.0,14.0,8.740002632141113,18000
1998-02-25,14.125,14.5625,14.125,14.5,9.052148818969727,3200
1998-02-26,14.75,14.9375,14.5625,14.75,9.208219528198242,4200
1998-02-27,14.4375,15.0625,14.4375,14.75,9.208219528198242,25100
1998-03-02,14.9375,15.125,14.9375,14.9375,9.325273513793945,9800
1998-03-03,15.0,15.125,14.875,15.0,9.364291191101074,12900
1998-03-04,15.0625,15.0625,14.75,14.875,9.286253929138184,3600
1998-03-05,14.5625,14.6875,14.5625,14.6875,9.169200897216797,4800
1998-03-06,14.75,15.0625,14.75,14.9375,9.325273513793945,40500
1998-03-09,14.6875,14.8125,14.6875,14.6875,9.169200897216797,1200
1998-03-10,14.8125,14.875,14.5,14.5,9.052148818969727,76400
1998-03-11,14.5,14.625,14.25,14.4375,9.013128280639648,79900
1998-03-12,14.5625,14.625,14.375,14.625,9.130184173583984,19400
1998-03-13,14.625,14.875,14.625,14.75,9.208219528198242,19000
1998-03-16,14.75,14.75,14.5625,14.625,9.130184173583984,1300
1998-03-17,14.4375,14.8125,14.4375,14.625,9.130184173583984,8400
1998-03-18,14.875,14.9375,14.75,14.75,9.208219528198242,900
1998-03-19,14.9375,15.0,14.875,14.875,9.286253929138184,32300
1998-03-20,15.0,15.125,14.875,15.125,9.442327499389648,10900
1998-03-23,15.25,15.625,15.25,15.625,9.754469871520996,38900
1998-03-24,15.4375,15.875,15.4375,15.6875,9.793489456176758,10300
1998-03-25,15.625,15.6875,15.375,15.375,9.598398208618164,11700
1998-03-26,15.25,15.375,15.25,15.375,9.598398208618164,2600
1998-03-27,15.5625,15.625,15.3125,15.3125,9.559381484985352,27100
1998-03-30,15.25,15.25,15.25,15.25,9.52036190032959,15600
1998-03-31,15.6875,15.75,15.4375,15.4375,9.637417793273926,4700
1998-04-01,15.5,15.625,15.5,15.5625,9.715453147888184,2400
1998-04-02,15.5,15.625,15.375,15.375,9.598398208618164,2200
1998-04-03,15.5,15.5625,15.25,15.25,9.52036190032959,2700
1998-04-06,15.4375,15.4375,15.25,15.25,9.52036190032959,24200
1998-04-07,15.375,15.375,14.875,14.875,9.286253929138184,24000
1998-04-08,15.125,15.125,14.8125,14.8125,9.247241020202637,700
1998-04-09,15.1875,15.1875,14.9375,15.125,9.442327499389648,21900
1998-04-13,15.1875,15.375,15.125,15.125,9.442327499389648,28300
1998-04-14,15.1875,15.3125,15.1875,15.25,9.52036190032959,6500
1998-04-15,15.25,15.5625,15.125,15.3125,9.559381484985352,3000
1998-04-16,15.4375,15.4375,15.0625,15.3125,9.559381484985352,9300
1998-04-17,15.3125,15.5625,15.3125,15.5,9.676433563232422,11300
1998-04-20,15.5,15.75,15.5,15.75,9.832507133483887,27900
1998-04-21,15.75,16.1875,15.75,15.9375,9.949563026428223,118300
1998-04-22,16.125,16.125,15.8125,16.0625,10.027594566345215,27700
1998-04-23,15.875,15.9375,15.8125,15.8125,9.871524810791016,46700
1998-04-24,16.0625,16.0625,15.5,15.5,9.676433563232422,800
1998-04-27,15.625,15.625,14.8125,14.8125,9.247241020202637,9100
1998-04-28,15.3125,15.3125,15.0625,15.1875,9.48134708404541,6400
1998-04-29,15.125,15.125,15.0625,15.125,9.442327499389648,4500
1998-04-30,15.25,15.5625,15.25,15.4375,9.637417793273926,9700
1998-05-01,15.5625,15.6875,15.5,15.5625,9.715453147888184,3000
1998-05-04,15.5625,15.5625,15.5625,15.5625,9.715453147888184,300
1998-05-05,15.4375,15.4375,15.1875,15.375,9.598398208618164,12400
1998-05-06,15.3125,15.3125,15.125,15.125,9.442327499389648,3700
1998-05-07,15.0,15.1875,14.9375,15.0625,9.403307914733887,11100
1998-05-08,15.25,15.375,15.0625,15.0625,9.403307914733887,12700
1998-05-11,15.4375,15.4375,15.125,15.125,9.442327499389648,4800
1998-05-12,14.875,14.875,14.875,14.875,9.286253929138184,100
1998-05-13,14.625,14.75,14.5,14.5,9.052148818969727,21400
1998-05-14,14.625,14.6875,14.5,14.5,9.052148818969727,3600
1998-05-15,14.5,14.6875,14.5,14.5,9.052148818969727,24000
1998-05-18,14.4375,14.5625,14.0,14.0,8.740002632141113,8200
1998-05-19,14.25,14.25,14.0,14.0,8.740002632141113,1100
1998-05-20,14.375,14.375,13.8125,13.8125,8.622950553894043,4700
1998-05-21,13.8125,14.0625,13.8125,14.0625,8.779024124145508,700
1998-05-22,14.3125,14.3125,13.8125,13.8125,8.622950553894043,103300
1998-05-26,14.1875,14.1875,13.375,13.5,8.427863121032715,2200
1998-05-27,12.875,12.9375,12.75,12.875,8.037679672241211,5100
1998-05-28,13.125,13.375,12.8125,13.125,8.193756103515625,31100
1998-05-29,13.6875,13.8125,13.375,13.4375,8.388843536376953,41600
1998-06-01,13.6875,13.6875,12.75,12.75,7.959646701812744,27400
1998-06-02,13.25,13.25,12.9375,13.0,8.115720748901367,24600
1998-06-03,13.0,13.125,13.0,13.0,8.115720748901367,7800
1998-06-04,13.0,13.875,13.0,13.75,8.58393669128418,38800
1998-06-05,13.75,14.0,13.6875,13.6875,8.544913291931152,13700
1998-06-08,13.9375,13.9375,13.4375,13.5,8.427863121032715,28400
1998-06-09,13.8125,13.8125,13.4375,13.6875,8.544913291931152,20600
1998-06-10,13.75,13.75,12.875,12.875,8.037679672241211,24500
1998-06-11,12.75,12.75,12.3125,12.3125,7.6865234375,23000
1998-06-12,12.3125,12.375,11.6875,12.0625,7.530449867248535,31900
1998-06-15,12.0625,12.0625,11.5625,11.75,7.335359573364258,25600
1998-06-16,11.5,11.9375,11.4375,11.75,7.335359573364258,25100
1998-06-17,12.3125,12.8125,12.3125,12.5,7.803577899932861,17000
1998-06-18,13.0,13.0,12.5,12.5,7.803577899932861,35500
1998-06-19,12.5,12.625,12.5,12.625,7.881610870361328,10900
1998-06-22,12.6875,12.6875,12.25,12.5625,7.842595100402832,8000
1998-06-23,12.75,13.0,12.75,13.0,8.115720748901367,1300
1998-06-24,12.75,12.9375,12.625,12.8125,7.998666763305664,6200
1998-06-25,12.8125,12.8125,12.3125,12.3125,7.6865234375,17600
1998-06-26,12.1875,12.25,12.0,12.0625,7.530449867248535,28100
1998-06-29,12.0,12.25,12.0,12.0625,7.530449867248535,30300
1998-06-30,12.3125,12.375,12.3125,12.375,7.7255401611328125,4000
1998-07-01,12.625,13.0,12.5,13.0,8.115720748901367,9300
1998-07-02,13.1875,13.1875,12.875,13.0,8.115720748901367,7500
1998-07-06,12.875,13.0625,12.875,13.0,8.115720748901367,2300
1998-07-07,12.75,13.375,12.75,13.3125,8.310808181762695,52400
1998-07-08,13.5,13.5,13.3125,13.5,8.427863121032715,8800
1998-07-09,13.5,13.5,13.3125,13.3125,8.310808181762695,16800
1998-07-10,13.3125,13.3125,13.3125,13.3125,8.310808181762695,0
1998-07-13,13.125,13.625,13.125,13.625,8.50589656829834,8700
1998-07-14,13.9375,13.9375,13.75,13.8125,8.622950553894043,10400
1998-07-15,14.125,14.125,13.875,13.875,8.661969184875488,9600
1998-07-16,13.9375,14.125,13.9375,14.0,8.740002632141113,13800
1998-07-17,14.0,14.0625,13.875,13.875,8.661969184875488,24400
1998-07-20,14.375,14.375,13.9375,14.0,8.740002632141113,6700
1998-07-21,13.75,13.8125,13.5625,13.5625,8.466878890991211,11300
1998-07-22,13.5625,13.5625,13.5,13.5,8.427863121032715,5100
1998-07-23,13.5,13.5625,13.3125,13.375,8.349825859069824,3200
1998-07-24,13.375,13.375,13.375,13.375,8.349825859069824,4000
1998-07-27,13.1875,13.25,13.1875,13.25,8.27178955078125,11000
1998-07-28,12.75,12.875,12.625,12.875,8.037679672241211,10800
1998-07-29,13.0,13.125,13.0,13.125,8.193756103515625,31200
1998-07-30,13.25,13.25,13.125,13.25,8.27178955078125,9200
1998-07-31,13.0,13.0,12.5625,12.5625,7.842595100402832,8100
1998-08-03,12.6875,12.6875,12.375,12.625,7.881610870361328,7500
1998-08-04,12.4375,12.625,12.0625,12.0625,7.530449867248535,31800
1998-08-05,12.0625,12.1875,12.0625,12.1875,7.608485698699951,800
1998-08-06,12.0,12.125,11.875,12.125,7.569468021392822,2500
1998-08-07,12.125,12.125,12.0,12.0,7.491433143615723,2600
1998-08-10,11.5,11.5,11.25,11.375,7.101253509521484,6000
1998-08-11,11.0,11.0,10.3125,10.4375,6.515986919403076,42700
1998-08-12,11.125,11.125,10.25,10.25,6.398932933807373,38800
1998-08-13,10.25,10.9375,10.25,10.9375,6.82813024520874,10000
1998-08-14,10.8125,10.8125,10.375,10.375,6.476970195770264,8100
1998-08-17,10.125,10.125,10.125,10.125,6.320897579193115,400
1998-08-18,10.5625,10.5625,10.375,10.5,6.5550031661987305,14500
1998-08-19,11.0,11.0,10.75,10.75,6.711076259613037,17100
1998-08-20,10.8125,10.8125,10.25,10.25,6.398932933807373,6600
1998-08-21,9.9375,9.9375,9.375,9.875,6.164824485778809,33500
1998-08-24,9.875,9.9375,9.375,9.6875,6.047769069671631,40100
1998-08-25,9.875,9.875,9.3125,9.3125,6.045173168182373,100700
1998-08-26,8.625,9.125,8.5,8.875,5.761172771453857,33300
1998-08-27,8.5,8.5,8.0,8.125,5.274313926696777,23600
1998-08-28,8.1875,8.4375,7.875,8.0,5.19317102432251,11600
1998-08-31,8.25,8.375,7.8125,7.8125,5.071455955505371,17000
1998-09-01,7.875,8.5,7.625,8.5,5.51774263381958,36400
1998-09-02,8.5,8.875,8.5,8.5,5.51774263381958,21500
1998-09-03,8.125,8.3125,8.125,8.125,5.274313926696777,22700
1998-09-04,8.25,8.4375,7.6875,7.6875,4.990312099456787,14100
1998-09-08,8.375,8.625,8.25,8.25,5.3554558753967285,10100
1998-09-09,8.5,8.5,8.0,8.0,5.19317102432251,6600
1998-09-10,7.25,7.4375,6.8125,7.0,4.544022083282471,16200
1998-09-11,7.0,7.375,7.0,7.25,4.706308841705322,21300
1998-09-14,7.5,7.875,7.3125,7.5625,4.909168720245361,4800
1998-09-15,7.625,9.0625,7.625,9.0625,5.882887363433838,18500
1998-09-16,9.25,9.4375,8.75,8.875,5.761172771453857,19700
1998-09-17,8.5,8.75,8.5,8.75,5.68002986907959,21600
1998-09-18,8.9375,9.1875,8.9375,9.0,5.8423171043396,6900
1998-09-21,8.75,8.9375,8.625,8.9375,5.801743984222412,6300
1998-09-22,9.5,9.6875,9.3125,9.3125,6.045173168182373,4800
1998-09-23,9.6875,10.125,9.6875,10.125,6.572606563568115,11900
1998-09-24,10.375,10.375,9.4375,9.4375,6.126317501068115,5700
1998-09-25,9.3125,9.5,9.1875,9.5,6.166888236999512,31800
1998-09-28,9.9375,10.0625,9.8125,9.8125,6.369746685028076,7800
1998-09-29,9.75,9.75,9.5625,9.5625,6.207460403442383,12900
1998-09-30,9.25,9.25,9.0625,9.0625,5.882887363433838,2200
1998-10-01,9.0,9.0,8.6875,8.6875,5.639458179473877,30400
1998-10-02,8.75,9.4375,8.75,9.375,6.085747241973877,45300
1998-10-05,9.0625,9.0625,9.0,9.0,5.8423171043396,2000
1998-10-06,9.5,9.5,9.0625,9.0625,5.882887363433838,5100
1998-10-07,9.0625,9.0625,8.75,8.75,5.68002986907959,22300
1998-10-08,8.875,8.875,8.5,8.5625,5.558314323425293,3200
1998-10-09,9.0,9.3125,8.875,9.125,5.923459053039551,17600
1998-10-12,9.4375,9.5625,9.375,9.5,6.166888236999512,9800
1998-10-13,9.3125,9.5,9.25,9.25,6.004602909088135,4000
1998-10-14,9.3125,9.75,9.3125,9.5,6.166888236999512,15000
1998-10-15,9.625,9.875,9.5,9.875,6.410319805145264,14300
1998-10-16,10.125,10.375,10.0625,10.1875,6.613175868988037,16700
1998-10-19,10.25,10.3125,10.125,10.25,6.653748512268066,14300
1998-10-20,10.5,10.5625,10.25,10.25,6.653748512268066,8100
1998-10-21,10.0625,10.25,10.0625,10.25,6.653748512268066,5800
1998-10-22,10.25,10.75,10.1875,10.75,6.978321552276611,16900
1998-10-23,10.4375,10.75,10.4375,10.5625,6.856608867645264,23100
1998-10-26,10.4375,10.75,10.4375,10.5,6.816035747528076,1700
1998-10-27,10.8125,10.8125,10.25,10.25,6.653748512268066,18200
1998-10-28,10.0,10.25,10.0,10.125,6.572606563568115,27600
1998-10-29,9.75,10.125,9.75,10.0625,6.532033920288086,5000
1998-10-30,10.4375,10.5,10.1875,10.5,6.816035747528076,3200
1998-11-02,10.9375,11.25,10.8125,11.0625,7.181179523468018,74400
1998-11-03,11.125,11.1875,11.0,11.0625,7.181179523468018,10800
1998-11-04,11.3125,11.8125,11.3125,11.75,7.627469539642334,26800
1998-11-05,11.4375,11.8125,11.375,11.5625,7.5057525634765625,20000
1998-11-06,11.5,11.5625,11.5,11.5625,7.5057525634765625,11100
1998-11-09,11.5625,11.625,11.25,11.25,7.302894115447998,25000
1998-11-10,11.0,11.1875,11.0,11.0,7.140610694885254,16000
1998-11-11,11.3125,11.3125,10.75,10.75,6.978321552276611,9600
1998-11-12,10.75,10.9375,10.6875,10.6875,6.937750816345215,5200
1998-11-13,10.5625,10.5625,10.5625,10.5625,6.856608867645264,300
1998-11-16,10.875,10.875,10.5625,10.5625,6.856608867645264,35900
1998-11-17,10.625,10.8125,10.5625,10.75,6.978321552276611,10100
1998-11-18,10.625,10.875,10.625,10.875,7.0594658851623535,8500
1998-11-19,11.125,11.125,10.875,10.875,7.0594658851623535,3800
1998-11-20,11.125,11.125,10.75,10.75,6.978321552276611,2000
1998-11-23,10.75,11.25,10.75,11.1875,7.26232385635376,19000
1998-11-24,10.875,10.9375,10.75,10.75,6.978321552276611,7700
1998-11-25,10.625,10.625,10.625,10.625,6.8971781730651855,2000
1998-11-27,10.75,10.75,10.75,10.75,6.978321552276611,800
1998-11-30,10.5,10.5,10.125,10.125,6.572606563568115,8400
1998-12-01,9.375,10.0625,9.375,10.0625,6.532033920288086,25900
1998-12-02,9.8125,10.1875,9.8125,10.1875,6.613175868988037,12700
1998-12-03,9.875,10.0625,9.875,9.9375,6.4508891105651855,13300
1998-12-04,9.875,10.0625,9.75,10.0625,6.532033920288086,7800
1998-12-07,10.3125,10.3125,9.9375,10.125,6.572606563568115,14800
1998-12-08,10.1875,10.25,10.1875,10.1875,6.613175868988037,22200
1998-12-09,10.125,10.1875,9.9375,10.0625,6.532033920288086,16900
1998-12-10,9.875,9.9375,9.875,9.9375,6.4508891105651855,1500
1998-12-11,9.75,10.0,9.75,10.0,6.4914631843566895,5200
1998-12-14,10.3125,10.3125,9.8125,9.8125,6.369746685028076,12100
1998-12-15,9.9375,10.125,9.75,9.8125,6.369746685028076,51200
1998-12-16,10.0,10.0,9.75,9.9375,6.4508891105651855,41400
1998-12-17,9.9375,10.1875,9.875,9.9375,6.4508891105651855,1500
1998-12-18,10.0625,10.3125,10.0625,10.3125,6.69432258605957,8700
1998-12-21,10.3125,10.5,10.3125,10.5,6.816035747528076,6200
1998-12-22,10.25,10.375,10.1875,10.25,6.684946537017822,9600
1998-12-23,10.5625,10.5625,10.5625,10.5625,6.8887553215026855,1800
1998-12-24,10.375,10.4375,10.375,10.4375,6.807231903076172,2800
1998-12-28,10.375,10.5625,10.375,10.375,6.766470432281494,5900
1998-12-29,10.25,10.375,10.1875,10.1875,6.644184589385986,22400
1998-12-30,10.125,10.1875,10.0625,10.0625,6.562658786773682,8600
1998-12-31,10.3125,10.3125,10.25,10.25,6.684946537017822,41600
1999-01-04,10.5,10.5625,10.1875,10.1875,6.644184589385986,8200
1999-01-05,10.25,10.25,10.0625,10.25,6.684946537017822,7100
1999-01-06,10.375,10.375,10.0625,10.0625,6.562658786773682,82300
1999-01-07,10.0,10.0,9.75,9.9375,6.481135368347168,37700
1999-01-08,9.75,9.8125,9.625,9.625,6.277327537536621,6500
1999-01-11,9.625,9.625,9.25,9.375,6.1142802238464355,25900
1999-01-12,9.5,9.5,8.875,8.875,5.78818416595459,17500
1999-01-13,7.6875,8.375,7.6875,8.1875,5.339803218841553,57100
1999-01-14,8.1875,8.375,8.0625,8.3125,5.421328544616699,5500
1999-01-15,9.0,9.4375,9.0,9.4375,6.155041217803955,202000
1999-01-19,9.625,9.625,9.25,9.25,6.032755374908447,30800
1999-01-20,9.5,9.75,9.5,9.625,6.277327537536621,141900
1999-01-21,9.375,9.5625,9.375,9.375,6.1142802238464355,13400
1999-01-22,9.25,9.5,9.25,9.5,6.195804595947266,7600
1999-01-25,9.375,9.5625,9.375,9.5,6.195804595947266,1900
1999-01-26,9.4375,9.4375,9.4375,9.4375,6.155041217803955,200
1999-01-27,9.875,10.0625,9.625,9.75,6.358852863311768,18700
1999-01-28,10.0625,10.1875,9.8125,10.0,6.521897792816162,2600
1999-01-29,10.125,10.375,10.0,10.0,6.521897792816162,7500
1999-02-01,10.25,10.375,10.125,10.25,6.684946537017822,132000
1999-02-02,10.1875,10.25,10.125,10.125,6.603421688079834,28200
1999-02-03,10.125,10.3125,10.125,10.3125,6.725708484649658,12100
1999-02-04,10.375,10.375,10.25,10.25,6.684946537017822,5500
1999-02-05,10.1875,10.1875,10.0625,10.0625,6.562658786773682,5700
1999-02-08,10.25,10.5,10.25,10.3125,6.725708484649658,26200
1999-02-09,10.5625,10.5625,10.1875,10.1875,6.644184589385986,2700
1999-02-10,10.375,10.375,10.25,10.25,6.684946537017822,1200
1999-02-11,10.3125,10.9375,10.3125,10.9375,7.133326053619385,56000
1999-02-12,11.0,11.0,10.75,10.75,7.011037826538086,5100
1999-02-16,10.875,11.0625,10.8125,10.8125,7.051802635192871,12800
1999-02-17,10.875,11.125,10.75,10.75,7.011037826538086,17100
1999-02-18,10.875,10.875,10.75,10.8125,7.051802635192871,4100
1999-02-19,10.8125,11.0625,10.8125,11.0625,7.214849472045898,9200
1999-02-22,11.375,11.375,11.0,11.0,7.1740875244140625,365200
1999-02-23,11.25,11.25,11.0,11.125,7.255612850189209,17200
1999-02-24,11.0,11.25,10.9375,11.0,7.1740875244140625,16900
1999-02-25,11.0625,11.0625,10.75,10.75,7.011037826538086,18100
1999-02-26,10.875,10.9375,10.875,10.9375,7.133326053619385,2200
1999-03-01,11.0625,11.0625,10.75,10.75,7.011037826538086,20600
1999-03-02,10.6875,10.9375,10.6875,10.9375,7.133326053619385,8400
1999-03-03,10.8125,10.8125,10.625,10.625,6.929515838623047,4600
1999-03-04,10.5625,10.875,10.5625,10.75,7.011037826538086,71300
1999-03-05,11.0625,11.1875,10.875,11.1875,7.296370506286621,23000
1999-03-08,11.3125,11.5,11.3125,11.5,7.500184535980225,5000
1999-03-09,11.6875,12.1875,11.6875,12.0,7.826277256011963,19300
1999-03-10,12.1875,12.5,12.0625,12.5,8.152375221252441,22200
1999-03-11,12.375,12.9375,12.375,12.5,8.152375221252441,47100
1999-03-12,12.5,12.5,12.25,12.3125,8.030085563659668,11900
1999-03-15,12.25,12.75,12.1875,12.5,8.152375221252441,12800
1999-03-16,12.5,12.875,12.5,12.875,8.396942138671875,7400
1999-03-17,12.9375,13.0,12.6875,12.875,8.396942138671875,7500
1999-03-18,12.9375,12.9375,12.8125,12.875,8.396942138671875,3900
1999-03-19,13.125,13.1875,12.5,12.5,8.152375221252441,21000
1999-03-22,12.75,12.75,12.25,12.25,7.98932409286499,3100
1999-03-23,12.25,12.4375,12.0625,12.0625,7.867041110992432,12200
1999-03-24,12.4375,12.5,12.25,12.5,8.152375221252441,12800
1999-03-25,13.1875,13.1875,12.8125,12.8125,8.356183052062988,10300
1999-03-26,12.8125,12.875,12.625,12.625,8.23389720916748,11200
1999-03-29,12.8125,13.125,12.8125,13.0,8.478466987609863,17500
1999-03-30,12.9375,13.125,12.9375,13.0,8.478466987609863,5900
1999-03-31,13.1875,13.3125,13.1875,13.1875,8.600753784179688,8800
1999-04-01,13.375,13.375,13.25,13.3125,8.68227767944336,4400
1999-04-05,13.5,13.9375,13.5,13.9375,9.089895248413086,26300
1999-04-06,14.0,14.1875,13.875,14.0,9.130658149719238,20900
1999-04-07,14.1875,14.1875,13.6875,14.0,9.130658149719238,23000
1999-04-08,13.8125,14.0,13.8125,14.0,9.130658149719238,6100
1999-04-09,13.6875,13.9375,13.6875,13.9375,9.089895248413086,5000
1999-04-12,13.625,14.0,13.625,14.0,9.130658149719238,15200
1999-04-13,14.3125,14.5,14.125,14.125,9.21218204498291,8700
1999-04-14,14.375,14.4375,14.1875,14.375,9.375228881835938,33600
1999-04-15,14.125,14.75,14.0,14.75,9.61979866027832,130100
1999-04-16,14.8125,15.0,14.5625,15.0,9.782846450805664,36700
1999-04-19,15.25,15.625,14.875,14.875,9.701326370239258,83600
1999-04-20,15.0,15.0,14.625,14.625,9.538276672363281,11300
1999-04-21,14.75,14.75,14.3125,14.3125,9.334467887878418,19900
1999-04-22,14.75,14.75,14.375,14.75,9.61979866027832,62700
1999-04-23,14.9375,15.0,14.875,15.0,9.782846450805664,7700
1999-04-26,15.1875,15.1875,14.875,14.9375,9.742084503173828,48900
1999-04-27,14.9375,15.0,14.75,14.75,9.61979866027832,41100
1999-04-28,14.4375,15.0,14.375,14.875,9.701326370239258,36200
1999-04-29,14.875,15.25,14.875,15.1875,9.905134201049805,41200
1999-04-30,15.1875,15.625,14.875,14.875,9.701326370239258,59300
1999-05-03,15.0,15.375,15.0,15.3125,9.986655235290527,58800
1999-05-04,15.375,15.375,15.1875,15.3125,9.986655235290527,24300
1999-05-05,15.5,15.5,15.125,15.375,10.027417182922363,19300
1999-05-06,15.375,15.8125,15.1875,15.75,10.271990776062012,52300
1999-05-07,15.875,16.125,15.6875,16.0,10.435039520263672,89400
1999-05-10,16.375,16.8125,16.375,16.625,10.842657089233398,37100
1999-05-11,16.75,16.75,16.1875,16.375,10.679606437683105,182100
1999-05-12,16.375,16.375,15.9375,16.0625,10.475799560546875,30300
1999-05-13,16.25,16.5,16.125,16.3125,10.638847351074219,12300
1999-05-14,16.125,16.125,15.375,15.625,10.190465927124023,79100
1999-05-17,15.8125,15.8125,15.125,15.4375,10.068178176879883,32300
1999-05-18,15.75,15.75,15.4375,15.6875,10.23122501373291,8700
1999-05-19,15.875,15.875,15.25,15.25,9.945894241333008,14200
1999-05-20,15.5,15.625,15.25,15.25,9.945894241333008,7000
1999-05-21,15.3125,15.5625,15.1875,15.1875,9.905134201049805,6600
1999-05-24,14.875,14.9375,14.5,14.5,9.456755638122559,49600
1999-05-25,14.3125,14.5,14.0,14.125,9.21218204498291,29200
1999-05-26,14.0625,14.3125,14.0625,14.25,9.293705940246582,10900
1999-05-27,14.75,14.75,14.0625,14.0625,9.171419143676758,8200
1999-05-28,13.8125,14.125,13.8125,14.0,9.130658149719238,6900
1999-06-01,14.1875,14.1875,13.5625,13.75,8.967611312866211,6800
1999-06-02,13.6875,13.8125,13.6875,13.6875,8.926848411560059,4600
1999-06-03,14.0625,14.0625,13.875,14.0,9.130658149719238,4900
1999-06-04,13.625,14.25,13.625,14.25,9.293705940246582,13200
1999-06-07,14.375,14.375,14.125,14.375,9.375228881835938,7000
1999-06-08,14.375,14.5625,14.1875,14.1875,9.252939224243164,7700
1999-06-09,14.25,14.3125,14.25,14.3125,9.334467887878418,6800
1999-06-10,14.0,14.25,14.0,14.25,9.293705940246582,30400
1999-06-11,14.375,14.375,13.6875,13.6875,8.926848411560059,29600
1999-06-14,13.625,13.9375,13.5,13.5,8.804561614990234,17800
1999-06-15,13.4375,14.0,13.4375,14.0,9.130658149719238,34500
1999-06-16,14.25,15.0,14.25,14.5,9.456755638122559,557000
1999-06-17,15.1875,15.25,14.8125,15.0625,9.823609352111816,39200
1999-06-18,15.3125,15.3125,15.0,15.0,9.782846450805664,10400
1999-06-21,15.5,15.5,15.25,15.5,10.108942985534668,27700
1999-06-22,15.5625,15.6875,15.3125,15.5,10.108942985534668,59500
1999-06-23,15.5,15.5,14.78125,14.78125,9.640181541442871,257900
1999-06-24,15.0625,15.0625,14.4375,14.5,9.456755638122559,6300
1999-06-25,14.5,14.6875,14.4375,14.6875,9.5790376663208,5200
1999-06-28,14.6875,15.0,14.625,15.0,9.782846450805664,4400
1999-06-29,14.75,15.0,14.75,14.75,9.61979866027832,18400
1999-06-30,15.0625,15.5,14.875,15.5,10.108942985534668,121000
1999-07-01,15.375,15.6875,15.1875,15.4375,10.068178176879883,275700
1999-07-02,15.6875,15.875,15.5625,15.8125,10.312752723693848,29100
1999-07-06,15.5625,16.0,15.5625,15.8125,10.312752723693848,9400
1999-07-07,15.8125,15.875,15.5625,15.75,10.271990776062012,109900
1999-07-08,15.75,15.9375,15.625,15.75,10.271990776062012,36700
1999-07-09,15.75,15.75,15.5,15.5625,10.149703025817871,16700
1999-07-12,15.6875,15.6875,15.125,15.125,9.864368438720703,7400
1999-07-13,15.0625,15.125,14.6875,15.125,9.864368438720703,37700
1999-07-14,15.3125,15.5,15.3125,15.5,10.108942985534668,5700
1999-07-15,15.3125,15.5625,15.3125,15.5,10.108942985534668,18900
1999-07-16,15.5,15.5625,15.5,15.5,10.108942985534668,16700
1999-07-19,15.8125,15.8125,15.4375,15.6875,10.23122501373291,16200
1999-07-20,15.5625,15.6875,15.375,15.4375,10.068178176879883,14000
1999-07-21,15.25,15.3125,15.25,15.3125,9.986655235290527,2100
1999-07-22,15.3125,15.3125,15.0,15.0,9.782846450805664,13600
1999-07-23,15.0625,15.25,14.5,14.5625,9.497514724731445,16700
1999-07-26,14.375,14.5,14.1875,14.1875,9.252939224243164,96500
1999-07-27,14.375,14.375,14.1875,14.375,9.375228881835938,250800
1999-07-28,14.3125,14.375,14.1875,14.375,9.375228881835938,64000
1999-07-29,14.125,14.125,13.5625,13.625,8.886086463928223,110300
1999-07-30,13.875,13.875,13.625,13.625,8.886086463928223,2400
1999-08-02,13.875,13.875,13.5,13.5625,8.845327377319336,118400
1999-08-03,13.375,13.5625,13.3125,13.5625,8.845327377319336,6200
1999-08-04,13.625,13.6875,13.5625,13.6875,8.926848411560059,28200
1999-08-05,13.6875,13.6875,13.1875,13.1875,8.600753784179688,24300
1999-08-06,13.125,13.25,12.9375,12.9375,8.437704086303711,28200
1999-08-09,13.3125,13.3125,13.125,13.25,8.641517639160156,45900
1999-08-10,13.125,13.25,12.6875,13.0625,8.519230842590332,15300
1999-08-11,13.25,13.375,13.25,13.375,8.723037719726562,29200
1999-08-12,13.4375,13.875,13.4375,13.75,8.967611312866211,6500
1999-08-13,13.8125,14.0,13.8125,14.0,9.130658149719238,31000
1999-08-16,14.0625,14.1875,13.8125,13.8125,9.008374214172363,7200
1999-08-17,13.75,14.0,13.5,13.6875,8.926848411560059,29300
1999-08-18,13.8125,13.8125,13.625,13.75,8.967611312866211,18500
1999-08-19,13.6875,13.6875,13.3125,13.375,8.723037719726562,35800
1999-08-20,13.25,13.5625,13.25,13.3125,8.68227767944336,21900
1999-08-23,13.375,13.625,13.375,13.5625,8.845327377319336,8900
1999-08-24,13.4375,13.6875,13.4375,13.6875,8.926848411560059,3300
1999-08-25,13.5625,13.9375,13.5,13.875,9.10768985748291,9800
1999-08-26,14.0,14.0625,14.0,14.0,9.189742088317871,3700
1999-08-27,14.0625,14.0625,13.75,13.8125,9.06666374206543,11900
1999-08-30,13.4375,13.5625,13.3125,13.5625,8.902559280395508,6800
1999-08-31,13.4375,13.5625,13.1875,13.25,8.697434425354004,6100
1999-09-01,13.5,13.625,13.4375,13.5,8.86153507232666,8700
1999-09-02,13.25,13.25,13.1875,13.25,8.697434425354004,20300
1999-09-03,13.625,13.625,13.4375,13.4375,8.820511817932129,4800
1999-09-07,13.125,13.1875,12.875,12.9375,8.492303848266602,37600
1999-09-08,12.875,13.125,12.875,12.9375,8.492303848266602,11900
1999-09-09,12.6875,12.9375,12.6875,12.75,8.369226455688477,5400
1999-09-10,12.6875,13.0,12.6875,13.0,8.533329010009766,9900
1999-09-13,12.875,13.125,12.875,13.125,8.61538314819336,4400
1999-09-14,12.9375,13.25,12.9375,13.125,8.61538314819336,2800
1999-09-15,13.375,13.375,13.0,13.0625,8.574357032775879,3000
1999-09-16,12.9375,13.125,12.8125,12.9375,8.492303848266602,2600
1999-09-17,12.9375,12.9375,12.9375,12.9375,8.492303848266602,2200
1999-09-20,13.0,13.0625,12.875,13.0625,8.574357032775879,11900
1999-09-21,13.0625,13.0625,12.5625,12.75,8.369226455688477,90000
1999-09-22,12.8125,12.8125,12.625,12.8125,8.410255432128906,35800
1999-09-23,13.0625,13.3125,12.8125,12.8125,8.410255432128906,24800
1999-09-24,12.875,12.875,12.6875,12.765625,8.379483222961426,192400
1999-09-27,13.0,13.1875,13.0,13.1875,8.656405448913574,6800
1999-09-28,13.125,13.125,12.875,12.875,8.451278686523438,8900
1999-09-29,13.25,13.25,13.25,13.25,8.697434425354004,500
1999-09-30,12.9375,13.3125,12.9375,13.0,8.533329010009766,57100
1999-10-01,13.0625,13.0625,12.75,13.0,8.533329010009766,27400
1999-10-04,13.0,13.0,12.875,12.875,8.451278686523438,5800
1999-10-05,13.0625,13.125,12.6875,12.9375,8.492303848266602,19500
1999-10-06,13.125,13.125,13.0,13.0,8.533329010009766,6500
1999-10-07,13.375,13.375,13.125,13.125,8.61538314819336,5900
1999-10-08,13.0625,13.5,13.0625,13.375,8.7794828414917,6800
1999-10-11,13.4375,13.5625,13.4375,13.5625,8.902559280395508,2600
1999-10-12,13.8125,13.8125,13.3125,13.3125,8.738457679748535,20800
1999-10-13,13.3125,13.3125,13.0625,13.0625,8.574357032775879,6300
1999-10-14,13.0625,13.1875,13.0625,13.125,8.61538314819336,5500
1999-10-15,12.4375,12.4375,11.875,12.0,7.876920223236084,34400
1999-10-18,11.9375,12.1875,11.875,12.125,7.958972454071045,29900
1999-10-19,12.5,12.625,12.25,12.5,8.205127716064453,35300
1999-10-20,12.6875,12.75,12.5625,12.5625,8.246150970458984,5500
1999-10-21,12.75,12.875,12.6875,12.75,8.369226455688477,51200
1999-10-22,13.0,13.125,12.75,12.75,8.369226455688477,13300
1999-10-25,13.0,13.1875,12.8125,13.0625,8.574357032775879,107600
1999-10-26,13.25,13.25,12.9375,12.9375,8.492303848266602,16500
1999-10-27,13.1875,13.1875,12.8125,13.0625,8.574357032775879,15600
1999-10-28,13.3125,13.5625,13.25,13.4375,8.820511817932129,30400
1999-10-29,13.75,13.75,13.5,13.625,8.943586349487305,11200
1999-11-01,14.0625,14.0625,13.8125,14.0,9.189742088317871,7900
1999-11-02,14.0,14.25,13.9375,14.1875,9.312816619873047,10800
1999-11-03,14.4375,14.9375,14.4375,14.6875,9.641021728515625,47600
1999-11-04,14.9375,15.0625,14.6875,14.6875,9.641021728515625,2900
1999-11-05,14.9375,14.9375,14.75,14.9375,9.805126190185547,16100
1999-11-08,15.1875,15.375,15.125,15.125,9.928202629089355,45900
1999-11-09,15.5,15.5,14.875,14.875,9.764101028442383,20200
1999-11-10,15.0,15.3125,15.0,15.25,10.010251998901367,19300
1999-11-11,15.25,15.5625,15.25,15.375,10.092305183410645,17500
1999-11-12,15.75,15.75,15.3125,15.5,10.174355506896973,20200
1999-11-15,15.5,15.6875,15.4375,15.5,10.174355506896973,13500
1999-11-16,15.375,15.75,15.375,15.75,10.338457107543945,18900
1999-11-17,15.75,15.8125,15.5,15.625,10.256407737731934,14300
1999-11-18,16.0,16.0,15.75,15.875,10.420509338378906,43100
1999-11-19,16.125,16.375,16.0,16.25,10.666664123535156,17400
1999-11-22,16.4375,16.5,15.9375,16.125,10.584610939025879,30700
1999-11-23,15.9375,15.9375,15.5,15.75,10.338457107543945,18500
1999-11-24,15.6875,16.0,15.625,15.875,10.420509338378906,79700
1999-11-26,16.75,16.75,16.1875,16.1875,10.625638961791992,8900
1999-11-29,16.3125,16.375,16.125,16.1875,10.625638961791992,5500
1999-11-30,15.9375,16.1875,15.9375,15.9375,10.461532592773438,34000
1999-12-01,15.5,15.9375,15.5,15.75,10.338457107543945,15400
1999-12-02,15.875,16.25,15.875,16.1875,10.625638961791992,18500
1999-12-03,16.5,16.625,16.4375,16.5,10.830764770507812,26800
1999-12-06,16.25,16.875,16.25,16.5,10.830764770507812,46700
1999-12-07,16.75,16.75,16.375,16.375,10.748714447021484,20600
1999-12-08,16.5625,17.0,16.375,17.0,11.158968925476074,96200
1999-12-09,17.375,17.6875,17.125,17.1875,11.282048225402832,38100
1999-12-10,17.5625,17.5625,17.125,17.375,11.405125617980957,11600
1999-12-13,17.4375,17.4375,17.0,17.0,11.158968925476074,42000
1999-12-14,17.25,17.25,16.8125,16.875,11.076919555664062,17600
1999-12-15,16.9375,17.4375,16.9375,17.1875,11.282048225402832,17700
1999-12-16,17.25,17.5625,17.1875,17.375,11.405125617980957,24700
1999-12-17,17.3125,17.9375,17.3125,17.75,11.651277542114258,22200
1999-12-20,17.8125,17.8125,17.5625,17.8125,11.692302703857422,10100
1999-12-21,17.625,18.0,17.625,18.0,11.815382957458496,29300
1999-12-22,17.75,18.0625,17.3125,17.375,11.405125617980957,46900
1999-12-23,17.5,17.75,17.5,17.5,11.487174034118652,43500
1999-12-27,17.625,17.625,17.4375,17.5625,11.528199195861816,18000
1999-12-28,17.4375,17.5625,17.375,17.5,11.487174034118652,1900
1999-12-29,17.5,17.9375,17.5,17.75,11.651277542114258,54400
1999-12-30,18.125,18.125,17.75,17.9375,11.7743558883667,39600
1999-12-31,18.0625,18.0625,18.0,18.0625,11.856406211853027,14100
2000-01-03,18.5,18.625,18.0625,18.25,11.97948169708252,42800
2000-01-04,17.75,17.75,16.625,16.625,10.912818908691406,37400
2000-01-05,16.5625,17.0625,16.25,17.0,11.158968925476074,22400
2000-01-06,16.8125,17.125,16.8125,17.0,11.158968925476074,21300
2000-01-07,17.1875,17.6875,16.9375,17.5,11.487174034118652,57600
2000-01-10,18.25,18.375,18.0,18.375,12.06153392791748,36700
2000-01-11,18.5625,18.5625,17.875,17.875,11.73332691192627,29300
2000-01-12,18.0,18.0,17.625,17.75,11.651277542114258,5700
2000-01-13,18.5,18.5625,18.25,18.375,12.06153392791748,27000
2000-01-14,18.25,18.625,18.25,18.625,12.225637435913086,23700
2000-01-18,18.625,18.75,18.375,18.5625,12.184612274169922,26800
2000-01-19,18.625,18.625,18.0,18.25,11.97948169708252,11900
2000-01-20,18.0625,18.3125,17.5,17.5,11.487174034118652,94400
2000-01-21,17.625,17.625,17.4375,17.5,11.487174034118652,7900
2000-01-24,17.5,17.625,16.875,16.875,11.076919555664062,21400
2000-01-25,16.875,17.125,16.6875,16.875,11.076919555664062,21500
2000-01-26,17.125,17.125,16.875,17.125,11.241021156311035,10200
2000-01-27,17.0625,17.375,17.0,17.1875,11.282048225402832,29600
2000-01-28,16.6875,16.9375,16.5,16.5625,10.871789932250977,12900
2000-01-31,16.375,16.375,15.8125,16.25,10.666664123535156,12400
2000-02-01,16.1875,16.4375,15.9375,16.3125,10.707687377929688,21900
2000-02-02,16.3125,16.75,16.3125,16.75,10.994868278503418,27300
2000-02-03,16.875,17.6875,16.875,17.6875,11.610250473022461,16800
2000-02-04,17.625,18.3125,17.625,18.125,11.897432327270508,73300
2000-02-07,18.25,18.5625,18.125,18.5625,12.184612274169922,23300
2000-02-08,19.375,19.375,18.4375,18.875,12.389738082885742,26400
2000-02-09,18.6875,19.0625,18.5625,18.5625,12.184612274169922,16800
2000-02-10,18.5,19.375,18.5,19.0625,12.512812614440918,35300
2000-02-11,19.375,19.4375,18.625,18.6875,12.2666654586792,17900
2000-02-14,19.0625,19.0625,18.75,18.75,12.307686805725098,11800
2000-02-15,18.75,18.875,18.25,18.75,12.307686805725098,31300
2000-02-16,18.8125,18.9375,18.6875,18.9375,12.430761337280273,8900
2000-02-17,19.0,19.0,18.5625,18.75,12.307686805725098,13700
2000-02-18,18.8125,18.8125,18.0,18.0,11.815382957458496,11500
2000-02-22,18.125,18.125,17.375,17.375,11.405125617980957,27500
2000-02-23,17.8125,18.125,17.75,18.125,11.897432327270508,20400
2000-02-24,18.125,18.4375,17.875,17.9375,11.7743558883667,15100
2000-02-25,17.9375,18.1875,17.8125,17.8125,11.692302703857422,17900
2000-02-28,17.6875,17.8125,17.375,17.75,11.651277542114258,14700
2000-02-29,17.875,18.125,17.75,17.75,11.651277542114258,7400
2000-03-01,18.0,18.375,17.75,18.1875,11.938453674316406,16400
2000-03-02,18.5,19.375,18.5,19.375,12.717947006225586,16800
2000-03-03,20.0,20.25,19.5625,19.9375,13.08717155456543,70100
2000-03-06,19.9375,19.9375,19.375,19.625,12.882043838500977,16400
2000-03-07,19.3125,20.4375,19.125,19.75,12.96409797668457,75700
2000-03-08,20.0,20.5625,20.0,20.25,13.292304039001465,32700
2000-03-09,20.75,20.8125,20.375,20.5625,13.497435569763184,16700
2000-03-10,20.75,20.75,20.125,20.125,13.210249900817871,28900
2000-03-13,19.875,19.875,19.1875,19.375,12.717947006225586,19400
2000-03-14,19.625,19.625,19.0,19.0,12.471789360046387,12900
2000-03-15,18.9375,19.3125,18.6875,19.25,12.635892868041992,31500
2000-03-16,19.8125,19.8125,19.3125,19.4375,12.758971214294434,12400
2000-03-17,19.5,19.75,19.3125,19.625,12.882043838500977,35500
2000-03-20,19.75,19.75,19.4375,19.6875,12.923073768615723,55000
2000-03-21,19.625,19.75,19.4375,19.75,12.96409797668457,9200
2000-03-22,19.5625,19.75,19.1875,19.4375,12.758971214294434,14500
2000-03-23,19.0,19.625,19.0,19.625,12.882043838500977,17000
2000-03-24,19.6875,20.0625,19.6875,20.0,13.12819766998291,15300
2000-03-27,20.3125,20.3125,20.0,20.1875,13.2512788772583,11200
2000-03-28,19.875,19.9375,19.6875,19.6875,12.923073768615723,4600
2000-03-29,19.3125,19.625,19.25,19.3125,12.676919937133789,60300
2000-03-30,18.9375,19.0,18.25,18.5625,12.184612274169922,91800
2000-03-31,18.875,18.875,18.4375,18.4375,12.102561950683594,7300
2000-04-03,18.4375,18.4375,17.875,17.875,11.73332691192627,20300
2000-04-04,18.0625,18.375,16.875,17.5625,11.528199195861816,57700
2000-04-05,17.5625,18.0625,17.4375,17.9375,11.7743558883667,16600
2000-04-06,18.0625,18.375,18.0625,18.3125,12.020509719848633,13900
2000-04-07,18.8125,19.0,18.6875,19.0,12.471789360046387,27700
2000-04-10,18.75,19.0625,18.75,18.8125,12.348712921142578,19400
2000-04-11,18.4375,18.4375,18.25,18.3125,12.020509719848633,7400
2000-04-12,18.25,18.25,17.75,17.75,11.651277542114258,11200
2000-04-13,17.625,17.625,17.1875,17.1875,11.282048225402832,17100
2000-04-14,16.3125,16.5625,15.3125,15.4375,10.133330345153809,56300
2000-04-17,15.4375,15.5,15.1875,15.5,10.174355506896973,19200
2000-04-18,15.75,16.375,15.5,16.375,10.748714447021484,16200
2000-04-19,16.1875,16.3125,16.0,16.0625,10.543586730957031,23100
2000-04-20,16.0,16.0,15.8125,16.0,10.50256061553955,5100
2000-04-24,15.5,15.9375,15.5,15.875,10.420509338378906,8700
2000-04-25,16.3125,16.625,16.3125,16.625,10.912818908691406,3800
2000-04-26,16.75,17.0625,16.4375,16.5,10.830764770507812,7700
2000-04-27,15.875,16.6875,15.875,16.4375,10.789739608764648,19600
2000-04-28,16.6875,16.75,16.5625,16.6875,10.953841209411621,6900
2000-05-01,16.3125,16.5625,16.3125,16.375,10.748714447021484,5100
2000-05-02,16.5625,16.8125,16.375,16.375,10.748714447021484,5900
2000-05-03,16.0,16.0,15.5,15.5625,10.215383529663086,43800
2000-05-04,16.0,16.0625,15.6875,15.9375,10.461532592773438,10100
2000-05-05,15.9375,15.9375,15.9375,15.9375,10.461532592773438,0
2000-05-08,16.0,16.0,15.375,15.4375,10.133330345153809,5500
2000-05-09,15.625,15.625,15.125,15.25,10.010251998901367,16900
2000-05-10,15.0,15.125,14.8125,14.9375,9.805126190185547,34400
2000-05-11,15.375,15.375,15.3125,15.3125,10.051279067993164,2000
2000-05-12,15.4375,15.5,15.4375,15.4375,10.133330345153809,5100
2000-05-15,15.6875,15.75,15.4375,15.75,10.338457107543945,8800
2000-05-16,16.0,16.0,15.75,15.75,10.338457107543945,9700
2000-05-17,15.6875,15.6875,15.3125,15.3125,10.051279067993164,8300
2000-05-18,15.5,15.5,15.0,15.125,9.928202629089355,42700
2000-05-19,15.0,15.0,14.4375,14.5625,9.558968544006348,11000
2000-05-22,14.75,14.75,13.9375,14.1875,9.312816619873047,16100
2000-05-23,14.125,14.25,14.125,14.1875,9.312816619873047,6700
2000-05-24,14.1875,14.6875,13.9375,14.6875,9.641021728515625,12400
2000-05-25,14.875,14.875,14.375,14.375,9.435893058776855,4200
2000-05-26,14.1875,14.375,14.125,14.375,9.435893058776855,3700
2000-05-30,14.625,15.0,14.625,15.0,9.846152305603027,22200
2000-05-31,15.375,15.375,15.0625,15.0625,9.887174606323242,5700
2000-06-01,15.125,15.5,15.125,15.5,10.174355506896973,42100
2000-06-02,16.4375,16.75,16.1875,16.5,10.830764770507812,326100
2000-06-05,16.4375,16.625,16.3125,16.4375,10.789739608764648,15600
2000-06-06,16.375,16.375,15.75,15.75,10.338457107543945,113700
2000-06-07,15.5625,15.625,15.125,15.375,10.092305183410645,61600
2000-06-08,15.5625,15.625,15.1875,15.5625,10.215383529663086,15500
2000-06-09,15.75,15.75,15.4375,15.4375,10.133330345153809,7100
2000-06-12,15.5,15.8125,15.5,15.5625,10.215383529663086,18900
2000-06-13,15.75,16.0625,15.5,16.0625,10.543586730957031,36800
2000-06-14,16.0625,16.25,16.0,16.25,10.666664123535156,13200
2000-06-15,16.0,16.0625,15.9375,16.0,10.50256061553955,13200
2000-06-16,15.875,15.875,15.4375,15.5,10.174355506896973,57000
2000-06-19,15.9375,15.9375,15.375,15.75,10.338457107543945,13900
2000-06-20,15.75,15.75,15.3125,15.4375,10.133330345153809,50600
2000-06-21,15.5625,15.8125,15.5,15.6875,10.297429084777832,22900
2000-06-22,15.9375,15.9375,15.375,15.5,10.174355506896973,18200
2000-06-23,15.375,15.375,14.9375,15.25,10.010251998901367,3300
2000-06-26,15.25,15.375,15.1875,15.1875,9.969229698181152,16900
2000-06-27,15.5,15.75,15.5,15.5,10.174355506896973,2800
2000-06-28,16.0,16.0,15.6875,16.0,10.50256061553955,17900
2000-06-29,15.4375,15.9375,15.4375,15.9375,10.461532592773438,5400
2000-06-30,16.5625,16.8125,16.375,16.4375,10.789739608764648,22500
2000-07-03,17.875,18.125,17.75,18.0625,11.856406211853027,70600
2000-07-05,18.75,18.75,17.90625,17.90625,11.753843307495117,599100
2000-07-06,18.1875,19.1875,17.5625,17.625,11.56922721862793,119900
2000-07-07,17.5625,18.0625,17.5625,17.9375,11.7743558883667,46500
2000-07-10,18.0625,18.125,17.8125,18.0,11.815382957458496,26300
2000-07-11,18.25,18.3125,17.9375,18.0625,11.856406211853027,24600
2000-07-12,18.0625,18.1875,17.8125,18.0625,11.856406211853027,18200
2000-07-13,18.5625,18.6875,18.25,18.4375,12.102561950683594,26100
2000-07-14,18.625,18.875,18.375,18.5,12.143588066101074,49400
2000-07-17,18.5,18.5,18.1875,18.375,12.06153392791748,19700
2000-07-18,18.4375,18.4375,17.9375,18.25,11.97948169708252,31900
2000-07-19,17.625,17.875,17.0,17.4375,11.446150779724121,36400
2000-07-20,17.625,17.8125,17.0,17.125,11.241021156311035,29100
2000-07-21,17.125,17.4375,17.0,17.0,11.158968925476074,9900
2000-07-24,17.0625,17.1875,16.8125,16.9375,11.117945671081543,21200
2000-07-25,16.8125,17.1875,16.8125,17.1875,11.282048225402832,33600
2000-07-26,17.0,17.125,16.875,17.0,11.158968925476074,60900
2000-07-27,16.9375,17.125,16.875,17.0625,11.199995994567871,19500
2000-07-28,16.5625,16.625,16.125,16.25,10.666664123535156,22300
2000-07-31,16.375,16.5625,16.0,16.375,10.748714447021484,28700
2000-08-01,16.4375,16.75,16.4375,16.5,10.830764770507812,8500
2000-08-02,16.5,16.8125,16.5,16.75,10.994868278503418,17600
2000-08-03,16.4375,16.5,16.125,16.3125,10.707687377929688,64200
2000-08-04,16.75,16.75,16.5,16.6875,10.953841209411621,27800
2000-08-07,16.875,16.875,16.75,16.875,11.076919555664062,3000
2000-08-08,16.875,17.0625,16.75,16.875,11.076919555664062,33900
2000-08-09,17.0625,17.0625,16.5625,16.5625,10.871789932250977,27400
2000-08-10,16.5625,16.5625,16.3125,16.5,10.830764770507812,12900
2000-08-11,16.25,16.875,16.25,16.625,10.912818908691406,44600
2000-08-14,16.8125,16.875,16.625,16.875,11.076919555664062,14200
2000-08-15,16.5625,16.8125,16.5,16.625,10.912818908691406,41300
2000-08-16,17.0,17.0,16.75,17.0,11.158968925476074,7100
2000-08-17,16.625,17.0,16.625,16.875,11.076919555664062,27200
2000-08-18,17.0,17.1875,16.5,16.5,10.830764770507812,80800
2000-08-21,16.6875,16.6875,16.25,16.4375,10.789739608764648,37500
2000-08-22,16.5625,16.5625,16.1875,16.375,10.748714447021484,11600
2000-08-23,16.3125,16.625,16.25,16.5,10.830764770507812,25100
2000-08-24,16.125,16.125,15.875,15.875,10.694681167602539,17500
2000-08-25,16.0,16.0,15.625,15.6875,10.568365097045898,20000
2000-08-28,15.75,16.0,15.625,15.6875,10.568365097045898,25300
2000-08-29,15.875,15.9375,15.8125,15.8125,10.652579307556152,27200
2000-08-30,15.75,16.5,15.75,16.5,11.115734100341797,13300
2000-08-31,16.875,17.0,16.75,16.75,11.28415298461914,44500
2000-09-01,16.5625,17.0,16.5625,17.0,11.452573776245117,154100
2000-09-05,16.75,17.1875,16.6875,17.0625,11.494677543640137,27200
2000-09-06,17.125,17.25,16.6875,16.6875,11.242047309875488,21600
2000-09-07,17.0625,17.3125,16.9375,16.9375,11.410469055175781,19400
2000-09-08,17.125,17.125,16.625,16.75,11.28415298461914,30900
2000-09-11,16.6875,17.125,16.6875,16.8125,11.326257705688477,35000
2000-09-12,16.875,16.875,16.25,16.25,10.947311401367188,49800
2000-09-13,16.1875,16.6875,16.1875,16.625,11.199944496154785,30900
2000-09-14,16.75,16.8125,16.5625,16.8125,11.326257705688477,35300
2000-09-15,16.5,16.6875,16.375,16.625,11.199944496154785,30100
2000-09-18,16.5,16.5,16.0625,16.1875,10.905208587646484,26900
2000-09-19,16.0,16.1875,15.875,16.1875,10.905208587646484,16500
2000-09-20,15.9375,16.25,15.9375,16.125,10.863102912902832,8500
2000-09-21,16.25,16.25,16.0,16.0,10.778891563415527,2600
2000-09-22,15.125,15.8125,15.125,15.625,10.526260375976562,23600
2000-09-25,15.8125,16.1875,15.8125,15.875,10.694681167602539,12200
2000-09-26,15.625,15.8125,15.5,15.5625,10.484155654907227,13600
2000-09-27,15.4375,15.625,15.1875,15.1875,10.231529235839844,24900
2000-09-28,15.3125,15.625,15.25,15.625,10.526260375976562,13000
2000-09-29,15.5,15.5,15.1875,15.1875,10.231529235839844,4900
2000-10-02,15.1875,15.5625,14.875,15.125,10.189424514770508,144700
2000-10-03,15.0625,15.1875,14.9375,14.9375,10.06310749053955,35000
2000-10-04,14.9375,15.3125,14.8125,15.3125,10.31573486328125,57800
2000-10-05,15.125,15.375,15.125,15.3125,10.31573486328125,66700
2000-10-06,15.0,15.0,14.625,14.75,9.936792373657227,42700
2000-10-09,14.5625,14.5625,14.375,14.5625,9.810476303100586,12800
2000-10-10,14.6875,14.8125,14.4375,14.8125,9.978893280029297,60500
2000-10-11,14.75,14.75,14.3125,14.375,9.684159278869629,87300
2000-10-12,14.5,14.5,13.75,13.75,9.26311206817627,20100
2000-10-13,13.75,14.25,13.75,14.125,9.515740394592285,33200
2000-10-16,14.125,14.375,14.0625,14.0625,9.473637580871582,42900
2000-10-17,14.0,14.125,13.5,13.75,9.26311206817627,56600
2000-10-18,13.375,14.1875,13.375,14.1875,9.557845115661621,80400
2000-10-19,14.25,14.625,14.1875,14.625,9.852581977844238,43100
2000-10-20,14.25,14.625,14.25,14.4375,9.72626781463623,39900
2000-10-23,14.5,14.5,14.0625,14.25,9.599949836730957,32300
2000-10-24,14.4375,14.75,14.4375,14.5,9.76837158203125,11700
2000-10-25,14.375,14.75,14.375,14.625,9.852581977844238,29300
2000-10-26,14.5,14.625,14.4375,14.5,9.76837158203125,7600
2000-10-27,14.9375,15.125,14.75,15.0625,10.147317886352539,30100
2000-10-30,15.1875,15.375,14.9375,15.0625,10.147317886352539,22800
2000-10-31,15.5625,15.8125,15.3125,15.8125,10.652579307556152,66700
2000-11-01,15.25,15.625,15.25,15.375,10.357842445373535,10400
2000-11-02,15.4375,15.8125,15.4375,15.75,10.61047077178955,27300
2000-11-03,15.5625,15.5625,15.0625,15.1875,10.231529235839844,28300
2000-11-06,15.25,15.3125,14.6875,15.25,10.273628234863281,92100
2000-11-07,15.0625,15.625,15.0625,15.625,10.526260375976562,39600
2000-11-08,15.5625,15.5625,15.3125,15.3125,10.31573486328125,8200
2000-11-09,15.25,15.25,14.75,14.75,9.936792373657227,13500
2000-11-10,14.875,15.0,14.6875,14.75,9.936792373657227,14200
2000-11-13,14.625,14.6875,14.3125,14.3125,9.642054557800293,16200
2000-11-14,14.5625,15.0,14.5625,14.9375,10.06310749053955,9700
2000-11-15,14.875,15.1875,14.875,15.1875,10.231529235839844,6400
2000-11-16,14.9375,14.9375,14.8125,14.9375,10.06310749053955,4800
2000-11-17,15.125,15.3125,15.0,15.3125,10.31573486328125,9000
2000-11-20,15.3125,15.4375,15.125,15.1875,10.231529235839844,38700
2000-11-21,15.125,15.3125,15.0,15.3125,10.31573486328125,16500
2000-11-22,14.9375,15.125,14.75,14.9375,10.06310749053955,38300
2000-11-24,14.9375,15.125,14.9375,15.0,10.105210304260254,11400
2000-11-27,15.3125,15.3125,14.9375,15.0625,10.147317886352539,17700
2000-11-28,15.0625,15.0625,14.75,14.75,9.936792373657227,20200
2000-11-29,14.875,14.875,14.6875,14.8125,9.978893280029297,9300
2000-11-30,14.6875,14.6875,13.9375,14.25,9.599949836730957,52200
2000-12-01,13.8125,14.1875,13.8125,14.1875,9.557845115661621,9900
2000-12-04,13.75,13.9375,13.4375,13.4375,9.052583694458008,36500
2000-12-05,13.9375,14.375,13.8125,14.0625,9.473637580871582,23200
2000-12-06,14.0625,14.5,14.0,14.25,9.599949836730957,20100
2000-12-07,14.0625,14.4375,13.875,14.375,9.684159278869629,21500
2000-12-08,14.4375,14.75,14.375,14.4375,9.72626781463623,111100
2000-12-11,14.1875,14.5625,14.1875,14.5,9.76837158203125,13100
2000-12-12,14.1875,14.4375,14.1875,14.25,9.599949836730957,9000
2000-12-13,14.5,14.5,13.9375,14.1875,9.557845115661621,112500
2000-12-14,14.1875,14.375,13.9375,14.0625,9.473637580871582,12500
2000-12-15,13.875,14.0,13.625,13.75,9.26311206817627,65800
2000-12-18,13.9375,14.0,13.75,13.75,9.26311206817627,13300
2000-12-19,13.875,14.0,13.375,13.4375,9.052583694458008,24700
2000-12-20,13.5,13.5,12.4375,12.75,8.636345863342285,29300
2000-12-21,12.375,13.0625,12.375,13.0625,8.848024368286133,29100
2000-12-22,12.8125,13.1875,12.8125,13.125,8.890357971191406,28700
2000-12-26,13.1875,13.375,13.0,13.375,9.059698104858398,24000
2000-12-27,13.125,13.4375,13.0625,13.25,8.975027084350586,34700
2000-12-28,13.5,13.5625,13.1875,13.1875,8.93269157409668,35500
2000-12-29,13.5,13.5625,13.25,13.3125,9.01736068725586,19600
2001-01-02,13.4375,13.625,13.0,13.0,8.805685043334961,41800
2001-01-03,13.1875,14.0625,12.75,14.0625,9.525383949279785,128200
2001-01-04,13.875,14.25,13.875,14.125,9.567717552185059,29100
2001-01-05,14.125,14.125,13.875,14.125,9.567717552185059,3400
2001-01-08,14.125,14.125,13.8125,14.125,9.567717552185059,89600
2001-01-09,14.125,14.25,13.75,13.75,9.313709259033203,21700
2001-01-10,13.6875,13.8125,13.25,13.25,8.975027084350586,27300
2001-01-11,13.0625,13.9375,13.0625,13.9375,9.440711975097656,19600
2001-01-12,14.0,14.0625,13.875,13.875,9.398378372192383,40400
2001-01-16,13.75,14.0,13.75,13.875,9.398378372192383,65200
2001-01-17,14.375,14.5,14.125,14.1875,9.610052108764648,84200
2001-01-18,14.4375,14.4375,14.0625,14.25,9.652388572692871,101300
2001-01-19,14.375,14.5,14.1875,14.375,9.737056732177734,26500
2001-01-22,14.625,14.625,14.4375,14.625,9.906397819519043,22700
2001-01-23,14.8125,15.0,14.5,14.875,10.075739860534668,77700
2001-01-24,14.9375,15.125,14.8125,14.875,10.075739860534668,69000
2001-01-25,14.875,15.0625,14.6875,14.6875,9.948731422424316,51100
2001-01-26,14.5,15.0,14.5,15.0,10.160407066345215,72100
2001-01-29,15.020000457763672,15.369999885559082,15.020000457763672,15.300000190734863,10.363618850708008,95400
2001-01-30,15.300000190734863,15.600000381469727,15.300000190734863,15.399999618530273,10.431352615356445,40000
2001-01-31,15.550000190734863,15.649999618530273,15.050000190734863,15.350000381469727,10.397485733032227,34800
2001-02-01,15.350000381469727,15.5,15.050000190734863,15.109999656677246,10.234917640686035,19100
2001-02-02,15.25,15.25,15.0,15.0,10.160407066345215,17000
2001-02-05,15.0,15.260000228881836,14.800000190734863,15.100000381469727,10.228145599365234,52400
2001-02-06,15.350000381469727,15.350000381469727,15.069999694824219,15.1899995803833,10.289104461669922,18000
2001-02-07,15.25,15.279999732971191,14.859999656677246,14.859999656677246,10.065577507019043,87900
2001-02-08,15.149999618530273,15.229999542236328,14.760000228881836,14.800000190734863,10.024935722351074,29100
2001-02-09,14.649999618530273,14.899999618530273,14.600000381469727,14.800000190734863,10.024935722351074,75300
2001-02-12,14.600000381469727,15.25,14.600000381469727,15.25,10.32974624633789,54200
2001-02-13,15.199999809265137,15.199999809265137,14.800000190734863,14.800000190734863,10.024935722351074,20200
2001-02-14,14.850000381469727,15.100000381469727,14.510000228881836,15.100000381469727,10.228145599365234,29100
2001-02-15,15.300000190734863,15.300000190734863,15.0,15.109999656677246,10.234917640686035,112700
2001-02-16,15.0,15.0,14.699999809265137,14.899999618530273,10.092674255371094,6500
2001-02-20,15.149999618530273,15.149999618530273,14.699999809265137,14.84000015258789,10.052033424377441,28900
2001-02-21,14.350000381469727,14.449999809265137,14.0,14.0,9.483046531677246,119900
2001-02-22,14.0,14.199999809265137,13.699999809265137,14.010000228881836,9.489822387695312,136100
2001-02-23,13.890000343322754,14.199999809265137,13.850000381469727,14.149999618530273,9.584651947021484,26800
2001-02-26,14.4399995803833,14.449999809265137,14.100000381469727,14.149999618530273,9.584651947021484,28800
2001-02-27,14.399999618530273,14.550000190734863,14.199999809265137,14.199999809265137,9.618520736694336,33300
2001-02-28,14.25,14.350000381469727,14.199999809265137,14.260000228881836,9.659162521362305,17800
2001-03-01,14.25,14.5,14.0,14.399999618530273,9.753993034362793,20000
2001-03-02,14.199999809265137,14.699999809265137,14.199999809265137,14.699999809265137,9.957201957702637,17900
2001-03-05,14.75,14.850000381469727,14.399999618530273,14.399999618530273,9.753993034362793,11400
2001-03-06,14.649999618530273,15.0600004196167,14.649999618530273,15.0,10.160407066345215,52400
2001-03-07,15.100000381469727,15.199999809265137,14.75,15.149999618530273,10.262011528015137,72800
2001-03-08,14.800000190734863,15.350000381469727,14.800000190734863,15.0,10.160407066345215,246100
2001-03-09,15.100000381469727,15.100000381469727,14.75,14.960000038146973,10.133315086364746,12700
2001-03-12,14.75,14.800000190734863,14.100000381469727,14.100000381469727,9.550782203674316,15000
2001-03-13,14.25,14.5,14.0600004196167,14.399999618530273,9.753993034362793,20100
2001-03-14,13.800000190734863,14.210000038146973,13.800000190734863,14.010000228881836,9.489822387695312,219200
2001-03-15,14.0,14.279999732971191,13.75,14.0,9.483046531677246,19200
2001-03-16,14.0,14.149999618530273,13.800000190734863,13.949999809265137,9.449176788330078,5700
2001-03-19,13.850000381469727,14.399999618530273,13.850000381469727,14.399999618530273,9.753993034362793,12200
2001-03-20,14.25,14.5,13.800000190734863,13.800000190734863,9.347577095031738,35700
2001-03-21,13.949999809265137,14.0,13.710000038146973,13.8100004196167,9.354349136352539,8400
2001-03-22,13.5,13.550000190734863,13.199999809265137,13.40999984741211,9.083406448364258,79700
2001-03-23,13.850000381469727,13.850000381469727,13.0,13.300000190734863,9.008895874023438,55800
2001-03-26,13.5,13.710000038146973,13.350000381469727,13.59000015258789,9.205330848693848,13400
2001-03-27,13.699999809265137,14.050000190734863,13.619999885559082,13.699999809265137,9.279837608337402,26500
2001-03-28,13.850000381469727,13.850000381469727,13.550000190734863,13.5600004196167,9.18500804901123,5200
2001-03-29,13.850000381469727,13.850000381469727,13.600000381469727,13.619999885559082,9.225648880004883,250500
2001-03-30,13.600000381469727,13.989999771118164,13.600000381469727,13.989999771118164,9.476274490356445,16600
2001-04-02,14.100000381469727,14.100000381469727,13.649999618530273,13.899999618530273,9.415312767028809,17900
2001-04-03,14.0,14.0,13.350000381469727,13.430000305175781,9.096952438354492,13000
2001-04-04,13.399999618530273,14.399999618530273,13.399999618530273,13.699999809265137,9.279837608337402,1505500
2001-04-05,14.149999618530273,14.199999809265137,14.0,14.0,9.483046531677246,20700
2001-04-06,13.899999618530273,14.100000381469727,13.890000343322754,13.890000343322754,9.408537864685059,10800
2001-04-09,14.449999809265137,14.449999809265137,14.210000038146973,14.449999809265137,9.787857055664062,1600
2001-04-10,14.550000190734863,15.0,14.449999809265137,14.789999961853027,10.01816177368164,14500
2001-04-11,15.09000015258789,15.09000015258789,14.880000114440918,15.0,10.160407066345215,57600
2001-04-12,14.949999809265137,15.050000190734863,14.800000190734863,14.920000076293945,10.106220245361328,12100
2001-04-16,14.850000381469727,15.149999618530273,14.819999694824219,15.149999618530273,10.262011528015137,2100
2001-04-17,14.949999809265137,15.199999809265137,14.8100004196167,15.199999809265137,10.295880317687988,76100
2001-04-18,15.350000381469727,16.049999237060547,15.350000381469727,15.539999961853027,10.526183128356934,95700
2001-04-19,15.350000381469727,15.449999809265137,15.199999809265137,15.399999618530273,10.431352615356445,61900
2001-04-20,14.859999656677246,14.859999656677246,14.449999809265137,14.449999809265137,9.787857055664062,64000
2001-04-23,14.399999618530273,14.5,14.199999809265137,14.479999542236328,9.80817985534668,4400
2001-04-24,14.399999618530273,14.84000015258789,14.399999618530273,14.5,9.821727752685547,13100
2001-04-25,14.399999618530273,14.699999809265137,14.399999618530273,14.6899995803833,9.950429916381836,10900
2001-04-26,14.800000190734863,15.300000190734863,14.699999809265137,14.899999618530273,10.092674255371094,44200
2001-04-27,15.350000381469727,15.350000381469727,15.0,15.1899995803833,10.289104461669922,111400
2001-04-30,15.0,15.350000381469727,15.0,15.010000228881836,10.167181968688965,29700
2001-05-01,14.899999618530273,15.199999809265137,14.859999656677246,15.010000228881836,10.167181968688965,4400
2001-05-02,15.0,15.550000190734863,15.0,15.550000190734863,10.532957077026367,61900
2001-05-03,15.100000381469727,15.489999771118164,15.100000381469727,15.350000381469727,10.397485733032227,74600
2001-05-04,15.199999809265137,15.649999618530273,15.199999809265137,15.649999618530273,10.600691795349121,206900
2001-05-07,15.420000076293945,15.550000190734863,15.260000228881836,15.489999771118164,10.492319107055664,16600
2001-05-08,15.600000381469727,15.649999618530273,15.25,15.270000457763672,10.343295097351074,63300
2001-05-09,15.0,15.300000190734863,15.0,15.300000190734863,10.363618850708008,29300
2001-05-10,15.569999694824219,15.720000267028809,15.319999694824219,15.319999694824219,10.377163887023926,13500
2001-05-11,15.3100004196167,15.600000381469727,15.3100004196167,15.600000381469727,10.566823959350586,6300
2001-05-14,15.550000190734863,15.550000190734863,15.3100004196167,15.550000190734863,10.532957077026367,7800
2001-05-15,15.300000190734863,15.399999618530273,15.149999618530273,15.149999618530273,10.262011528015137,18200
2001-05-16,15.050000190734863,15.199999809265137,15.050000190734863,15.1899995803833,10.289104461669922,135900
2001-05-17,15.5,16.299999237060547,15.5,16.25,11.007107734680176,257300
2001-05-18,16.299999237060547,16.700000762939453,16.200000762939453,16.5,11.1764497756958,56900
2001-05-21,16.799999237060547,17.049999237060547,16.600000381469727,16.860000610351562,11.420302391052246,60000
2001-05-22,17.0,17.0,16.700000762939453,16.850000381469727,11.413527488708496,46300
2001-05-23,16.75,17.100000381469727,16.530000686645508,16.989999771118164,11.508353233337402,38200
2001-05-24,17.09000015258789,17.100000381469727,16.6299991607666,16.719999313354492,11.325467109680176,24600
2001-05-25,16.850000381469727,16.899999618530273,16.399999618530273,16.799999237060547,11.379654884338379,29300
2001-05-29,16.899999618530273,16.950000762939453,16.549999237060547,16.75,11.345787048339844,39100
2001-05-30,16.600000381469727,16.760000228881836,16.299999237060547,16.600000381469727,11.244184494018555,38300
2001-05-31,16.350000381469727,16.600000381469727,16.209999084472656,16.360000610351562,11.081619262695312,29700
2001-06-01,16.260000228881836,16.639999389648438,16.25,16.639999389648438,11.271279335021973,10200
2001-06-04,16.600000381469727,16.600000381469727,16.299999237060547,16.399999618530273,11.10871410369873,20300
2001-06-05,16.489999771118164,16.510000228881836,16.360000610351562,16.510000228881836,11.183222770690918,53100
2001-06-06,16.450000762939453,16.75,16.450000762939453,16.75,11.345787048339844,20600
2001-06-07,16.899999618530273,17.09000015258789,16.75,16.989999771118164,11.508353233337402,81700
2001-06-08,16.850000381469727,17.09000015258789,16.760000228881836,16.8700008392334,11.427074432373047,44900
2001-06-11,17.0,17.0,16.670000076293945,16.790000915527344,11.372884750366211,11900
2001-06-12,16.690000534057617,16.950000762939453,16.5,16.950000762939453,11.481263160705566,31100
2001-06-13,16.950000762939453,17.079999923706055,16.75,16.75,11.345787048339844,13300
2001-06-14,16.850000381469727,16.899999618530273,16.5,16.600000381469727,11.244184494018555,32900
2001-06-15,16.889999389648438,16.889999389648438,16.399999618530273,16.690000534057617,11.30514907836914,20800
2001-06-18,16.510000228881836,16.649999618530273,16.100000381469727,16.100000381469727,10.905505180358887,8700
2001-06-19,16.239999771118164,16.25,15.699999809265137,15.75,10.668427467346191,22100
2001-06-20,15.699999809265137,16.110000610351562,15.699999809265137,16.110000610351562,10.912278175354004,27400
2001-06-21,16.200000762939453,16.360000610351562,16.0,16.329999923706055,11.061299324035645,10700
2001-06-22,16.100000381469727,16.520000457763672,16.100000381469727,16.399999618530273,11.10871410369873,23300
2001-06-25,16.549999237060547,16.549999237060547,16.25,16.5,11.1764497756958,2600
2001-06-26,16.450000762939453,16.649999618530273,16.200000762939453,16.5,11.1764497756958,7400
2001-06-27,16.649999618530273,16.799999237060547,16.5,16.700000762939453,11.311923027038574,90200
2001-06-28,16.450000762939453,16.799999237060547,16.450000762939453,16.5,11.1764497756958,45500
2001-06-29,16.5,16.889999389648438,16.5,16.850000381469727,11.413527488708496,46300
2001-07-02,16.600000381469727,17.049999237060547,16.600000381469727,17.049999237060547,11.548995971679688,14700
2001-07-03,17.049999237060547,17.350000381469727,17.049999237060547,17.25,11.684471130371094,162200
2001-07-05,17.0,17.190000534057617,16.989999771118164,17.049999237060547,11.548995971679688,54700
2001-07-06,16.850000381469727,16.850000381469727,16.399999618530273,16.399999618530273,11.10871410369873,13700
2001-07-09,16.59000015258789,16.59000015258789,16.350000381469727,16.459999084472656,11.149353981018066,13400
2001-07-10,16.5,16.549999237060547,16.5,16.549999237060547,11.210318565368652,600
2001-07-11,16.149999618530273,16.34000015258789,15.699999809265137,15.75,10.668427467346191,68000
2001-07-12,16.049999237060547,16.049999237060547,15.359999656677246,15.5,10.499089241027832,47300
2001-07-13,15.75,15.75,15.350000381469727,15.449999809265137,10.465218544006348,12600
2001-07-16,15.449999809265137,15.649999618530273,15.149999618530273,15.149999618530273,10.262011528015137,88100
2001-07-17,15.25,15.539999961853027,15.25,15.539999961853027,10.526183128356934,11000
2001-07-18,15.550000190734863,15.600000381469727,15.25,15.260000228881836,10.336523056030273,15100
2001-07-19,15.399999618530273,15.399999618530273,15.350000381469727,15.350000381469727,10.397485733032227,200
2001-07-20,15.399999618530273,15.649999618530273,15.399999618530273,15.649999618530273,10.600691795349121,3100
2001-07-23,15.800000190734863,15.800000190734863,15.350000381469727,15.399999618530273,10.431352615356445,34700
2001-07-24,15.449999809265137,15.579999923706055,15.350000381469727,15.380000114440918,10.417804718017578,13500
2001-07-25,15.5,15.59000015258789,15.40999984741211,15.59000015258789,10.560052871704102,5800
2001-07-26,15.449999809265137,15.800000190734863,15.40999984741211,15.600000381469727,10.566823959350586,8000
2001-07-27,15.850000381469727,15.9399995803833,15.649999618530273,15.9399995803833,10.797124862670898,8900
2001-07-30,16.0,16.290000915527344,15.850000381469727,16.229999542236328,10.993560791015625,272500
2001-07-31,15.899999618530273,16.100000381469727,15.800000190734863,15.90999984741211,10.776806831359863,23600
2001-08-01,15.699999809265137,15.949999809265137,15.699999809265137,15.850000381469727,10.736166000366211,21300
2001-08-02,15.949999809265137,16.239999771118164,15.949999809265137,16.100000381469727,10.905505180358887,2800
2001-08-03,16.25,16.350000381469727,16.100000381469727,16.350000381469727,11.074847221374512,5600
2001-08-06,16.299999237060547,16.450000762939453,16.100000381469727,16.100000381469727,10.905505180358887,14900
2001-08-07,16.309999465942383,16.350000381469727,16.100000381469727,16.280000686645508,11.027427673339844,3200
2001-08-08,16.399999618530273,16.399999618530273,16.100000381469727,16.1200008392334,10.919051170349121,8500
2001-08-09,16.1299991607666,16.360000610351562,16.1299991607666,16.280000686645508,11.027427673339844,2500
2001-08-10,16.149999618530273,16.399999618530273,16.100000381469727,16.399999618530273,11.10871410369873,5700
2001-08-13,16.200000762939453,16.299999237060547,16.15999984741211,16.15999984741211,10.946148872375488,19600
2001-08-14,16.43000030517578,16.43000030517578,16.200000762939453,16.329999923706055,11.061299324035645,16900
2001-08-15,16.350000381469727,16.350000381469727,15.90999984741211,15.920000076293945,10.783578872680664,17700
2001-08-16,15.90999984741211,15.90999984741211,15.399999618530273,15.5,10.499089241027832,13200
2001-08-17,15.5,15.5,15.149999618530273,15.3100004196167,10.370390892028809,4600
2001-08-20,15.0,15.4399995803833,15.0,15.149999618530273,10.262011528015137,15100
2001-08-21,15.130000114440918,15.699999809265137,15.130000114440918,15.260000228881836,10.336523056030273,11100
2001-08-22,15.520000457763672,15.640000343322754,15.430000305175781,15.640000343322754,10.593920707702637,6900
2001-08-23,15.380000114440918,15.5,15.380000114440918,15.390000343322754,10.424577713012695,7000
2001-08-24,15.5,15.75,15.5,15.75,10.745932579040527,52700
2001-08-27,15.699999809265137,15.949999809265137,15.699999809265137,15.949999809265137,10.882390022277832,4400
2001-08-28,15.710000038146973,15.710000038146973,15.350000381469727,15.380000114440918,10.493486404418945,3100
2001-08-29,15.300000190734863,15.550000190734863,15.300000190734863,15.359999656677246,10.479843139648438,2900
2001-08-30,15.25,15.5,15.210000038146973,15.210000038146973,10.377503395080566,2300
2001-08-31,15.210000038146973,15.479999542236328,15.210000038146973,15.380000114440918,10.493486404418945,10100
2001-09-04,15.399999618530273,15.5,15.100000381469727,15.199999809265137,10.370676040649414,17700
2001-09-05,15.050000190734863,15.050000190734863,14.600000381469727,14.800000190734863,10.09776496887207,12400
2001-09-06,14.300000190734863,14.430000305175781,14.0,14.0,9.55194091796875,10800
2001-09-07,13.75,14.050000190734863,13.649999618530273,13.90999984741211,9.490537643432617,19700
2001-09-10,13.699999809265137,14.050000190734863,13.649999618530273,13.699999809265137,9.34725570678711,46200
2001-09-17,12.600000381469727,12.850000381469727,12.0,12.0,8.187376976013184,19500
2001-09-18,12.0,12.899999618530273,12.0,12.75,8.699089050292969,31500
2001-09-19,12.350000381469727,12.649999618530273,12.149999618530273,12.149999618530273,8.289718627929688,34900
2001-09-20,12.199999809265137,12.199999809265137,11.75,11.899999618530273,8.119149208068848,97500
2001-09-21,11.699999809265137,12.100000381469727,11.0,11.899999618530273,8.119149208068848,34000
2001-09-24,12.0,12.510000228881836,12.0,12.489999771118164,8.521695137023926,71200
2001-09-25,12.600000381469727,12.600000381469727,12.100000381469727,12.5,8.528518676757812,1800
2001-09-26,12.149999618530273,12.399999618530273,12.149999618530273,12.239999771118164,8.351126670837402,16600
2001-09-27,12.5,12.5,11.899999618530273,12.380000114440918,8.446646690368652,136400
2001-09-28,12.350000381469727,12.350000381469727,12.350000381469727,12.350000381469727,8.426176071166992,1300
2001-10-01,12.5,12.59000015258789,12.199999809265137,12.399999618530273,8.460290908813477,154000
2001-10-02,12.399999618530273,12.699999809265137,12.350000381469727,12.5,8.528518676757812,68800
2001-10-03,12.699999809265137,12.75,12.550000190734863,12.550000190734863,8.562634468078613,10500
2001-10-04,13.039999961853027,13.039999961853027,13.039999961853027,13.039999961853027,8.896953582763672,200
2001-10-05,12.75,12.899999618530273,12.699999809265137,12.899999618530273,8.801430702209473,6000
2001-10-08,12.800000190734863,12.890000343322754,12.699999809265137,12.850000381469727,8.767316818237305,2300
2001-10-09,12.899999618530273,13.09000015258789,12.899999618530273,12.949999809265137,8.835546493530273,6400
2001-10-10,13.199999809265137,13.369999885559082,13.149999618530273,13.369999885559082,9.12210464477539,57600
2001-10-11,13.550000190734863,13.890000343322754,13.550000190734863,13.800000190734863,9.415485382080078,9200
2001-10-12,13.699999809265137,13.699999809265137,13.050000190734863,13.5,9.210798263549805,9100
2001-10-15,13.5,13.5,13.25,13.25,9.040230751037598,4200
2001-10-16,13.25,13.260000228881836,13.149999618530273,13.25,9.040230751037598,134700
2001-10-17,13.550000190734863,13.699999809265137,13.300000190734863,13.399999618530273,9.142571449279785,97600
2001-10-18,13.449999809265137,13.449999809265137,13.239999771118164,13.289999961853027,9.067522048950195,13900
2001-10-19,13.420000076293945,13.449999809265137,13.010000228881836,13.199999809265137,9.00611686706543,61100
2001-10-22,13.210000038146973,13.449999809265137,13.149999618530273,13.149999618530273,8.972001075744629,24500
2001-10-23,13.449999809265137,13.449999809265137,13.25,13.34000015258789,9.101634979248047,14300
2001-10-24,13.34000015258789,13.609999656677246,13.25,13.609999656677246,9.285849571228027,55000
2001-10-25,13.640000343322754,13.739999771118164,13.210000038146973,13.739999771118164,9.37454891204834,137700
2001-10-26,13.649999618530273,13.649999618530273,13.449999809265137,13.550000190734863,9.244914054870605,2400
2001-10-29,13.550000190734863,13.550000190734863,13.199999809265137,13.199999809265137,9.00611686706543,2700
2001-10-30,13.0600004196167,13.0600004196167,12.800000190734863,12.899999618530273,8.801430702209473,5700
2001-10-31,13.149999618530273,13.300000190734863,12.899999618530273,13.010000228881836,8.876484870910645,4400
2001-11-01,13.050000190734863,13.390000343322754,13.050000190734863,13.390000343322754,9.135751724243164,39900
2001-11-02,13.170000076293945,13.449999809265137,13.149999618530273,13.210000038146973,9.012937545776367,14700
2001-11-05,13.729999542236328,13.729999542236328,13.449999809265137,13.5,9.210798263549805,2500
2001-11-06,13.449999809265137,13.699999809265137,13.449999809265137,13.699999809265137,9.34725570678711,5100
2001-11-07,13.460000038146973,13.699999809265137,13.460000038146973,13.510000228881836,9.217622756958008,16700
2001-11-08,13.40999984741211,13.739999771118164,13.40999984741211,13.59000015258789,9.272202491760254,149500
2001-11-09,13.59000015258789,13.59000015258789,13.399999618530273,13.5,9.210798263549805,6800
2001-11-12,13.199999809265137,13.350000381469727,13.0,13.350000381469727,9.108457565307617,11500
2001-11-13,13.5,13.59000015258789,13.34000015258789,13.579999923706055,9.26538372039795,20600
2001-11-14,13.949999809265137,13.949999809265137,13.6899995803833,13.710000038146973,9.354080200195312,34000
2001-11-15,13.800000190734863,13.9399995803833,13.699999809265137,13.710000038146973,9.354080200195312,40300
2001-11-16,13.9399995803833,13.9399995803833,13.65999984741211,13.65999984741211,9.319964408874512,7700
2001-11-19,13.600000381469727,13.800000190734863,13.600000381469727,13.800000190734863,9.415485382080078,7800
2001-11-20,13.630000114440918,13.850000381469727,13.600000381469727,13.630000114440918,9.299494743347168,7900
2001-11-21,13.609999656677246,13.850000381469727,13.609999656677246,13.670000076293945,9.326787948608398,20200
2001-11-23,13.670000076293945,13.75,13.529999732971191,13.5600004196167,9.251737594604492,7000
2001-11-26,13.649999618530273,13.9399995803833,13.649999618530273,13.9399995803833,9.511001586914062,6900
2001-11-27,13.65999984741211,14.09000015258789,13.65999984741211,14.09000015258789,9.6133451461792,12300
2001-11-28,13.8100004196167,14.050000190734863,13.8100004196167,13.949999809265137,9.51782512664795,8000
2001-11-29,13.8100004196167,13.949999809265137,13.710000038146973,13.930000305175781,9.504182815551758,11600
2001-11-30,14.079999923706055,14.09000015258789,13.8100004196167,13.8100004196167,9.422307014465332,1900
2001-12-03,13.970000267028809,13.979999542236328,13.75,13.979999542236328,9.53829288482666,5100
2001-12-04,14.1899995803833,14.1899995803833,13.949999809265137,14.09000015258789,9.6133451461792,516100
2001-12-05,14.300000190734863,14.699999809265137,14.300000190734863,14.630000114440918,9.981779098510742,22000
2001-12-06,14.550000190734863,14.649999618530273,14.420000076293945,14.5,9.893080711364746,158000
2001-12-07,14.640000343322754,14.75,14.510000228881836,14.600000381469727,9.961309432983398,37000
2001-12-10,14.850000381469727,14.949999809265137,14.710000038146973,14.850000381469727,10.131879806518555,15300
2001-12-11,14.979999542236328,15.050000190734863,14.800000190734863,14.899999618530273,10.165994644165039,38200
2001-12-12,14.920000076293945,14.949999809265137,14.65999984741211,14.800000190734863,10.09776496887207,14500
2001-12-13,14.5600004196167,14.789999961853027,14.520000457763672,14.520000457763672,9.906726837158203,7500
2001-12-14,14.829999923706055,14.84000015258789,14.600000381469727,14.800000190734863,10.09776496887207,4000
2001-12-17,14.569999694824219,15.039999961853027,14.569999694824219,14.899999618530273,10.165994644165039,76700
2001-12-18,14.869999885559082,15.09000015258789,14.869999885559082,15.0,10.234221458435059,19500
2001-12-19,14.850000381469727,14.920000076293945,14.760000228881836,14.90999984741211,10.172816276550293,6900
2001-12-20,14.949999809265137,14.949999809265137,14.670000076293945,14.670000076293945,10.00907039642334,3900
2001-12-21,14.979999542236328,15.199999809265137,14.869999885559082,15.069999694824219,10.281982421875,39500
2001-12-24,15.149999618530273,15.34000015258789,15.100000381469727,15.199999809265137,10.419075012207031,7500
2001-12-26,15.119999885559082,15.350000381469727,15.109999656677246,15.34000015258789,10.515039443969727,5200
2001-12-27,15.350000381469727,15.399999618530273,15.170000076293945,15.319999694824219,10.50133228302002,17700
2001-12-28,15.069999694824219,15.4399995803833,15.069999694824219,15.4399995803833,10.583585739135742,4700
2001-12-31,15.300000190734863,15.350000381469727,15.0,15.180000305175781,10.405364990234375,34900
2002-01-02,15.1899995803833,15.390000343322754,15.1899995803833,15.289999961853027,10.480765342712402,10200
2002-01-03,15.329999923706055,15.84000015258789,15.329999923706055,15.84000015258789,10.857772827148438,166000
2002-01-04,15.9399995803833,15.989999771118164,15.710000038146973,15.829999923706055,10.850916862487793,37300
2002-01-07,15.550000190734863,15.850000381469727,15.510000228881836,15.649999618530273,10.727534294128418,30200
2002-01-08,15.65999984741211,15.84000015258789,15.609999656677246,15.609999656677246,10.700116157531738,21300
2002-01-09,15.819999694824219,15.890000343322754,15.5,15.5,10.624711990356445,22300
2002-01-10,15.600000381469727,15.600000381469727,15.1899995803833,15.380000114440918,10.542457580566406,2000
2002-01-11,15.300000190734863,15.399999618530273,15.220000267028809,15.399999618530273,10.556169509887695,15400
2002-01-14,15.180000305175781,15.289999961853027,14.979999542236328,14.979999542236328,10.268274307250977,47500
2002-01-15,15.029999732971191,15.699999809265137,15.020000457763672,15.470000267028809,10.60414981842041,10600
2002-01-16,15.470000267028809,15.699999809265137,15.350000381469727,15.5600004196167,10.665842056274414,13100
2002-01-17,15.819999694824219,15.930000305175781,15.649999618530273,15.930000305175781,10.919464111328125,192600
2002-01-18,15.699999809265137,15.720000267028809,15.649999618530273,15.65999984741211,10.73438835144043,6400
2002-01-22,15.699999809265137,15.899999618530273,15.550000190734863,15.550000190734863,10.658987998962402,7400
2002-01-23,15.729999542236328,16.139999389648438,15.699999809265137,16.139999389648438,11.0634126663208,12500
2002-01-24,16.43000030517578,16.639999389648438,16.34000015258789,16.34000015258789,11.200507164001465,140300
2002-01-25,16.360000610351562,16.440000534057617,16.200000762939453,16.440000534057617,11.269052505493164,321500
2002-01-28,16.450000762939453,16.649999618530273,16.399999618530273,16.5,11.310181617736816,141800
2002-01-29,16.600000381469727,16.68000030517578,16.200000762939453,16.280000686645508,11.159377098083496,249800
2002-01-30,16.329999923706055,16.329999923706055,15.989999771118164,16.139999389648438,11.0634126663208,397000
2002-01-31,16.06999969482422,16.59000015258789,16.0,16.579999923706055,11.365017890930176,105000
2002-02-01,16.600000381469727,16.68000030517578,16.209999084472656,16.229999542236328,11.125103950500488,455100
2002-02-04,16.25,16.299999237060547,15.90999984741211,16.010000228881836,10.974300384521484,456300
2002-02-05,16.18000030517578,16.420000076293945,16.139999389648438,16.40999984741211,11.248485565185547,100600
2002-02-06,16.030000686645508,16.329999923706055,15.760000228881836,16.329999923706055,11.193653106689453,244200
2002-02-07,16.1299991607666,16.399999618530273,16.0,16.020000457763672,10.981160163879395,513500
2002-02-08,16.149999618530273,16.25,15.930000305175781,15.930000305175781,10.919464111328125,35700
2002-02-11,16.0,16.100000381469727,15.649999618530273,15.789999961853027,10.823498725891113,31800
2002-02-12,15.6899995803833,15.989999771118164,15.520000457763672,15.989999771118164,10.960590362548828,16300
2002-02-13,16.0,16.139999389648438,15.899999618530273,16.1299991607666,11.056556701660156,28400
2002-02-14,16.25,16.389999389648438,16.049999237060547,16.280000686645508,11.159377098083496,60700
2002-02-15,16.280000686645508,16.280000686645508,16.010000228881836,16.059999465942383,11.008574485778809,194200
2002-02-19,16.049999237060547,16.049999237060547,15.800000190734863,15.800000190734863,10.830353736877441,49500
2002-02-20,15.699999809265137,15.75,15.510000228881836,15.720000267028809,10.775516510009766,39200
2002-02-21,15.75,15.850000381469727,15.5600004196167,15.600000381469727,10.693260192871094,16100
2002-02-22,15.6899995803833,15.6899995803833,15.399999618530273,15.399999618530273,10.556169509887695,38800
2002-02-25,15.470000267028809,15.84000015258789,15.470000267028809,15.739999771118164,10.789223670959473,28200
2002-02-26,15.869999885559082,15.880000114440918,15.609999656677246,15.779999732971191,10.816643714904785,69200
2002-02-27,16.0,16.149999618530273,15.9399995803833,16.149999618530273,11.070268630981445,313100
2002-02-28,16.149999618530273,16.440000534057617,16.149999618530273,16.15999984741211,11.077122688293457,1273700
2002-03-01,16.190000534057617,16.440000534057617,16.149999618530273,16.440000534057617,11.269052505493164,1339700
2002-03-04,16.649999618530273,16.799999237060547,16.5,16.700000762939453,11.447273254394531,374600
2002-03-05,16.799999237060547,16.950000762939453,16.75,16.780000686645508,11.50210952758789,101900
2002-03-06,16.799999237060547,17.270000457763672,16.799999237060547,17.100000381469727,11.72146224975586,518900
2002-03-07,17.34000015258789,17.350000381469727,16.799999237060547,16.799999237060547,11.515817642211914,436600
2002-03-08,17.1299991607666,17.34000015258789,17.0,17.329999923706055,11.879115104675293,99600
2002-03-11,17.329999923706055,17.399999618530273,17.149999618530273,17.149999618530273,11.755729675292969,43100
2002-03-12,17.200000762939453,17.299999237060547,17.0,17.290000915527344,11.851702690124512,492400
2002-03-13,17.450000762939453,17.489999771118164,17.209999084472656,17.25,11.824278831481934,262200
2002-03-14,17.299999237060547,17.350000381469727,17.110000610351562,17.200000762939453,11.790009498596191,480500
2002-03-15,17.280000686645508,17.5,17.110000610351562,17.5,11.995645523071289,141600
2002-03-18,17.649999618530273,17.68000030517578,17.510000228881836,17.610000610351562,12.071046829223633,327100
2002-03-19,17.850000381469727,18.049999237060547,17.719999313354492,17.8799991607666,12.256119728088379,298500
2002-03-20,17.969999313354492,18.100000381469727,17.719999313354492,17.790000915527344,12.194433212280273,449300
2002-03-21,17.770000457763672,17.8799991607666,17.690000534057617,17.84000015258789,12.228704452514648,226200
2002-03-22,17.940000534057617,18.100000381469727,17.75,18.049999237060547,12.372653007507324,378100
2002-03-25,18.1299991607666,18.1299991607666,17.84000015258789,17.989999771118164,12.331525802612305,88900
2002-03-26,17.700000762939453,18.040000915527344,17.520000457763672,17.579999923706055,12.050481796264648,1357300
2002-03-27,17.559999465942383,17.760000228881836,17.510000228881836,17.709999084472656,12.139592170715332,114800
2002-03-28,17.799999237060547,17.850000381469727,17.709999084472656,17.850000381469727,12.23556137084961,102800
2002-04-01,17.799999237060547,17.989999771118164,17.6200008392334,17.760000228881836,12.17386531829834,875500
2002-04-02,17.940000534057617,17.989999771118164,17.600000381469727,17.649999618530273,12.098466873168945,672200
2002-04-03,17.729999542236328,17.729999542236328,17.200000762939453,17.209999084472656,11.796860694885254,634800
2002-04-04,17.149999618530273,17.479999542236328,17.149999618530273,17.450000762939453,11.961369514465332,639200
2002-04-05,17.579999923706055,17.84000015258789,17.450000762939453,17.84000015258789,12.228704452514648,215600
2002-04-08,17.68000030517578,17.719999313354492,17.479999542236328,17.59000015258789,12.05733871459961,100700
2002-04-09,17.5,17.579999923706055,17.399999618530273,17.520000457763672,12.009357452392578,148400
2002-04-10,17.399999618530273,18.100000381469727,17.360000610351562,18.100000381469727,12.4069242477417,315200
2002-04-11,18.149999618530273,18.399999618530273,17.739999771118164,17.739999771118164,12.160155296325684,417400
2002-04-12,18.0,18.100000381469727,17.510000228881836,17.729999542236328,12.153302192687988,113400
2002-04-15,17.549999237060547,17.75,17.350000381469727,17.739999771118164,12.160155296325684,42800
2002-04-16,17.700000762939453,18.040000915527344,17.700000762939453,17.979999542236328,12.32466983795166,249800
2002-04-17,18.09000015258789,18.190000534057617,17.799999237060547,17.850000381469727,12.23556137084961,800500
2002-04-18,18.149999618530273,18.18000030517578,17.600000381469727,17.950000762939453,12.304104804992676,145800
2002-04-19,18.049999237060547,18.049999237060547,17.709999084472656,17.829999923706055,12.221845626831055,84100
2002-04-22,17.799999237060547,17.84000015258789,17.520000457763672,17.59000015258789,12.05733871459961,90400
2002-04-23,17.65999984741211,17.709999084472656,17.360000610351562,17.450000762939453,11.961369514465332,286400
2002-04-24,17.43000030517578,17.639999389648438,17.40999984741211,17.579999923706055,12.050481796264648,57600
2002-04-25,17.510000228881836,17.520000457763672,17.260000228881836,17.459999084472656,11.968225479125977,1176500
2002-04-26,17.459999084472656,17.68000030517578,17.309999465942383,17.5,11.995645523071289,645000
2002-04-29,17.5,17.549999237060547,17.350000381469727,17.350000381469727,11.892823219299316,491700
2002-04-30,17.25,17.579999923706055,17.209999084472656,17.350000381469727,11.892823219299316,208100
2002-05-01,17.450000762939453,17.450000762939453,17.139999389648438,17.299999237060547,11.858551979064941,875100
2002-05-02,17.25,17.790000915527344,17.110000610351562,17.139999389648438,11.748878479003906,1336300
2002-05-03,17.200000762939453,17.350000381469727,16.850000381469727,17.329999923706055,11.879115104675293,893600
2002-05-06,17.200000762939453,17.350000381469727,17.100000381469727,17.149999618530273,11.755729675292969,868700
2002-05-07,17.25,17.399999618530273,16.989999771118164,16.989999771118164,11.64605712890625,724300
2002-05-08,17.399999618530273,17.399999618530273,17.110000610351562,17.329999923706055,11.879115104675293,219700
2002-05-09,17.209999084472656,17.3799991607666,16.979999542236328,16.979999542236328,11.639205932617188,152400
2002-05-10,17.010000228881836,17.020000457763672,16.809999465942383,16.860000610351562,11.556947708129883,166500
2002-05-13,16.81999969482422,17.149999618530273,16.809999465942383,17.020000457763672,11.666620254516602,183300
2002-05-14,17.25,17.290000915527344,17.100000381469727,17.100000381469727,11.72146224975586,197500
2002-05-15,16.93000030517578,17.329999923706055,16.93000030517578,17.200000762939453,11.790009498596191,416300
2002-05-16,17.200000762939453,17.420000076293945,17.200000762939453,17.360000610351562,11.899680137634277,93500
2002-05-17,17.5,17.8799991607666,17.399999618530273,17.709999084472656,12.139592170715332,601300
2002-05-20,17.790000915527344,17.790000915527344,17.110000610351562,17.389999389648438,11.920243263244629,216700
2002-05-21,17.399999618530273,17.420000076293945,16.950000762939453,17.0,11.652910232543945,554300
2002-05-22,16.899999618530273,17.139999389648438,16.81999969482422,17.020000457763672,11.666620254516602,128800
2002-05-23,17.040000915527344,17.139999389648438,16.959999084472656,17.110000610351562,11.728315353393555,158700
2002-05-24,17.09000015258789,17.25,17.0,17.1299991607666,11.742023468017578,252100
2002-05-28,17.200000762939453,17.200000762939453,16.75,16.920000076293945,11.59807300567627,264900
2002-05-29,16.850000381469727,16.850000381469727,16.25,16.40999984741211,11.248485565185547,247900
2002-05-30,16.110000610351562,16.290000915527344,16.040000915527344,16.079999923706055,11.022282600402832,667000
2002-05-31,16.239999771118164,16.299999237060547,16.1299991607666,16.1299991607666,11.056556701660156,159800
2002-06-03,16.0,16.290000915527344,15.920000076293945,15.9399995803833,10.92631721496582,71300
2002-06-04,15.75,15.9399995803833,15.649999618530273,15.890000343322754,10.892046928405762,162700
2002-06-05,15.989999771118164,15.989999771118164,15.550000190734863,15.75,10.796080589294434,168100
2002-06-06,15.5,15.5,14.5,15.119999885559082,10.364237785339355,96300
2002-06-07,15.029999732971191,15.449999809265137,15.020000457763672,15.260000228881836,10.460204124450684,261200
2002-06-10,15.489999771118164,15.649999618530273,15.3100004196167,15.569999694824219,10.67269515991211,192300
2002-06-11,15.600000381469727,15.800000190734863,15.399999618530273,15.399999618530273,10.556169509887695,249900
2002-06-12,15.300000190734863,15.5,15.210000038146973,15.430000305175781,10.57673454284668,86300
2002-06-13,15.449999809265137,15.489999771118164,15.210000038146973,15.300000190734863,10.48762321472168,20400
2002-06-14,15.079999923706055,15.079999923706055,14.75,14.930000305175781,10.23399829864502,969100
2002-06-17,15.0600004196167,15.390000343322754,15.050000190734863,15.390000343322754,10.549310684204102,65700
2002-06-18,15.489999771118164,15.489999771118164,14.869999885559082,15.069999694824219,10.329963684082031,201700
2002-06-19,14.850000381469727,15.119999885559082,14.720000267028809,14.720000267028809,10.090052604675293,91600
2002-06-20,14.779999732971191,14.9399995803833,14.300000190734863,14.399999618530273,9.870699882507324,1156900
2002-06-21,14.449999809265137,14.449999809265137,14.050000190734863,14.260000228881836,9.774737358093262,518400
2002-06-24,14.300000190734863,14.300000190734863,13.850000381469727,14.180000305175781,9.719900131225586,255800
2002-06-25,14.109999656677246,14.489999771118164,14.069999694824219,14.210000038146973,9.74046516418457,326100
2002-06-26,13.710000038146973,13.890000343322754,13.460000038146973,13.569999694824219,9.301765441894531,138200
2002-06-27,13.960000038146973,14.25,13.800000190734863,14.25,9.76788330078125,549800
2002-06-28,14.59000015258789,14.600000381469727,14.25,14.59000015258789,10.000941276550293,1100400
2002-07-01,14.600000381469727,14.630000114440918,14.0,14.199999809265137,9.733609199523926,502600
2002-07-02,14.1899995803833,14.1899995803833,13.710000038146973,13.859999656677246,9.5005521774292,262700
2002-07-03,14.050000190734863,14.199999809265137,13.550000190734863,14.199999809265137,9.733609199523926,133500
2002-07-05,14.390000343322754,14.390000343322754,14.25,14.300000190734863,9.802157402038574,200900
2002-07-08,14.3100004196167,14.40999984741211,14.25,14.40999984741211,9.877558708190918,4900
2002-07-09,14.40999984741211,14.6899995803833,14.199999809265137,14.25,9.76788330078125,116500
2002-07-10,14.430000305175781,14.449999809265137,14.25,14.25,9.76788330078125,31800
2002-07-11,14.010000228881836,14.449999809265137,14.0,14.369999885559082,9.850139617919922,187000
2002-07-12,14.25,14.640000343322754,14.25,14.34000015258789,9.829575538635254,3100
2002-07-15,14.350000381469727,14.350000381469727,13.960000038146973,14.350000381469727,9.836431503295898,21100
2002-07-16,14.449999809265137,14.449999809265137,14.109999656677246,14.25,9.76788330078125,405200
2002-07-17,14.579999923706055,14.579999923706055,14.300000190734863,14.479999542236328,9.925540924072266,103000
2002-07-18,14.600000381469727,14.6899995803833,14.40999984741211,14.529999732971191,9.959810256958008,89100
2002-07-19,14.3100004196167,14.550000190734863,14.25,14.449999809265137,9.904975891113281,38600
2002-07-22,14.4399995803833,14.4399995803833,13.699999809265137,13.699999809265137,9.390874862670898,10600
2002-07-23,14.039999961853027,14.050000190734863,13.399999618530273,13.489999771118164,9.246929168701172,267800
2002-07-24,13.100000381469727,13.800000190734863,12.760000228881836,13.609999656677246,9.329184532165527,93600
2002-07-25,13.40999984741211,13.600000381469727,13.25,13.300000190734863,9.116689682006836,407600
2002-07-26,13.15999984741211,13.300000190734863,13.010000228881836,13.109999656677246,8.986452102661133,37100
2002-07-29,13.329999923706055,13.890000343322754,13.319999694824219,13.75,9.425153732299805,197300
2002-07-30,13.6899995803833,13.699999809265137,13.350000381469727,13.539999961853027,9.281201362609863,276700
2002-07-31,13.479999542236328,13.479999542236328,13.050000190734863,13.199999809265137,9.048145294189453,534000
2002-08-01,13.329999923706055,13.329999923706055,12.600000381469727,12.779999732971191,8.760247230529785,1050300
2002-08-02,12.609999656677246,12.84000015258789,12.399999618530273,12.399999618530273,8.499773025512695,46300
2002-08-05,12.350000381469727,12.449999809265137,12.100000381469727,12.109999656677246,8.300986289978027,73600
2002-08-06,12.600000381469727,12.800000190734863,12.420000076293945,12.800000190734863,8.773961067199707,191600
2002-08-07,12.949999809265137,13.149999618530273,12.75,13.130000114440918,9.000161170959473,201000
2002-08-08,13.489999771118164,13.529999732971191,13.199999809265137,13.40999984741211,9.192089080810547,161700
2002-08-09,13.109999656677246,13.399999618530273,13.09000015258789,13.220000267028809,9.06185245513916,186000
2002-08-12,13.079999923706055,13.25,12.90999984741211,13.0600004196167,8.952178955078125,20300
2002-08-13,13.09000015258789,13.25,13.0,13.050000190734863,8.945324897766113,103300
2002-08-14,13.050000190734863,13.5,12.75,13.3100004196167,9.12354564666748,87100
2002-08-15,13.3100004196167,13.600000381469727,13.3100004196167,13.350000381469727,9.150962829589844,62900
2002-08-16,13.399999618530273,13.989999771118164,13.399999618530273,13.859999656677246,9.5005521774292,13000
2002-08-19,13.890000343322754,14.1899995803833,13.890000343322754,13.899999618530273,9.527970314025879,144700
2002-08-20,13.859999656677246,13.899999618530273,13.789999961853027,13.819999694824219,9.47313404083252,5200
2002-08-21,14.239999771118164,14.239999771118164,13.920000076293945,13.920000076293945,9.541677474975586,83800
2002-08-22,13.979999542236328,13.989999771118164,13.75,13.760000228881836,9.432004928588867,91300
2002-08-23,13.619999885559082,13.84000015258789,13.619999885559082,13.630000114440918,9.34289264678955,6100
2002-08-26,13.510000228881836,13.949999809265137,13.489999771118164,13.90999984741211,9.534826278686523,193300
2002-08-27,14.039999961853027,14.039999961853027,13.5,13.649999618530273,9.356603622436523,6300
2002-08-28,13.300000190734863,13.539999961853027,13.300000190734863,13.539999961853027,9.281201362609863,4500
2002-08-29,13.289999961853027,13.739999771118164,13.050000190734863,13.5600004196167,9.294910430908203,77700
2002-08-30,13.649999618530273,13.84000015258789,13.609999656677246,13.609999656677246,9.329184532165527,15600
2002-09-03,13.649999618530273,13.649999618530273,13.25,13.25,9.082417488098145,20700
2002-09-04,13.260000228881836,13.390000343322754,13.15999984741211,13.380000114440918,9.171525955200195,127900
2002-09-05,13.350000381469727,13.390000343322754,13.050000190734863,13.1899995803833,9.041288375854492,230100
2002-09-06,13.300000190734863,13.380000114440918,13.170000076293945,13.380000114440918,9.171525955200195,12500
2002-09-09,13.15999984741211,13.520000457763672,13.020000457763672,13.520000457763672,9.267494201660156,15200
2002-09-10,13.539999961853027,13.800000190734863,13.529999732971191,13.649999618530273,9.356603622436523,102200
2002-09-11,13.829999923706055,13.829999923706055,13.65999984741211,13.739999771118164,9.418294906616211,5300
2002-09-12,13.829999923706055,13.829999923706055,13.550000190734863,13.6899995803833,9.384023666381836,4000
2002-09-13,13.520000457763672,13.600000381469727,13.520000457763672,13.600000381469727,9.3223295211792,19500
2002-09-16,13.720000267028809,13.720000267028809,13.430000305175781,13.430000305175781,9.205801963806152,9600
2002-09-17,13.729999542236328,13.729999542236328,13.149999618530273,13.149999618530273,9.013871192932129,52000
2002-09-18,12.90999984741211,13.020000457763672,12.800000190734863,12.90999984741211,8.849360466003418,46100
2002-09-19,12.899999618530273,12.899999618530273,12.100000381469727,12.199999809265137,8.362678527832031,172400
2002-09-20,12.199999809265137,12.489999771118164,12.149999618530273,12.350000381469727,8.465497970581055,97000
2002-09-23,12.380000114440918,12.399999618530273,11.899999618530273,12.399999618530273,8.499773025512695,25400
2002-09-24,12.010000228881836,12.170000076293945,12.010000228881836,12.109999656677246,8.300986289978027,63000
2002-09-25,12.4399995803833,12.4399995803833,12.050000190734863,12.369999885559082,8.479207038879395,173900
2002-09-26,12.489999771118164,12.699999809265137,12.369999885559082,12.699999809265137,8.705409049987793,145600
2002-09-27,12.699999809265137,12.699999809265137,12.260000228881836,12.260000228881836,8.403807640075684,4800
2002-09-30,12.1899995803833,12.390000343322754,12.0,12.289999961853027,8.424369812011719,15200
2002-10-01,12.319999694824219,12.899999618530273,12.289999961853027,12.869999885559082,8.821941375732422,92400
2002-10-02,12.699999809265137,13.199999809265137,12.699999809265137,12.710000038146973,8.712264060974121,212200
2002-10-03,12.739999771118164,12.949999809265137,12.699999809265137,12.75,8.7396821975708,89600
2002-10-04,12.760000228881836,12.859999656677246,12.510000228881836,12.609999656677246,8.643721580505371,99800
2002-10-07,12.550000190734863,12.729999542236328,12.550000190734863,12.680000305175781,8.691703796386719,8100
2002-10-08,12.699999809265137,12.9399995803833,12.350000381469727,12.75,8.7396821975708,226200
2002-10-09,12.3100004196167,12.600000381469727,12.300000190734863,12.300000190734863,8.431225776672363,70900
2002-10-10,12.489999771118164,12.630000114440918,12.300000190734863,12.430000305175781,8.52033519744873,77200
2002-10-11,12.850000381469727,12.850000381469727,12.510000228881836,12.75,8.7396821975708,446700
2002-10-14,12.510000228881836,12.75,12.510000228881836,12.600000381469727,8.63686466217041,57500
2002-10-15,13.329999923706055,13.329999923706055,13.0,13.199999809265137,9.048145294189453,81000
2002-10-16,13.199999809265137,13.199999809265137,12.899999618530273,13.010000228881836,8.917905807495117,115400
2002-10-17,13.399999618530273,13.399999618530273,13.010000228881836,13.050000190734863,8.945324897766113,91600
2002-10-18,13.149999618530273,13.1899995803833,12.899999618530273,12.960000038146973,8.88363265991211,105700
2002-10-21,12.960000038146973,13.399999618530273,12.960000038146973,13.239999771118164,9.07556438446045,88200
2002-10-22,13.239999771118164,13.25,12.899999618530273,12.899999618530273,8.842501640319824,89600
2002-10-23,12.899999618530273,13.199999809265137,12.899999618530273,13.020000457763672,8.924760818481445,76100
2002-10-24,13.289999961853027,13.289999961853027,12.850000381469727,12.850000381469727,8.808228492736816,94000
2002-10-25,12.979999542236328,12.979999542236328,12.800000190734863,12.899999618530273,8.842501640319824,44200
2002-10-28,13.0600004196167,13.0600004196167,12.649999618530273,12.649999618530273,8.671135902404785,39700
2002-10-29,12.609999656677246,12.699999809265137,12.40999984741211,12.649999618530273,8.671135902404785,270500
2002-10-30,12.520000457763672,12.890000343322754,12.520000457763672,12.779999732971191,8.760247230529785,173500
2002-10-31,12.9399995803833,12.9399995803833,12.75,12.880000114440918,8.82879638671875,16900
2002-11-01,12.899999618530273,13.149999618530273,12.649999618530273,13.130000114440918,9.000161170959473,109300
2002-11-04,13.390000343322754,13.449999809265137,13.15999984741211,13.220000267028809,9.06185245513916,35500
2002-11-05,13.25,13.25,12.960000038146973,13.010000228881836,8.917905807495117,289400
2002-11-06,13.020000457763672,13.170000076293945,13.0,13.100000381469727,8.979598999023438,74900
2002-11-07,12.920000076293945,13.029999732971191,12.8100004196167,12.84000015258789,8.801377296447754,357700
2002-11-08,12.890000343322754,12.970000267028809,12.789999961853027,12.899999618530273,8.842501640319824,254800
2002-11-11,12.699999809265137,12.84000015258789,12.649999618530273,12.789999961853027,8.767102241516113,107300
2002-11-12,12.569999694824219,12.800000190734863,12.569999694824219,12.59000015258789,8.630010604858398,19300
2002-11-13,12.460000038146973,12.739999771118164,12.399999618530273,12.399999618530273,8.499773025512695,44900
2002-11-14,12.619999885559082,12.779999732971191,12.569999694824219,12.710000038146973,8.712264060974121,61900
2002-11-15,12.510000228881836,12.779999732971191,12.510000228881836,12.600000381469727,8.63686466217041,38300
2002-11-18,12.600000381469727,12.789999961853027,12.40999984741211,12.649999618530273,8.671135902404785,12300
2002-11-19,12.300000190734863,12.489999771118164,12.149999618530273,12.15999984741211,8.335259437561035,27700
2002-11-20,12.15999984741211,12.539999961853027,12.15999984741211,12.380000114440918,8.486063003540039,99900
2002-11-21,12.75,12.850000381469727,12.649999618530273,12.800000190734863,8.773961067199707,728300
2002-11-22,12.850000381469727,12.899999618530273,12.710000038146973,12.75,8.7396821975708,14300
2002-11-25,12.75,12.979999542236328,12.649999618530273,12.850000381469727,8.808228492736816,76400
2002-11-26,12.930000305175781,13.0,12.649999618530273,12.859999656677246,8.815086364746094,63700
2002-11-27,13.100000381469727,13.4399995803833,13.100000381469727,13.4399995803833,9.21265697479248,176100
2002-11-29,13.4399995803833,13.640000343322754,13.4399995803833,13.609999656677246,9.329184532165527,8500
2002-12-02,14.0,14.0,13.600000381469727,13.720000267028809,9.404586791992188,132100
2002-12-03,13.59000015258789,13.949999809265137,13.460000038146973,13.949999809265137,9.56224250793457,140100
2002-12-04,13.65999984741211,13.699999809265137,13.449999809265137,13.569999694824219,9.301765441894531,82100
2002-12-05,13.550000190734863,13.550000190734863,13.399999618530273,13.399999618530273,9.185237884521484,63800
2002-12-06,13.489999771118164,13.649999618530273,13.420000076293945,13.649999618530273,9.356603622436523,37200
2002-12-09,13.489999771118164,13.489999771118164,13.300000190734863,13.300000190734863,9.116689682006836,14600
2002-12-10,13.300000190734863,13.449999809265137,13.300000190734863,13.3100004196167,9.12354564666748,36200
2002-12-11,13.579999923706055,13.739999771118164,13.399999618530273,13.449999809265137,9.219511032104492,35900
2002-12-12,13.59000015258789,13.59000015258789,13.579999923706055,13.579999923706055,9.308622360229492,2300
2002-12-13,13.449999809265137,13.600000381469727,13.420000076293945,13.5,9.253783226013184,3100
2002-12-16,13.510000228881836,13.84000015258789,13.510000228881836,13.84000015258789,9.486842155456543,9700
2002-12-17,13.729999542236328,13.729999542236328,13.5,13.649999618530273,9.356603622436523,12200
2002-12-18,13.640000343322754,13.640000343322754,13.25,13.319999694824219,9.130396842956543,11000
2002-12-19,13.350000381469727,13.579999923706055,13.300000190734863,13.579999923706055,9.308622360229492,45600
2002-12-20,13.600000381469727,13.640000343322754,13.380000114440918,13.640000343322754,9.349747657775879,6400
2002-12-23,13.0,13.239999771118164,13.0,13.0,9.265645980834961,130900
2002-12-24,13.0600004196167,13.220000267028809,12.930000305175781,12.930000305175781,9.215754508972168,28200
2002-12-26,12.930000305175781,12.960000038146973,12.899999618530273,12.899999618530273,9.194371223449707,53000
2002-12-27,12.75,12.949999809265137,12.600000381469727,12.600000381469727,8.980548858642578,4100
2002-12-30,12.600000381469727,12.6899995803833,12.470000267028809,12.479999542236328,8.89501953125,29300
2002-12-31,12.460000038146973,12.460000038146973,12.399999618530273,12.449999809265137,8.873636245727539,9200
2003-01-02,12.789999961853027,13.289999961853027,12.789999961853027,13.289999961853027,9.472341537475586,36800
2003-01-03,12.90999984741211,13.130000114440918,12.890000343322754,13.039999961853027,9.29415512084961,98300
2003-01-06,13.239999771118164,13.34000015258789,13.010000228881836,13.199999809265137,9.408193588256836,53300
2003-01-07,13.300000190734863,13.300000190734863,13.100000381469727,13.220000267028809,9.422450065612793,18600
2003-01-08,13.300000190734863,13.300000190734863,13.0,13.09000015258789,9.329793930053711,9100
2003-01-09,13.149999618530273,13.289999961853027,13.0600004196167,13.210000038146973,9.415325164794922,221700
2003-01-10,13.210000038146973,13.300000190734863,12.960000038146973,13.289999961853027,9.472341537475586,12000
2003-01-13,13.199999809265137,13.289999961853027,13.050000190734863,13.279999732971191,9.465214729309082,151600
2003-01-14,13.199999809265137,13.25,13.149999618530273,13.199999809265137,9.408193588256836,9900
2003-01-15,13.149999618530273,13.329999923706055,13.109999656677246,13.3100004196167,9.486594200134277,118500
2003-01-16,13.329999923706055,13.34000015258789,13.149999618530273,13.239999771118164,9.436705589294434,78200
2003-01-17,13.149999618530273,13.149999618530273,12.710000038146973,12.800000190734863,9.123101234436035,42500
2003-01-21,12.670000076293945,12.84000015258789,12.40999984741211,12.489999771118164,8.902148246765137,115700
2003-01-22,12.399999618530273,12.399999618530273,12.130000114440918,12.289999961853027,8.759600639343262,106000
2003-01-23,12.539999961853027,12.539999961853027,12.220000267028809,12.380000114440918,8.823745727539062,111800
2003-01-24,12.430000305175781,12.430000305175781,12.0600004196167,12.100000381469727,8.624176979064941,61200
2003-01-27,11.850000381469727,12.050000190734863,11.850000381469727,11.989999771118164,8.545778274536133,108800
2003-01-28,12.09000015258789,12.09000015258789,11.710000038146973,11.760000228881836,8.381845474243164,30800
2003-01-29,11.699999809265137,11.880000114440918,11.699999809265137,11.880000114440918,8.467375755310059,10500
2003-01-30,11.859999656677246,11.859999656677246,11.779999732971191,11.84000015258789,8.438865661621094,4200
2003-01-31,11.829999923706055,11.9399995803833,11.710000038146973,11.890000343322754,8.47450065612793,206900
2003-02-03,11.850000381469727,12.140000343322754,11.850000381469727,12.010000228881836,8.56003189086914,24200
2003-02-04,11.899999618530273,11.989999771118164,11.850000381469727,11.890000343322754,8.47450065612793,9300
2003-02-05,12.09000015258789,12.09000015258789,11.949999809265137,11.949999809265137,8.517268180847168,2400
2003-02-06,11.90999984741211,11.90999984741211,11.75,11.75,8.374719619750977,44500
2003-02-07,11.739999771118164,11.84000015258789,11.619999885559082,11.619999885559082,8.282064437866211,19700
2003-02-10,11.649999618530273,11.789999961853027,11.5600004196167,11.579999923706055,8.253552436828613,155400
2003-02-11,11.789999961853027,11.789999961853027,11.350000381469727,11.350000381469727,8.089624404907227,565400
2003-02-12,11.350000381469727,11.390000343322754,11.180000305175781,11.199999809265137,7.982710361480713,59000
2003-02-13,11.130000114440918,11.319999694824219,11.079999923706055,11.289999961853027,8.046856880187988,70300
2003-02-14,11.1899995803833,11.390000343322754,11.170000076293945,11.239999771118164,8.011218070983887,6300
2003-02-18,11.460000038146973,11.789999961853027,11.460000038146973,11.770000457763672,8.388975143432617,194300
2003-02-19,11.699999809265137,11.800000190734863,11.550000190734863,11.600000381469727,8.267809867858887,109200
2003-02-20,11.600000381469727,11.789999961853027,11.5600004196167,11.65999984741211,8.310571670532227,9400
2003-02-21,11.800000190734863,11.84000015258789,11.710000038146973,11.710000038146973,8.346209526062012,7800
2003-02-24,11.65999984741211,11.890000343322754,11.649999618530273,11.65999984741211,8.310571670532227,13700
2003-02-25,11.640000343322754,11.640000343322754,11.460000038146973,11.489999771118164,8.189406394958496,317400
2003-02-26,11.5,11.739999771118164,11.5,11.699999809265137,8.339080810546875,36500
2003-02-27,11.510000228881836,11.800000190734863,11.479999542236328,11.800000190734863,8.410355567932129,94600
2003-02-28,11.609999656677246,11.680000305175781,11.5,11.5,8.196533203125,111700
2003-03-03,11.600000381469727,11.930000305175781,11.449999809265137,11.479999542236328,8.182279586791992,72300
2003-03-04,11.40999984741211,11.470000267028809,11.319999694824219,11.319999694824219,8.068239212036133,39000
2003-03-05,11.329999923706055,11.539999961853027,11.329999923706055,11.529999732971191,8.217913627624512,10500
2003-03-06,11.449999809265137,11.529999732971191,11.260000228881836,11.380000114440918,8.111003875732422,33600
2003-03-07,11.260000228881836,11.430000305175781,11.260000228881836,11.430000305175781,8.146641731262207,30100
2003-03-10,11.640000343322754,11.640000343322754,11.279999732971191,11.390000343322754,8.118136405944824,16800
2003-03-11,11.3100004196167,11.539999961853027,11.3100004196167,11.329999923706055,8.075368881225586,31600
2003-03-12,11.3100004196167,11.420000076293945,11.270000457763672,11.420000076293945,8.13951301574707,12900
2003-03-13,11.520000457763672,11.680000305175781,11.510000228881836,11.600000381469727,8.267809867858887,49200
2003-03-14,11.739999771118164,11.760000228881836,11.5,11.609999656677246,8.274933815002441,12600
2003-03-17,11.75,12.029999732971191,11.6899995803833,12.010000228881836,8.56003189086914,60900
2003-03-18,12.050000190734863,12.050000190734863,11.869999885559082,11.880000114440918,8.467375755310059,11800
2003-03-19,12.0,12.069999694824219,11.859999656677246,12.0,8.552903175354004,159600
2003-03-20,11.850000381469727,11.949999809265137,11.729999542236328,11.899999618530273,8.481630325317383,116300
2003-03-21,12.1899995803833,12.1899995803833,11.869999885559082,12.1899995803833,8.688325881958008,46000
2003-03-24,11.859999656677246,12.09000015258789,11.84000015258789,11.899999618530273,8.481630325317383,5000
2003-03-25,11.9399995803833,11.979999542236328,11.819999694824219,11.819999694824219,8.424609184265137,11500
2003-03-26,11.90999984741211,12.0600004196167,11.800000190734863,11.949999809265137,8.517268180847168,33000
2003-03-27,11.75,11.949999809265137,11.699999809265137,11.949999809265137,8.517268180847168,19600
2003-03-28,11.699999809265137,11.960000038146973,11.670000076293945,11.760000228881836,8.381845474243164,18100
2003-03-31,11.569999694824219,11.800000190734863,11.5600004196167,11.640000343322754,8.296319007873535,28700
2003-04-01,11.649999618530273,11.899999618530273,11.640000343322754,11.869999885559082,8.460246086120605,27000
2003-04-02,11.989999771118164,12.220000267028809,11.819999694824219,12.220000267028809,8.709707260131836,132700
2003-04-03,12.210000038146973,12.329999923706055,12.140000343322754,12.199999809265137,8.695452690124512,298600
2003-04-04,12.279999732971191,12.34000015258789,12.109999656677246,12.229999542236328,8.71683406829834,10400
2003-04-07,12.449999809265137,12.640000343322754,12.420000076293945,12.5,8.90927505493164,106000
2003-04-08,12.40999984741211,12.649999618530273,12.40999984741211,12.59000015258789,8.973421096801758,2600
2003-04-09,12.640000343322754,12.640000343322754,12.3100004196167,12.329999923706055,8.78810977935791,10100
2003-04-10,12.489999771118164,12.489999771118164,12.25,12.279999732971191,8.752473831176758,8900
2003-04-11,12.359999656677246,12.390000343322754,12.279999732971191,12.390000343322754,8.830873489379883,32500
2003-04-14,12.40999984741211,12.420000076293945,12.40999984741211,12.420000076293945,8.852254867553711,6000
2003-04-15,12.470000267028809,12.6899995803833,12.470000267028809,12.6899995803833,9.044693946838379,24800
2003-04-16,12.600000381469727,12.75,12.600000381469727,12.739999771118164,9.080333709716797,5000
2003-04-17,12.680000305175781,12.680000305175781,12.670000076293945,12.670000076293945,9.030441284179688,600
2003-04-21,12.850000381469727,12.850000381469727,12.75,12.75,9.087458610534668,6200
2003-04-22,12.710000038146973,12.9399995803833,12.710000038146973,12.90999984741211,9.201498031616211,23000
2003-04-23,12.9399995803833,13.020000457763672,12.9399995803833,12.970000267028809,9.24426555633545,8700
2003-04-24,13.010000228881836,13.15999984741211,12.960000038146973,13.010000228881836,9.27277660369873,235400
2003-04-25,13.010000228881836,13.149999618530273,13.010000228881836,13.010000228881836,9.27277660369873,17300
2003-04-28,13.170000076293945,13.199999809265137,13.100000381469727,13.180000305175781,9.393938064575195,10700
2003-04-29,13.350000381469727,13.550000190734863,13.34000015258789,13.479999542236328,9.607760429382324,211300
2003-04-30,13.550000190734863,13.649999618530273,13.520000457763672,13.520000457763672,9.636271476745605,44900
2003-05-01,13.5,13.649999618530273,13.5,13.520000457763672,9.636271476745605,31200
2003-05-02,13.520000457763672,13.930000305175781,13.520000457763672,13.930000305175781,9.928494453430176,24000
2003-05-05,14.050000190734863,14.199999809265137,13.869999885559082,13.960000038146973,9.949877738952637,43700
2003-05-06,14.100000381469727,14.100000381469727,13.75,13.770000457763672,9.814457893371582,66200
2003-05-07,13.770000457763672,13.920000076293945,13.75,13.8100004196167,9.842967987060547,41900
2003-05-08,13.720000267028809,13.800000190734863,13.619999885559082,13.680000305175781,9.750310897827148,38800
2003-05-09,13.850000381469727,13.890000343322754,13.779999732971191,13.880000114440918,9.892857551574707,8200
2003-05-12,13.930000305175781,13.9399995803833,13.8100004196167,13.859999656677246,9.878602027893066,6800
2003-05-13,13.800000190734863,14.0,13.649999618530273,13.8100004196167,9.842967987060547,67600
2003-05-14,13.899999618530273,13.899999618530273,13.720000267028809,13.890000343322754,9.899985313415527,81800
2003-05-15,13.899999618530273,13.989999771118164,13.670000076293945,13.859999656677246,9.878602027893066,8000
2003-05-16,13.890000343322754,13.890000343322754,13.630000114440918,13.649999618530273,9.728926658630371,46300
2003-05-19,13.5,13.649999618530273,13.369999885559082,13.390000343322754,9.54361629486084,66200
2003-05-20,13.449999809265137,13.640000343322754,13.430000305175781,13.529999732971191,9.64339828491211,687500
2003-05-21,13.569999694824219,13.640000343322754,13.369999885559082,13.579999923706055,9.679037094116211,8400
2003-05-22,13.460000038146973,13.800000190734863,13.460000038146973,13.609999656677246,9.700418472290039,11700
2003-05-23,13.699999809265137,13.890000343322754,13.640000343322754,13.850000381469727,9.871478080749512,43600
2003-05-27,13.640000343322754,14.0,13.640000343322754,13.930000305175781,9.928494453430176,687400
2003-05-28,14.050000190734863,14.199999809265137,13.869999885559082,14.09000015258789,10.042531967163086,145800
2003-05-29,14.0,14.15999984741211,14.0,14.039999961853027,10.006897926330566,1040900
2003-05-30,14.039999961853027,14.289999961853027,14.039999961853027,14.079999923706055,10.035408973693848,38800
2003-06-02,14.300000190734863,14.5,14.140000343322754,14.4399995803833,10.291994094848633,1257100
2003-06-03,14.260000228881836,14.399999618530273,14.15999984741211,14.369999885559082,10.242103576660156,211900
2003-06-04,14.279999732971191,14.289999961853027,14.149999618530273,14.229999542236328,10.142317771911621,341800
2003-06-05,14.029999732971191,14.289999961853027,14.029999732971191,14.140000343322754,10.078169822692871,407900
2003-06-06,14.399999618530273,14.399999618530273,13.930000305175781,13.930000305175781,9.928494453430176,57400
2003-06-09,13.800000190734863,13.989999771118164,13.720000267028809,13.859999656677246,9.878602027893066,37600
2003-06-10,13.989999771118164,14.130000114440918,13.800000190734863,13.9399995803833,9.935622215270996,226500
2003-06-11,14.25,14.319999694824219,13.920000076293945,14.15999984741211,10.092424392700195,494200
2003-06-12,14.300000190734863,14.380000114440918,14.199999809265137,14.289999961853027,10.18508529663086,43600
2003-06-13,14.289999961853027,14.350000381469727,14.09000015258789,14.25,10.156573295593262,1495400
2003-06-16,14.380000114440918,14.550000190734863,14.239999771118164,14.510000228881836,10.341887474060059,648800
2003-06-17,14.649999618530273,14.800000190734863,14.5,14.800000190734863,10.548582077026367,67900
2003-06-18,14.670000076293945,14.680000305175781,14.420000076293945,14.670000076293945,10.455924987792969,115300
2003-06-19,14.600000381469727,14.6899995803833,14.510000228881836,14.529999732971191,10.35614013671875,27100
2003-06-20,14.6899995803833,14.729999542236328,14.529999732971191,14.529999732971191,10.35614013671875,12400
2003-06-23,14.630000114440918,14.630000114440918,14.300000190734863,14.420000076293945,10.277740478515625,22400
2003-06-24,14.260000228881836,14.569999694824219,14.260000228881836,14.420000076293945,10.277740478515625,62700
2003-06-25,14.600000381469727,14.729999542236328,14.510000228881836,14.569999694824219,10.384649276733398,148900
2003-06-26,14.600000381469727,14.720000267028809,14.430000305175781,14.529999732971191,10.35614013671875,51300
2003-06-27,14.5,14.739999771118164,14.479999542236328,14.479999542236328,10.32050609588623,45500
2003-06-30,14.729999542236328,14.729999542236328,14.460000038146973,14.460000038146973,10.306249618530273,6900
2003-07-01,14.550000190734863,14.739999771118164,14.329999923706055,14.739999771118164,10.505818367004395,67700
2003-07-02,14.609999656677246,14.819999694824219,14.609999656677246,14.819999694824219,10.562836647033691,14700
2003-07-03,14.739999771118164,14.8100004196167,14.630000114440918,14.75,10.51294231414795,6800
2003-07-07,14.789999961853027,14.899999618530273,14.6899995803833,14.850000381469727,10.584218978881836,41200
2003-07-08,14.75,14.760000228881836,14.609999656677246,14.670000076293945,10.455924987792969,185800
2003-07-09,14.649999618530273,14.779999732971191,14.619999885559082,14.680000305175781,10.463053703308105,138100
2003-07-10,14.5600004196167,14.720000267028809,14.40999984741211,14.5,10.334757804870605,18400
2003-07-11,14.710000038146973,14.75,14.489999771118164,14.649999618530273,10.441670417785645,10500
2003-07-14,14.65999984741211,14.850000381469727,14.65999984741211,14.800000190734863,10.548582077026367,20300
2003-07-15,14.699999809265137,14.699999809265137,14.5,14.569999694824219,10.384649276733398,36900
2003-07-16,14.5600004196167,14.649999618530273,14.489999771118164,14.5,10.334757804870605,22400
2003-07-17,14.5,14.600000381469727,14.40999984741211,14.489999771118164,10.327630996704102,213300
2003-07-18,14.5,14.600000381469727,14.449999809265137,14.600000381469727,10.40603256225586,67900
2003-07-21,14.529999732971191,14.539999961853027,14.420000076293945,14.479999542236328,10.32050609588623,9600
2003-07-22,14.800000190734863,14.899999618530273,14.59000015258789,14.880000114440918,10.605602264404297,144100
2003-07-23,14.850000381469727,14.850000381469727,14.680000305175781,14.850000381469727,10.584218978881836,14100
2003-07-24,15.0,15.15999984741211,14.859999656677246,14.869999885559082,10.598472595214844,21000
2003-07-25,15.020000457763672,15.1899995803833,14.949999809265137,15.180000305175781,10.819422721862793,82200
2003-07-28,15.25,15.25,15.109999656677246,15.119999885559082,10.776658058166504,176600
2003-07-29,15.130000114440918,15.130000114440918,14.850000381469727,14.960000038146973,10.662619590759277,14100
2003-07-30,14.829999923706055,15.050000190734863,14.829999923706055,15.0,10.691126823425293,18000
2003-07-31,15.079999923706055,15.239999771118164,15.050000190734863,15.119999885559082,10.776658058166504,295800
2003-08-01,15.010000228881836,15.199999809265137,14.960000038146973,15.0600004196167,10.733891487121582,36800
2003-08-04,15.0,15.0,14.8100004196167,14.8100004196167,10.555709838867188,8600
2003-08-05,14.819999694824219,14.899999618530273,14.65999984741211,14.65999984741211,10.448798179626465,1106900
2003-08-06,14.6899995803833,14.739999771118164,14.579999923706055,14.739999771118164,10.505818367004395,18800
2003-08-07,14.789999961853027,14.869999885559082,14.640000343322754,14.760000228881836,10.520071983337402,6700
2003-08-08,14.829999923706055,14.829999923706055,14.829999923706055,14.829999923706055,10.569964408874512,500
2003-08-11,14.899999618530273,14.989999771118164,14.739999771118164,14.890000343322754,10.6127290725708,6800
2003-08-12,14.899999618530273,14.920000076293945,14.8100004196167,14.869999885559082,10.598472595214844,52700
2003-08-13,14.8100004196167,14.930000305175781,14.710000038146973,14.930000305175781,10.641237258911133,341500
2003-08-14,14.859999656677246,15.229999542236328,14.859999656677246,15.069999694824219,10.741021156311035,30400
2003-08-15,15.039999961853027,15.039999961853027,15.039999961853027,15.039999961853027,10.71964168548584,1500
2003-08-18,15.039999961853027,15.180000305175781,15.039999961853027,15.079999923706055,10.748148918151855,10600
2003-08-19,15.100000381469727,15.140000343322754,15.0,15.020000457763672,10.705385208129883,35400
2003-08-20,15.010000228881836,15.140000343322754,14.869999885559082,15.039999961853027,10.71964168548584,1219100
2003-08-21,15.069999694824219,15.1899995803833,15.020000457763672,15.1899995803833,10.826550483703613,481300
2003-08-22,15.239999771118164,15.239999771118164,15.020000457763672,15.100000381469727,10.76240348815918,350100
2003-08-25,14.970000267028809,14.970000267028809,14.890000343322754,14.949999809265137,10.655491828918457,1600
2003-08-26,14.9399995803833,14.9399995803833,14.75,14.920000076293945,10.634111404418945,6200
2003-08-27,14.850000381469727,14.989999771118164,14.779999732971191,14.989999771118164,10.684003829956055,7300
2003-08-28,15.0,15.0,14.920000076293945,14.949999809265137,10.655491828918457,163000
2003-08-29,14.90999984741211,15.010000228881836,14.90999984741211,14.960000038146973,10.662619590759277,61100
2003-09-02,15.0,15.34000015258789,14.9399995803833,15.34000015258789,10.933465957641602,132500
2003-09-03,15.34000015258789,15.65999984741211,15.289999961853027,15.5,11.047501564025879,1204500
2003-09-04,15.5,15.6899995803833,15.380000114440918,15.5600004196167,11.090265274047852,11200
2003-09-05,15.449999809265137,15.729999542236328,15.449999809265137,15.640000343322754,11.147284507751465,9500
2003-09-08,15.630000114440918,15.699999809265137,15.479999542236328,15.550000190734863,11.083136558532715,9500
2003-09-09,15.579999923706055,15.579999923706055,15.220000267028809,15.350000381469727,10.940587997436523,22700
2003-09-10,15.319999694824219,15.489999771118164,15.319999694824219,15.40999984741211,10.983352661132812,6100
2003-09-11,15.600000381469727,15.600000381469727,15.210000038146973,15.210000038146973,10.840805053710938,52300
2003-09-12,15.25,15.4399995803833,15.15999984741211,15.270000457763672,10.88356876373291,383800
2003-09-15,15.399999618530273,15.40999984741211,15.3100004196167,15.390000343322754,10.969098091125488,67100
2003-09-16,15.3100004196167,15.59000015258789,15.3100004196167,15.510000228881836,11.054627418518066,25500
2003-09-17,15.529999732971191,15.59000015258789,15.319999694824219,15.399999618530273,10.976224899291992,14500
2003-09-18,15.3100004196167,15.649999618530273,15.3100004196167,15.59000015258789,11.111645698547363,8600
2003-09-19,15.779999732971191,15.819999694824219,15.579999923706055,15.739999771118164,11.218558311462402,114800
2003-09-22,15.649999618530273,15.649999618530273,15.520000457763672,15.640000343322754,11.147284507751465,16800
2003-09-23,15.800000190734863,15.800000190734863,15.539999961853027,15.699999809265137,11.190049171447754,43300
2003-09-24,15.649999618530273,15.710000038146973,15.5600004196167,15.6899995803833,11.182920455932617,152400
2003-09-25,15.59000015258789,15.680000305175781,15.399999618530273,15.40999984741211,10.983352661132812,25300
2003-09-26,15.399999618530273,15.399999618530273,15.25,15.359999656677246,10.94771671295166,29200
2003-09-29,15.350000381469727,15.430000305175781,15.180000305175781,15.399999618530273,10.976224899291992,91900
2003-09-30,15.4399995803833,15.539999961853027,15.260000228881836,15.420000076293945,10.99048137664795,52400
2003-10-01,15.460000038146973,15.75,15.460000038146973,15.609999656677246,11.12590503692627,255600
2003-10-02,15.600000381469727,15.600000381469727,15.069999694824219,15.25,10.869316101074219,97600
2003-10-03,15.25,15.350000381469727,15.100000381469727,15.109999656677246,10.769533157348633,229600
2003-10-06,15.25,15.3100004196167,15.050000190734863,15.050000190734863,10.726766586303711,544400
2003-10-07,15.079999923706055,15.1899995803833,15.0,15.119999885559082,10.776658058166504,1062400
2003-10-08,15.229999542236328,15.25,15.119999885559082,15.119999885559082,10.776658058166504,15000
2003-10-09,15.3100004196167,15.550000190734863,15.3100004196167,15.5,11.047501564025879,327800
2003-10-10,15.489999771118164,15.680000305175781,15.3100004196167,15.670000076293945,11.168664932250977,10200
2003-10-13,15.699999809265137,15.699999809265137,15.520000457763672,15.600000381469727,11.1187744140625,59800
2003-10-14,15.520000457763672,15.600000381469727,15.270000457763672,15.449999809265137,11.011863708496094,22700
2003-10-15,15.449999809265137,15.449999809265137,15.220000267028809,15.3100004196167,10.912080764770508,192300
2003-10-16,15.180000305175781,15.25,15.050000190734863,15.0600004196167,10.733891487121582,62500
2003-10-17,15.15999984741211,15.34000015258789,15.109999656677246,15.34000015258789,10.933465957641602,416500
2003-10-20,15.260000228881836,15.489999771118164,15.260000228881836,15.399999618530273,10.976224899291992,83500
2003-10-21,15.579999923706055,15.720000267028809,15.430000305175781,15.579999923706055,11.104516983032227,13600
2003-10-22,15.579999923706055,15.579999923706055,15.220000267028809,15.399999618530273,10.976224899291992,138300
2003-10-23,15.25,15.5,15.25,15.420000076293945,10.99048137664795,111700
2003-10-24,15.270000457763672,15.460000038146973,15.270000457763672,15.359999656677246,10.94771671295166,450300
2003-10-27,15.489999771118164,15.550000190734863,15.470000267028809,15.550000190734863,11.083136558532715,130600
2003-10-28,15.529999732971191,15.649999618530273,15.529999732971191,15.649999618530273,11.154411315917969,87000
2003-10-29,15.600000381469727,15.649999618530273,15.510000228881836,15.5600004196167,11.090265274047852,267900
2003-10-30,15.75,15.899999618530273,15.600000381469727,15.8100004196167,11.268454551696777,124500
2003-10-31,15.75,16.1200008392334,15.75,15.970000267028809,11.382487297058105,424800
2003-11-03,16.190000534057617,16.420000076293945,16.059999465942383,16.40999984741211,11.696097373962402,943200
2003-11-04,16.5,16.739999771118164,16.40999984741211,16.489999771118164,11.753113746643066,1630800
2003-11-05,16.360000610351562,16.639999389648438,16.290000915527344,16.479999542236328,11.745987892150879,43800
2003-11-06,16.549999237060547,16.799999237060547,16.420000076293945,16.6299991607666,11.852899551391602,120600
2003-11-07,16.850000381469727,16.989999771118164,16.719999313354492,16.81999969482422,11.988319396972656,142900
2003-11-10,16.889999389648438,16.889999389648438,16.729999542236328,16.790000915527344,11.966938018798828,89100
2003-11-11,16.639999389648438,16.799999237060547,16.520000457763672,16.530000686645508,11.781623840332031,66800
2003-11-12,16.59000015258789,16.8799991607666,16.510000228881836,16.760000228881836,11.945556640625,110700
2003-11-13,16.940000534057617,17.09000015258789,16.799999237060547,16.989999771118164,12.109484672546387,119200
2003-11-14,17.139999389648438,17.139999389648438,16.860000610351562,16.899999618530273,12.045337677001953,396200
2003-11-17,16.81999969482422,16.8700008392334,16.540000915527344,16.6299991607666,11.852899551391602,244600
2003-11-18,16.899999618530273,16.940000534057617,16.649999618530273,16.75,11.938427925109863,307500
2003-11-19,16.649999618530273,16.649999618530273,16.350000381469727,16.450000762939453,11.724603652954102,217700
2003-11-20,16.260000228881836,16.440000534057617,16.25,16.40999984741211,11.696097373962402,424000
2003-11-21,16.209999084472656,16.290000915527344,16.06999969482422,16.270000457763672,11.596311569213867,506800
2003-11-24,16.399999618530273,16.399999618530273,15.899999618530273,15.960000038146973,11.37536334991455,1901800
2003-11-25,15.75,16.049999237060547,15.75,16.049999237060547,11.439506530761719,593100
2003-11-26,16.25,16.25,15.9399995803833,16.190000534057617,11.539291381835938,13400
2003-11-28,16.100000381469727,16.350000381469727,16.06999969482422,16.309999465942383,11.624822616577148,65800
2003-12-01,16.360000610351562,16.799999237060547,16.360000610351562,16.649999618530273,11.867151260375977,94600
2003-12-02,16.6200008392334,16.829999923706055,16.559999465942383,16.799999237060547,11.974061965942383,332100
2003-12-03,16.809999465942383,16.989999771118164,16.719999313354492,16.719999313354492,11.917047500610352,102500
2003-12-04,16.709999084472656,16.889999389648438,16.6299991607666,16.739999771118164,11.931300163269043,40200
2003-12-05,16.600000381469727,16.639999389648438,16.459999084472656,16.56999969482422,11.810136795043945,93400
2003-12-08,16.459999084472656,16.690000534057617,16.440000534057617,16.56999969482422,11.810136795043945,165700
2003-12-09,16.700000762939453,16.700000762939453,16.3700008392334,16.3700008392334,11.667585372924805,23100
2003-12-10,16.479999542236328,16.5,16.25,16.280000686645508,11.603439331054688,16700
2003-12-11,16.43000030517578,16.469999313354492,16.290000915527344,16.469999313354492,11.738860130310059,28200
2003-12-12,16.450000762939453,16.540000915527344,16.299999237060547,16.469999313354492,11.738860130310059,49700
2003-12-15,16.469999313354492,16.479999542236328,16.149999618530273,16.190000534057617,11.539291381835938,42700
2003-12-16,16.079999923706055,16.389999389648438,16.049999237060547,16.229999542236328,11.951669692993164,59600
2003-12-17,16.209999084472656,16.43000030517578,16.209999084472656,16.43000030517578,12.098950386047363,118200
2003-12-18,16.549999237060547,16.690000534057617,16.360000610351562,16.670000076293945,12.275686264038086,106800
2003-12-19,16.5,16.75,16.440000534057617,16.6200008392334,12.238868713378906,101100
2003-12-22,16.450000762939453,16.559999465942383,16.270000457763672,16.489999771118164,12.297032356262207,139200
2003-12-23,16.43000030517578,16.68000030517578,16.309999465942383,16.530000686645508,12.326860427856445,72200
2003-12-24,16.600000381469727,16.649999618530273,16.469999313354492,16.610000610351562,12.386517524719238,85100
2003-12-26,16.5,16.56999969482422,16.5,16.549999237060547,12.341773986816406,5700
2003-12-29,16.59000015258789,16.829999923706055,16.59000015258789,16.81999969482422,12.543121337890625,87400
2003-12-30,16.93000030517578,16.989999771118164,16.829999923706055,16.969999313354492,12.654979705810547,185200
2003-12-31,16.989999771118164,17.100000381469727,16.90999984741211,17.079999923706055,12.737015724182129,65000
2004-01-02,16.950000762939453,17.549999237060547,16.950000762939453,17.010000228881836,12.684807777404785,63700
2004-01-05,17.579999923706055,18.0,17.520000457763672,17.850000381469727,13.311222076416016,640900
2004-01-06,17.979999542236328,18.0,17.889999389648438,17.93000030517578,13.370882034301758,40700
2004-01-07,18.030000686645508,18.229999542236328,17.90999984741211,18.1299991607666,13.520027160644531,72100
2004-01-08,18.5,18.5,18.059999465942383,18.360000610351562,13.691542625427246,67000
2004-01-09,18.299999237060547,18.5,18.1200008392334,18.299999237060547,13.646801948547363,646300
2004-01-12,18.350000381469727,18.440000534057617,18.260000228881836,18.299999237060547,13.646801948547363,457000
2004-01-13,18.450000762939453,18.510000228881836,18.170000076293945,18.270000457763672,13.624429702758789,79100
2004-01-14,18.5,18.559999465942383,18.170000076293945,18.270000457763672,13.624429702758789,81700
2004-01-15,18.229999542236328,18.389999389648438,18.079999923706055,18.389999389648438,13.713910102844238,190600
2004-01-16,18.389999389648438,18.549999237060547,18.3700008392334,18.459999084472656,13.766111373901367,239300
2004-01-20,18.610000610351562,18.780000686645508,18.510000228881836,18.719999313354492,13.960004806518555,533400
2004-01-21,18.719999313354492,18.920000076293945,18.56999969482422,18.889999389648438,14.086774826049805,249800
2004-01-22,18.81999969482422,18.940000534057617,18.670000076293945,18.75,13.982377052307129,49500
2004-01-23,18.700000762939453,19.280000686645508,18.700000762939453,19.059999465942383,14.213549613952637,215900
2004-01-26,19.06999969482422,19.1200008392334,18.940000534057617,19.1200008392334,14.258292198181152,99800
2004-01-27,19.1200008392334,19.170000076293945,19.010000228881836,19.010000228881836,14.176264762878418,40500
2004-01-28,19.190000534057617,19.399999618530273,18.709999084472656,18.719999313354492,13.960004806518555,130600
2004-01-29,18.600000381469727,18.610000610351562,18.0,18.270000457763672,13.624429702758789,520700
2004-01-30,18.100000381469727,18.420000076293945,18.100000381469727,18.3700008392334,13.699002265930176,347500
2004-02-02,18.600000381469727,18.989999771118164,18.600000381469727,18.969999313354492,14.146435737609863,263600
2004-02-03,18.93000030517578,19.0,18.799999237060547,18.860000610351562,14.06440258026123,305800
2004-02-04,18.899999618530273,18.940000534057617,18.700000762939453,18.75,13.982377052307129,279700
2004-02-05,18.649999618530273,18.899999618530273,18.549999237060547,18.709999084472656,13.952543258666992,484800
2004-02-06,18.75,19.31999969482422,18.75,19.100000381469727,14.243380546569824,270700
2004-02-09,18.850000381469727,19.3799991607666,18.850000381469727,19.299999237060547,14.392524719238281,76700
2004-02-10,19.3700008392334,19.399999618530273,19.1200008392334,19.239999771118164,14.347783088684082,166400
2004-02-11,19.350000381469727,19.3700008392334,19.1200008392334,19.3700008392334,14.44472885131836,365400
2004-02-12,19.360000610351562,19.75,19.360000610351562,19.700000762939453,14.690815925598145,955200
2004-02-13,19.850000381469727,19.940000534057617,19.600000381469727,19.889999389648438,14.832500457763672,264400
2004-02-17,20.100000381469727,20.469999313354492,20.049999237060547,20.110000610351562,14.996566772460938,704000
2004-02-18,20.110000610351562,20.299999237060547,20.100000381469727,20.139999389648438,15.018937110900879,265800
2004-02-19,20.270000457763672,20.290000915527344,19.899999618530273,19.899999618530273,14.83996295928955,1122200
2004-02-20,19.809999465942383,19.889999389648438,19.3799991607666,19.559999465942383,14.586414337158203,690200
2004-02-23,19.59000015258789,19.59000015258789,19.100000381469727,19.239999771118164,14.347783088684082,451400
2004-02-24,19.139999389648438,19.389999389648438,18.809999465942383,19.350000381469727,14.42981243133545,116400
2004-02-25,19.350000381469727,19.469999313354492,19.260000228881836,19.450000762939453,14.504384994506836,79800
2004-02-26,19.450000762939453,19.610000610351562,19.450000762939453,19.600000381469727,14.616242408752441,82200
2004-02-27,19.700000762939453,19.780000686645508,19.479999542236328,19.690000534057617,14.683362007141113,1254700
2004-03-01,19.93000030517578,20.3700008392334,19.790000915527344,20.299999237060547,15.138250350952148,487000
2004-03-02,20.31999969482422,20.3799991607666,20.030000686645508,20.079999923706055,14.974196434020996,176400
2004-03-03,20.149999618530273,20.149999618530273,19.700000762939453,19.850000381469727,14.802679061889648,158900
2004-03-04,20.0,20.399999618530273,20.0,20.3799991607666,15.197911262512207,83300
2004-03-05,20.450000762939453,20.600000381469727,20.31999969482422,20.540000915527344,15.31722640991211,75800
2004-03-08,20.600000381469727,20.639999389648438,20.18000030517578,20.200000762939453,15.063679695129395,110600
2004-03-09,20.149999618530273,20.149999618530273,19.799999237060547,19.950000762939453,14.877245903015137,41900
2004-03-10,19.979999542236328,20.1200008392334,19.600000381469727,19.670000076293945,14.66844654083252,62500
2004-03-11,19.399999618530273,19.739999771118164,19.100000381469727,19.110000610351562,14.250836372375488,570400
2004-03-12,19.200000762939453,19.670000076293945,19.200000762939453,19.670000076293945,14.66844654083252,63500
2004-03-15,19.350000381469727,19.520000457763672,19.100000381469727,19.139999389648438,14.27320671081543,226100
2004-03-16,19.200000762939453,19.389999389648438,19.200000762939453,19.350000381469727,14.42981243133545,31000
2004-03-17,19.549999237060547,19.850000381469727,19.469999313354492,19.610000610351562,14.623698234558105,35300
2004-03-18,19.75,19.75,19.34000015258789,19.670000076293945,14.66844654083252,555000
2004-03-19,19.81999969482422,20.030000686645508,19.670000076293945,19.959999084472656,14.8847074508667,169100
2004-03-22,19.850000381469727,19.850000381469727,19.469999313354492,19.5,14.541666984558105,1113500
2004-03-23,19.549999237060547,19.8799991607666,19.549999237060547,19.739999771118164,14.720643997192383,46600
2004-03-24,19.770000457763672,20.0,19.75,19.8700008392334,14.817586898803711,117500
2004-03-25,20.100000381469727,20.40999984741211,20.010000228881836,20.399999618530273,15.212821006774902,245400
2004-03-26,20.399999618530273,20.690000534057617,20.34000015258789,20.3700008392334,15.190460205078125,130400
2004-03-29,20.540000915527344,20.770000457763672,20.3700008392334,20.399999618530273,15.212821006774902,125700
2004-03-30,20.299999237060547,20.530000686645508,20.299999237060547,20.450000762939453,15.250109672546387,61400
2004-03-31,20.649999618530273,20.899999618530273,20.450000762939453,20.760000228881836,15.481285095214844,609900
2004-04-01,20.799999237060547,20.959999084472656,20.670000076293945,20.84000015258789,15.540948867797852,205100
2004-04-02,21.299999237060547,21.350000381469727,20.90999984741211,20.979999542236328,15.645346641540527,256600
2004-04-05,21.149999618530273,21.170000076293945,20.950000762939453,21.059999465942383,15.705005645751953,171100
2004-04-06,21.149999618530273,21.149999618530273,20.899999618530273,20.989999771118164,15.652804374694824,129500
2004-04-07,20.969999313354492,21.299999237060547,20.649999618530273,21.190000534057617,15.801948547363281,155600
2004-04-08,21.25,21.280000686645508,20.950000762939453,21.079999923706055,15.719917297363281,272200
2004-04-12,21.25,21.34000015258789,21.049999237060547,21.219999313354492,15.824317932128906,162100
2004-04-13,21.299999237060547,21.399999618530273,20.709999084472656,20.739999771118164,15.466370582580566,257300
2004-04-14,20.489999771118164,20.809999465942383,20.420000076293945,20.43000030517578,15.235193252563477,265500
2004-04-15,20.440000534057617,20.649999618530273,20.25,20.420000076293945,15.227740287780762,379700
2004-04-16,20.420000076293945,20.690000534057617,20.420000076293945,20.600000381469727,15.361968994140625,71400
2004-04-19,20.59000015258789,20.610000610351562,20.299999237060547,20.530000686645508,15.309771537780762,80500
2004-04-20,20.5,20.649999618530273,20.350000381469727,20.350000381469727,15.175536155700684,39900
2004-04-21,20.25,20.389999389648438,20.010000228881836,20.049999237060547,14.951820373535156,138300
2004-04-22,20.049999237060547,20.31999969482422,20.049999237060547,20.31999969482422,15.153167724609375,129800
2004-04-23,20.5,20.639999389648438,20.350000381469727,20.540000915527344,15.31722640991211,169200
2004-04-26,20.690000534057617,20.690000534057617,20.329999923706055,20.489999771118164,15.279936790466309,134100
2004-04-27,20.5,20.5,20.25,20.3799991607666,15.197911262512207,515100
2004-04-28,20.350000381469727,20.350000381469727,19.360000610351562,19.3799991607666,14.45218563079834,151000
2004-04-29,19.399999618530273,19.540000915527344,18.75,18.950000762939453,14.131521224975586,433900
2004-04-30,18.950000762939453,19.149999618530273,18.709999084472656,18.809999465942383,14.027118682861328,522000
2004-05-03,18.799999237060547,19.469999313354492,18.799999237060547,19.239999771118164,14.347783088684082,505200
2004-05-04,19.200000762939453,19.65999984741211,19.200000762939453,19.579999923706055,14.601330757141113,74200
2004-05-05,19.6299991607666,19.739999771118164,19.170000076293945,19.309999465942383,14.399980545043945,164000
2004-05-06,18.950000762939453,19.09000015258789,18.299999237060547,18.510000228881836,13.803403854370117,338400
2004-05-07,18.31999969482422,18.56999969482422,18.25,18.25,13.609508514404297,542000
2004-05-10,17.899999618530273,17.950000762939453,17.18000030517578,17.3700008392334,12.953272819519043,467400
2004-05-11,17.8799991607666,18.420000076293945,17.8799991607666,18.350000381469727,13.684085845947266,686900
2004-05-12,18.299999237060547,18.299999237060547,17.799999237060547,18.239999771118164,13.602051734924316,248800
2004-05-13,17.950000762939453,18.299999237060547,17.90999984741211,18.200000762939453,13.57223129272461,323400
2004-05-14,18.25,18.610000610351562,18.25,18.530000686645508,13.818313598632812,316100
2004-05-17,18.010000228881836,18.149999618530273,17.850000381469727,17.989999771118164,13.41562271118164,393300
2004-05-18,18.149999618530273,18.450000762939453,18.020000457763672,18.270000457763672,13.624429702758789,188600
2004-05-19,18.639999389648438,18.899999618530273,18.600000381469727,18.700000762939453,13.945088386535645,469600
2004-05-20,18.68000030517578,18.68000030517578,18.350000381469727,18.459999084472656,13.766111373901367,58900
2004-05-21,18.510000228881836,18.780000686645508,18.5,18.59000015258789,13.863059043884277,71500
2004-05-24,18.729999542236328,18.899999618530273,18.690000534057617,18.770000457763672,13.99728775024414,224500
2004-05-25,18.700000762939453,19.079999923706055,18.700000762939453,18.969999313354492,14.146435737609863,191400
2004-05-26,19.040000915527344,19.31999969482422,19.040000915527344,19.049999237060547,14.206093788146973,72700
2004-05-27,19.100000381469727,19.360000610351562,19.100000381469727,19.299999237060547,14.392524719238281,112000
2004-05-28,19.350000381469727,19.540000915527344,19.190000534057617,19.350000381469727,14.42981243133545,152200
2004-06-01,19.299999237060547,19.350000381469727,19.049999237060547,19.049999237060547,14.206093788146973,114000
2004-06-02,19.100000381469727,19.290000915527344,19.049999237060547,19.190000534057617,14.31049919128418,232500
2004-06-03,18.850000381469727,19.219999313354492,18.850000381469727,19.049999237060547,14.206093788146973,217000
2004-06-04,19.06999969482422,19.489999771118164,19.06999969482422,19.309999465942383,14.399980545043945,92500
2004-06-07,19.75,20.100000381469727,19.56999969482422,19.969999313354492,14.892162322998047,312600
2004-06-08,20.100000381469727,20.219999313354492,19.93000030517578,20.09000015258789,14.981650352478027,215700
2004-06-09,19.989999771118164,19.989999771118164,19.579999923706055,19.579999923706055,14.601330757141113,49100
2004-06-10,19.790000915527344,19.84000015258789,19.559999465942383,19.600000381469727,14.616242408752441,29100
2004-06-14,19.280000686645508,19.40999984741211,19.149999618530273,19.149999618530273,14.280668258666992,60000
2004-06-15,19.25,19.809999465942383,19.25,19.450000762939453,14.504384994506836,136700
2004-06-16,19.56999969482422,19.56999969482422,19.389999389648438,19.450000762939453,14.504384994506836,17100
2004-06-17,19.549999237060547,19.610000610351562,19.309999465942383,19.600000381469727,14.616242408752441,26500
2004-06-18,19.700000762939453,19.75,19.600000381469727,19.719999313354492,14.705733299255371,63500
2004-06-21,19.899999618530273,19.989999771118164,19.59000015258789,19.75,14.728100776672363,35300
2004-06-22,19.81999969482422,19.81999969482422,19.559999465942383,19.56999969482422,14.593870162963867,18200
2004-06-23,19.520000457763672,19.649999618530273,19.350000381469727,19.5,14.541666984558105,46600
2004-06-24,19.600000381469727,19.780000686645508,19.5,19.600000381469727,14.616242408752441,139600
2004-06-25,19.600000381469727,19.709999084472656,19.459999084472656,19.549999237060547,14.578958511352539,206200
2004-06-28,19.600000381469727,19.600000381469727,19.209999084472656,19.209999084472656,14.325409889221191,43600
2004-06-29,19.110000610351562,19.299999237060547,19.100000381469727,19.219999313354492,14.332865715026855,53900
2004-06-30,19.299999237060547,19.489999771118164,19.25,19.489999771118164,14.534211158752441,27500
2004-07-01,19.579999923706055,19.639999389648438,19.389999389648438,19.5,14.541666984558105,159900
2004-07-02,19.450000762939453,19.610000610351562,19.350000381469727,19.3700008392334,14.44472885131836,16500
2004-07-06,19.350000381469727,19.510000228881836,19.139999389648438,19.15999984741211,14.288126945495605,115500
2004-07-07,19.110000610351562,19.329999923706055,18.90999984741211,18.90999984741211,14.101691246032715,98100
2004-07-08,18.760000228881836,19.059999465942383,18.610000610351562,18.8700008392334,14.07186222076416,547100
2004-07-09,18.780000686645508,19.049999237060547,18.709999084472656,18.979999542236328,14.153891563415527,521900
2004-07-12,18.899999618530273,19.149999618530273,18.799999237060547,19.1200008392334,14.258292198181152,140000
2004-07-13,18.889999389648438,19.079999923706055,18.75,18.84000015258789,14.049493789672852,81900
2004-07-14,18.809999465942383,18.84000015258789,18.530000686645508,18.540000915527344,13.825773239135742,34000
2004-07-15,18.540000915527344,18.59000015258789,18.280000686645508,18.360000610351562,13.691542625427246,66400
2004-07-16,18.540000915527344,18.8700008392334,18.530000686645508,18.799999237060547,14.01966381072998,41200
2004-07-19,18.809999465942383,19.030000686645508,18.670000076293945,18.719999313354492,13.960004806518555,126300
2004-07-20,18.649999618530273,19.020000457763672,18.649999618530273,18.950000762939453,14.131521224975586,53900
2004-07-21,19.100000381469727,19.1299991607666,18.739999771118164,18.75,13.982377052307129,26700
2004-07-22,18.649999618530273,18.829999923706055,18.510000228881836,18.829999923706055,14.042033195495605,29100
2004-07-23,18.790000915527344,18.790000915527344,18.559999465942383,18.59000015258789,13.863059043884277,14800
2004-07-26,18.540000915527344,18.670000076293945,18.399999618530273,18.450000762939453,13.758657455444336,111700
2004-07-27,18.610000610351562,18.93000030517578,18.600000381469727,18.8799991607666,14.07931900024414,44200
2004-07-28,19.040000915527344,19.040000915527344,18.59000015258789,18.860000610351562,14.06440258026123,72300
2004-07-29,19.1200008392334,19.170000076293945,18.950000762939453,19.06999969482422,14.221007347106934,30500
2004-07-30,19.09000015258789,19.09000015258789,19.010000228881836,19.040000915527344,14.198633193969727,10500
2004-08-02,18.809999465942383,19.190000534057617,18.809999465942383,19.100000381469727,14.243380546569824,458900
2004-08-03,19.200000762939453,19.280000686645508,19.100000381469727,19.149999618530273,14.280668258666992,112400
2004-08-04,19.149999618530273,19.149999618530273,18.729999542236328,18.790000915527344,14.012206077575684,868200
2004-08-05,18.790000915527344,18.969999313354492,18.790000915527344,18.959999084472656,14.138978958129883,369300
2004-08-06,18.799999237060547,18.799999237060547,18.5,18.510000228881836,13.803403854370117,1490900
2004-08-09,18.540000915527344,18.610000610351562,18.420000076293945,18.420000076293945,13.736287117004395,20600
2004-08-10,18.5,18.649999618530273,18.5,18.600000381469727,13.870515823364258,12600
2004-08-11,18.459999084472656,18.469999313354492,18.399999618530273,18.420000076293945,13.736287117004395,14800
2004-08-12,18.43000030517578,18.450000762939453,18.350000381469727,18.389999389648438,13.713910102844238,76400
2004-08-13,18.399999618530273,18.549999237060547,18.399999618530273,18.549999237060547,13.833227157592773,263100
2004-08-16,18.40999984741211,18.850000381469727,18.40999984741211,18.770000457763672,13.99728775024414,1237200
2004-08-17,18.860000610351562,19.1200008392334,18.860000610351562,19.010000228881836,14.176264762878418,360600
2004-08-18,19.010000228881836,19.1200008392334,18.979999542236328,19.1200008392334,14.258292198181152,71400
2004-08-19,19.059999465942383,19.219999313354492,19.059999465942383,19.170000076293945,14.295586585998535,59300
2004-08-20,19.170000076293945,19.299999237060547,19.1200008392334,19.270000457763672,14.370153427124023,122800
2004-08-23,19.219999313354492,19.31999969482422,19.170000076293945,19.190000534057617,14.31049919128418,163900
2004-08-24,19.229999542236328,19.329999923706055,19.18000030517578,19.31999969482422,14.407440185546875,54500
2004-08-25,19.200000762939453,19.360000610351562,19.200000762939453,19.360000610351562,14.437268257141113,42700
2004-08-26,19.360000610351562,19.3700008392334,19.25,19.350000381469727,14.42981243133545,17300
2004-08-27,19.31999969482422,19.3700008392334,19.260000228881836,19.329999923706055,14.414896965026855,23800
2004-08-30,19.280000686645508,19.280000686645508,19.149999618530273,19.200000762939453,14.317952156066895,180500
2004-08-31,19.280000686645508,19.420000076293945,19.239999771118164,19.420000076293945,14.482012748718262,2343600
2004-09-01,19.43000030517578,19.520000457763672,19.389999389648438,19.5,14.541666984558105,72100
2004-09-02,19.450000762939453,19.479999542236328,19.350000381469727,19.450000762939453,14.504384994506836,31900
2004-09-03,19.43000030517578,19.440000534057617,19.309999465942383,19.31999969482422,14.407440185546875,139300
2004-09-07,19.280000686645508,19.559999465942383,19.280000686645508,19.479999542236328,14.526756286621094,144300
2004-09-08,19.420000076293945,19.639999389648438,19.420000076293945,19.549999237060547,14.578958511352539,187300
2004-09-09,19.56999969482422,19.709999084472656,19.459999084472656,19.65999984741211,14.660987854003906,84300
2004-09-10,19.5,19.8700008392334,19.5,19.709999084472656,14.698275566101074,45000
2004-09-13,19.760000228881836,20.020000457763672,19.760000228881836,19.760000228881836,14.735560417175293,123500
2004-09-14,19.809999465942383,19.979999542236328,19.809999465942383,19.950000762939453,14.877245903015137,82800
2004-09-15,19.979999542236328,20.020000457763672,19.8700008392334,19.8700008392334,14.817586898803711,79000
2004-09-16,19.989999771118164,20.09000015258789,19.950000762939453,20.09000015258789,14.981650352478027,116200
2004-09-17,20.040000915527344,20.399999618530273,20.040000915527344,20.389999389648438,15.205370903015137,363400
2004-09-20,20.3799991607666,20.440000534057617,20.290000915527344,20.40999984741211,15.220280647277832,162300
2004-09-21,20.43000030517578,20.56999969482422,20.389999389648438,20.56999969482422,15.33959674835205,52000
2004-09-22,20.5,20.5,20.260000228881836,20.34000015258789,15.168081283569336,318400
2004-09-23,20.3799991607666,20.3799991607666,20.200000762939453,20.200000762939453,15.063679695129395,475500
2004-09-24,20.329999923706055,20.420000076293945,20.25,20.420000076293945,15.227740287780762,299000
2004-09-27,20.06999969482422,20.25,20.049999237060547,20.1299991607666,15.01147747039795,394100
2004-09-28,20.040000915527344,20.399999618530273,20.040000915527344,20.399999618530273,15.212821006774902,137000
2004-09-29,20.25,20.649999618530273,20.25,20.530000686645508,15.309771537780762,222100
2004-09-30,20.670000076293945,20.670000076293945,20.450000762939453,20.450000762939453,15.250109672546387,1133100
2004-10-01,20.579999923706055,20.8799991607666,20.579999923706055,20.8700008392334,15.56331729888916,91400
2004-10-04,20.93000030517578,21.149999618530273,20.899999618530273,21.1299991607666,15.757207870483398,88700
2004-10-05,21.200000762939453,21.200000762939453,21.020000457763672,21.049999237060547,15.697551727294922,70700
2004-10-06,21.020000457763672,21.1299991607666,20.799999237060547,21.040000915527344,15.690091133117676,40000
2004-10-07,21.040000915527344,21.1200008392334,21.0,21.09000015258789,15.727376937866211,247100
2004-10-08,21.1299991607666,21.1299991607666,20.729999542236328,20.760000228881836,15.481285095214844,206300
2004-10-11,20.799999237060547,20.899999618530273,20.739999771118164,20.780000686645508,15.496201515197754,141200
2004-10-12,20.799999237060547,20.920000076293945,20.600000381469727,20.90999984741211,15.593147277832031,33600
2004-10-13,20.899999618530273,20.920000076293945,20.579999923706055,20.649999618530273,15.39925765991211,124600
2004-10-14,20.56999969482422,20.68000030517578,20.31999969482422,20.31999969482422,15.153167724609375,400900
2004-10-15,20.25,20.5,20.209999084472656,20.5,15.287398338317871,36900
2004-10-18,20.299999237060547,20.530000686645508,20.299999237060547,20.530000686645508,15.309771537780762,586200
2004-10-19,20.6200008392334,20.809999465942383,20.520000457763672,20.520000457763672,15.302310943603516,162900
2004-10-20,20.540000915527344,20.649999618530273,20.459999084472656,20.579999923706055,15.347058296203613,247100
2004-10-21,20.520000457763672,20.850000381469727,20.520000457763672,20.799999237060547,15.511114120483398,861600
2004-10-22,20.8700008392334,20.940000534057617,20.65999984741211,20.729999542236328,15.458914756774902,113300
2004-10-25,20.739999771118164,20.780000686645508,20.559999465942383,20.600000381469727,15.361968994140625,316900
2004-10-26,20.649999618530273,21.09000015258789,20.6200008392334,21.030000686645508,15.682635307312012,220400
2004-10-27,21.0,21.450000762939453,20.920000076293945,21.329999923706055,15.906346321105957,428100
2004-10-28,21.329999923706055,21.350000381469727,21.209999084472656,21.209999084472656,15.816861152648926,121500
2004-10-29,21.309999465942383,21.549999237060547,21.260000228881836,21.459999084472656,16.0032958984375,45200
2004-11-01,21.549999237060547,21.68000030517578,21.469999313354492,21.649999618530273,16.144989013671875,126400
2004-11-02,21.760000228881836,22.0,21.670000076293945,21.75,16.219558715820312,304000
2004-11-03,22.25,22.299999237060547,21.950000762939453,22.200000762939453,16.55513572692871,971800
2004-11-04,22.149999618530273,22.350000381469727,21.959999084472656,22.350000381469727,16.666996002197266,1323500
2004-11-05,22.5,22.540000915527344,22.229999542236328,22.350000381469727,16.666996002197266,225900
2004-11-08,22.299999237060547,22.350000381469727,22.079999923706055,22.110000610351562,16.48801612854004,49800
2004-11-09,22.170000076293945,22.219999313354492,21.93000030517578,22.1200008392334,16.495473861694336,115900
2004-11-10,22.229999542236328,22.299999237060547,22.100000381469727,22.239999771118164,16.584957122802734,77700
2004-11-11,22.350000381469727,22.579999923706055,22.280000686645508,22.549999237060547,16.81613540649414,428100
2004-11-12,22.6200008392334,22.799999237060547,22.579999923706055,22.59000015258789,16.845964431762695,401500
2004-11-15,22.719999313354492,22.75,22.520000457763672,22.6200008392334,16.868335723876953,90400
2004-11-16,22.649999618530273,22.670000076293945,22.479999542236328,22.59000015258789,16.845964431762695,170700
2004-11-17,22.75,22.979999542236328,22.639999389648438,22.809999465942383,17.01002311706543,726900
2004-11-18,22.799999237060547,22.850000381469727,22.729999542236328,22.770000457763672,16.980192184448242,82700
2004-11-19,22.850000381469727,22.850000381469727,22.290000915527344,22.290000915527344,16.62224578857422,485300
2004-11-22,22.209999084472656,22.389999389648438,22.200000762939453,22.34000015258789,16.65953826904297,97600
2004-11-23,22.459999084472656,22.5,22.350000381469727,22.459999084472656,16.749021530151367,75600
2004-11-24,22.479999542236328,22.68000030517578,22.479999542236328,22.670000076293945,16.905624389648438,73400
2004-11-26,22.700000762939453,23.059999465942383,22.700000762939453,23.040000915527344,17.181543350219727,123000
2004-11-29,23.1299991607666,23.299999237060547,23.010000228881836,23.170000076293945,17.27849006652832,381600
2004-11-30,23.399999618530273,23.469999313354492,23.299999237060547,23.31999969482422,17.39034080505371,308800
2004-12-01,23.239999771118164,23.739999771118164,23.239999771118164,23.700000762939453,17.67371940612793,371400
2004-12-02,23.799999237060547,23.920000076293945,23.420000076293945,23.479999542236328,17.509666442871094,108500
2004-12-03,23.520000457763672,23.639999389648438,23.43000030517578,23.639999389648438,17.628976821899414,378100
2004-12-06,23.579999923706055,23.59000015258789,23.43000030517578,23.549999237060547,17.56186294555664,215200
2004-12-07,23.649999618530273,23.68000030517578,23.25,23.31999969482422,17.39034080505371,202600
2004-12-08,23.399999618530273,23.399999618530273,23.030000686645508,23.200000762939453,17.300857543945312,155100
2004-12-09,23.149999618530273,23.239999771118164,22.84000015258789,23.239999771118164,17.3306827545166,731400
2004-12-10,23.020000457763672,23.309999465942383,23.020000457763672,23.270000457763672,17.353059768676758,62200
2004-12-13,23.510000228881836,23.600000381469727,23.3799991607666,23.579999923706055,17.58423614501953,127700
2004-12-14,23.600000381469727,24.010000228881836,23.540000915527344,24.0,17.89743995666504,152100
2004-12-15,23.979999542236328,24.229999542236328,23.979999542236328,24.200000762939453,18.046588897705078,305600
2004-12-16,24.190000534057617,24.190000534057617,23.920000076293945,24.010000228881836,17.904903411865234,323900
2004-12-17,24.110000610351562,24.190000534057617,24.010000228881836,24.1200008392334,17.986927032470703,90200
2004-12-20,24.309999465942383,24.389999389648438,24.25,24.350000381469727,18.158445358276367,93700
2004-12-21,24.299999237060547,24.610000610351562,24.270000457763672,24.610000610351562,18.352336883544922,204000
2004-12-22,24.600000381469727,24.940000534057617,24.600000381469727,24.940000534057617,18.598424911499023,509000
2004-12-23,24.700000762939453,24.81999969482422,24.649999618530273,24.75,18.66402816772461,158400
2004-12-27,24.68000030517578,24.860000610351562,24.68000030517578,24.860000610351562,18.746980667114258,224700
2004-12-28,24.899999618530273,24.899999618530273,24.739999771118164,24.8700008392334,18.754526138305664,179100
2004-12-29,24.780000686645508,25.0,24.739999771118164,25.0,18.85255241394043,170600
2004-12-30,25.079999923706055,25.18000030517578,25.0,25.18000030517578,18.988298416137695,123200
2004-12-31,25.200000762939453,25.200000762939453,25.0,25.15999984741211,18.97321319580078,204300
2005-01-03,25.030000686645508,25.239999771118164,24.93000030517578,25.0,18.85255241394043,424300
2005-01-04,25.020000457763672,25.049999237060547,24.06999969482422,24.15999984741211,18.21910858154297,686400
2005-01-05,24.100000381469727,24.229999542236328,23.790000915527344,23.93000030517578,18.045663833618164,321800
2005-01-06,23.8700008392334,23.93000030517578,23.299999237060547,23.899999618530273,18.02304458618164,401500
2005-01-07,24.059999465942383,24.059999465942383,23.690000534057617,23.809999465942383,17.95517349243164,347000
2005-01-10,23.809999465942383,23.969999313354492,23.690000534057617,23.700000762939453,17.872220993041992,140100
2005-01-11,23.850000381469727,23.850000381469727,23.3700008392334,23.399999618530273,17.6459903717041,324800
2005-01-12,23.540000915527344,23.709999084472656,23.299999237060547,23.690000534057617,17.864683151245117,243500
2005-01-13,23.700000762939453,24.0,23.25,23.649999618530273,17.834516525268555,222800
2005-01-14,23.950000762939453,24.280000686645508,23.809999465942383,24.260000228881836,18.294519424438477,346900
2005-01-18,24.25,24.709999084472656,24.25,24.6299991607666,18.573537826538086,414600
2005-01-19,24.889999389648438,25.049999237060547,24.649999618530273,24.65999984741211,18.596158981323242,713200
2005-01-20,24.75,24.75,23.979999542236328,23.979999542236328,18.0833740234375,688900
2005-01-21,24.1299991607666,24.200000762939453,23.899999618530273,23.90999984741211,18.030582427978516,239400
2005-01-24,24.06999969482422,24.219999313354492,23.920000076293945,24.030000686645508,18.121078491210938,331200
2005-01-25,24.149999618530273,24.329999923706055,24.079999923706055,24.209999084472656,18.25681495666504,402200
2005-01-26,24.350000381469727,24.75,24.350000381469727,24.729999542236328,18.648950576782227,310300
2005-01-27,24.6299991607666,24.809999465942383,24.530000686645508,24.719999313354492,18.641401290893555,207100
2005-01-28,24.5,24.790000915527344,24.420000076293945,24.739999771118164,18.656490325927734,324500
2005-01-31,24.899999618530273,25.25,24.8700008392334,25.09000015258789,18.920425415039062,475700
2005-02-01,25.139999389648438,25.600000381469727,25.1299991607666,25.579999923706055,19.289934158325195,556200
2005-02-02,25.68000030517578,25.790000915527344,25.6299991607666,25.690000534057617,19.372888565063477,385600
2005-02-03,25.649999618530273,25.770000457763672,25.440000534057617,25.729999542236328,19.40304946899414,234600
2005-02-04,25.850000381469727,26.25,25.75,25.959999084472656,19.576492309570312,381300
2005-02-07,25.829999923706055,26.040000915527344,25.700000762939453,25.989999771118164,19.5991153717041,326600
2005-02-08,26.25,26.25,25.770000457763672,25.809999465942383,19.463380813598633,437800
2005-02-09,25.84000015258789,26.329999923706055,25.84000015258789,26.31999969482422,19.847976684570312,205200
2005-02-10,26.40999984741211,26.520000457763672,26.280000686645508,26.469999313354492,19.96108627319336,454200
2005-02-11,26.469999313354492,26.649999618530273,26.350000381469727,26.610000610351562,20.066661834716797,572900
2005-02-14,26.479999542236328,26.600000381469727,26.299999237060547,26.360000610351562,19.878141403198242,207700
2005-02-15,26.229999542236328,26.440000534057617,26.200000762939453,26.440000534057617,19.938465118408203,205500
2005-02-16,26.420000076293945,26.420000076293945,26.200000762939453,26.389999389648438,19.900753021240234,148800
2005-02-17,26.3700008392334,26.399999618530273,26.200000762939453,26.25,19.795185089111328,151800
2005-02-18,26.40999984741211,26.440000534057617,26.200000762939453,26.200000762939453,19.757482528686523,199900
2005-02-22,26.25,26.299999237060547,26.059999465942383,26.059999465942383,19.651906967163086,246100
2005-02-23,26.1200008392334,26.25,26.059999465942383,26.149999618530273,19.719770431518555,146700
2005-02-24,26.170000076293945,26.520000457763672,26.170000076293945,26.450000762939453,19.94600486755371,137900
2005-02-25,26.600000381469727,27.049999237060547,26.559999465942383,27.049999237060547,20.398469924926758,374900
2005-02-28,27.100000381469727,27.15999984741211,26.6200008392334,26.860000610351562,20.25518798828125,550400
2005-03-01,26.799999237060547,26.979999542236328,26.780000686645508,26.84000015258789,20.2401065826416,131000
2005-03-02,28.09000015258789,28.09000015258789,26.579999923706055,26.709999084472656,20.142066955566406,237200
2005-03-03,26.770000457763672,26.90999984741211,26.559999465942383,26.639999389648438,20.08928108215332,245200
2005-03-04,26.84000015258789,27.049999237060547,26.780000686645508,26.940000534057617,20.315515518188477,170300
2005-03-07,27.049999237060547,27.209999084472656,27.010000228881836,27.15999984741211,20.481416702270508,149600
2005-03-08,27.200000762939453,27.200000762939453,26.850000381469727,26.90999984741211,20.292888641357422,578700
2005-03-09,26.770000457763672,26.8799991607666,26.510000228881836,26.610000610351562,20.066661834716797,250700
2005-03-10,26.579999923706055,26.610000610351562,25.950000762939453,25.979999542236328,19.591577529907227,551500
2005-03-11,26.020000457763672,26.309999465942383,25.93000030517578,26.239999771118164,19.787641525268555,219900
2005-03-14,26.110000610351562,26.110000610351562,25.200000762939453,25.40999984741211,19.161745071411133,393600
2005-03-15,25.420000076293945,25.540000915527344,25.010000228881836,25.030000686645508,18.87518310546875,315000
2005-03-16,24.979999542236328,25.0,24.549999237060547,24.829999923706055,18.724361419677734,495600
2005-03-17,24.760000228881836,25.15999984741211,24.670000076293945,25.06999969482422,18.905344009399414,779000
2005-03-18,25.0,25.059999465942383,24.829999923706055,24.969999313354492,18.829938888549805,164200
2005-03-21,24.799999237060547,24.899999618530273,24.350000381469727,24.600000381469727,18.550920486450195,450300
2005-03-22,24.780000686645508,25.049999237060547,24.600000381469727,24.600000381469727,18.550920486450195,341700
2005-03-23,24.549999237060547,24.579999923706055,23.940000534057617,24.059999465942383,18.143699645996094,742800
2005-03-24,24.079999923706055,24.3799991607666,24.020000457763672,24.100000381469727,18.17386817932129,154000
2005-03-28,24.149999618530273,24.290000915527344,23.989999771118164,24.0,18.098453521728516,270900
2005-03-29,24.020000457763672,24.09000015258789,23.600000381469727,23.6299991607666,17.819435119628906,447900
2005-03-30,23.780000686645508,23.989999771118164,23.600000381469727,23.93000030517578,18.045663833618164,185800
2005-03-31,24.049999237060547,24.25,24.049999237060547,24.1299991607666,18.196487426757812,316900
2005-04-01,24.209999084472656,24.440000534057617,24.100000381469727,24.25,18.286977767944336,338400
2005-04-04,24.209999084472656,24.299999237060547,23.8799991607666,23.899999618530273,18.02304458618164,230800
2005-04-05,23.90999984741211,24.15999984741211,23.3799991607666,23.479999542236328,17.70632553100586,579500
2005-04-06,23.5,23.649999618530273,23.170000076293945,23.209999084472656,17.502714157104492,1221100
2005-04-07,23.260000228881836,23.959999084472656,23.260000228881836,23.860000610351562,17.99287986755371,835400
2005-04-08,23.920000076293945,24.170000076293945,23.8799991607666,24.049999237060547,18.136159896850586,472800
2005-04-11,24.149999618530273,24.15999984741211,23.940000534057617,24.0,18.098453521728516,175800
2005-04-12,23.959999084472656,24.25,23.670000076293945,24.239999771118164,18.279436111450195,244200
2005-04-13,24.260000228881836,24.329999923706055,23.889999389648438,23.940000534057617,18.053207397460938,306300
2005-04-14,24.049999237060547,24.049999237060547,23.5,23.510000228881836,17.72894287109375,221100
2005-04-15,23.530000686645508,23.530000686645508,22.889999389648438,22.959999084472656,17.314186096191406,691600
2005-04-18,22.8799991607666,22.989999771118164,22.579999923706055,22.799999237060547,17.19352912902832,1085600
2005-04-19,22.75,23.450000762939453,22.75,23.440000534057617,17.676156997680664,330700
2005-04-20,23.549999237060547,23.549999237060547,22.850000381469727,22.850000381469727,17.231233596801758,165800
2005-04-21,23.0,23.389999389648438,22.979999542236328,23.360000610351562,17.615825653076172,362000
2005-04-22,23.3700008392334,23.440000534057617,23.0,23.1299991607666,17.442386627197266,873000
2005-04-25,23.270000457763672,24.0,23.25,24.0,18.098453521728516,343000
2005-04-26,24.0,24.5,23.90999984741211,24.280000686645508,18.309600830078125,1016400
2005-04-27,24.299999237060547,24.299999237060547,23.809999465942383,24.0,18.098453521728516,676600
2005-04-28,23.860000610351562,23.860000610351562,23.190000534057617,23.200000762939453,17.495176315307617,619100
2005-04-29,23.5,23.639999389648438,23.299999237060547,23.549999237060547,17.759111404418945,765900
2005-05-02,23.579999923706055,23.84000015258789,23.579999923706055,23.760000228881836,17.917465209960938,98600
2005-05-03,23.799999237060547,23.920000076293945,23.709999084472656,23.8700008392334,18.000423431396484,110000
2005-05-04,23.8700008392334,24.809999465942383,23.8700008392334,24.799999237060547,18.701732635498047,1153000
2005-05-05,24.729999542236328,25.049999237060547,24.510000228881836,24.690000534057617,18.618783950805664,278900
2005-05-06,24.760000228881836,24.989999771118164,24.75,24.850000381469727,18.739437103271484,241000
2005-05-09,24.81999969482422,24.860000610351562,24.6200008392334,24.719999313354492,18.641401290893555,336800
2005-05-10,24.469999313354492,24.649999618530273,24.260000228881836,24.260000228881836,18.294519424438477,146900
2005-05-11,24.299999237060547,24.40999984741211,24.1200008392334,24.3700008392334,18.377470016479492,61900
2005-05-12,24.350000381469727,24.530000686645508,24.149999618530273,24.149999618530273,18.21156883239746,392200
2005-05-13,24.200000762939453,24.25,23.829999923706055,23.899999618530273,18.02304458618164,130000
2005-05-16,23.829999923706055,24.239999771118164,23.829999923706055,24.200000762939453,18.2492733001709,182700
2005-05-17,24.020000457763672,24.450000762939453,24.020000457763672,24.40999984741211,18.407634735107422,148300
2005-05-18,23.799999237060547,25.170000076293945,23.799999237060547,25.149999618530273,18.965673446655273,315300
2005-05-19,24.5,25.34000015258789,24.5,25.280000686645508,19.063705444335938,184400
2005-05-20,25.280000686645508,25.440000534057617,25.059999465942383,25.420000076293945,19.169282913208008,143500
2005-05-23,25.3700008392334,25.6299991607666,25.270000457763672,25.610000610351562,19.312562942504883,121200
2005-05-24,25.610000610351562,25.639999389648438,25.40999984741211,25.639999389648438,19.335180282592773,250300
2005-05-25,25.68000030517578,25.760000228881836,25.510000228881836,25.709999084472656,19.387964248657227,308200
2005-05-26,25.600000381469727,25.989999771118164,25.540000915527344,25.93000030517578,19.55387306213379,358500
2005-05-27,25.989999771118164,26.18000030517578,25.899999618530273,26.09000015258789,19.674528121948242,553200
2005-05-31,26.100000381469727,26.100000381469727,25.799999237060547,25.8700008392334,19.50862693786621,313100
2005-06-01,25.530000686645508,26.280000686645508,25.530000686645508,26.25,19.795185089111328,563900
2005-06-02,26.270000457763672,26.639999389648438,26.25,26.540000915527344,20.013870239257812,533400
2005-06-03,26.6299991607666,26.6299991607666,26.110000610351562,26.110000610351562,19.689613342285156,923900
2005-06-06,26.18000030517578,26.299999237060547,25.989999771118164,26.09000015258789,19.674528121948242,642100
2005-06-07,26.079999923706055,26.239999771118164,25.90999984741211,25.90999984741211,19.538785934448242,180600
2005-06-08,25.899999618530273,26.030000686645508,25.809999465942383,25.829999923706055,19.47846221923828,939000
2005-06-09,26.450000762939453,26.450000762939453,25.829999923706055,26.040000915527344,19.636823654174805,226800
2005-06-10,26.15999984741211,26.239999771118164,26.049999237060547,26.059999465942383,19.651906967163086,178200
2005-06-13,26.139999389648438,26.3799991607666,26.059999465942383,26.3799991607666,19.893217086791992,778600
2005-06-14,26.84000015258789,26.84000015258789,26.389999389648438,26.700000762939453,20.13452911376953,846000
2005-06-15,27.299999237060547,27.299999237060547,26.709999084472656,27.0,20.36075782775879,328300
2005-06-16,27.030000686645508,27.18000030517578,26.90999984741211,27.06999969482422,20.413545608520508,589500
2005-06-17,27.190000534057617,27.299999237060547,27.110000610351562,27.299999237060547,20.586990356445312,418500
2005-06-20,27.170000076293945,27.489999771118164,27.059999465942383,27.3799991607666,20.647315979003906,229400
2005-06-21,27.3799991607666,27.450000762939453,27.170000076293945,27.209999084472656,20.519123077392578,328500
2005-06-22,27.34000015258789,27.34000015258789,26.90999984741211,27.030000686645508,20.38338851928711,350300
2005-06-23,26.850000381469727,26.950000762939453,26.68000030517578,26.729999542236328,20.157155990600586,516200
2005-06-24,26.200000762939453,26.84000015258789,26.200000762939453,26.56999969482422,20.036497116088867,956400
2005-06-27,26.559999465942383,26.860000610351562,26.559999465942383,26.81999969482422,20.225025177001953,531600
2005-06-28,27.350000381469727,27.350000381469727,26.670000076293945,27.0,20.36075782775879,533000
2005-06-29,27.1200008392334,27.239999771118164,26.920000076293945,27.239999771118164,20.541744232177734,491000
2005-06-30,27.239999771118164,27.260000228881836,27.010000228881836,27.079999923706055,20.42108726501465,121900
2005-07-01,27.59000015258789,27.59000015258789,27.020000457763672,27.200000762939453,20.511581420898438,137300
2005-07-05,27.139999389648438,27.479999542236328,27.059999465942383,27.479999542236328,20.72273063659668,248500
2005-07-06,27.450000762939453,27.940000534057617,27.450000762939453,27.850000381469727,21.001747131347656,722200
2005-07-07,27.520000457763672,27.899999618530273,27.100000381469727,27.8700008392334,21.016834259033203,549200
2005-07-08,28.0,28.100000381469727,27.8799991607666,28.049999237060547,21.152568817138672,197100
2005-07-11,27.940000534057617,28.309999465942383,27.850000381469727,27.889999389648438,21.03190803527832,1196100
2005-07-12,27.940000534057617,28.200000762939453,27.920000076293945,28.1200008392334,21.205360412597656,504400
2005-07-13,28.200000762939453,28.440000534057617,28.15999984741211,28.350000381469727,21.378799438476562,1056200
2005-07-14,28.459999084472656,28.68000030517578,28.40999984741211,28.520000457763672,21.50699806213379,315200
2005-07-15,28.600000381469727,28.600000381469727,28.350000381469727,28.3799991607666,21.40142059326172,89400
2005-07-18,28.309999465942383,28.399999618530273,28.270000457763672,28.270000457763672,21.318471908569336,75700
2005-07-19,28.459999084472656,28.889999389648438,28.3799991607666,28.8799991607666,21.77847671508789,190800
2005-07-20,28.719999313354492,29.229999542236328,28.709999084472656,29.1299991607666,21.966997146606445,206200
2005-07-21,29.329999923706055,29.360000610351562,29.0,29.079999923706055,21.929290771484375,138000
2005-07-22,29.030000686645508,29.200000762939453,28.979999542236328,29.110000610351562,21.951919555664062,129700
2005-07-25,29.1299991607666,29.18000030517578,28.450000762939453,28.450000762939453,21.454208374023438,357700
2005-07-26,28.440000534057617,28.8700008392334,28.43000030517578,28.6200008392334,21.582401275634766,668100
2005-07-27,28.65999984741211,28.989999771118164,28.579999923706055,28.889999389648438,21.7860107421875,291900
2005-07-28,29.040000915527344,29.450000762939453,28.989999771118164,29.270000457763672,22.072572708129883,320100
2005-07-29,29.329999923706055,29.670000076293945,29.329999923706055,29.43000030517578,22.193227767944336,675600
2005-08-01,29.649999618530273,30.110000610351562,29.639999389648438,30.010000228881836,22.630603790283203,306000
2005-08-02,30.06999969482422,30.399999618530273,30.010000228881836,30.18000030517578,22.758804321289062,198600
2005-08-03,30.15999984741211,30.15999984741211,29.770000457763672,29.979999542236328,22.607986450195312,412900
2005-08-04,29.93000030517578,30.100000381469727,29.700000762939453,29.950000762939453,22.585365295410156,331400
2005-08-05,29.969999313354492,29.969999313354492,29.450000762939453,29.559999465942383,22.291261672973633,298100
2005-08-08,29.700000762939453,29.899999618530273,29.600000381469727,29.719999313354492,22.411916732788086,297300
2005-08-09,29.65999984741211,30.079999923706055,29.65999984741211,30.020000457763672,22.63814926147461,239500
2005-08-10,30.149999618530273,30.600000381469727,30.030000686645508,30.239999771118164,22.80405044555664,700200
2005-08-11,30.299999237060547,30.5,30.25,30.489999771118164,22.992582321166992,284800
2005-08-12,30.350000381469727,30.350000381469727,30.0,30.170000076293945,22.751262664794922,197400
2005-08-15,30.100000381469727,30.649999618530273,30.049999237060547,30.649999618530273,23.113231658935547,90400
2005-08-16,30.6299991607666,30.6299991607666,29.760000228881836,29.760000228881836,22.44208526611328,1253300
2005-08-17,29.649999618530273,29.899999618530273,29.559999465942383,29.75,22.434545516967773,283500
2005-08-18,29.719999313354492,29.899999618530273,29.549999237060547,29.719999313354492,22.411916732788086,312500
2005-08-19,29.709999084472656,29.959999084472656,29.3799991607666,29.6200008392334,22.336511611938477,232000
2005-08-22,29.799999237060547,30.020000457763672,29.739999771118164,29.920000076293945,22.5627384185791,93400
2005-08-23,29.829999923706055,29.920000076293945,29.520000457763672,29.610000610351562,22.328968048095703,226200
2005-08-24,29.5,29.520000457763672,29.200000762939453,29.209999084472656,22.027328491210938,323100
2005-08-25,29.329999923706055,29.540000915527344,29.25,29.479999542236328,22.23093605041504,150300
2005-08-26,29.549999237060547,29.549999237060547,29.020000457763672,29.09000015258789,21.93683433532715,188200
2005-08-29,28.950000762939453,29.100000381469727,28.860000610351562,28.940000534057617,21.82371711730957,261100
2005-08-30,28.920000076293945,28.989999771118164,28.260000228881836,28.389999389648438,21.408960342407227,605600
2005-08-31,28.329999923706055,29.25,28.329999923706055,29.239999771118164,22.049951553344727,873900
2005-09-01,29.579999923706055,29.93000030517578,29.520000457763672,29.799999237060547,22.472244262695312,851000
2005-09-02,29.950000762939453,30.8700008392334,29.950000762939453,30.5,23.0001220703125,215200
2005-09-06,30.700000762939453,31.420000076293945,30.670000076293945,31.25,23.56569480895996,608200
2005-09-07,31.170000076293945,31.3700008392334,31.030000686645508,31.25,23.56569480895996,720100
2005-09-08,31.31999969482422,31.3799991607666,30.850000381469727,30.899999618530273,23.301759719848633,284800
2005-09-09,30.8799991607666,31.299999237060547,30.8700008392334,31.200000762939453,23.527997970581055,224800
2005-09-12,31.18000030517578,31.229999542236328,31.06999969482422,31.170000076293945,23.5053653717041,134500
2005-09-13,31.030000686645508,31.030000686645508,30.489999771118164,30.559999465942383,23.045364379882812,466500
2005-09-14,30.639999389648438,30.84000015258789,30.510000228881836,30.809999465942383,23.233888626098633,310600
2005-09-15,30.889999389648438,31.149999618530273,30.719999313354492,31.1299991607666,23.475208282470703,179500
2005-09-16,31.18000030517578,31.540000915527344,31.170000076293945,31.5,23.754222869873047,722400
2005-09-19,31.5,31.579999923706055,29.549999237060547,31.5,23.754222869873047,585200
2005-09-20,31.59000015258789,31.93000030517578,31.350000381469727,31.450000762939453,23.716514587402344,284100
2005-09-21,31.350000381469727,32.09000015258789,31.350000381469727,31.950000762939453,24.09356689453125,515700
2005-09-22,32.060001373291016,32.060001373291016,31.489999771118164,31.68000030517578,23.88996124267578,355800
2005-09-23,31.739999771118164,31.780000686645508,31.510000228881836,31.690000534057617,23.897504806518555,161300
2005-09-26,31.700000762939453,31.979999542236328,31.600000381469727,31.860000610351562,24.025693893432617,369400
2005-09-27,31.860000610351562,31.8799991607666,31.59000015258789,31.75,23.9427433013916,250000
2005-09-28,31.90999984741211,32.27000045776367,31.90999984741211,32.02000045776367,24.146352767944336,268600
2005-09-29,32.15999984741211,32.34000015258789,31.90999984741211,32.18000030517578,24.267013549804688,466300
2005-09-30,32.09000015258789,32.79999923706055,32.04999923706055,32.7599983215332,24.704389572143555,365600
2005-10-03,32.83000183105469,33.06999969482422,32.619998931884766,32.939998626708984,24.84012794494629,320000
2005-10-04,33.099998474121094,33.20000076293945,32.689998626708984,32.7400016784668,24.68930435180664,543400
2005-10-05,32.529998779296875,32.63999938964844,32.119998931884766,32.119998931884766,24.221765518188477,502100
2005-10-06,31.850000381469727,32.04999923706055,30.639999389648438,30.739999771118164,23.18110466003418,1594900
2005-10-07,30.950000762939453,31.43000030517578,30.600000381469727,31.420000076293945,23.693897247314453,1081100
2005-10-10,31.549999237060547,31.610000610351562,31.309999465942383,31.309999465942383,23.61094093322754,511700
2005-10-11,31.43000030517578,31.59000015258789,31.290000915527344,31.350000381469727,23.641103744506836,122000
2005-10-12,31.270000457763672,31.270000457763672,30.059999465942383,30.18000030517578,22.758804321289062,1453500
2005-10-13,30.079999923706055,30.18000030517578,29.6299991607666,29.75,22.434545516967773,1463500
2005-10-14,30.040000915527344,30.1200008392334,29.290000915527344,29.829999923706055,22.494876861572266,996300
2005-10-17,29.989999771118164,30.700000762939453,29.920000076293945,30.68000030517578,23.135860443115234,206700
2005-10-18,30.68000030517578,30.739999771118164,30.18000030517578,30.209999084472656,22.781429290771484,496300
2005-10-19,29.899999618530273,30.399999618530273,29.420000076293945,30.399999618530273,22.924707412719727,1220600
2005-10-20,30.700000762939453,30.700000762939453,29.6200008392334,29.670000076293945,22.374217987060547,1047800
2005-10-21,29.739999771118164,29.989999771118164,29.049999237060547,29.899999618530273,22.547658920288086,610600
2005-10-24,30.09000015258789,30.989999771118164,30.030000686645508,30.979999542236328,23.362092971801758,662500
2005-10-25,30.899999618530273,31.3700008392334,30.700000762939453,30.860000610351562,23.27159309387207,406100
2005-10-26,30.860000610351562,31.420000076293945,30.860000610351562,31.270000457763672,23.580781936645508,484800
2005-10-27,31.260000228881836,31.260000228881836,30.559999465942383,30.899999618530273,23.301759719848633,1000100
2005-10-28,30.93000030517578,31.459999084472656,30.93000030517578,31.3700008392334,23.656185150146484,291900
2005-10-31,31.559999465942383,32.18000030517578,31.549999237060547,32.06999969482422,24.184064865112305,865600
2005-11-01,32.150001525878906,32.40999984741211,32.04999923706055,32.31999969482422,24.372581481933594,674900
2005-11-02,32.619998931884766,32.68000030517578,32.310001373291016,32.52000045776367,24.52341079711914,522500
2005-11-03,32.70000076293945,32.900001525878906,31.940000534057617,32.09000015258789,24.19914436340332,639600
2005-11-04,32.13999938964844,32.5,31.989999771118164,32.5,24.508325576782227,370500
2005-11-07,32.5,32.70000076293945,32.29999923706055,32.599998474121094,24.5837345123291,564300
2005-11-08,31.600000381469727,32.630001068115234,31.600000381469727,32.54999923706055,24.5460262298584,283400
2005-11-09,32.9900016784668,32.9900016784668,32.41999816894531,32.5,24.508325576782227,227600
2005-11-10,32.33000183105469,32.9900016784668,32.33000183105469,32.959999084472656,24.855215072631836,1102800
2005-11-11,32.88999938964844,33.220001220703125,32.88999938964844,33.0099983215332,24.89291763305664,231900
2005-11-14,32.9900016784668,33.33000183105469,32.849998474121094,33.27000045776367,25.0889835357666,714000
2005-11-15,33.38999938964844,33.5,33.130001068115234,33.209999084472656,25.043739318847656,242600
2005-11-16,33.349998474121094,33.43000030517578,33.15999984741211,33.400001525878906,25.187021255493164,175700
2005-11-17,33.58000183105469,33.79999923706055,33.56999969482422,33.7599983215332,25.458498001098633,578800
2005-11-18,33.88999938964844,33.97999954223633,33.709999084472656,33.86000061035156,25.533903121948242,373200
2005-11-21,33.97999954223633,34.52000045776367,33.93000030517578,34.45000076293945,25.978824615478516,1052200
2005-11-22,34.36000061035156,34.7599983215332,34.060001373291016,34.7599983215332,26.212589263916016,544700
2005-11-23,34.75,35.060001373291016,34.43000030517578,34.529998779296875,26.039142608642578,1156700
2005-11-25,34.619998931884766,34.970001220703125,34.619998931884766,34.84000015258789,26.27292251586914,180800
2005-11-28,34.88999938964844,35.029998779296875,34.65999984741211,34.72999954223633,26.189970016479492,2470500
2005-11-29,34.83000183105469,34.95000076293945,34.279998779296875,34.310001373291016,25.873252868652344,845300
2005-11-30,34.310001373291016,34.7400016784668,34.2400016784668,34.599998474121094,26.091936111450195,287400
2005-12-01,35.540000915527344,35.540000915527344,34.77000045776367,35.45000076293945,26.732921600341797,1117100
2005-12-02,35.83000183105469,36.130001068115234,35.5099983215332,35.83000183105469,27.019481658935547,1878400
2005-12-05,35.68000030517578,36.04999923706055,35.650001525878906,36.04999923706055,27.18539047241211,571300
2005-12-06,36.540000915527344,36.650001525878906,36.31999969482422,36.56999969482422,27.5775203704834,998300
2005-12-07,36.599998474121094,36.599998474121094,35.83000183105469,36.040000915527344,27.177845001220703,596700
2005-12-08,35.970001220703125,36.0,35.2599983215332,35.619998931884766,26.861125946044922,1285400
2005-12-09,35.36000061035156,35.900001525878906,35.36000061035156,35.779998779296875,26.981782913208008,364200
2005-12-12,36.04999923706055,36.150001525878906,35.83000183105469,36.040000915527344,27.177845001220703,1363800
2005-12-13,35.209999084472656,36.54999923706055,34.779998779296875,36.4900016784668,27.517194747924805,569800
2005-12-14,36.2599983215332,36.65999984741211,36.25,36.54999923706055,27.56243896484375,593000
2005-12-15,36.45000076293945,36.790000915527344,36.04999923706055,36.33000183105469,27.396533966064453,458800
2005-12-16,36.29999923706055,36.31999969482422,35.619998931884766,35.959999084472656,27.117523193359375,369500
2005-12-19,36.91999816894531,36.91999816894531,35.31999969482422,35.599998474121094,26.84603500366211,2284600
2005-12-20,35.650001525878906,35.970001220703125,35.400001525878906,35.959999084472656,27.117523193359375,592100
2005-12-21,36.189998626708984,36.90999984741211,35.93000030517578,36.43000030517578,27.471948623657227,743800
2005-12-22,36.439998626708984,36.4900016784668,36.060001373291016,36.36000061035156,27.419157028198242,524300
2005-12-23,35.900001525878906,35.939998626708984,35.70000076293945,35.84000015258789,27.385530471801758,124700
2005-12-27,35.83000183105469,35.84000015258789,35.54999923706055,35.54999923706055,27.163951873779297,365400
2005-12-28,35.720001220703125,35.779998779296875,35.040000915527344,35.099998474121094,26.82010269165039,932700
2005-12-29,35.06999969482422,35.97999954223633,35.06999969482422,35.86000061035156,27.40082359313965,664900
2005-12-30,35.790000915527344,35.79999923706055,35.529998779296875,35.709999084472656,27.28620147705078,230600
2006-01-03,36.29999923706055,37.220001220703125,36.0,37.209999084472656,28.432361602783203,717300
2006-01-04,37.619998931884766,37.90999984741211,37.43000030517578,37.90999984741211,28.967247009277344,1049000
2006-01-05,37.95000076293945,37.95000076293945,37.33000183105469,37.400001525878906,28.577547073364258,732000
2006-01-06,37.599998474121094,37.9900016784668,37.5,37.95000076293945,28.9977970123291,393800
2006-01-09,38.06999969482422,38.47999954223633,37.86000061035156,38.47999954223633,29.40277099609375,636400
2006-01-10,38.150001525878906,38.15999984741211,37.77000045776367,37.86000061035156,28.92902946472168,1829200
2006-01-11,38.29999923706055,38.63999938964844,38.099998474121094,38.54999923706055,29.45627212524414,730100
2006-01-12,38.66999816894531,38.79999923706055,38.0,38.29999923706055,29.265230178833008,347600
2006-01-13,38.400001525878906,38.43000030517578,37.900001525878906,38.16999816894531,29.165904998779297,633100
2006-01-17,38.27000045776367,38.27000045776367,37.16999816894531,37.25,28.46292495727539,538900
2006-01-18,36.97999954223633,37.060001373291016,36.33000183105469,36.9900016784668,28.264270782470703,664100
2006-01-19,37.70000076293945,37.70000076293945,37.400001525878906,37.61000061035156,28.738004684448242,601800
2006-01-20,37.75,38.5,37.09000015258789,37.09000015258789,28.340673446655273,813100
2006-01-23,37.09000015258789,37.279998779296875,36.90999984741211,37.279998779296875,28.485851287841797,476600
2006-01-24,37.5,38.400001525878906,37.41999816894531,38.349998474121094,29.303438186645508,521000
2006-01-25,38.61000061035156,38.70000076293945,38.31999969482422,38.36000061035156,29.311086654663086,567600
2006-01-26,38.58000183105469,39.2400016784668,38.5,39.130001068115234,29.89945411682129,667700
2006-01-27,39.349998474121094,39.72999954223633,38.779998779296875,38.849998474121094,29.68549156188965,1245100
2006-01-30,38.97999954223633,39.099998474121094,38.43000030517578,38.599998474121094,29.49447250366211,915900
2006-01-31,38.58000183105469,38.86000061035156,38.380001068115234,38.84000015258789,29.677854537963867,748900
2006-02-01,38.84000015258789,39.15999984741211,38.7400016784668,39.11000061035156,29.88416290283203,481300
2006-02-02,39.18000030517578,39.18000030517578,38.45000076293945,38.65999984741211,29.540313720703125,624000
2006-02-03,38.56999969482422,38.56999969482422,37.709999084472656,38.150001525878906,29.15062141418457,499400
2006-02-06,38.47999954223633,38.56999969482422,38.16999816894531,38.31999969482422,29.280527114868164,329600
2006-02-07,38.290000915527344,38.290000915527344,37.59000015258789,37.650001525878906,28.768564224243164,917500
2006-02-08,38.31999969482422,38.59000015258789,37.38999938964844,37.56999969482422,28.70745086669922,1259000
2006-02-09,37.79999923706055,37.939998626708984,37.40999984741211,37.790000915527344,28.875547409057617,1253300
2006-02-10,38.0,38.0,36.79999923706055,37.16999816894531,28.40179443359375,928900
2006-02-13,37.0,37.0,36.0,36.150001525878906,27.622413635253906,1188200
2006-02-14,36.150001525878906,36.79999923706055,35.93000030517578,36.66999816894531,28.019742965698242,858200
2006-02-15,36.65999984741211,37.16999816894531,36.5099983215332,37.0,28.271902084350586,280800
2006-02-16,37.150001525878906,37.869998931884766,37.099998474121094,37.779998779296875,28.867900848388672,998200
2006-02-17,38.099998474121094,38.099998474121094,37.7599983215332,38.040000915527344,29.066572189331055,591400
2006-02-21,38.25,38.5,37.77000045776367,37.77000045776367,28.86025047302246,305000
2006-02-22,37.900001525878906,38.400001525878906,37.880001068115234,38.400001525878906,29.341650009155273,296100
2006-02-23,38.54999923706055,38.88999938964844,38.29999923706055,38.849998474121094,29.68549156188965,547100
2006-02-24,39.369998931884766,39.369998931884766,38.65999984741211,38.90999984741211,29.731338500976562,433500
2006-02-27,39.0,39.099998474121094,38.56999969482422,38.66999816894531,29.547958374023438,150900
2006-02-28,38.720001220703125,38.720001220703125,37.900001525878906,38.290000915527344,29.257598876953125,1684500
2006-03-01,38.380001068115234,39.36000061035156,38.380001068115234,39.189998626708984,29.945295333862305,510200
2006-03-02,39.04999923706055,39.16999816894531,38.79999923706055,39.029998779296875,29.823034286499023,459400
2006-03-03,38.83000183105469,38.959999084472656,38.4900016784668,38.79999923706055,29.647289276123047,637100
2006-03-06,39.150001525878906,39.25,38.040000915527344,38.150001525878906,29.15062141418457,1430400
2006-03-07,37.560001373291016,37.560001373291016,36.5,37.20000076293945,28.42471694946289,2167400
2006-03-08,37.18000030517578,37.18000030517578,36.08000183105469,36.63999938964844,27.996822357177734,2417200
2006-03-09,37.20000076293945,37.38999938964844,36.349998474121094,36.630001068115234,27.98918342590332,574800
2006-03-10,37.04999923706055,37.04999923706055,36.29999923706055,36.79999923706055,28.11908531188965,1910300
2006-03-13,37.099998474121094,37.59000015258789,37.0,37.29999923706055,28.50113296508789,814800
2006-03-14,37.41999816894531,38.15999984741211,37.290000915527344,38.15999984741211,29.158266067504883,860500
2006-03-15,38.06999969482422,38.79999923706055,38.06999969482422,38.560001373291016,29.463911056518555,1056900
2006-03-16,38.709999084472656,39.119998931884766,38.47999954223633,38.810001373291016,29.654937744140625,664000
2006-03-17,38.849998474121094,39.15999984741211,38.70000076293945,39.0099983215332,29.807756423950195,362000
2006-03-20,38.9900016784668,39.349998474121094,38.9900016784668,39.25,29.991138458251953,303400
2006-03-21,39.2599983215332,39.2599983215332,38.060001373291016,38.54999923706055,29.45627212524414,777800
2006-03-22,38.61000061035156,38.95000076293945,38.47999954223633,38.91999816894531,29.738977432250977,523200
2006-03-23,39.20000076293945,39.20000076293945,38.119998931884766,38.119998931884766,29.127696990966797,817000
2006-03-24,38.18000030517578,38.54999923706055,38.0,38.5,29.41806411743164,651400
2006-03-27,38.29999923706055,38.33000183105469,38.0,38.09000015258789,29.10477638244629,573500
2006-03-28,37.68000030517578,37.97999954223633,37.33000183105469,37.349998474121094,28.539337158203125,1289700
2006-03-29,37.529998779296875,37.95000076293945,37.400001525878906,37.849998474121094,28.921388626098633,745900
2006-03-30,38.04999923706055,38.45000076293945,37.880001068115234,38.130001068115234,29.135347366333008,1103600
2006-03-31,38.20000076293945,38.400001525878906,37.95000076293945,38.34000015258789,29.295799255371094,320400
2006-04-03,38.38999938964844,39.2599983215332,38.38999938964844,39.13999938964844,29.907093048095703,1040400
2006-04-04,39.31999969482422,39.529998779296875,39.04999923706055,39.150001525878906,29.91472625732422,2102600
2006-04-05,39.25,39.45000076293945,38.900001525878906,39.45000076293945,30.143957138061523,700500
2006-04-06,39.5,39.58000183105469,38.81999969482422,39.02000045776367,29.81538963317871,2313700
2006-04-07,38.79999923706055,38.900001525878906,37.880001068115234,38.04999923706055,29.074216842651367,2005900
2006-04-10,38.06999969482422,38.40999984741211,38.04999923706055,38.08000183105469,29.09713363647461,705400
2006-04-11,38.22999954223633,38.38999938964844,37.7599983215332,37.84000015258789,28.913745880126953,1166900
2006-04-12,38.0,38.220001220703125,37.849998474121094,38.0,29.0360107421875,930200
2006-04-13,37.540000915527344,37.88999938964844,37.15999984741211,37.72999954223633,28.829694747924805,636400
2006-04-17,37.869998931884766,38.63999938964844,37.86000061035156,38.52000045776367,29.433349609375,309300
2006-04-18,38.79999923706055,39.52000045776367,38.68000030517578,39.459999084472656,30.151609420776367,946000
2006-04-19,39.29999923706055,39.459999084472656,39.040000915527344,39.36000061035156,30.075193405151367,984700
2006-04-20,39.20000076293945,39.58000183105469,39.16999816894531,39.209999084472656,29.9605712890625,341900
2006-04-21,39.58000183105469,39.84000015258789,39.2400016784668,39.54999923706055,30.220375061035156,1510200
2006-04-24,39.5,39.5,39.0,39.41999816894531,30.121028900146484,492900
2006-04-25,39.5,39.75,39.25,39.36000061035156,30.075193405151367,1435100
2006-04-26,39.349998474121094,40.20000076293945,39.349998474121094,40.119998931884766,30.65591049194336,1880000
2006-04-27,39.900001525878906,40.290000915527344,39.5,39.720001220703125,30.35027313232422,724900
2006-04-28,39.93000030517578,40.63999938964844,39.849998474121094,40.5,30.946273803710938,1606600
2006-05-01,40.689998626708984,41.18000030517578,40.599998474121094,40.709999084472656,31.106740951538086,494600
2006-05-02,41.0,41.91999816894531,41.0,41.81999969482422,31.95490074157715,1169600
2006-05-03,42.279998779296875,42.279998779296875,41.36000061035156,42.04999923706055,32.13062286376953,839200
2006-05-04,42.349998474121094,42.5099983215332,42.06999969482422,42.34000015258789,32.35223388671875,1034900
2006-05-05,42.52000045776367,43.06999969482422,42.47999954223633,42.650001525878906,32.58908462524414,1087400
2006-05-08,42.689998626708984,43.25,42.65999984741211,43.20000076293945,33.00934982299805,946700
2006-05-09,43.43000030517578,43.84000015258789,43.150001525878906,43.779998779296875,33.45253372192383,472800
2006-05-10,43.849998474121094,44.040000915527344,43.459999084472656,43.65999984741211,33.360843658447266,934900
2006-05-11,43.90999984741211,43.90999984741211,42.459999084472656,42.630001068115234,32.57381820678711,1913900
2006-05-12,41.849998474121094,42.34000015258789,40.5,41.20000076293945,31.48114013671875,978200
2006-05-15,40.150001525878906,41.040000915527344,40.130001068115234,40.400001525878906,30.869861602783203,2101100
2006-05-16,40.95000076293945,41.209999084472656,40.58000183105469,40.900001525878906,31.251914978027344,1110100
2006-05-17,40.54999923706055,40.7400016784668,38.91999816894531,39.119998931884766,29.891799926757812,3596600
2006-05-18,39.310001373291016,39.66999816894531,38.77000045776367,38.93000030517578,29.74662208557129,1846200
2006-05-19,39.33000183105469,39.779998779296875,38.060001373291016,38.88999938964844,29.7160587310791,2940400
2006-05-22,37.54999923706055,38.22999954223633,36.630001068115234,37.18000030517578,28.409442901611328,4369700
2006-05-23,37.5,38.36000061035156,36.599998474121094,36.599998474121094,27.96626091003418,1737800
2006-05-24,36.63999938964844,36.84000015258789,35.47999954223633,36.310001373291016,27.744670867919922,2003800
2006-05-25,36.79999923706055,37.97999954223633,36.709999084472656,37.86000061035156,28.92902946472168,1352800
2006-05-26,38.709999084472656,38.709999084472656,37.79999923706055,38.209999084472656,29.196462631225586,1938900
2006-05-30,37.939998626708984,37.939998626708984,36.150001525878906,36.150001525878906,27.622413635253906,1696300
2006-05-31,36.33000183105469,36.880001068115234,35.40999984741211,35.970001220703125,27.4848690032959,1568800
2006-06-01,35.9900016784668,37.41999816894531,35.79999923706055,37.20000076293945,28.42471694946289,2652000
2006-06-02,38.20000076293945,38.25,37.2599983215332,37.79999923706055,28.8831787109375,2297700
2006-06-05,37.650001525878906,38.0,36.349998474121094,36.45000076293945,27.851642608642578,829500
2006-06-06,36.59000015258789,36.59000015258789,35.29999923706055,35.9900016784668,27.50015640258789,1796700
2006-06-07,36.16999816894531,36.220001220703125,35.09000015258789,35.09000015258789,26.812454223632812,2159100
2006-06-08,34.560001373291016,34.869998931884766,33.650001525878906,34.79999923706055,26.59086799621582,2360300
2006-06-09,35.099998474121094,35.36000061035156,33.79999923706055,33.849998474121094,25.864965438842773,818300
2006-06-12,34.060001373291016,34.060001373291016,32.209999084472656,32.380001068115234,24.74173355102539,1750100
2006-06-13,32.06999969482422,32.59000015258789,31.149999618530273,31.489999771118164,24.061681747436523,1700700
2006-06-14,31.809999465942383,32.29999923706055,31.200000762939453,32.06999969482422,24.504858016967773,2709000
2006-06-15,32.68000030517578,34.45000076293945,32.599998474121094,34.22999954223633,26.155323028564453,2506600
2006-06-16,34.25,34.56999969482422,33.77000045776367,34.040000915527344,26.010149002075195,2002900
2006-06-19,34.34000015258789,34.65999984741211,32.9900016784668,33.0,25.215478897094727,1209300
2006-06-20,33.310001373291016,33.959999084472656,33.06999969482422,33.650001525878906,25.712146759033203,740600
2006-06-21,33.63999938964844,35.099998474121094,33.63999938964844,35.02000045776367,26.75897216796875,2142800
2006-06-22,34.849998474121094,34.900001525878906,34.31999969482422,34.810001373291016,26.5985107421875,1527300
2006-06-23,34.720001220703125,35.650001525878906,34.25,35.400001525878906,27.049335479736328,1626600
2006-06-26,35.63999938964844,35.63999938964844,35.0,35.040000915527344,26.774253845214844,730000
2006-06-27,35.349998474121094,35.439998626708984,34.130001068115234,34.15999984741211,26.10184669494629,1928300
2006-06-28,34.7400016784668,34.90999984741211,34.189998626708984,34.7599983215332,26.560304641723633,1641200
2006-06-29,34.849998474121094,36.77000045776367,34.849998474121094,36.75,28.080873489379883,2673700
2006-06-30,37.04999923706055,37.22999954223633,36.689998626708984,37.150001525878906,28.386512756347656,2417000
2006-07-03,37.86000061035156,39.400001525878906,37.86000061035156,39.29999923706055,30.02933692932129,2352800
2006-07-05,39.150001525878906,39.150001525878906,37.369998931884766,38.0,29.0360107421875,2006500
2006-07-06,38.5,39.75,38.5,39.38999938964844,30.098106384277344,3459700
2006-07-07,39.349998474121094,39.41999816894531,38.790000915527344,38.86000061035156,29.69313621520996,1230900
2006-07-10,39.130001068115234,39.290000915527344,38.31999969482422,38.540000915527344,29.448625564575195,1019500
2006-07-11,38.11000061035156,38.59000015258789,37.720001220703125,38.43000030517578,29.364574432373047,1084200
2006-07-12,38.40999984741211,38.5099983215332,37.70000076293945,37.86000061035156,28.92902946472168,778700
2006-07-13,37.720001220703125,37.720001220703125,36.400001525878906,36.54999923706055,27.92804527282715,3654100
2006-07-14,36.75,36.790000915527344,35.720001220703125,35.86000061035156,27.40082359313965,1183600
2006-07-17,35.900001525878906,36.400001525878906,35.849998474121094,36.119998931884766,27.5994930267334,933000
2006-07-18,36.38999938964844,37.41999816894531,36.349998474121094,37.380001068115234,28.562271118164062,1101500
2006-07-19,37.61000061035156,39.59000015258789,37.61000061035156,39.540000915527344,30.212724685668945,3295500
2006-07-20,39.86000061035156,39.86000061035156,38.66999816894531,38.70000076293945,29.570877075195312,1419300
2006-07-21,38.7599983215332,38.810001373291016,37.9900016784668,38.16999816894531,29.165904998779297,1237400
2006-07-24,38.849998474121094,39.65999984741211,38.7400016784668,39.59000015258789,30.25092887878418,1419000
2006-07-25,39.560001373291016,39.97999954223633,39.119998931884766,39.779998779296875,30.396116256713867,1837700
2006-07-26,39.560001373291016,39.599998474121094,39.189998626708984,39.22999954223633,29.975858688354492,1009100
2006-07-27,39.95000076293945,40.400001525878906,39.77000045776367,39.959999084472656,30.53365135192871,1595400
2006-07-28,40.2400016784668,40.7599983215332,39.880001068115234,40.70000076293945,31.099090576171875,3125800
2006-07-31,40.29999923706055,40.29999923706055,39.349998474121094,39.83000183105469,30.434316635131836,1553200
2006-08-01,39.43000030517578,39.68000030517578,39.04999923706055,39.5,30.182167053222656,2624100
2006-08-02,39.880001068115234,40.369998931884766,39.81999969482422,39.95000076293945,30.52601432800293,1503100
2006-08-03,39.400001525878906,40.2599983215332,39.400001525878906,40.06999969482422,30.617706298828125,1060000
2006-08-04,41.060001373291016,41.220001220703125,40.2599983215332,40.56999969482422,30.99974822998047,1627000
2006-08-07,40.599998474121094,40.7599983215332,40.04999923706055,40.65999984741211,31.068519592285156,558700
2006-08-08,40.70000076293945,40.849998474121094,40.189998626708984,40.279998779296875,30.778162002563477,1269200
2006-08-09,40.939998626708984,41.150001525878906,39.79999923706055,39.88999938964844,30.48016929626465,1446200
2006-08-10,39.540000915527344,40.02000045776367,39.43000030517578,39.95000076293945,30.52601432800293,1440400
2006-08-11,40.04999923706055,40.33000183105469,39.779998779296875,40.29999923706055,30.793453216552734,767100
2006-08-14,40.5,40.66999816894531,40.060001373291016,40.150001525878906,30.678829193115234,1568500
2006-08-15,40.540000915527344,41.060001373291016,40.540000915527344,41.02000045776367,31.34360694885254,939500
2006-08-16,41.209999084472656,41.7599983215332,41.099998474121094,41.70000076293945,31.863197326660156,2204600
2006-08-17,41.68000030517578,42.04999923706055,41.33000183105469,41.790000915527344,31.931970596313477,1102400
2006-08-18,41.84000015258789,41.939998626708984,41.16999816894531,41.779998779296875,31.9243221282959,1297100
2006-08-21,41.79999923706055,41.79999923706055,41.18000030517578,41.41999816894531,31.649250030517578,893900
2006-08-22,41.310001373291016,41.54999923706055,41.18000030517578,41.45000076293945,31.67216682434082,1291000
2006-08-23,41.15999984741211,41.61000061035156,40.5099983215332,40.68000030517578,31.083803176879883,2702900
2006-08-24,40.77000045776367,40.810001373291016,40.11000061035156,40.560001373291016,30.992115020751953,1625800
2006-08-25,40.5,41.02000045776367,40.29999923706055,40.790000915527344,31.16786003112793,2077200
2006-08-28,40.83000183105469,41.72999954223633,40.630001068115234,41.72999954223633,31.886112213134766,918200
2006-08-29,41.7599983215332,41.970001220703125,41.33000183105469,41.93000030517578,32.038944244384766,1480800
2006-08-30,41.83000183105469,42.279998779296875,41.72999954223633,42.119998931884766,32.184120178222656,826500
2006-08-31,42.150001525878906,42.189998626708984,41.29999923706055,41.369998931884766,31.61104965209961,786100
2006-09-01,41.349998474121094,42.16999816894531,41.349998474121094,42.0099983215332,32.100059509277344,957400
2006-09-05,42.209999084472656,42.720001220703125,42.0,42.22999954223633,32.26816940307617,1485000
2006-09-06,41.75,41.849998474121094,40.83000183105469,40.849998474121094,31.213703155517578,1097500
2006-09-07,40.349998474121094,40.970001220703125,40.0099983215332,40.63999938964844,31.053247451782227,4416500
2006-09-08,40.599998474121094,40.79999923706055,40.380001068115234,40.619998931884766,31.0379581451416,948100
2006-09-11,40.08000183105469,40.619998931884766,39.70000076293945,40.18000030517578,30.70175552368164,2686300
2006-09-12,40.400001525878906,41.54999923706055,40.400001525878906,41.45000076293945,31.67216682434082,917200
2006-09-13,41.41999816894531,42.18000030517578,41.22999954223633,42.06999969482422,32.14590835571289,1697500
2006-09-14,42.27000045776367,42.27000045776367,41.599998474121094,41.900001525878906,32.01601028442383,2552600
2006-09-15,42.2400016784668,42.709999084472656,42.04999923706055,42.290000915527344,32.31401824951172,2396000
2006-09-18,42.4900016784668,43.279998779296875,42.380001068115234,43.189998626708984,33.001708984375,2459600
2006-09-19,43.310001373291016,43.349998474121094,42.11000061035156,42.630001068115234,32.57381820678711,2184900
2006-09-20,43.18000030517578,43.47999954223633,42.75,43.2599983215332,33.055206298828125,1524000
2006-09-21,43.290000915527344,43.310001373291016,41.869998931884766,42.06999969482422,32.14590835571289,7365300
2006-09-22,41.7599983215332,41.849998474121094,41.0099983215332,41.689998626708984,31.85556411743164,4280000
2006-09-25,41.45000076293945,42.380001068115234,41.0099983215332,42.18000030517578,32.22996139526367,2939100
2006-09-26,42.4900016784668,42.88999938964844,42.18000030517578,42.7599983215332,32.67314529418945,2485800
2006-09-27,42.5099983215332,43.20000076293945,42.38999938964844,42.630001068115234,32.57381820678711,1970700
2006-09-28,42.650001525878906,43.130001068115234,42.5,43.09000015258789,32.92530822753906,1377600
2006-09-29,43.0,43.310001373291016,43.0,43.209999084472656,33.01698684692383,1237400
2006-10-02,43.47999954223633,43.47999954223633,42.470001220703125,42.59000015258789,32.54324722290039,8161900
2006-10-03,42.400001525878906,42.560001373291016,41.900001525878906,42.2599983215332,32.29108810424805,2222600
2006-10-04,42.16999816894531,43.599998474121094,42.16999816894531,43.58000183105469,33.299720764160156,2692400
2006-10-05,43.65999984741211,44.290000915527344,43.65999984741211,44.279998779296875,33.8345832824707,5292800
2006-10-06,44.09000015258789,44.380001068115234,43.689998626708984,43.970001220703125,33.59771728515625,1243800
2006-10-09,43.959999084472656,44.189998626708984,43.54999923706055,43.79999923706055,33.46781539916992,607400
2006-10-10,43.79999923706055,44.400001525878906,43.79999923706055,44.380001068115234,33.9109992980957,1472800
2006-10-11,44.29999923706055,44.68000030517578,44.0099983215332,44.380001068115234,33.9109992980957,1710200
2006-10-12,44.70000076293945,45.470001220703125,44.540000915527344,45.459999084472656,34.73623275756836,2319200
2006-10-13,45.599998474121094,46.209999084472656,45.400001525878906,46.02000045776367,35.164127349853516,2775500
2006-10-16,46.22999954223633,46.58000183105469,46.0,46.20000076293945,35.30167007446289,2251000
2006-10-17,46.06999969482422,46.06999969482422,45.220001220703125,45.68000030517578,34.90433120727539,2682100
2006-10-18,46.189998626708984,46.56999969482422,45.7400016784668,46.150001525878906,35.26347351074219,4142200
2006-10-19,46.13999938964844,46.599998474121094,45.88999938964844,46.58000183105469,35.592037200927734,1563300
2006-10-20,46.47999954223633,46.79999923706055,45.97999954223633,46.59000015258789,35.59968185424805,1795300
2006-10-23,46.47999954223633,46.869998931884766,46.290000915527344,46.7599983215332,35.72956085205078,2727600
2006-10-24,46.95000076293945,46.95000076293945,46.130001068115234,46.91999816894531,35.851829528808594,977900
2006-10-25,46.9900016784668,47.310001373291016,46.83000183105469,47.29999923706055,36.142173767089844,2380500
2006-10-26,47.66999816894531,47.709999084472656,47.08000183105469,47.47999954223633,36.27972412109375,2064900
2006-10-27,47.400001525878906,47.400001525878906,45.810001373291016,46.08000183105469,35.2099723815918,3591800
2006-10-30,45.77000045776367,45.77000045776367,44.70000076293945,44.900001525878906,34.3083381652832,6183300
2006-10-31,45.38999938964844,46.52000045776367,44.68000030517578,46.470001220703125,35.50798416137695,4119600
2006-11-01,46.459999084472656,47.119998931884766,46.060001373291016,46.290000915527344,35.37043762207031,2925500
2006-11-02,46.04999923706055,46.060001373291016,45.45000076293945,45.7400016784668,34.95018005371094,2525900
2006-11-03,46.09000015258789,46.220001220703125,45.58000183105469,46.04999923706055,35.18706130981445,2055000
2006-11-06,46.18000030517578,47.459999084472656,46.06999969482422,47.290000915527344,36.134552001953125,2345100
2006-11-07,47.5099983215332,48.09000015258789,46.560001373291016,46.95000076293945,35.87473678588867,6115900
2006-11-08,47.400001525878906,47.400001525878906,46.5,47.349998474121094,36.180381774902344,2186200
2006-11-09,47.7599983215332,47.7599983215332,46.72999954223633,47.130001068115234,36.01228713989258,2063900
2006-11-10,47.189998626708984,47.22999954223633,46.650001525878906,47.09000015258789,35.98172378540039,1430600
2006-11-13,47.029998779296875,47.689998626708984,46.86000061035156,47.630001068115234,36.394344329833984,1367000
2006-11-14,48.119998931884766,48.45000076293945,47.630001068115234,48.0,36.67706298828125,2627100
2006-11-15,47.97999954223633,48.22999954223633,47.61000061035156,48.189998626708984,36.822235107421875,1319500
2006-11-16,48.70000076293945,48.70000076293945,47.70000076293945,47.70000076293945,36.44782257080078,1122600
2006-11-17,47.34000015258789,47.650001525878906,47.119998931884766,47.599998474121094,36.37141036987305,1389200
2006-11-20,47.41999816894531,48.310001373291016,47.29999923706055,47.900001525878906,36.600650787353516,1625200
2006-11-21,47.529998779296875,48.779998779296875,47.529998779296875,48.25,36.86809539794922,1647700
2006-11-22,48.25,48.599998474121094,48.099998474121094,48.400001525878906,36.98271179199219,1117900
2006-11-24,47.81999969482422,48.41999816894531,47.70000076293945,48.2599983215332,36.875732421875,590200
2006-11-27,48.27000045776367,48.290000915527344,46.70000076293945,47.0,35.91295623779297,2586600
2006-11-28,46.779998779296875,47.099998474121094,46.349998474121094,47.04999923706055,35.95115661621094,2785100
2006-11-29,47.58000183105469,48.25,46.959999084472656,48.25,36.86809539794922,2508300
2006-11-30,48.25,48.650001525878906,47.790000915527344,48.25,36.86809539794922,1123800
2006-12-01,48.779998779296875,48.83000183105469,47.52000045776367,47.75,36.48603820800781,2106500
2006-12-04,48.310001373291016,49.439998626708984,47.470001220703125,49.439998626708984,37.77737808227539,2013400
2006-12-05,49.630001068115234,50.41999816894531,49.400001525878906,50.27000045776367,38.41157531738281,2154800
2006-12-06,50.209999084472656,50.34000015258789,49.2400016784668,50.150001525878906,38.31990051269531,1739700
2006-12-07,50.599998474121094,50.77000045776367,49.939998626708984,50.119998931884766,38.29697036743164,4359500
2006-12-08,50.22999954223633,50.599998474121094,49.91999816894531,50.56999969482422,38.64080047607422,2475400
2006-12-11,50.810001373291016,50.810001373291016,50.290000915527344,50.5,38.58732223510742,1297100
2006-12-12,50.61000061035156,50.689998626708984,49.79999923706055,49.849998474121094,38.090660095214844,1890500
2006-12-13,50.66999816894531,50.83000183105469,49.9900016784668,50.09000015258789,38.2740478515625,1688800
2006-12-14,50.650001525878906,50.970001220703125,50.33000183105469,50.79999923706055,38.81656265258789,1569000
2006-12-15,51.279998779296875,51.369998931884766,50.75,50.880001068115234,38.877681732177734,2016800
2006-12-18,50.720001220703125,51.22999954223633,45.0,50.619998931884766,38.679019927978516,1344800
2006-12-19,50.790000915527344,50.790000915527344,49.439998626708984,50.18000030517578,38.34281539916992,2290400
2006-12-20,49.72999954223633,50.11000061035156,49.290000915527344,49.470001220703125,38.146183013916016,1280900
2006-12-21,49.25,49.560001373291016,49.0099983215332,49.5,38.1693115234375,2207200
2006-12-22,49.849998474121094,49.849998474121094,48.86000061035156,49.13999938964844,37.8917121887207,1959900
2006-12-26,49.31999969482422,49.65999984741211,49.09000015258789,49.599998474121094,38.246421813964844,659900
2006-12-27,49.81999969482422,50.45000076293945,49.65999984741211,50.45000076293945,38.90184783935547,628100
2006-12-28,50.7400016784668,50.900001525878906,50.400001525878906,50.75,39.1331901550293,592600
2006-12-29,50.95000076293945,51.25,50.75,51.25,39.518733978271484,1062000
2007-01-03,52.06999969482422,52.119998931884766,50.81999969482422,51.70000076293945,39.86572265625,2473800
2007-01-04,51.5,51.7400016784668,50.849998474121094,51.25,39.518733978271484,1889200
2007-01-05,51.47999954223633,51.47999954223633,49.900001525878906,50.04999923706055,38.59342575073242,2712400
2007-01-08,50.150001525878906,50.439998626708984,49.81999969482422,50.380001068115234,38.84788131713867,1529800
2007-01-09,50.47999954223633,50.63999938964844,48.65999984741211,49.0,37.78376770019531,4389200
2007-01-10,48.099998474121094,49.59000015258789,47.849998474121094,49.5,38.1693115234375,4551300
2007-01-11,49.59000015258789,50.349998474121094,49.18000030517578,50.099998474121094,38.63196563720703,2965000
2007-01-12,50.400001525878906,50.43000030517578,49.70000076293945,50.349998474121094,38.82474899291992,3151900
2007-01-16,50.540000915527344,50.70000076293945,50.06999969482422,50.61000061035156,39.02522659301758,2042700
2007-01-17,50.61000061035156,51.060001373291016,49.189998626708984,50.70000076293945,39.094627380371094,1869900
2007-01-18,51.060001373291016,51.439998626708984,49.849998474121094,50.13999938964844,38.66281509399414,3644100
2007-01-19,49.33000183105469,50.689998626708984,49.33000183105469,50.5,38.94041061401367,3039500
2007-01-22,50.95000076293945,50.95000076293945,50.04999923706055,50.540000915527344,38.971248626708984,2367600
2007-01-23,50.529998779296875,51.5,50.380001068115234,51.45000076293945,39.672943115234375,3205900
2007-01-24,51.77000045776367,52.5,51.650001525878906,52.5,40.482601165771484,3015000
2007-01-25,52.310001373291016,52.63999938964844,50.689998626708984,50.79999923706055,39.17174530029297,6139100
2007-01-26,50.91999816894531,51.400001525878906,50.20000076293945,51.09000015258789,39.395362854003906,3546900
2007-01-29,51.06999969482422,51.2400016784668,50.20000076293945,50.5099983215332,38.948123931884766,5091700
2007-01-30,50.5099983215332,51.5099983215332,50.349998474121094,51.5099983215332,39.719207763671875,2525300
2007-01-31,51.540000915527344,52.4900016784668,51.08000183105469,52.43000030517578,40.42862319946289,3970800
2007-02-01,53.08000183105469,53.52000045776367,52.650001525878906,53.380001068115234,41.16117477416992,3298900
2007-02-02,53.619998931884766,53.689998626708984,53.0099983215332,53.439998626708984,41.20743179321289,2551300
2007-02-05,53.630001068115234,53.939998626708984,53.290000915527344,53.54999923706055,41.29225158691406,1126400
2007-02-06,53.5099983215332,54.099998474121094,53.5099983215332,53.9900016784668,41.63153839111328,1683800
2007-02-07,54.16999816894531,54.369998931884766,53.529998779296875,54.08000183105469,41.70093536376953,2587700
2007-02-08,54.119998931884766,54.560001373291016,53.45000076293945,54.439998626708984,41.9785270690918,3005000
2007-02-09,54.439998626708984,54.630001068115234,53.09000015258789,53.599998474121094,41.330810546875,3047300
2007-02-12,53.400001525878906,53.689998626708984,52.310001373291016,53.38999938964844,41.168880462646484,3111700
2007-02-13,53.7400016784668,54.400001525878906,53.459999084472656,54.380001068115234,41.93226623535156,2693200
2007-02-14,54.65999984741211,55.52000045776367,54.41999816894531,55.29999923706055,42.64167404174805,3693800
2007-02-15,55.45000076293945,55.4900016784668,54.70000076293945,55.11000061035156,42.49516677856445,2346900
2007-02-16,54.959999084472656,55.349998474121094,54.380001068115234,55.0,42.41035079956055,1496300
2007-02-20,55.18000030517578,55.38999938964844,54.650001525878906,55.029998779296875,42.43348693847656,1796700
2007-02-21,54.939998626708984,55.25,54.40999984741211,55.2400016784668,42.59540939331055,2278400
2007-02-22,55.70000076293945,55.95000076293945,54.650001525878906,55.040000915527344,42.441192626953125,4058800
2007-02-23,55.0,55.040000915527344,54.06999969482422,54.79999923706055,42.256134033203125,4142700
2007-02-26,54.470001220703125,54.970001220703125,53.310001373291016,53.63999938964844,41.36165237426758,3873700
2007-02-27,51.959999084472656,52.29999923706055,47.95000076293945,49.290000915527344,38.007389068603516,10384400
2007-02-28,50.0099983215332,51.099998474121094,49.310001373291016,50.47999954223633,38.924983978271484,5966900
2007-03-01,48.380001068115234,50.349998474121094,46.70000076293945,50.029998779296875,38.5779914855957,5009200
2007-03-02,49.869998931884766,50.459999084472656,49.130001068115234,49.22999954223633,37.961116790771484,4135900
2007-03-05,47.810001373291016,49.5,47.310001373291016,48.13999938964844,37.1206169128418,5118600
2007-03-06,48.84000015258789,50.0,48.709999084472656,49.900001525878906,38.47775650024414,6990700
2007-03-07,49.779998779296875,50.099998474121094,48.939998626708984,49.189998626708984,37.93026351928711,3707500
2007-03-08,50.0,51.060001373291016,48.970001220703125,50.72999954223633,39.117767333984375,2528100
2007-03-09,50.970001220703125,51.75,50.08000183105469,51.33000183105469,39.58041763305664,3415700
2007-03-12,51.79999923706055,51.79999923706055,50.77000045776367,51.54999923706055,39.75006866455078,3550600
2007-03-13,51.130001068115234,51.40999984741211,49.56999969482422,49.88999938964844,38.470035552978516,3801700
2007-03-14,50.0,50.540000915527344,49.0,50.540000915527344,38.971248626708984,6944300
2007-03-15,50.470001220703125,51.099998474121094,50.2400016784668,50.849998474121094,39.210289001464844,2497200
2007-03-16,50.41999816894531,51.0099983215332,49.90999984741211,50.29999923706055,38.78618621826172,2551000
2007-03-19,50.75,51.369998931884766,50.599998474121094,51.34000015258789,39.58814239501953,1479300
2007-03-20,51.34000015258789,51.779998779296875,51.02000045776367,51.779998779296875,39.92741012573242,1667600
2007-03-21,52.18000030517578,53.900001525878906,51.77000045776367,53.869998931884766,41.53900909423828,4649100
2007-03-22,54.45000076293945,54.45000076293945,53.63999938964844,54.130001068115234,41.73948287963867,2509900
2007-03-23,54.0,54.470001220703125,53.810001373291016,54.04999923706055,41.67780685424805,1201800
2007-03-26,54.34000015258789,54.34000015258789,53.220001220703125,53.790000915527344,41.477333068847656,2894400
2007-03-27,53.34000015258789,53.5,52.75,53.5,41.25369644165039,2296100
2007-03-28,52.77000045776367,53.2400016784668,52.439998626708984,53.2400016784668,41.053226470947266,1414100
2007-03-29,53.849998474121094,54.54999923706055,53.43000030517578,54.54999923706055,42.063350677490234,2674600
2007-03-30,54.84000015258789,54.84000015258789,53.779998779296875,54.029998779296875,41.66238021850586,2155700
2007-04-02,54.72999954223633,55.939998626708984,54.36000061035156,55.939998626708984,43.13518142700195,5190800
2007-04-03,56.0,56.63999938964844,56.0,56.4900016784668,43.55928039550781,3731200
2007-04-04,55.93000030517578,56.29999923706055,55.43000030517578,56.18000030517578,43.320247650146484,2073300
2007-04-05,56.22999954223633,56.540000915527344,55.90999984741211,56.38999938964844,43.48217010498047,1160900
2007-04-09,56.790000915527344,56.95000076293945,56.40999984741211,56.84000015258789,43.829166412353516,1540100
2007-04-10,56.4900016784668,57.349998474121094,56.34000015258789,56.689998626708984,43.713504791259766,1518000
2007-04-11,56.97999954223633,56.97999954223633,55.869998931884766,55.90999984741211,43.112037658691406,2031500
2007-04-12,56.04999923706055,56.79999923706055,55.31999969482422,56.790000915527344,43.79060745239258,1976100
2007-04-13,57.0,57.130001068115234,56.5,56.9900016784668,43.94483184814453,1667000
2007-04-16,57.47999954223633,57.650001525878906,56.650001525878906,56.900001525878906,43.87542724609375,2447600
2007-04-17,57.22999954223633,57.41999816894531,56.11000061035156,56.869998931884766,43.852298736572266,2606800
2007-04-18,56.59000015258789,56.619998931884766,56.189998626708984,56.529998779296875,43.590126037597656,1967500
2007-04-19,55.75,56.599998474121094,55.150001525878906,56.599998474121094,43.644100189208984,2616100
2007-04-20,57.060001373291016,57.59000015258789,56.790000915527344,57.11000061035156,44.0373649597168,1814500
2007-04-23,57.04999923706055,57.310001373291016,56.349998474121094,56.54999923706055,43.60554122924805,1384400
2007-04-24,56.459999084472656,56.689998626708984,56.060001373291016,56.349998474121094,43.451332092285156,2523100
2007-04-25,57.02000045776367,57.15999984741211,56.189998626708984,56.5,43.566993713378906,2325100
2007-04-26,57.369998931884766,57.70000076293945,56.349998474121094,56.400001525878906,43.48988342285156,3128900
2007-04-27,56.189998626708984,56.54999923706055,55.11000061035156,56.45000076293945,43.5284423828125,6308400
2007-04-30,56.5099983215332,56.68000030517578,55.34000015258789,55.349998474121094,42.68022537231445,2398400
2007-05-01,55.40999984741211,55.779998779296875,54.91999816894531,55.349998474121094,42.68022537231445,2951400
2007-05-02,55.349998474121094,56.63999938964844,55.25,56.63999938964844,43.674949645996094,3343500
2007-05-03,56.63999938964844,57.61000061035156,56.58000183105469,57.52000045776367,44.353515625,2009700
2007-05-04,57.849998474121094,58.41999816894531,57.849998474121094,58.27000045776367,44.93184280395508,3251000
2007-05-07,58.470001220703125,58.959999084472656,58.099998474121094,58.310001373291016,44.96268081665039,2142300
2007-05-08,57.959999084472656,59.0,57.22999954223633,57.79999923706055,44.569419860839844,2885800
2007-05-09,57.900001525878906,59.27000045776367,57.689998626708984,59.27000045776367,45.70293426513672,2852900
2007-05-10,58.63999938964844,58.97999954223633,57.650001525878906,57.779998779296875,44.553993225097656,4698300
2007-05-11,58.29999923706055,59.189998626708984,58.29999923706055,59.150001525878906,45.61040496826172,3164900
2007-05-14,58.810001373291016,59.25,58.119998931884766,58.209999084472656,44.885562896728516,2055000
2007-05-15,58.650001525878906,59.4900016784668,58.04999923706055,58.29999923706055,44.954978942871094,2893500
2007-05-16,58.68000030517578,60.4900016784668,58.290000915527344,60.13999938964844,46.373779296875,6528000
2007-05-17,59.9900016784668,60.22999954223633,59.150001525878906,59.959999084472656,46.2349853515625,3707000
2007-05-18,60.0,60.90999984741211,60.0,60.59000015258789,46.72077560424805,3389800
2007-05-21,60.7599983215332,61.290000915527344,60.349998474121094,60.95000076293945,46.99837112426758,5228500
2007-05-22,61.25,61.290000915527344,60.65999984741211,61.20000076293945,47.191158294677734,2524100
2007-05-23,61.59000015258789,62.36000061035156,60.900001525878906,61.38999938964844,47.337669372558594,3269300
2007-05-24,60.779998779296875,61.40999984741211,59.599998474121094,59.900001525878906,46.18872833251953,5379000
2007-05-25,60.45000076293945,61.0,60.099998474121094,60.63999938964844,46.75932693481445,2969400
2007-05-29,61.650001525878906,61.91999816894531,60.36000061035156,61.08000183105469,47.09861373901367,3500700
2007-05-30,60.290000915527344,62.9900016784668,59.13999938964844,62.95000076293945,48.54056930541992,4460200
2007-05-31,63.150001525878906,64.08999633789062,62.63999938964844,62.86000061035156,48.4711799621582,4914400
2007-06-01,63.45000076293945,64.16999816894531,63.209999084472656,64.12000274658203,49.44276428222656,2994100
2007-06-04,63.2599983215332,64.16000366210938,63.150001525878906,64.1500015258789,49.465885162353516,2105700
2007-06-05,64.01000213623047,64.08999633789062,63.02000045776367,63.849998474121094,49.23455810546875,3174700
2007-06-06,63.08000183105469,63.369998931884766,62.099998474121094,62.290000915527344,48.03164291381836,5105400
2007-06-07,62.0,62.83000183105469,59.599998474121094,60.5099983215332,46.659088134765625,7519500
2007-06-08,60.650001525878906,61.970001220703125,60.16999816894531,61.88999938964844,47.723209381103516,4885800
2007-06-11,61.869998931884766,62.880001068115234,61.560001373291016,62.689998626708984,48.340084075927734,2698700
2007-06-12,62.369998931884766,62.56999969482422,61.36000061035156,61.63999938964844,47.530433654785156,3274200
2007-06-13,62.16999816894531,62.619998931884766,61.5,62.47999954223633,48.178157806396484,3060300
2007-06-14,62.650001525878906,63.619998931884766,62.56999969482422,63.279998779296875,48.7950325012207,2685000
2007-06-15,64.27999877929688,64.63999938964844,63.900001525878906,64.19999694824219,49.50444793701172,3148200
2007-06-18,64.51000213623047,64.5999984741211,64.08000183105469,64.3499984741211,49.62010955810547,3270100
2007-06-19,63.79999923706055,64.3499984741211,63.41999816894531,64.05000305175781,49.38877487182617,2626700
2007-06-20,64.41000366210938,64.44000244140625,62.279998779296875,62.59000015258789,48.262977600097656,4250800
2007-06-21,62.29999923706055,63.20000076293945,61.59000015258789,63.060001373291016,48.625389099121094,3296100
2007-06-22,62.61000061035156,63.290000915527344,62.27000045776367,62.97999954223633,48.56370544433594,2970900
2007-06-25,62.650001525878906,62.84000015258789,61.61000061035156,61.90999984741211,47.73863220214844,3860800
2007-06-26,61.93000030517578,62.20000076293945,60.540000915527344,60.7400016784668,46.83644485473633,3468400
2007-06-27,59.9900016784668,61.31999969482422,59.27000045776367,61.2400016784668,47.22199249267578,4673300
2007-06-28,61.33000183105469,61.900001525878906,61.20000076293945,61.88999938964844,47.723209381103516,4170100
2007-06-29,62.0099983215332,62.45000076293945,61.09000015258789,61.86000061035156,47.700077056884766,2507000
2007-07-02,61.65999984741211,62.54999923706055,61.65999984741211,62.54999923706055,48.23212814331055,2892300
2007-07-03,62.72999954223633,63.18000030517578,62.619998931884766,63.18000030517578,48.717926025390625,823800
2007-07-05,64.05000305175781,64.19999694824219,63.2599983215332,64.19999694824219,49.50444793701172,2519700
2007-07-06,64.16999816894531,64.81999969482422,63.97999954223633,64.77999877929688,49.95168685913086,2595000
2007-07-09,64.80000305175781,65.1500015258789,63.54999923706055,63.90999984741211,49.28081130981445,4724500
2007-07-10,63.0,63.439998626708984,62.349998474121094,62.65999984741211,48.316959381103516,3473800
2007-07-11,62.540000915527344,63.25,62.02000045776367,63.16999816894531,48.71021270751953,2345600
2007-07-12,63.56999969482422,64.2300033569336,63.2599983215332,64.19999694824219,49.50444793701172,1680300
2007-07-13,64.27999877929688,64.30000305175781,63.779998779296875,64.0999984741211,49.427330017089844,1486500
2007-07-16,64.13999938964844,64.4800033569336,63.349998474121094,63.75,49.157440185546875,2729000
2007-07-17,64.30000305175781,64.30000305175781,62.70000076293945,63.130001068115234,48.67936706542969,3014700
2007-07-18,62.34000015258789,62.95000076293945,62.0,62.4900016784668,48.18585968017578,3389200
2007-07-19,63.040000915527344,63.619998931884766,63.040000915527344,63.29999923706055,48.810455322265625,2769000
2007-07-20,63.22999954223633,63.22999954223633,62.150001525878906,62.59000015258789,48.262977600097656,2742400
2007-07-23,63.060001373291016,63.150001525878906,62.47999954223633,63.150001525878906,48.69479751586914,2551700
2007-07-24,62.72999954223633,62.72999954223633,60.95000076293945,61.29999923706055,47.26824951171875,4592100
2007-07-25,61.5,62.09000015258789,59.86000061035156,60.310001373291016,46.5048713684082,3851300
2007-07-26,58.31999969482422,59.70000076293945,56.209999084472656,57.66999816894531,44.46916961669922,7299500
2007-07-27,57.599998474121094,58.63999938964844,56.709999084472656,57.5,44.33809280395508,6519400
2007-07-30,58.20000076293945,60.189998626708984,58.0099983215332,59.54999923706055,45.91883850097656,5399600
2007-07-31,60.150001525878906,60.72999954223633,57.95000076293945,58.790000915527344,45.33280563354492,6484700
2007-08-01,58.04999923706055,59.029998779296875,56.959999084472656,58.20000076293945,44.87785720825195,6010400
2007-08-02,58.61000061035156,59.119998931884766,58.0099983215332,58.7599983215332,45.30967330932617,3845900
2007-08-03,58.150001525878906,58.66999816894531,56.08000183105469,56.70000076293945,43.721214294433594,3400700
2007-08-06,56.54999923706055,57.290000915527344,55.779998779296875,56.72999954223633,43.74434280395508,5809800
2007-08-07,56.72999954223633,58.41999816894531,56.2400016784668,58.16999816894531,44.8547248840332,4518900
2007-08-08,59.4900016784668,60.25,58.77000045776367,59.650001525878906,45.99595642089844,4784500
2007-08-09,57.52000045776367,58.66999816894531,56.38999938964844,57.130001068115234,44.05277633666992,5286000
2007-08-10,56.25,57.0,55.25,56.540000915527344,43.597835540771484,6118800
2007-08-13,57.709999084472656,58.15999984741211,56.83000183105469,56.869998931884766,43.852298736572266,3372500
2007-08-14,57.209999084472656,57.40999984741211,55.04999923706055,55.810001373291016,43.03492736816406,6454600
2007-08-15,55.0,55.83000183105469,52.849998474121094,53.45000076293945,41.21513748168945,7304700
2007-08-16,52.5099983215332,58.0,49.41999816894531,53.060001373291016,40.9144287109375,10874600
2007-08-17,55.0,57.0,52.84000015258789,54.849998474121094,42.294673919677734,7070100
2007-08-20,55.560001373291016,55.7400016784668,53.689998626708984,54.2599983215332,41.83973693847656,4365800
2007-08-21,53.75,54.779998779296875,53.5099983215332,54.25,41.83201599121094,3357700
2007-08-22,55.47999954223633,56.7400016784668,55.02000045776367,56.63999938964844,43.674949645996094,4233400
2007-08-23,57.25,57.349998474121094,56.18000030517578,56.880001068115234,43.86000442504883,4751200
2007-08-24,56.66999816894531,58.439998626708984,56.099998474121094,58.209999084472656,44.885562896728516,5325100
2007-08-27,57.900001525878906,58.220001220703125,57.56999969482422,58.20000076293945,44.87785720825195,1494500
2007-08-28,57.5,57.70000076293945,55.470001220703125,55.56999969482422,42.849876403808594,2974100
2007-08-29,56.119998931884766,57.099998474121094,55.70000076293945,56.9900016784668,43.94483184814453,3201000
2007-08-30,56.02000045776367,57.5,56.0,56.72999954223633,43.74434280395508,2410300
2007-08-31,58.36000061035156,58.70000076293945,57.540000915527344,58.45000076293945,45.07062911987305,2610600
2007-09-04,59.470001220703125,59.75,58.5099983215332,59.599998474121094,45.95738983154297,3794700
2007-09-05,59.099998474121094,59.150001525878906,57.43000030517578,58.779998779296875,45.325096130371094,2380900
2007-09-06,59.380001068115234,59.470001220703125,58.779998779296875,59.099998474121094,45.571842193603516,1709200
2007-09-07,57.52000045776367,58.2400016784668,56.959999084472656,57.34000015258789,44.214725494384766,3189300
2007-09-10,57.529998779296875,58.0,56.209999084472656,56.65999984741211,43.69036865234375,3742800
2007-09-11,56.959999084472656,57.84000015258789,56.959999084472656,57.720001220703125,44.50773239135742,2449000
2007-09-12,57.84000015258789,57.84000015258789,57.08000183105469,57.16999816894531,44.083621978759766,3018600
2007-09-13,57.27000045776367,58.18000030517578,57.27000045776367,57.5,44.33809280395508,2268000
2007-09-14,57.349998474121094,57.77000045776367,56.900001525878906,57.029998779296875,43.97568130493164,2751400
2007-09-17,56.349998474121094,57.29999923706055,56.0,56.150001525878906,43.297115325927734,3748900
2007-09-18,57.099998474121094,59.0,56.41999816894531,58.61000061035156,45.19399642944336,4365300
2007-09-19,59.7599983215332,59.7599983215332,58.25,58.38999938964844,45.024375915527344,4614100
2007-09-20,58.060001373291016,58.849998474121094,57.599998474121094,58.08000183105469,44.78533172607422,2572100
2007-09-21,58.900001525878906,58.900001525878906,57.88999938964844,57.91999816894531,44.661956787109375,2513800
2007-09-24,58.75,58.75,57.849998474121094,58.119998931884766,44.816165924072266,1849100
2007-09-25,57.849998474121094,58.09000015258789,56.86000061035156,57.72999954223633,44.51544189453125,2797800
2007-09-26,58.04999923706055,59.650001525878906,57.59000015258789,57.95000076293945,44.685089111328125,2168000
2007-09-27,58.29999923706055,59.0,57.88999938964844,58.709999084472656,45.27110290527344,2622500
2007-09-28,57.97999954223633,58.790000915527344,57.84000015258789,58.790000915527344,45.33280563354492,2368400
2007-10-01,58.52000045776367,59.9900016784668,58.0,59.869998931884766,46.165592193603516,3036700
2007-10-02,59.599998474121094,61.599998474121094,59.599998474121094,61.369998931884766,47.322235107421875,6009000
2007-10-03,60.63999938964844,61.5,60.33000183105469,60.470001220703125,46.62825012207031,3623500
2007-10-04,60.61000061035156,60.849998474121094,59.63999938964844,60.459999084472656,46.62053298950195,2671900
2007-10-05,60.72999954223633,61.9900016784668,60.72999954223633,61.599998474121094,47.49959182739258,3439100
2007-10-08,61.08000183105469,61.939998626708984,61.029998779296875,61.83000183105469,47.67694091796875,2347900
2007-10-09,61.970001220703125,62.41999816894531,61.650001525878906,62.099998474121094,47.885135650634766,2890700
2007-10-10,61.79999923706055,62.540000915527344,61.619998931884766,62.29999923706055,48.03935241699219,3627200
2007-10-11,62.900001525878906,63.84000015258789,61.779998779296875,62.45000076293945,48.155033111572266,7712800
2007-10-12,62.04999923706055,63.65999984741211,62.04999923706055,63.65999984741211,49.08804702758789,2436000
2007-10-15,63.459999084472656,64.0,62.47999954223633,62.619998931884766,48.28609085083008,2685600
2007-10-16,62.150001525878906,62.689998626708984,61.84000015258789,62.619998931884766,48.28609085083008,2457000
2007-10-17,63.33000183105469,63.75,62.400001525878906,63.70000076293945,49.118892669677734,4121000
2007-10-18,63.08000183105469,63.63999938964844,62.779998779296875,63.61000061035156,49.049503326416016,3468000
2007-10-19,63.25,63.34000015258789,60.959999084472656,61.20000076293945,47.191158294677734,5539900
2007-10-22,60.150001525878906,61.560001373291016,59.619998931884766,61.130001068115234,47.137176513671875,3379700
2007-10-23,61.720001220703125,62.5099983215332,61.599998474121094,62.4900016784668,48.18585968017578,1878700
2007-10-24,62.16999816894531,62.16999816894531,60.630001068115234,61.91999816894531,47.74634552001953,2652900
2007-10-25,62.08000183105469,62.08000183105469,60.689998626708984,61.349998474121094,47.30680847167969,4998500
2007-10-26,62.34000015258789,62.45000076293945,61.560001373291016,62.400001525878906,48.11647415161133,3069100
2007-10-29,62.939998626708984,63.459999084472656,62.400001525878906,62.65999984741211,48.316959381103516,5799400
2007-10-30,62.31999969482422,62.38999938964844,61.18000030517578,61.54999923706055,47.461036682128906,3584100
2007-10-31,62.04999923706055,64.16999816894531,61.20000076293945,61.880001068115234,47.71549987792969,3862000
2007-11-01,60.5099983215332,60.849998474121094,59.709999084472656,60.04999923706055,46.30439376831055,4471700
2007-11-02,60.38999938964844,60.880001068115234,58.70000076293945,59.58000183105469,45.941986083984375,2469500
2007-11-05,58.40999984741211,59.02000045776367,57.709999084472656,58.400001525878906,45.03207778930664,5069700
2007-11-06,58.9900016784668,59.349998474121094,58.68000030517578,59.2599983215332,45.695220947265625,4265300
2007-11-07,58.25,58.7400016784668,57.040000915527344,57.08000183105469,44.014225006103516,6851800
2007-11-08,57.4900016784668,57.869998931884766,55.150001525878906,56.63999938964844,43.674949645996094,6747000
2007-11-09,55.529998779296875,56.29999923706055,54.900001525878906,55.650001525878906,42.91155242919922,4742700
2007-11-12,55.349998474121094,55.650001525878906,53.220001220703125,53.54999923706055,41.29225158691406,5184900
2007-11-13,54.099998474121094,56.84000015258789,54.09000015258789,56.58000183105469,43.62867736816406,4565600
2007-11-14,57.560001373291016,58.2400016784668,56.70000076293945,57.0099983215332,43.960243225097656,4249800
2007-11-15,56.58000183105469,57.369998931884766,55.65999984741211,56.02000045776367,43.19686508178711,4603100
2007-11-16,55.91999816894531,56.939998626708984,55.689998626708984,56.810001373291016,43.806034088134766,3621800
2007-11-19,55.72999954223633,56.560001373291016,54.369998931884766,54.599998474121094,42.10190963745117,4951700
2007-11-20,56.060001373291016,56.40999984741211,54.81999969482422,55.77000045776367,43.00410461425781,4085500
2007-11-21,54.529998779296875,55.0099983215332,53.88999938964844,53.97999954223633,41.62382888793945,6254900
2007-11-23,54.70000076293945,55.68000030517578,54.29999923706055,54.650001525878906,42.140472412109375,1164500
2007-11-26,54.84000015258789,55.380001068115234,52.93000030517578,52.97999954223633,40.85273742675781,5067500
2007-11-27,52.97999954223633,54.18000030517578,52.93000030517578,54.0,41.639259338378906,4033100
2007-11-28,54.63999938964844,56.95000076293945,54.400001525878906,56.43000030517578,43.51301574707031,4304000
2007-11-29,56.369998931884766,57.439998626708984,55.880001068115234,56.83000183105469,43.82146072387695,3731800
2007-11-30,57.349998474121094,58.5,57.16999816894531,58.029998779296875,44.74677276611328,3290300
2007-12-03,57.83000183105469,58.2400016784668,56.939998626708984,58.099998474121094,44.800743103027344,2786100
2007-12-04,57.619998931884766,58.43000030517578,57.38999938964844,57.86000061035156,44.615692138671875,3674400
2007-12-05,58.599998474121094,59.470001220703125,58.599998474121094,59.400001525878906,45.80318069458008,3831100
2007-12-06,59.5099983215332,60.70000076293945,59.27000045776367,60.5,46.6513786315918,3865300
2007-12-07,61.0,61.0,60.150001525878906,60.7599983215332,46.85185623168945,2306100
2007-12-10,60.560001373291016,61.04999923706055,60.27000045776367,60.689998626708984,46.797882080078125,2061700
2007-12-11,60.540000915527344,61.189998626708984,58.13999938964844,58.310001373291016,44.96268081665039,4394200
2007-12-12,60.22999954223633,61.040000915527344,58.08000183105469,59.119998931884766,45.58726501464844,2611000
2007-12-13,58.45000076293945,58.459999084472656,57.27000045776367,58.2400016784668,44.908714294433594,4228700
2007-12-14,57.560001373291016,58.34000015258789,57.29999923706055,58.099998474121094,44.800743103027344,2242800
2007-12-17,57.209999084472656,57.599998474121094,55.45000076293945,55.83000183105469,43.050357818603516,2977900
2007-12-18,56.470001220703125,56.900001525878906,55.43000030517578,56.18000030517578,43.320247650146484,3508200
2007-12-19,56.279998779296875,57.13999938964844,55.81999969482422,55.91999816894531,43.119754791259766,2701600
2007-12-20,55.619998931884766,55.619998931884766,54.869998931884766,55.43000030517578,43.55665588378906,2962500
2007-12-21,55.70000076293945,56.849998474121094,55.68000030517578,56.720001220703125,44.57034683227539,2491800
2007-12-24,56.59000015258789,57.720001220703125,56.59000015258789,57.599998474121094,45.261837005615234,1153200
2007-12-26,56.91999816894531,57.7599983215332,56.91999816894531,57.54999923706055,45.222557067871094,960000
2007-12-27,57.5,57.540000915527344,56.65999984741211,56.900001525878906,44.71178436279297,1528900
2007-12-28,57.099998474121094,57.20000076293945,56.36000061035156,56.650001525878906,44.51532745361328,1388200
2007-12-31,56.20000076293945,56.720001220703125,55.560001373291016,56.0,44.00455856323242,2086800
2008-01-02,56.119998931884766,56.65999984741211,54.529998779296875,54.619998931884766,42.92017364501953,6332300
2008-01-03,54.720001220703125,55.810001373291016,54.599998474121094,55.29999923706055,43.45450210571289,2706900
2008-01-04,54.380001068115234,54.5,53.349998474121094,53.400001525878906,41.96149826049805,5754700
2008-01-07,53.61000061035156,54.0,52.68000030517578,53.59000015258789,42.11079025268555,5092000
2008-01-08,53.849998474121094,54.84000015258789,53.36000061035156,53.400001525878906,41.96149826049805,4923600
2008-01-09,53.5,54.20000076293945,52.400001525878906,54.060001373291016,42.480125427246094,6372700
2008-01-10,53.970001220703125,55.66999816894531,53.33000183105469,55.38999938964844,43.52522277832031,4816600
2008-01-11,54.9900016784668,55.709999084472656,54.290000915527344,54.959999084472656,43.18733215332031,3482600
2008-01-14,55.47999954223633,55.540000915527344,54.220001220703125,54.720001220703125,42.99874496459961,2964300
2008-01-15,53.459999084472656,54.150001525878906,52.65999984741211,52.65999984741211,41.3800048828125,4208600
2008-01-16,52.150001525878906,52.70000076293945,48.349998474121094,51.400001525878906,40.3899040222168,7494900
2008-01-17,51.70000076293945,52.52000045776367,49.27000045776367,49.720001220703125,39.069759368896484,6669900
2008-01-18,50.209999084472656,51.459999084472656,49.27000045776367,50.68000030517578,39.824127197265625,6863900
2008-01-22,47.52000045776367,51.400001525878906,47.52000045776367,50.529998779296875,39.70625305175781,8410200
2008-01-23,49.099998474121094,52.52000045776367,48.2400016784668,52.459999084472656,41.22285079956055,9735300
2008-01-24,52.91999816894531,53.84000015258789,52.189998626708984,53.36000061035156,41.93007278442383,6467600
2008-01-25,54.400001525878906,54.59000015258789,51.93000030517578,52.099998474121094,40.93994903564453,4555100
2008-01-28,51.97999954223633,52.970001220703125,51.060001373291016,52.83000183105469,41.513587951660156,3594800
2008-01-29,53.150001525878906,54.29999923706055,53.09000015258789,54.20000076293945,42.59013748168945,3876800
2008-01-30,53.65999984741211,55.5,53.63999938964844,54.41999816894531,42.763004302978516,4471600
2008-01-31,52.97999954223633,55.72999954223633,52.900001525878906,55.470001220703125,43.588096618652344,5219200
2008-02-01,55.34000015258789,57.20000076293945,55.34000015258789,56.79999923706055,44.63319778442383,5505400
2008-02-04,57.599998474121094,57.720001220703125,56.36000061035156,56.63999938964844,44.507469177246094,4641000
2008-02-05,55.439998626708984,55.869998931884766,53.779998779296875,53.849998474121094,42.31510543823242,4777500
2008-02-06,53.36000061035156,55.119998931884766,53.36000061035156,53.58000183105469,42.102935791015625,3959700
2008-02-07,53.290000915527344,54.849998474121094,52.63999938964844,54.34000015258789,42.70014190673828,5755600
2008-02-08,53.79999923706055,54.77000045776367,53.79999923706055,54.2400016784668,42.62156677246094,2790300
2008-02-11,54.08000183105469,55.7599983215332,53.81999969482422,55.650001525878906,43.729522705078125,4012100
2008-02-12,56.5,56.70000076293945,55.560001373291016,55.84000015258789,43.87882995605469,4131000
2008-02-13,56.0,56.84000015258789,55.84000015258789,56.79999923706055,44.63319778442383,5283200
2008-02-14,56.810001373291016,57.790000915527344,55.83000183105469,56.25,44.201011657714844,3248500
2008-02-15,55.380001068115234,55.900001525878906,54.869998931884766,55.400001525878906,43.533084869384766,3112700
2008-02-19,56.439998626708984,57.0,55.41999816894531,55.72999954223633,43.792396545410156,5521000
2008-02-20,55.11000061035156,56.52000045776367,54.689998626708984,56.52000045776367,44.413185119628906,3584400
2008-02-21,56.52000045776367,56.790000915527344,55.97999954223633,56.11000061035156,44.09100341796875,3210900
2008-02-22,56.29999923706055,57.029998779296875,55.560001373291016,57.029998779296875,44.813941955566406,3298100
2008-02-25,57.06999969482422,58.060001373291016,56.279998779296875,58.060001373291016,45.6233024597168,4037700
2008-02-26,57.849998474121094,58.83000183105469,57.2400016784668,58.54999923706055,46.00834274291992,4111900
2008-02-27,58.380001068115234,59.45000076293945,58.04999923706055,59.380001068115234,46.66055679321289,5707400
2008-02-28,58.880001068115234,59.36000061035156,58.400001525878906,58.459999084472656,45.937618255615234,3664300
2008-02-29,57.939998626708984,58.02000045776367,55.47999954223633,55.58000183105469,43.67453384399414,5333100
2008-03-03,55.22999954223633,56.86000061035156,55.150001525878906,56.65999984741211,44.523193359375,4052400
2008-03-04,56.15999984741211,56.689998626708984,55.33000183105469,56.150001525878906,44.122440338134766,5378700
2008-03-05,56.20000076293945,56.97999954223633,55.84000015258789,56.45000076293945,44.35817337036133,3390100
2008-03-06,56.279998779296875,56.279998779296875,54.400001525878906,54.619998931884766,42.92017364501953,3873400
2008-03-07,53.59000015258789,55.0,53.52000045776367,54.45000076293945,42.786582946777344,5746000
2008-03-10,54.15999984741211,54.619998931884766,53.15999984741211,53.45000076293945,42.00078201293945,3965900
2008-03-11,54.900001525878906,56.81999969482422,54.58000183105469,56.81999969482422,44.64892578125,4853100
2008-03-12,56.529998779296875,57.25,55.900001525878906,56.15999984741211,44.13029479980469,3334200
2008-03-13,55.0099983215332,57.31999969482422,54.68000030517578,57.31999969482422,45.041805267333984,5105000
2008-03-14,57.5,57.5,54.47999954223633,55.650001525878906,43.729522705078125,6081400
2008-03-17,53.369998931884766,55.41999816894531,53.36000061035156,54.5,42.825862884521484,6000000
2008-03-18,56.470001220703125,57.189998626708984,55.5099983215332,57.099998474121094,44.86893844604492,5872900
2008-03-19,57.650001525878906,57.650001525878906,54.95000076293945,54.95000076293945,43.179481506347656,5522600
2008-03-20,55.25,55.91999816894531,54.11000061035156,55.560001373291016,43.658817291259766,5944200
2008-03-24,56.70000076293945,57.849998474121094,56.0,57.470001220703125,45.159690856933594,4542700
2008-03-25,57.63999938964844,58.290000915527344,56.970001220703125,57.9900016784668,45.56830596923828,3935600
2008-03-26,58.060001373291016,58.099998474121094,57.36000061035156,57.90999984741211,45.505435943603516,3359200
2008-03-27,58.779998779296875,58.779998779296875,57.790000915527344,58.0,45.5761604309082,2716100
2008-03-28,58.31999969482422,58.31999969482422,57.5099983215332,57.63999938964844,45.29326248168945,3115700
2008-03-31,57.599998474121094,59.709999084472656,57.34000015258789,59.099998474121094,46.44052505493164,3172500
2008-04-01,60.40999984741211,62.0,59.79999923706055,61.810001373291016,48.570037841796875,7158000
2008-04-02,62.20000076293945,62.369998931884766,61.099998474121094,61.29999923706055,48.169281005859375,7383000
2008-04-03,61.09000015258789,61.95000076293945,60.61000061035156,61.72999954223633,48.507179260253906,3847200
2008-04-04,61.79999923706055,61.79999923706055,60.810001373291016,60.9900016784668,47.925682067871094,3370500
2008-04-07,62.060001373291016,62.060001373291016,60.75,61.59000015258789,48.39716339111328,3654900
2008-04-08,61.20000076293945,61.400001525878906,60.45000076293945,61.2599983215332,48.137855529785156,5633300
2008-04-09,61.04999923706055,61.400001525878906,59.959999084472656,60.130001068115234,47.24989318847656,4085600
2008-04-10,60.20000076293945,61.130001068115234,59.56999969482422,61.04999923706055,47.972835540771484,4197200
2008-04-11,60.369998931884766,60.599998474121094,59.849998474121094,60.02000045776367,47.16345977783203,2404900
2008-04-14,59.7400016784668,60.290000915527344,59.59000015258789,60.119998931884766,47.24203872680664,2273500
2008-04-15,60.400001525878906,60.540000915527344,59.72999954223633,60.290000915527344,47.37562942504883,1806700
2008-04-16,60.70000076293945,61.5,60.70000076293945,61.5,48.32644271850586,4103300
2008-04-17,61.0,61.43000030517578,60.56999969482422,61.04999923706055,47.972835540771484,3209400
2008-04-18,62.13999938964844,62.15999984741211,60.90999984741211,61.310001373291016,48.17713928222656,6546800
2008-04-21,61.16999816894531,61.72999954223633,61.06999969482422,61.400001525878906,48.24786376953125,2507600
2008-04-22,61.630001068115234,61.9900016784668,60.91999816894531,61.77000045776367,48.538604736328125,3320400
2008-04-23,61.90999984741211,62.04999923706055,60.939998626708984,61.40999984741211,48.2557258605957,3165800
2008-04-24,61.59000015258789,62.130001068115234,60.45000076293945,61.54999923706055,48.36573791503906,4580500
2008-04-25,60.0,60.130001068115234,59.33000183105469,59.75,46.951297760009766,5745500
2008-04-28,60.06999969482422,60.16999816894531,58.779998779296875,59.15999984741211,46.4876708984375,4130900
2008-04-29,58.650001525878906,58.9900016784668,57.90999984741211,57.90999984741211,45.505435943603516,4332700
2008-04-30,58.29999923706055,59.040000915527344,58.099998474121094,58.43000030517578,45.91405487060547,3584700
2008-05-01,58.63999938964844,58.849998474121094,58.09000015258789,58.560001373291016,46.01620864868164,2900100
2008-05-02,59.279998779296875,59.61000061035156,58.79999923706055,59.29999923706055,46.59769821166992,2997000
2008-05-05,58.959999084472656,60.130001068115234,58.900001525878906,60.099998474121094,47.226322174072266,2705400
2008-05-06,59.65999984741211,60.849998474121094,59.65999984741211,60.689998626708984,47.689937591552734,2568000
2008-05-07,61.0,61.0,59.349998474121094,59.459999084472656,46.72340774536133,3637200
2008-05-08,59.959999084472656,60.040000915527344,59.09000015258789,59.63999938964844,46.8648567199707,3074200
2008-05-09,59.02000045776367,59.5,58.7599983215332,59.2400016784668,46.55054473876953,3566900
2008-05-12,59.2599983215332,60.09000015258789,59.02000045776367,59.75,46.951297760009766,3675500
2008-05-13,59.70000076293945,60.380001068115234,59.66999816894531,60.18000030517578,47.289188385009766,3039000
2008-05-14,60.689998626708984,61.61000061035156,60.2599983215332,61.08000183105469,47.996402740478516,4833400
2008-05-15,61.5099983215332,61.720001220703125,60.720001220703125,61.65999984741211,48.4521598815918,3741000
2008-05-16,61.97999954223633,62.06999969482422,61.560001373291016,61.90999984741211,48.648624420166016,2610300
2008-05-19,61.9900016784668,63.060001373291016,61.810001373291016,62.47999954223633,49.09652328491211,4255300
2008-05-20,62.09000015258789,62.2400016784668,61.369998931884766,61.810001373291016,48.570037841796875,2832600
2008-05-21,62.11000061035156,62.11000061035156,60.88999938964844,61.09000015258789,48.00426483154297,4121100
2008-05-22,60.91999816894531,61.72999954223633,60.849998474121094,61.54999923706055,48.36573791503906,3049400
2008-05-23,60.900001525878906,61.34000015258789,60.61000061035156,60.95000076293945,47.894248962402344,2358000
2008-05-27,61.060001373291016,61.779998779296875,61.060001373291016,61.65999984741211,48.4521598815918,2536600
2008-05-28,62.25,62.2599983215332,61.22999954223633,62.189998626708984,48.86863708496094,2826300
2008-05-29,61.900001525878906,62.849998474121094,61.900001525878906,62.58000183105469,49.17510223388672,4337200
2008-05-30,62.72999954223633,63.34000015258789,62.59000015258789,62.97999954223633,49.48942184448242,4088400
2008-06-02,62.720001220703125,62.849998474121094,61.59000015258789,62.06999969482422,48.77434158325195,2581000
2008-06-03,62.470001220703125,62.470001220703125,61.0,61.380001068115234,48.232139587402344,3555900
2008-06-04,61.45000076293945,62.040000915527344,60.61000061035156,61.540000915527344,48.357879638671875,3451500
2008-06-05,61.65999984741211,62.54999923706055,61.65999984741211,62.540000915527344,49.1436767578125,2993900
2008-06-06,62.06999969482422,62.20000076293945,60.58000183105469,60.58000183105469,47.603511810302734,3472400
2008-06-09,61.0,61.31999969482422,59.79999923706055,60.5099983215332,47.548500061035156,3084000
2008-06-10,59.33000183105469,60.060001373291016,59.11000061035156,59.400001525878906,46.67626953125,4302200
2008-06-11,59.54999923706055,60.20000076293945,58.58000183105469,58.58000183105469,46.031917572021484,4161000
2008-06-12,58.959999084472656,60.40999984741211,58.959999084472656,59.38999938964844,46.66841506958008,3697700
2008-06-13,60.20000076293945,60.310001373291016,59.11000061035156,59.72999954223633,46.93558883666992,3150300
2008-06-16,59.060001373291016,60.02000045776367,59.060001373291016,59.63999938964844,46.8648567199707,2173100
2008-06-17,59.63999938964844,59.97999954223633,58.5099983215332,58.70000076293945,46.12620544433594,3727300
2008-06-18,58.849998474121094,58.849998474121094,57.47999954223633,57.47999954223633,45.167537689208984,5487100
2008-06-19,57.40999984741211,58.02000045776367,57.16999816894531,57.939998626708984,45.52900695800781,5907100
2008-06-20,57.380001068115234,57.90999984741211,56.68000030517578,57.630001068115234,45.285404205322266,4560600
2008-06-23,57.68000030517578,57.779998779296875,56.959999084472656,57.119998931884766,44.884666442871094,2316100
2008-06-24,56.70000076293945,57.619998931884766,56.40999984741211,57.189998626708984,44.939659118652344,2707600
2008-06-25,57.029998779296875,58.130001068115234,56.599998474121094,57.599998474121094,45.70135498046875,3377800
2008-06-26,56.75,57.279998779296875,56.220001220703125,56.220001220703125,44.606422424316406,4266100
2008-06-27,56.83000183105469,57.0099983215332,56.22999954223633,56.720001220703125,45.00312423706055,4071300
2008-06-30,56.529998779296875,57.029998779296875,56.400001525878906,56.939998626708984,45.17768478393555,2623300
2008-07-01,56.0,56.2400016784668,54.970001220703125,55.869998931884766,44.3287239074707,3805100
2008-07-02,56.02000045776367,56.310001373291016,54.779998779296875,55.0099983215332,43.64637756347656,3455800
2008-07-03,55.20000076293945,55.439998626708984,54.61000061035156,54.7400016784668,43.432159423828125,2492900
2008-07-07,55.0,55.5099983215332,53.880001068115234,54.439998626708984,43.194129943847656,4924500
2008-07-08,54.34000015258789,55.41999816894531,54.0,55.34000015258789,43.908206939697266,5485300
2008-07-09,55.349998474121094,55.709999084472656,53.84000015258789,53.90999984741211,42.77361297607422,6328400
2008-07-10,53.970001220703125,54.349998474121094,53.099998474121094,53.959999084472656,42.81327819824219,6530500
2008-07-11,53.06999969482422,54.040000915527344,52.5,53.5099983215332,42.456241607666016,7452700
2008-07-14,53.810001373291016,54.290000915527344,52.95000076293945,52.95000076293945,42.01191711425781,3206900
2008-07-15,52.470001220703125,53.75,51.56999969482422,52.869998931884766,41.948448181152344,6938700
2008-07-16,52.97999954223633,54.599998474121094,52.88999938964844,54.56999969482422,43.297279357910156,5518100
2008-07-17,54.66999816894531,55.45000076293945,54.599998474121094,54.790000915527344,43.47181701660156,5020300
2008-07-18,55.08000183105469,55.689998626708984,54.90999984741211,55.41999816894531,43.97168731689453,3553900
2008-07-21,54.869998931884766,56.02000045776367,54.869998931884766,55.20000076293945,43.79712677001953,3635000
2008-07-22,54.650001525878906,54.95000076293945,53.83000183105469,54.7400016784668,43.432159423828125,5039500
2008-07-23,54.72999954223633,55.119998931884766,54.290000915527344,54.81999969482422,43.495628356933594,2345200
2008-07-24,54.79999923706055,54.900001525878906,52.540000915527344,52.91999816894531,41.98811721801758,3590700
2008-07-25,53.29999923706055,53.790000915527344,52.88999938964844,53.349998474121094,42.32928466796875,1707000
2008-07-28,53.02000045776367,53.65999984741211,52.66999816894531,52.849998474121094,41.932586669921875,1647500
2008-07-29,53.36000061035156,54.630001068115234,52.77000045776367,54.20000076293945,43.00370407104492,2784600
2008-07-30,55.0099983215332,55.13999938964844,54.2599983215332,54.72999954223633,43.42422103881836,2692300
2008-07-31,54.29999923706055,54.779998779296875,53.880001068115234,54.099998474121094,42.92435836791992,2223700
2008-08-01,54.63999938964844,54.900001525878906,53.400001525878906,53.790000915527344,42.67839431762695,2215100
2008-08-04,53.529998779296875,53.77000045776367,52.84000015258789,53.13999938964844,42.162662506103516,2766200
2008-08-05,53.4900016784668,54.540000915527344,53.369998931884766,54.369998931884766,43.13858413696289,3025000
2008-08-06,54.20000076293945,55.119998931884766,53.869998931884766,54.95000076293945,43.59877014160156,2446600
2008-08-07,54.290000915527344,54.54999923706055,53.630001068115234,53.72999954223633,42.630794525146484,2039200
2008-08-08,53.439998626708984,53.83000183105469,53.0,53.68000030517578,42.59112548828125,3396500
2008-08-11,53.470001220703125,53.849998474121094,52.869998931884766,53.189998626708984,42.20234680175781,2506800
2008-08-12,52.779998779296875,53.34000015258789,52.349998474121094,52.349998474121094,41.53586196899414,2345500
2008-08-13,52.150001525878906,53.220001220703125,51.95000076293945,52.810001373291016,41.90083694458008,2145400
2008-08-14,52.5099983215332,54.099998474121094,52.47999954223633,54.0,42.84501647949219,2382400
2008-08-15,54.29999923706055,54.36000061035156,53.45000076293945,54.09000015258789,42.91643142700195,2135500
2008-08-18,54.66999816894531,54.66999816894531,52.97999954223633,53.08000183105469,42.11506652832031,1470900
2008-08-19,52.459999084472656,53.56999969482422,52.25,53.38999938964844,42.361019134521484,2335000
2008-08-20,53.029998779296875,53.880001068115234,53.029998779296875,53.630001068115234,42.55144500732422,1792000
2008-08-21,53.11000061035156,53.86000061035156,53.11000061035156,53.529998779296875,42.472103118896484,1679200
2008-08-22,53.5,54.040000915527344,53.22999954223633,53.470001220703125,42.42450714111328,1175400
2008-08-25,53.43000030517578,53.529998779296875,52.5,52.59000015258789,41.726287841796875,2229800
2008-08-26,52.349998474121094,52.63999938964844,51.36000061035156,51.720001220703125,41.036014556884766,2802300
2008-08-27,51.77000045776367,52.529998779296875,51.77000045776367,52.2400016784668,41.448585510253906,1490400
2008-08-28,52.65999984741211,52.77000045776367,52.119998931884766,52.5,41.654876708984375,1163600
2008-08-29,51.900001525878906,52.380001068115234,51.720001220703125,52.209999084472656,41.424781799316406,1062200
2008-09-02,52.0,52.720001220703125,51.79999923706055,52.220001220703125,41.43271255493164,2053600
2008-09-03,51.72999954223633,52.22999954223633,51.369998931884766,51.650001525878906,40.98046112060547,2117300
2008-09-04,51.459999084472656,51.4900016784668,50.33000183105469,50.61000061035156,40.15530014038086,3795800
2008-09-05,50.5,50.70000076293945,49.75,50.560001373291016,40.11563491821289,3241700
2008-09-08,52.0099983215332,52.209999084472656,50.560001373291016,51.470001220703125,40.83765411376953,4620000
2008-09-09,51.2599983215332,51.33000183105469,49.5,49.599998474121094,39.353939056396484,3202100
2008-09-10,50.060001373291016,50.22999954223633,49.040000915527344,49.15999984741211,39.004825592041016,3241200
2008-09-11,48.20000076293945,49.09000015258789,48.119998931884766,48.83000183105469,38.743011474609375,4258000
2008-09-12,48.79999923706055,49.290000915527344,48.18000030517578,49.20000076293945,39.036556243896484,3327200
2008-09-15,46.79999923706055,48.2400016784668,46.11000061035156,46.18000030517578,36.64043426513672,5078900
2008-09-16,44.97999954223633,47.61000061035156,44.45000076293945,47.18000030517578,37.43385314941406,8111300
2008-09-17,45.7599983215332,46.31999969482422,43.4900016784668,43.709999084472656,34.68065643310547,9204300
2008-09-18,44.31999969482422,47.63999938964844,43.11000061035156,46.86000061035156,37.179954528808594,5563900
2008-09-19,51.88999938964844,53.0,44.91999816894531,48.75,38.679534912109375,7437800
2008-09-22,48.81999969482422,49.34000015258789,47.66999816894531,47.709999084472656,37.8543701171875,2862200
2008-09-23,47.599998474121094,48.04999923706055,46.4900016784668,46.66999816894531,37.02920150756836,2991200
2008-09-24,47.36000061035156,47.36000061035156,46.38999938964844,46.529998779296875,36.918113708496094,1718000
2008-09-25,47.4900016784668,48.88999938964844,46.81999969482422,48.619998931884766,38.57638168334961,4803700
2008-09-26,47.459999084472656,48.45000076293945,47.369998931884766,48.040000915527344,38.11618423461914,3536900
2008-09-29,47.209999084472656,47.209999084472656,43.5,44.06999969482422,34.96629333496094,4018500
2008-09-30,44.599998474121094,46.79999923706055,44.54999923706055,46.66999816894531,37.02920150756836,3174600
2008-10-01,46.400001525878906,46.83000183105469,45.33000183105469,46.619998931884766,36.989532470703125,2082100
2008-10-02,45.599998474121094,45.689998626708984,43.11000061035156,43.310001373291016,34.3632926940918,3286800
2008-10-03,43.869998931884766,44.630001068115234,41.279998779296875,41.36000061035156,32.81611633300781,3745600
2008-10-06,39.529998779296875,39.529998779296875,35.779998779296875,37.61000061035156,29.840749740600586,6471500
2008-10-07,36.70000076293945,38.2599983215332,34.56999969482422,34.86000061035156,27.658843994140625,7205400
2008-10-08,30.850000381469727,35.34000015258789,30.850000381469727,33.86000061035156,26.86540985107422,7816900
2008-10-09,35.84000015258789,35.84000015258789,31.209999084472656,31.290000915527344,24.82630729675293,3961200
2008-10-10,28.0,31.8799991607666,27.0,30.34000015258789,24.072555541992188,5736400
2008-10-13,33.9900016784668,36.90999984741211,32.099998474121094,36.86000061035156,29.245691299438477,4377000
2008-10-14,36.63999938964844,38.560001373291016,35.13999938964844,36.25,28.761707305908203,5970500
2008-10-15,34.34000015258789,34.90999984741211,32.06999969482422,32.58000183105469,25.849836349487305,4255500
2008-10-16,32.20000076293945,32.66999816894531,29.84000015258789,31.739999771118164,25.183347702026367,4282800
2008-10-17,30.479999542236328,33.25,30.479999542236328,31.989999771118164,25.38170623779297,4563700
2008-10-20,33.08000183105469,33.84000015258789,32.119998931884766,32.88999938964844,26.095794677734375,2618900
2008-10-21,32.45000076293945,32.5,30.889999389648438,31.1299991607666,24.699359893798828,2331300
2008-10-22,29.68000030517578,29.989999771118164,27.020000457763672,27.709999084472656,21.985843658447266,5541400
2008-10-23,28.079999923706055,28.43000030517578,25.799999237060547,26.729999542236328,21.20828628540039,4505300
2008-10-24,23.979999542236328,25.81999969482422,23.25,25.18000030517578,19.978471755981445,5829600
2008-10-27,24.510000228881836,26.110000610351562,24.510000228881836,24.700000762939453,19.597631454467773,3228400
2008-10-28,25.510000228881836,28.790000915527344,25.3700008392334,28.469999313354492,22.588842391967773,6103700
2008-10-29,28.450000762939453,30.59000015258789,27.450000762939453,29.389999389648438,23.318798065185547,5901300
2008-10-30,30.860000610351562,31.559999465942383,30.399999618530273,31.559999465942383,25.040529251098633,4571000
2008-10-31,30.579999923706055,31.670000076293945,30.0,30.899999618530273,24.516868591308594,3414800
2008-11-03,30.399999618530273,31.899999618530273,29.809999465942383,31.469999313354492,24.96912384033203,2651000
2008-11-04,32.70000076293945,34.47999954223633,32.5099983215332,33.5099983215332,26.58771514892578,5118800
2008-11-05,32.63999938964844,33.279998779296875,31.100000381469727,31.110000610351562,24.68349266052246,3617300
2008-11-06,30.559999465942383,31.399999618530273,29.1200008392334,29.1200008392334,23.104570388793945,3841300
2008-11-07,29.899999618530273,31.280000686645508,29.899999618530273,30.139999389648438,23.913867950439453,3027900
2008-11-10,32.22999954223633,32.22999954223633,30.299999237060547,30.799999237060547,24.43752670288086,2177200
2008-11-11,29.200000762939453,30.549999237060547,29.1200008392334,30.299999237060547,24.040813446044922,3109500
2008-11-12,29.40999984741211,29.790000915527344,28.1200008392334,28.149999618530273,22.334951400756836,3410900
2008-11-13,28.299999237060547,31.1299991607666,27.059999465942383,30.479999542236328,24.183635711669922,5662800
2008-11-14,29.31999969482422,30.610000610351562,29.209999084472656,29.489999771118164,23.39814567565918,3771700
2008-11-17,28.579999923706055,29.8799991607666,28.43000030517578,28.649999618530273,22.731658935546875,2017100
2008-11-18,28.200000762939453,29.06999969482422,28.010000228881836,28.639999389648438,22.723722457885742,3107600
2008-11-19,28.0,28.600000381469727,26.639999389648438,27.09000015258789,21.493919372558594,2874300
2008-11-20,26.18000030517578,27.200000762939453,24.81999969482422,25.5,20.232370376586914,4530400
2008-11-21,27.040000915527344,27.040000915527344,25.040000915527344,26.3700008392334,20.922653198242188,4919700
2008-11-24,26.6299991607666,28.690000534057617,26.6299991607666,28.649999618530273,22.731658935546875,5020200
2008-11-25,29.0,29.40999984741211,27.639999389648438,28.049999237060547,22.255603790283203,3403700
2008-11-26,27.399999618530273,30.110000610351562,27.399999618530273,30.110000610351562,23.890064239501953,3918000
2008-11-28,29.290000915527344,29.889999389648438,29.15999984741211,29.389999389648438,23.318798065185547,1345300
2008-12-01,27.8700008392334,29.079999923706055,27.0,27.299999237060547,21.660533905029297,3769500
2008-12-02,27.610000610351562,29.020000457763672,27.610000610351562,28.709999084472656,22.779264450073242,3546800
2008-12-03,27.520000457763672,29.389999389648438,27.520000457763672,28.850000381469727,22.89034652709961,2519200
2008-12-04,28.149999618530273,29.399999618530273,28.149999618530273,28.329999923706055,22.47776222229004,3848200
2008-12-05,28.049999237060547,29.649999618530273,27.649999618530273,29.579999923706055,23.469547271728516,3756100
2008-12-08,31.200000762939453,31.899999618530273,30.309999465942383,31.8799991607666,25.294424057006836,4444400
2008-12-09,31.65999984741211,32.380001068115234,30.93000030517578,31.389999389648438,24.90564727783203,3083100
2008-12-10,31.709999084472656,33.08000183105469,31.709999084472656,33.0,26.183063507080078,3296800
2008-12-11,32.36000061035156,33.290000915527344,31.709999084472656,31.84000015258789,25.2626895904541,3474700
2008-12-12,30.510000228881836,32.16999816894531,30.020000457763672,31.450000762939453,24.9532527923584,3192000
2008-12-15,31.68000030517578,32.290000915527344,31.09000015258789,31.270000457763672,24.81043815612793,2641100
2008-12-16,31.540000915527344,34.5099983215332,31.299999237060547,34.220001220703125,27.151044845581055,5109000
2008-12-17,33.59000015258789,34.61000061035156,33.11000061035156,34.38999938964844,27.28592872619629,4686100
2008-12-18,34.18000030517578,34.88999938964844,33.5,33.70000076293945,26.73846435546875,3764600
2008-12-19,34.209999084472656,34.52000045776367,33.400001525878906,33.7400016784668,26.77019691467285,3971500
2008-12-22,33.75,33.75,32.81999969482422,33.38999938964844,26.492494583129883,2057900
2008-12-23,33.0099983215332,33.529998779296875,32.689998626708984,32.9900016784668,26.510984420776367,1466600
2008-12-24,32.7400016784668,33.310001373291016,32.63999938964844,32.83000183105469,26.382417678833008,665400
2008-12-26,32.560001373291016,33.279998779296875,32.560001373291016,33.13999938964844,26.63152503967285,631700
2008-12-29,32.95000076293945,33.47999954223633,32.16999816894531,32.18000030517578,25.86005973815918,1467400
2008-12-30,32.150001525878906,32.72999954223633,31.489999771118164,32.310001373291016,25.964536666870117,2047900
2008-12-31,32.45000076293945,32.77000045776367,31.68000030517578,32.27000045776367,25.932390213012695,1545900
2009-01-02,32.310001373291016,33.79999923706055,32.20000076293945,33.66999816894531,27.05743408203125,1327500
2009-01-05,33.90999984741211,34.70000076293945,33.619998931884766,34.310001373291016,27.571746826171875,2810300
2009-01-06,34.630001068115234,35.15999984741211,34.2599983215332,34.61000061035156,27.812833786010742,1948300
2009-01-07,33.81999969482422,34.029998779296875,32.619998931884766,32.83000183105469,26.382417678833008,2600700
2009-01-08,32.43000030517578,32.599998474121094,31.920000076293945,32.310001373291016,25.964536666870117,2532600
2009-01-09,32.060001373291016,32.47999954223633,31.639999389648438,31.850000381469727,25.594871520996094,2199200
2009-01-12,31.899999618530273,31.899999618530273,30.440000534057617,30.540000915527344,24.54214859008789,2600000
2009-01-13,30.329999923706055,30.90999984741211,30.200000762939453,30.34000015258789,24.381425857543945,3121800
2009-01-14,29.979999542236328,29.979999542236328,28.739999771118164,28.989999771118164,23.29655647277832,3506700
2009-01-15,28.899999618530273,29.610000610351562,27.649999618530273,29.100000381469727,23.384960174560547,5114800
2009-01-16,29.549999237060547,30.010000228881836,28.549999237060547,29.329999923706055,23.569786071777344,3197200
2009-01-20,29.399999618530273,29.399999618530273,27.3700008392334,27.479999542236328,22.083112716674805,3480600
2009-01-21,28.1299991607666,28.489999771118164,26.940000534057617,28.43000030517578,22.846542358398438,6964200
2009-01-22,27.520000457763672,28.25,27.299999237060547,27.700000762939453,22.259904861450195,3654700
2009-01-23,26.790000915527344,28.31999969482422,26.780000686645508,27.8799991607666,22.404556274414062,3621400
2009-01-26,28.350000381469727,28.889999389648438,27.709999084472656,28.09000015258789,22.573307037353516,2035100
2009-01-27,28.6299991607666,28.649999618530273,28.030000686645508,28.15999984741211,22.629568099975586,2564500
2009-01-28,28.360000610351562,29.290000915527344,28.360000610351562,29.229999542236328,23.489425659179688,4336700
2009-01-29,28.790000915527344,28.790000915527344,28.020000457763672,28.1299991607666,22.605457305908203,4486000
2009-01-30,28.43000030517578,28.43000030517578,27.450000762939453,27.690000534057617,22.251867294311523,3230600
2009-02-02,27.1200008392334,27.75,26.780000686645508,27.25,21.898283004760742,2002900
2009-02-03,27.350000381469727,27.729999542236328,27.15999984741211,27.489999771118164,22.091144561767578,4117100
2009-02-04,28.030000686645508,28.15999984741211,27.309999465942383,27.520000457763672,22.115257263183594,3357300
2009-02-05,27.3700008392334,28.15999984741211,27.260000228881836,27.860000610351562,22.388486862182617,3960900
2009-02-06,28.030000686645508,29.510000228881836,28.020000457763672,29.110000610351562,23.392990112304688,3849300
2009-02-09,29.3799991607666,29.739999771118164,29.100000381469727,29.389999389648438,23.61800193786621,2056700
2009-02-10,29.440000534057617,29.600000381469727,27.5,27.790000915527344,22.332229614257812,4044300
2009-02-11,27.559999465942383,28.559999465942383,27.1299991607666,27.479999542236328,22.083112716674805,2875400
2009-02-12,27.049999237060547,27.209999084472656,26.6299991607666,27.15999984741211,21.825958251953125,4360900
2009-02-13,26.84000015258789,27.559999465942383,26.84000015258789,27.219999313354492,21.874176025390625,4054800
2009-02-17,26.950000762939453,26.950000762939453,25.8799991607666,26.34000015258789,21.167003631591797,4332700
2009-02-18,26.59000015258789,26.59000015258789,25.5,26.0,20.893774032592773,2532900
2009-02-19,26.190000534057617,26.610000610351562,25.520000457763672,25.6299991607666,20.5964412689209,2690700
2009-02-20,25.389999389648438,25.920000076293945,24.709999084472656,25.15999984741211,20.218746185302734,3571200
2009-02-23,25.329999923706055,25.739999771118164,24.09000015258789,24.209999084472656,19.455318450927734,4376600
2009-02-24,24.18000030517578,25.079999923706055,23.969999313354492,24.799999237060547,19.929445266723633,2725700
2009-02-25,25.139999389648438,25.139999389648438,24.020000457763672,24.329999923706055,19.551748275756836,3891700
2009-02-26,24.899999618530273,24.979999542236328,24.200000762939453,24.40999984741211,19.616043090820312,3995900
2009-02-27,23.850000381469727,24.18000030517578,23.579999923706055,23.8799991607666,19.19012451171875,3597300
2009-03-02,23.209999084472656,23.450000762939453,21.920000076293945,22.360000610351562,17.968650817871094,6972300
2009-03-03,22.450000762939453,23.0,22.020000457763672,22.280000686645508,17.904359817504883,2773900
2009-03-04,23.010000228881836,23.59000015258789,22.68000030517578,23.309999465942383,18.732074737548828,3998000
2009-03-05,22.8799991607666,22.979999542236328,22.260000228881836,22.559999465942383,18.129365921020508,4086600
2009-03-06,23.399999618530273,23.399999618530273,21.989999771118164,22.489999771118164,18.07311248779297,3142900
2009-03-09,21.850000381469727,22.6299991607666,21.520000457763672,21.790000915527344,17.510589599609375,5474400
2009-03-10,21.850000381469727,23.1299991607666,21.850000381469727,22.969999313354492,18.458847045898438,4561300
2009-03-11,23.1299991607666,23.649999618530273,23.049999237060547,23.43000030517578,18.82850456237793,6391100
2009-03-12,23.1200008392334,25.389999389648438,23.1200008392334,25.25,20.29107093811035,7612100
2009-03-13,25.719999313354492,26.549999237060547,25.34000015258789,26.270000457763672,21.110750198364258,7591400
2009-03-16,26.969999313354492,27.06999969482422,26.06999969482422,26.229999542236328,21.0786075592041,4860900
2009-03-17,26.350000381469727,27.06999969482422,25.530000686645508,27.030000686645508,21.721485137939453,3874300
2009-03-18,26.510000228881836,27.8700008392334,26.299999237060547,27.479999542236328,22.083112716674805,6189800
2009-03-19,27.8700008392334,28.25,26.920000076293945,27.139999389648438,21.80988121032715,4574000
2009-03-20,26.950000762939453,27.40999984741211,26.639999389648438,26.81999969482422,21.5527286529541,3045000
2009-03-23,27.549999237060547,28.280000686645508,27.260000228881836,28.079999923706055,22.565279006958008,4379600
2009-03-24,27.709999084472656,28.170000076293945,27.350000381469727,27.600000381469727,22.179546356201172,3025900
2009-03-25,27.600000381469727,28.559999465942383,27.489999771118164,27.969999313354492,22.47687339782715,2866900
2009-03-26,28.979999542236328,28.979999542236328,28.190000534057617,28.43000030517578,22.846542358398438,2742800
2009-03-27,28.079999923706055,28.09000015258789,27.399999618530273,27.8799991607666,22.404556274414062,1983200
2009-03-30,27.34000015258789,27.34000015258789,26.43000030517578,26.709999084472656,21.464338302612305,3739300
2009-03-31,27.200000762939453,27.600000381469727,27.059999465942383,27.31999969482422,21.954530715942383,2479600
2009-04-01,27.34000015258789,28.290000915527344,26.809999465942383,27.989999771118164,22.492952346801758,2789000
2009-04-02,28.8700008392334,29.790000915527344,28.56999969482422,29.399999618530273,23.626041412353516,4943700
2009-04-03,29.1299991607666,30.600000381469727,28.84000015258789,30.469999313354492,24.485897064208984,2404000
2009-04-06,30.18000030517578,30.399999618530273,29.59000015258789,30.059999465942383,24.156415939331055,1990000
2009-04-07,29.479999542236328,30.100000381469727,29.270000457763672,29.790000915527344,23.939449310302734,2310800
2009-04-08,30.100000381469727,30.610000610351562,30.049999237060547,30.139999389648438,24.22071075439453,2316200
2009-04-09,31.170000076293945,32.150001525878906,31.170000076293945,31.93000030517578,25.65916633605957,3864100
2009-04-13,31.350000381469727,32.65999984741211,31.260000228881836,32.41999816894531,26.052927017211914,3225000
2009-04-14,32.119998931884766,32.849998474121094,31.75,32.150001525878906,25.835956573486328,2967600
2009-04-15,31.93000030517578,32.75,31.93000030517578,32.54999923706055,26.157392501831055,2167700
2009-04-16,32.72999954223633,33.119998931884766,32.58000183105469,32.900001525878906,26.43866729736328,3927800
2009-04-17,33.06999969482422,33.380001068115234,32.79999923706055,33.04999923706055,26.559202194213867,2344600
2009-04-20,32.369998931884766,32.369998931884766,31.34000015258789,31.5,25.313615798950195,3267100
2009-04-21,31.18000030517578,32.4900016784668,31.0,32.02000045776367,25.731489181518555,3132300
2009-04-22,31.5,32.540000915527344,31.469999313354492,31.780000686645508,25.53862190246582,2755900
2009-04-23,32.060001373291016,32.58000183105469,31.770000457763672,32.38999938964844,26.028825759887695,3061100
2009-04-24,32.95000076293945,33.459999084472656,32.720001220703125,33.11000061035156,26.607419967651367,3259700
2009-04-27,31.510000228881836,31.510000228881836,30.290000915527344,30.729999542236328,24.694833755493164,9759900
2009-04-28,29.969999313354492,30.979999542236328,29.969999313354492,30.6299991607666,24.614471435546875,5099000
2009-04-29,31.690000534057617,32.40999984741211,31.399999618530273,31.899999618530273,25.63504981994629,5482300
2009-04-30,32.0099983215332,32.290000915527344,31.190000534057617,31.239999771118164,25.104673385620117,3954700
2009-05-01,31.34000015258789,31.920000076293945,30.989999771118164,31.899999618530273,25.63504981994629,3203000
2009-05-04,32.290000915527344,34.150001525878906,32.130001068115234,34.029998779296875,27.34673500061035,5646300
2009-05-05,34.150001525878906,34.77000045776367,33.81999969482422,34.63999938964844,27.836938858032227,4638500
2009-05-06,35.29999923706055,36.13999938964844,35.060001373291016,35.95000076293945,28.889659881591797,6068700
2009-05-07,36.40999984741211,36.83000183105469,35.15999984741211,35.380001068115234,28.431608200073242,3303300
2009-05-08,36.11000061035156,36.4900016784668,35.619998931884766,36.41999816894531,29.267358779907227,3534700
2009-05-11,36.279998779296875,36.279998779296875,35.40999984741211,35.790000915527344,28.761079788208008,1733900
2009-05-12,36.25,36.25,35.0,35.47999954223633,28.511966705322266,4690100
2009-05-13,34.689998626708984,34.790000915527344,34.0,34.11000061035156,27.411026000976562,3641600
2009-05-14,34.63999938964844,34.900001525878906,33.720001220703125,34.900001525878906,28.045879364013672,3117100
2009-05-15,34.849998474121094,35.11000061035156,34.369998931884766,34.599998474121094,27.804790496826172,1875600
2009-05-18,35.38999938964844,36.380001068115234,35.220001220703125,36.31999969482422,29.186994552612305,3555700
2009-05-19,36.400001525878906,37.439998626708984,36.279998779296875,37.029998779296875,29.757564544677734,3492800
2009-05-20,37.5,37.83000183105469,36.77000045776367,36.95000076293945,29.693265914916992,3115500
2009-05-21,36.310001373291016,36.38999938964844,35.58000183105469,35.70000076293945,28.688751220703125,4555700
2009-05-22,35.939998626708984,36.209999084472656,35.61000061035156,36.060001373291016,28.97806167602539,1612500
2009-05-26,35.779998779296875,37.040000915527344,35.599998474121094,37.040000915527344,29.76559066772461,3093000
2009-05-27,37.130001068115234,37.459999084472656,36.470001220703125,36.5,29.331647872924805,3902400
2009-05-28,36.90999984741211,37.08000183105469,36.25,36.91999816894531,29.66915512084961,4151200
2009-05-29,37.560001373291016,37.63999938964844,36.56999969482422,36.7400016784668,29.524518966674805,4034800
2009-06-01,37.33000183105469,37.810001373291016,37.290000915527344,37.72999954223633,30.32008171081543,4604300
2009-06-02,37.630001068115234,37.939998626708984,37.27000045776367,37.75,30.336149215698242,3858500
2009-06-03,37.5,37.5,36.29999923706055,36.47999954223633,29.31557273864746,5941000
2009-06-04,36.83000183105469,37.06999969482422,36.4900016784668,37.060001373291016,29.781661987304688,2664300
2009-06-05,37.650001525878906,37.77000045776367,36.79999923706055,37.369998931884766,30.030780792236328,3185800
2009-06-08,36.880001068115234,36.970001220703125,36.29999923706055,36.849998474121094,29.612913131713867,3305800
2009-06-09,37.029998779296875,37.459999084472656,36.63999938964844,36.779998779296875,29.55665397644043,3035700
2009-06-10,37.20000076293945,37.439998626708984,36.630001068115234,36.95000076293945,29.693265914916992,2514000
2009-06-11,37.18000030517578,37.97999954223633,37.04999923706055,37.86000061035156,30.424551010131836,3881100
2009-06-12,37.400001525878906,37.869998931884766,37.349998474121094,37.7400016784668,30.328115463256836,2447200
2009-06-15,37.099998474121094,37.380001068115234,36.5099983215332,36.709999084472656,29.500411987304688,4852200
2009-06-16,37.33000183105469,37.33000183105469,35.529998779296875,35.56999969482422,28.58428955078125,4719100
2009-06-17,35.400001525878906,35.90999984741211,34.880001068115234,35.560001373291016,28.576248168945312,4793500
2009-06-18,35.970001220703125,36.310001373291016,35.59000015258789,36.209999084472656,29.098600387573242,4996400
2009-06-19,36.630001068115234,36.869998931884766,36.099998474121094,36.25,29.13074493408203,4703900
2009-06-22,35.849998474121094,35.93000030517578,34.68000030517578,34.91999816894531,28.06194496154785,7559300
2009-06-23,34.650001525878906,35.0099983215332,34.11000061035156,34.77000045776367,28.093460083007812,5658400
2009-06-24,35.43000030517578,35.900001525878906,35.13999938964844,35.31999969482422,28.5378475189209,4349400
2009-06-25,35.43000030517578,36.650001525878906,35.11000061035156,36.630001068115234,29.59630012512207,5441200
2009-06-26,36.61000061035156,36.95000076293945,36.40999984741211,36.86000061035156,29.782135009765625,2849600
2009-06-29,37.04999923706055,37.209999084472656,36.709999084472656,37.0099983215332,29.9033260345459,1856600
2009-06-30,36.83000183105469,37.29999923706055,36.68000030517578,36.86000061035156,29.782135009765625,2354200
2009-07-01,37.11000061035156,37.61000061035156,37.11000061035156,37.189998626708984,30.04877281188965,3805800
2009-07-02,36.7400016784668,36.7599983215332,36.060001373291016,36.18000030517578,29.232711791992188,4063700
2009-07-06,35.77000045776367,36.11000061035156,35.61000061035156,35.939998626708984,29.038787841796875,2627400
2009-07-07,35.720001220703125,35.9900016784668,34.79999923706055,35.06999969482422,28.335851669311523,4134000
2009-07-08,35.29999923706055,35.34000015258789,34.060001373291016,34.45000076293945,27.83490562438965,7844000
2009-07-09,34.900001525878906,35.209999084472656,34.40999984741211,34.880001068115234,28.18233299255371,4046600
2009-07-10,34.34000015258789,34.68000030517578,34.040000915527344,34.529998779296875,27.899539947509766,2732000
2009-07-13,34.45000076293945,35.04999923706055,34.09000015258789,34.970001220703125,28.255050659179688,3540900
2009-07-14,35.0099983215332,35.56999969482422,34.84000015258789,35.439998626708984,28.634803771972656,4407300
2009-07-15,35.90999984741211,37.61000061035156,35.869998931884766,37.61000061035156,30.38811683654785,11079200
2009-07-16,37.349998474121094,37.83000183105469,37.029998779296875,37.68000030517578,30.44467544555664,3839100
2009-07-17,37.79999923706055,38.45000076293945,37.650001525878906,38.439998626708984,31.058738708496094,3038400
2009-07-20,38.939998626708984,39.41999816894531,38.68000030517578,39.08000183105469,31.57585906982422,6108900
2009-07-21,39.790000915527344,39.880001068115234,38.40999984741211,38.88999938964844,31.422327041625977,5807300
2009-07-22,38.88999938964844,39.689998626708984,38.77000045776367,39.47999954223633,31.899049758911133,3396100
2009-07-23,39.630001068115234,40.70000076293945,39.599998474121094,40.560001373291016,32.77165603637695,5976200
2009-07-24,40.310001373291016,40.599998474121094,39.790000915527344,40.2400016784668,32.51310729980469,2251000
2009-07-27,40.099998474121094,40.4900016784668,39.790000915527344,40.43000030517578,32.666622161865234,2926900
2009-07-28,40.0,40.38999938964844,39.79999923706055,40.290000915527344,32.55351257324219,2361400
2009-07-29,39.93000030517578,40.11000061035156,39.36000061035156,39.52000045776367,31.931364059448242,5409100
2009-07-30,40.15999984741211,40.45000076293945,40.11000061035156,40.29999923706055,32.561588287353516,3388300
2009-07-31,40.29999923706055,40.86000061035156,40.119998931884766,40.79999923706055,32.965579986572266,2292400
2009-08-03,41.380001068115234,42.16999816894531,41.33000183105469,42.08000183105469,33.99979019165039,3935500
2009-08-04,41.790000915527344,42.40999984741211,41.689998626708984,42.33000183105469,34.2017822265625,2217900
2009-08-05,42.209999084472656,43.209999084472656,41.720001220703125,42.65999984741211,34.46842575073242,3040000
2009-08-06,43.11000061035156,43.27000045776367,42.25,42.25,34.13715744018555,2903800
2009-08-07,43.279998779296875,43.560001373291016,42.959999084472656,43.36000061035156,35.03400802612305,4311000
2009-08-10,43.0,43.70000076293945,42.939998626708984,43.540000915527344,35.17945098876953,2859700
2009-08-11,43.34000015258789,43.40999984741211,42.2400016784668,42.29999923706055,34.177547454833984,2995900
2009-08-12,42.20000076293945,43.09000015258789,42.119998931884766,42.900001525878906,34.6623420715332,3602400
2009-08-13,43.45000076293945,43.630001068115234,42.849998474121094,43.52000045776367,35.16328811645508,2280600
2009-08-14,43.56999969482422,43.72999954223633,42.58000183105469,43.060001373291016,34.7916145324707,2720500
2009-08-17,41.95000076293945,41.959999084472656,41.31999969482422,41.7599983215332,33.74124526977539,5448900
2009-08-18,42.130001068115234,42.43000030517578,42.08000183105469,42.310001373291016,34.18561935424805,2653600
2009-08-19,41.599998474121094,42.83000183105469,41.599998474121094,42.619998931884766,34.43610763549805,2735200
2009-08-20,42.599998474121094,43.459999084472656,42.599998474121094,43.41999816894531,35.08247375488281,2536100
2009-08-21,43.83000183105469,44.439998626708984,43.709999084472656,44.31999969482422,35.80966567993164,3687400
2009-08-24,44.470001220703125,44.88999938964844,43.619998931884766,43.779998779296875,35.37335205078125,2856000
2009-08-25,43.939998626708984,44.5099983215332,43.58000183105469,43.65999984741211,35.27639389038086,2531300
2009-08-26,43.58000183105469,43.599998474121094,42.93000030517578,43.22999954223633,34.928958892822266,2426700
2009-08-27,43.290000915527344,43.68000030517578,42.68000030517578,43.47999954223633,35.130958557128906,2486700
2009-08-28,43.81999969482422,43.90999984741211,43.31999969482422,43.650001525878906,35.268314361572266,2131900
2009-08-31,43.25,43.29999923706055,42.41999816894531,42.43000030517578,34.28257751464844,3064100
2009-09-01,42.2400016784668,42.86000061035156,40.91999816894531,40.959999084472656,33.0948600769043,4231500
2009-09-02,40.619998931884766,41.61000061035156,40.56999969482422,41.279998779296875,33.35340881347656,3525800
2009-09-03,41.81999969482422,42.060001373291016,41.5,42.0,33.93516159057617,1772400
2009-09-04,41.970001220703125,42.70000076293945,41.72999954223633,42.61000061035156,34.42803192138672,2104800
2009-09-08,43.66999816894531,44.13999938964844,43.290000915527344,44.13999938964844,35.66423416137695,3839100
2009-09-09,44.08000183105469,44.15999984741211,43.290000915527344,43.4900016784668,35.1390495300293,2831300
2009-09-10,43.22999954223633,44.119998931884766,43.08000183105469,44.119998931884766,35.648075103759766,1589700
2009-09-11,44.31999969482422,44.56999969482422,44.0,44.529998779296875,35.979339599609375,3193800
2009-09-14,43.95000076293945,44.31999969482422,43.810001373291016,44.20000076293945,35.712711334228516,2114300
2009-09-15,44.2599983215332,44.849998474121094,44.029998779296875,44.720001220703125,36.13286590576172,2922400
2009-09-16,45.150001525878906,45.91999816894531,44.79999923706055,45.720001220703125,36.94084548950195,3295600
2009-09-17,45.7400016784668,45.93000030517578,45.220001220703125,45.41999816894531,36.698448181152344,3952800
2009-09-18,45.459999084472656,45.720001220703125,45.0099983215332,45.0099983215332,36.3671760559082,3498900
2009-09-21,44.720001220703125,44.75,44.04999923706055,44.36000061035156,35.84199905395508,2904000
2009-09-22,44.90999984741211,45.20000076293945,44.29999923706055,44.470001220703125,35.93086624145508,2546000
2009-09-23,44.34000015258789,44.41999816894531,43.310001373291016,43.38999938964844,35.0582389831543,3979300
2009-09-24,43.61000061035156,43.68000030517578,42.130001068115234,42.380001068115234,34.242191314697266,3449600
2009-09-25,42.349998474121094,42.79999923706055,42.040000915527344,42.61000061035156,34.42803192138672,3424900
2009-09-28,42.97999954223633,43.7599983215332,42.7400016784668,43.58000183105469,35.211761474609375,2485500
2009-09-29,43.650001525878906,44.2599983215332,43.529998779296875,43.83000183105469,35.413753509521484,2010200
2009-09-30,44.15999984741211,44.380001068115234,43.470001220703125,43.68000030517578,35.292564392089844,2543300
2009-10-01,43.33000183105469,43.540000915527344,41.939998626708984,42.25,34.13715744018555,4934600
2009-10-02,41.90999984741211,42.880001068115234,41.54999923706055,42.70000076293945,34.5007438659668,3815800
2009-10-05,42.91999816894531,43.70000076293945,42.540000915527344,43.630001068115234,35.252159118652344,2441700
2009-10-06,44.47999954223633,44.90999984741211,44.029998779296875,44.90999984741211,36.286373138427734,3789900
2009-10-07,44.47999954223633,45.16999816894531,44.47999954223633,45.099998474121094,36.43988037109375,2298800
2009-10-08,46.0,46.0,45.189998626708984,45.66999816894531,36.90043640136719,2541100
2009-10-09,45.7599983215332,46.04999923706055,45.52000045776367,45.880001068115234,37.070125579833984,2333700
2009-10-12,46.15999984741211,46.79999923706055,46.15999984741211,46.75,37.773048400878906,3587300
2009-10-13,46.86000061035156,47.18000030517578,46.52000045776367,47.11000061035156,38.063934326171875,3101000
2009-10-14,47.90999984741211,48.18000030517578,47.54999923706055,47.91999816894531,38.7183837890625,2876600
2009-10-15,47.599998474121094,48.20000076293945,47.5099983215332,47.970001220703125,38.758792877197266,2267400
2009-10-16,47.33000183105469,47.77000045776367,47.20000076293945,47.5,38.3790397644043,3587200
2009-10-19,47.849998474121094,48.16999816894531,47.40999984741211,47.970001220703125,38.758792877197266,3018600
2009-10-20,48.2400016784668,48.43000030517578,47.72999954223633,47.7599983215332,38.589115142822266,5681900
2009-10-21,47.72999954223633,48.70000076293945,47.68000030517578,47.95000076293945,38.742637634277344,4313000
2009-10-22,47.65999984741211,48.099998474121094,47.5,47.939998626708984,38.734554290771484,2635200
2009-10-23,48.22999954223633,48.380001068115234,46.90999984741211,47.02000045776367,37.991207122802734,3510700
2009-10-26,47.209999084472656,47.810001373291016,45.77000045776367,45.939998626708984,37.11859130859375,3833300
2009-10-27,46.0,46.130001068115234,44.66999816894531,44.93000030517578,36.30253982543945,4839300
2009-10-28,44.66999816894531,44.810001373291016,43.33000183105469,43.34000015258789,35.01784133911133,5001400
2009-10-29,44.29999923706055,45.459999084472656,44.029998779296875,45.29999923706055,36.60149383544922,4055800
2009-10-30,45.18000030517578,45.279998779296875,43.22999954223633,43.599998474121094,35.2279167175293,4085200
2009-11-02,44.20000076293945,44.95000076293945,43.349998474121094,44.08000183105469,35.61575698852539,4280400
2009-11-03,43.29999923706055,44.369998931884766,42.900001525878906,43.91999816894531,35.48647689819336,3858800
2009-11-04,44.540000915527344,45.27000045776367,44.43000030517578,44.709999084472656,36.124786376953125,4031300
2009-11-05,44.959999084472656,45.36000061035156,44.91999816894531,45.33000183105469,36.62572479248047,2900900
2009-11-06,44.630001068115234,45.400001525878906,44.630001068115234,45.11000061035156,36.447967529296875,1475100
2009-11-09,45.65999984741211,46.88999938964844,45.52000045776367,46.81999969482422,37.82961654663086,2367000
2009-11-10,46.189998626708984,47.27000045776367,46.119998931884766,46.880001068115234,37.87809371948242,2233300
2009-11-11,47.470001220703125,47.880001068115234,47.22999954223633,47.43000030517578,38.322471618652344,3444300
2009-11-12,47.540000915527344,47.650001525878906,46.72999954223633,46.84000015258789,37.84577560424805,5299100
2009-11-13,46.81999969482422,47.86000061035156,46.7400016784668,47.75,38.58103942871094,2651100
2009-11-16,48.25,49.189998626708984,48.0099983215332,48.65999984741211,39.3162956237793,2476000
2009-11-17,48.25,48.4900016784668,47.61000061035156,48.38999938964844,39.09814453125,4341400
2009-11-18,48.41999816894531,48.45000076293945,47.619998931884766,47.900001525878906,38.702239990234375,3111100
2009-11-19,47.66999816894531,47.66999816894531,46.7400016784668,47.31999969482422,38.23360824584961,3230600
2009-11-20,46.939998626708984,47.2599983215332,46.79999923706055,47.04999923706055,38.01545715332031,1689100
2009-11-23,47.63999938964844,48.220001220703125,47.310001373291016,48.189998626708984,38.936546325683594,3252400
2009-11-24,48.08000183105469,48.349998474121094,47.56999969482422,48.11000061035156,38.871910095214844,2005500
2009-11-25,48.38999938964844,49.08000183105469,48.09000015258789,49.02000045776367,39.607177734375,1687500
2009-11-27,46.93000030517578,48.470001220703125,46.61000061035156,48.29999923706055,39.02541732788086,2078000
2009-11-30,48.119998931884766,48.380001068115234,47.900001525878906,47.90999984741211,38.7103157043457,2288500
2009-12-01,48.7599983215332,50.150001525878906,48.66999816894531,49.650001525878906,40.11619567871094,4622000
2009-12-02,49.650001525878906,50.72999954223633,49.56999969482422,50.36000061035156,40.68986511230469,3340000
2009-12-03,50.65999984741211,50.959999084472656,50.31999969482422,50.400001525878906,40.72218322753906,3368400
2009-12-04,51.04999923706055,51.68000030517578,49.970001220703125,50.650001525878906,40.92417907714844,3568600
2009-12-07,50.75,51.040000915527344,50.41999816894531,50.439998626708984,40.75450134277344,2572700
2009-12-08,49.83000183105469,50.18000030517578,48.91999816894531,48.970001220703125,39.56676483154297,3292800
2009-12-09,49.04999923706055,49.25,48.529998779296875,49.150001525878906,39.71221160888672,2969400
2009-12-10,49.18000030517578,49.560001373291016,49.16999816894531,49.45000076293945,39.95460510253906,1195900
2009-12-11,49.849998474121094,49.959999084472656,49.54999923706055,49.7400016784668,40.188926696777344,2581200
2009-12-14,50.38999938964844,50.43000030517578,49.880001068115234,50.34000015258789,40.67371368408203,2379200
2009-12-15,50.04999923706055,50.88999938964844,50.04999923706055,50.400001525878906,40.72218322753906,2181800
2009-12-16,50.849998474121094,50.900001525878906,50.310001373291016,50.33000183105469,40.66563034057617,1834500
2009-12-17,49.61000061035156,49.97999954223633,49.369998931884766,49.66999816894531,40.13235092163086,2141600
2009-12-18,50.029998779296875,50.029998779296875,49.0099983215332,49.54999923706055,40.035396575927734,3934400
2009-12-21,49.709999084472656,50.52000045776367,49.29999923706055,49.36000061035156,39.88188552856445,2410400
2009-12-22,48.86000061035156,49.88999938964844,48.86000061035156,49.810001373291016,40.669803619384766,2972300
2009-12-23,50.16999816894531,50.16999816894531,49.7400016784668,50.11000061035156,40.91474914550781,1226300
2009-12-24,50.2599983215332,50.47999954223633,50.0099983215332,50.380001068115234,41.135223388671875,687000
2009-12-28,50.45000076293945,50.619998931884766,49.619998931884766,49.88999938964844,40.73512649536133,1402400
2009-12-29,50.099998474121094,50.220001220703125,49.83000183105469,49.880001068115234,40.72695541381836,995600
2009-12-30,49.470001220703125,49.90999984741211,49.150001525878906,49.22999954223633,40.19623947143555,1763600
2009-12-31,49.33000183105469,49.63999938964844,48.849998474121094,48.869998931884766,39.90230178833008,1405800
2010-01-04,50.130001068115234,51.060001373291016,49.83000183105469,51.0,41.64143753051758,4004300
2010-01-05,51.0,51.56999969482422,50.77000045776367,50.779998779296875,41.46180725097656,4103800
2010-01-06,50.900001525878906,51.63999938964844,50.900001525878906,51.400001525878906,41.9680290222168,2275200
2010-01-07,51.369998931884766,51.689998626708984,51.029998779296875,51.47999954223633,42.033363342285156,1673900
2010-01-08,51.7400016784668,51.7400016784668,51.279998779296875,51.34000015258789,41.91905212402344,1199400
2010-01-11,51.5099983215332,51.650001525878906,51.06999969482422,51.31999969482422,41.902713775634766,1527600
2010-01-12,51.060001373291016,51.310001373291016,50.58000183105469,50.75,41.43732452392578,2450800
2010-01-13,51.22999954223633,51.22999954223633,50.529998779296875,51.099998474121094,41.72309112548828,2034000
2010-01-14,50.41999816894531,51.08000183105469,50.27000045776367,51.04999923706055,41.6822624206543,1350700
2010-01-15,51.13999938964844,51.150001525878906,50.040000915527344,50.09000015258789,40.89842224121094,2598000
2010-01-19,50.09000015258789,50.88999938964844,50.09000015258789,50.88999938964844,41.55162811279297,2548700
2010-01-20,50.68000030517578,50.689998626708984,49.470001220703125,49.5,40.416690826416016,3423700
2010-01-21,49.81999969482422,49.880001068115234,47.689998626708984,47.75,38.987823486328125,3515400
2010-01-22,47.599998474121094,47.939998626708984,46.79999923706055,47.279998779296875,38.604061126708984,4046900
2010-01-25,48.13999938964844,48.13999938964844,46.880001068115234,46.900001525878906,38.29378128051758,2636100
2010-01-26,46.779998779296875,47.7599983215332,46.290000915527344,47.31999969482422,38.63672637939453,3156700
2010-01-27,47.0099983215332,47.150001525878906,46.029998779296875,46.86000061035156,38.26113510131836,3815400
2010-01-28,47.06999969482422,47.310001373291016,46.13999938964844,46.70000076293945,38.130489349365234,2541400
2010-01-29,47.06999969482422,47.459999084472656,45.869998931884766,46.0,37.55895233154297,2839900
2010-02-01,46.15999984741211,47.13999938964844,46.15999984741211,47.09000015258789,38.44893264770508,1488200
2010-02-02,47.43000030517578,47.709999084472656,47.119998931884766,47.619998931884766,38.88166809082031,2538800
2010-02-03,47.5099983215332,47.97999954223633,47.380001068115234,47.779998779296875,39.01231384277344,2032800
2010-02-04,47.27000045776367,47.27000045776367,45.9900016784668,45.9900016784668,37.55078125,3023600
2010-02-05,45.869998931884766,46.20000076293945,44.709999084472656,46.099998474121094,37.640594482421875,3916700
2010-02-08,45.95000076293945,46.36000061035156,45.7599983215332,45.849998474121094,37.43647766113281,2609400
2010-02-09,46.900001525878906,47.040000915527344,46.209999084472656,46.630001068115234,38.07334518432617,3283100
2010-02-10,46.689998626708984,46.97999954223633,46.0,46.2599983215332,37.77123260498047,3165700
2010-02-11,46.130001068115234,47.29999923706055,46.130001068115234,47.209999084472656,38.54690170288086,3496400
2010-02-12,46.54999923706055,47.41999816894531,46.40999984741211,47.41999816894531,38.71836853027344,3108600
2010-02-16,47.959999084472656,48.65999984741211,47.689998626708984,48.58000183105469,39.6655158996582,3684600
2010-02-17,48.79999923706055,48.849998474121094,48.38999938964844,48.75,39.804317474365234,3332100
2010-02-18,48.4900016784668,49.27000045776367,48.439998626708984,49.209999084472656,40.179901123046875,3447300
2010-02-19,49.0099983215332,49.45000076293945,48.599998474121094,49.2599983215332,40.220733642578125,3399600
2010-02-22,49.599998474121094,49.619998931884766,48.95000076293945,49.02000045776367,40.0247802734375,2917000
2010-02-23,48.900001525878906,48.9900016784668,48.060001373291016,48.27000045776367,39.412391662597656,3680200
2010-02-24,48.4900016784668,48.86000061035156,48.349998474121094,48.630001068115234,39.70634460449219,2071100
2010-02-25,47.95000076293945,48.650001525878906,47.52000045776367,48.63999938964844,39.714508056640625,3167200
2010-02-26,48.56999969482422,48.970001220703125,48.380001068115234,48.63999938964844,39.714508056640625,2672200
2010-03-01,49.2400016784668,49.41999816894531,48.959999084472656,49.060001373291016,40.057437896728516,3255600
2010-03-02,49.439998626708984,49.689998626708984,49.36000061035156,49.4900016784668,40.40852737426758,3440500
2010-03-03,49.83000183105469,50.31999969482422,49.619998931884766,50.209999084472656,40.99641036987305,4338100
2010-03-04,50.29999923706055,50.38999938964844,49.77000045776367,49.900001525878906,40.7432975769043,2285100
2010-03-05,50.529998779296875,50.709999084472656,50.290000915527344,50.63999938964844,41.34749984741211,2162600
2010-03-08,50.720001220703125,50.86000061035156,50.52000045776367,50.560001373291016,41.28218460083008,2332700
2010-03-09,50.5099983215332,51.08000183105469,50.470001220703125,50.849998474121094,41.51896286010742,2027700
2010-03-10,51.0,51.349998474121094,50.869998931884766,50.9900016784668,41.63327407836914,2369000
2010-03-11,50.9900016784668,51.2599983215332,50.65999984741211,51.18000030517578,41.78840255737305,2562300
2010-03-12,51.61000061035156,51.630001068115234,51.02000045776367,51.22999954223633,41.8292350769043,2163300
2010-03-15,50.93000030517578,51.29999923706055,50.63999938964844,51.09000015258789,41.714927673339844,2401600
2010-03-16,51.33000183105469,51.66999816894531,51.189998626708984,51.54999923706055,42.09051513671875,2697700
2010-03-17,52.060001373291016,52.31999969482422,51.88999938964844,52.119998931884766,42.555904388427734,3253900
2010-03-18,52.189998626708984,52.2599983215332,51.709999084472656,52.13999938964844,42.57225036621094,2012200
2010-03-19,51.88999938964844,52.45000076293945,51.41999816894531,51.88999938964844,42.368133544921875,2600800
2010-03-22,51.459999084472656,52.2400016784668,51.060001373291016,52.150001525878906,42.58041763305664,1799700
2010-03-23,52.20000076293945,52.86000061035156,52.20000076293945,52.790000915527344,43.10297393798828,3065800
2010-03-24,52.439998626708984,52.84000015258789,51.97999954223633,52.02000045776367,42.47427749633789,3373600
2010-03-25,52.599998474121094,52.81999969482422,52.040000915527344,52.060001373291016,42.506935119628906,3361800
2010-03-26,52.25,52.529998779296875,51.93000030517578,52.209999084472656,42.62940979003906,2579900
2010-03-29,52.720001220703125,53.060001373291016,52.45000076293945,53.060001373291016,43.323421478271484,3233200
2010-03-30,53.279998779296875,53.47999954223633,52.91999816894531,53.290000915527344,43.511226654052734,2354400
2010-03-31,53.25,53.560001373291016,53.09000015258789,53.369998931884766,43.576541900634766,2727600
2010-04-01,53.70000076293945,54.369998931884766,53.63999938964844,53.900001525878906,44.0092887878418,3242900
2010-04-05,54.04999923706055,54.880001068115234,54.04999923706055,54.459999084472656,44.46653366088867,2260100
2010-04-06,54.380001068115234,54.81999969482422,54.33000183105469,54.790000915527344,44.7359733581543,2821200
2010-04-07,54.630001068115234,54.900001525878906,53.95000076293945,54.11000061035156,44.180747985839844,3825700
2010-04-08,53.900001525878906,54.54999923706055,53.58000183105469,54.290000915527344,44.327720642089844,3996600
2010-04-09,54.54999923706055,55.029998779296875,54.29999923706055,55.029998779296875,44.93193435668945,2534400
2010-04-12,54.9900016784668,55.15999984741211,54.650001525878906,55.130001068115234,45.013587951660156,2072600
2010-04-13,55.06999969482422,55.099998474121094,54.66999816894531,55.04999923706055,44.94825744628906,2542000
2010-04-14,55.45000076293945,55.5,55.099998474121094,55.4900016784668,45.307518005371094,3222800
2010-04-15,55.18000030517578,55.58000183105469,55.09000015258789,55.45000076293945,45.274864196777344,2272300
2010-04-16,55.22999954223633,55.439998626708984,53.900001525878906,53.97999954223633,44.074607849121094,6359300
2010-04-19,53.7599983215332,54.27000045776367,53.25,53.9900016784668,44.08277130126953,4276200
2010-04-20,54.369998931884766,54.70000076293945,54.27000045776367,54.59000015258789,44.57265853881836,2817600
2010-04-21,54.9900016784668,55.0099983215332,54.29999923706055,54.369998931884766,44.39303970336914,2913400
2010-04-22,53.86000061035156,54.68000030517578,53.630001068115234,54.599998474121094,44.580833435058594,4407600
2010-04-23,54.79999923706055,55.27000045776367,54.5,55.209999084472656,45.07889938354492,3183900
2010-04-26,55.310001373291016,55.58000183105469,55.02000045776367,55.2400016784668,45.1034049987793,3107700
2010-04-27,54.63999938964844,54.810001373291016,52.2400016784668,52.27000045776367,42.67839050292969,7904100
2010-04-28,52.779998779296875,53.099998474121094,51.689998626708984,52.9900016784668,43.266273498535156,7460400
2010-04-29,53.779998779296875,54.060001373291016,53.439998626708984,53.720001220703125,43.86233901977539,4479500
2010-04-30,53.84000015258789,54.22999954223633,52.939998626708984,52.9900016784668,43.266273498535156,3604800
2010-05-03,53.209999084472656,53.83000183105469,53.0099983215332,53.540000915527344,43.71534729003906,2292100
2010-05-04,52.65999984741211,52.65999984741211,51.029998779296875,51.25,41.845558166503906,7297700
2010-05-05,50.279998779296875,51.02000045776367,49.540000915527344,50.29999923706055,41.069889068603516,7690800
2010-05-06,49.88999938964844,61.599998474121094,46.0,48.56999969482422,39.657352447509766,8622200
2010-05-07,48.5099983215332,49.4900016784668,47.02000045776367,48.77000045776367,39.820648193359375,7112400
2010-05-10,51.36000061035156,52.0,50.9900016784668,51.599998474121094,42.13133239746094,7683200
2010-05-11,51.02000045776367,51.959999084472656,50.79999923706055,51.290000915527344,41.87822341918945,4984600
2010-05-12,51.599998474121094,52.310001373291016,51.43000030517578,52.189998626708984,42.613067626953125,3833800
2010-05-13,52.20000076293945,52.599998474121094,51.81999969482422,51.88999938964844,42.368133544921875,3320200
2010-05-14,51.349998474121094,51.5099983215332,49.95000076293945,50.459999084472656,41.200523376464844,5485900
2010-05-17,50.29999923706055,50.7599983215332,48.900001525878906,50.099998474121094,40.90658950805664,4032000
2010-05-18,50.77000045776367,50.95000076293945,48.81999969482422,48.970001220703125,39.98394012451172,5334600
2010-05-19,48.099998474121094,48.70000076293945,47.54999923706055,48.279998779296875,39.420562744140625,6675100
2010-05-20,46.540000915527344,47.09000015258789,45.90999984741211,46.029998779296875,37.58344268798828,7747200
2010-05-21,45.27000045776367,47.63999938964844,45.20000076293945,47.310001373291016,38.628562927246094,7091800
2010-05-24,47.33000183105469,48.04999923706055,47.060001373291016,47.11000061035156,38.46526336669922,5745300
2010-05-25,45.25,47.0,45.119998931884766,46.97999954223633,38.359107971191406,6506500
2010-05-26,47.529998779296875,48.529998779296875,47.38999938964844,47.720001220703125,38.96332931518555,5680500
2010-05-27,49.13999938964844,50.22999954223633,48.7400016784668,50.130001068115234,40.93108367919922,5672500
2010-05-28,50.15999984741211,50.15999984741211,48.400001525878906,48.88999938964844,39.91862487792969,5935700
2010-06-01,48.380001068115234,49.529998779296875,48.040000915527344,48.099998474121094,39.273582458496094,4575900
2010-06-02,48.75,49.369998931884766,48.47999954223633,49.31999969482422,40.26971435546875,3427900
2010-06-03,49.689998626708984,49.880001068115234,48.779998779296875,49.16999816894531,40.14725112915039,2696500
2010-06-04,48.150001525878906,48.779998779296875,47.619998931884766,47.849998474121094,39.0694694519043,3762900
2010-06-07,47.880001068115234,48.29999923706055,47.290000915527344,47.31999969482422,38.63672637939453,3385400
2010-06-08,47.5099983215332,48.43000030517578,47.5099983215332,48.31999969482422,39.453224182128906,4113600
2010-06-09,48.779998779296875,49.38999938964844,48.279998779296875,48.470001220703125,39.57569122314453,3701800
2010-06-10,49.20000076293945,50.38999938964844,49.20000076293945,50.209999084472656,40.99641036987305,4354800
2010-06-11,49.88999938964844,50.93000030517578,49.720001220703125,50.75,41.43732452392578,2667900
2010-06-14,51.33000183105469,51.77000045776367,50.54999923706055,50.599998474121094,41.31482696533203,3737700
2010-06-15,51.290000915527344,52.13999938964844,51.189998626708984,51.91999816894531,42.39262008666992,3721700
2010-06-16,51.720001220703125,52.25,51.43000030517578,52.13999938964844,42.57225036621094,3559700
2010-06-17,52.369998931884766,52.41999816894531,51.619998931884766,52.060001373291016,42.506935119628906,2391300
2010-06-18,52.220001220703125,52.58000183105469,52.0099983215332,52.279998779296875,42.686553955078125,3036800
2010-06-21,53.38999938964844,53.5099983215332,52.31999969482422,52.38999938964844,42.776371002197266,2698300
2010-06-22,52.27000045776367,52.77000045776367,51.41999816894531,51.41999816894531,41.9843635559082,2965700
2010-06-23,51.209999084472656,51.459999084472656,50.209999084472656,51.20000076293945,41.99831771850586,3066500
2010-06-24,51.13999938964844,51.13999938964844,50.16999816894531,50.349998474121094,41.30106735229492,1681800
2010-06-25,50.63999938964844,51.31999969482422,50.279998779296875,51.2400016784668,42.031131744384766,3174400
2010-06-28,51.34000015258789,51.45000076293945,50.79999923706055,50.9900016784668,41.82605743408203,1046900
2010-06-29,49.9900016784668,50.060001373291016,48.470001220703125,48.59000015258789,39.857383728027344,3235700
2010-06-30,48.41999816894531,49.189998626708984,47.72999954223633,47.88999938964844,39.28318786621094,3047700
2010-07-01,47.86000061035156,48.16999816894531,46.54999923706055,47.72999954223633,39.15193557739258,4770600
2010-07-02,47.72999954223633,48.040000915527344,47.22999954223633,47.560001373291016,39.01250076293945,3394700
2010-07-06,48.880001068115234,49.31999969482422,47.97999954223633,48.43000030517578,39.72614669799805,3564100
2010-07-07,48.529998779296875,49.540000915527344,48.36000061035156,49.470001220703125,40.57923126220703,2481800
2010-07-08,50.060001373291016,50.20000076293945,49.119998931884766,49.7599983215332,40.817115783691406,2434400
2010-07-09,49.849998474121094,50.040000915527344,49.380001068115234,49.959999084472656,40.981170654296875,2852800
2010-07-12,49.54999923706055,50.06999969482422,49.2599983215332,49.349998474121094,40.48080825805664,1480400
2010-07-13,50.150001525878906,50.599998474121094,49.869998931884766,50.45000076293945,41.38309860229492,2240200
2010-07-14,50.279998779296875,50.790000915527344,50.06999969482422,50.630001068115234,41.53074264526367,2284300
2010-07-15,50.650001525878906,50.720001220703125,49.849998474121094,50.54999923706055,41.46512222290039,1513500
2010-07-16,50.02000045776367,50.15999984741211,48.79999923706055,48.9900016784668,40.18549728393555,2283500
2010-07-19,49.2400016784668,49.45000076293945,48.849998474121094,49.13999938964844,40.308536529541016,1928800
2010-07-20,48.59000015258789,50.0,48.400001525878906,49.939998626708984,40.96475601196289,4212200
2010-07-21,50.02000045776367,50.40999984741211,49.40999984741211,49.630001068115234,40.710479736328125,2332700
2010-07-22,50.45000076293945,51.08000183105469,50.150001525878906,51.0099983215332,41.84245681762695,2667600
2010-07-23,50.91999816894531,51.380001068115234,50.58000183105469,51.31999969482422,42.096744537353516,1971000
2010-07-26,51.45000076293945,51.869998931884766,51.2400016784668,51.689998626708984,42.4002571105957,2058100
2010-07-27,52.119998931884766,52.220001220703125,51.130001068115234,51.43000030517578,42.18697738647461,3483200
2010-07-28,51.13999938964844,51.52000045776367,50.779998779296875,51.150001525878906,41.957298278808594,2416200
2010-07-29,51.650001525878906,51.77000045776367,50.5099983215332,50.91999816894531,41.76863098144531,2220800
2010-07-30,50.45000076293945,51.189998626708984,50.27000045776367,50.959999084472656,41.801448822021484,2498900
2010-08-02,51.88999938964844,52.130001068115234,51.470001220703125,51.97999954223633,42.63813018798828,2642400
2010-08-03,51.880001068115234,52.15999984741211,51.45000076293945,51.970001220703125,42.62992858886719,3617200
2010-08-04,52.189998626708984,52.56999969482422,51.95000076293945,52.36000061035156,42.94984436035156,1819900
2010-08-05,52.0,52.540000915527344,52.0,52.310001373291016,42.908817291259766,1392900
2010-08-06,51.869998931884766,52.119998931884766,51.45000076293945,51.81999969482422,42.506893157958984,3106400
2010-08-09,52.2400016784668,52.2400016784668,51.560001373291016,51.81999969482422,42.506893157958984,2564500
2010-08-10,51.189998626708984,51.84000015258789,51.0,51.650001525878906,42.3674430847168,2984100
2010-08-11,50.65999984741211,50.720001220703125,50.02000045776367,50.04999923706055,41.05498504638672,3107400
2010-08-12,49.189998626708984,50.400001525878906,49.189998626708984,50.2599983215332,41.22724914550781,3716300
2010-08-13,50.119998931884766,50.599998474121094,50.119998931884766,50.2400016784668,41.21084213256836,1780400
2010-08-16,50.18000030517578,50.77000045776367,49.7400016784668,50.61000061035156,41.51434326171875,1405600
2010-08-17,51.47999954223633,51.5,50.970001220703125,51.0,41.834251403808594,2217500
2010-08-18,51.13999938964844,51.41999816894531,50.779998779296875,51.209999084472656,42.00651168823242,2443200
2010-08-19,51.33000183105469,51.33000183105469,50.119998931884766,50.630001068115234,41.53074264526367,3432200
2010-08-20,50.369998931884766,50.650001525878906,50.099998474121094,50.5099983215332,41.432315826416016,1291200
2010-08-23,50.59000015258789,50.84000015258789,49.599998474121094,49.72999954223633,40.79249572753906,2742100
2010-08-24,48.939998626708984,49.130001068115234,48.29999923706055,48.470001220703125,39.75896072387695,4333200
2010-08-25,48.029998779296875,48.58000183105469,47.290000915527344,48.4900016784668,39.77536392211914,6394000
2010-08-26,48.86000061035156,48.970001220703125,47.630001068115234,47.70000076293945,39.127342224121094,3242900
2010-08-27,48.040000915527344,48.869998931884766,47.58000183105469,48.72999954223633,39.97221755981445,2913400
2010-08-30,48.56999969482422,48.630001068115234,47.709999084472656,47.81999969482422,39.225772857666016,2512300
2010-08-31,47.439998626708984,48.130001068115234,47.439998626708984,48.09000015258789,39.44725799560547,3869500
2010-09-01,48.83000183105469,49.7599983215332,48.56999969482422,49.52000045776367,40.620243072509766,4816000
2010-09-02,49.66999816894531,49.97999954223633,49.400001525878906,49.95000076293945,40.972965240478516,2501100
2010-09-03,50.349998474121094,51.0,50.27000045776367,50.439998626708984,41.374908447265625,2868800
2010-09-07,50.06999969482422,50.16999816894531,49.54999923706055,49.61000061035156,40.69407653808594,2894400
2010-09-08,49.900001525878906,50.25,49.689998626708984,49.790000915527344,40.841712951660156,1965400
2010-09-09,50.41999816894531,50.619998931884766,49.709999084472656,49.97999954223633,40.99757385253906,2193500
2010-09-10,50.16999816894531,50.58000183105469,50.04999923706055,50.470001220703125,41.39951705932617,1837600
2010-09-13,51.27000045776367,51.369998931884766,50.900001525878906,51.209999084472656,42.00651168823242,2784300
2010-09-14,51.060001373291016,51.75,50.88999938964844,51.54999923706055,42.28540802001953,2339700
2010-09-15,51.439998626708984,51.7599983215332,51.22999954223633,51.70000076293945,42.408451080322266,2041400
2010-09-16,51.58000183105469,51.689998626708984,51.16999816894531,51.470001220703125,42.21978759765625,2041300
2010-09-17,51.939998626708984,52.0,51.310001373291016,51.56999969482422,42.301822662353516,1323700
2010-09-20,51.849998474121094,52.2400016784668,51.599998474121094,52.06999969482422,42.71195602416992,2276600
2010-09-21,52.400001525878906,52.599998474121094,51.95000076293945,52.40999984741211,42.99085235595703,2431000
2010-09-22,52.4900016784668,52.81999969482422,52.22999954223633,52.5,43.06467819213867,2513300
2010-09-23,52.25,52.91999816894531,52.04999923706055,52.40999984741211,42.99085235595703,2088200
2010-09-24,53.25,53.400001525878906,52.900001525878906,53.15999984741211,43.60606384277344,2101400
2010-09-27,53.029998779296875,53.2599983215332,52.83000183105469,52.900001525878906,43.39279556274414,1489800
2010-09-28,53.06999969482422,53.38999938964844,52.599998474121094,53.310001373291016,43.72910690307617,3322700
2010-09-29,53.310001373291016,53.5,52.9900016784668,53.119998931884766,43.573246002197266,2203300
2010-09-30,53.38999938964844,53.68000030517578,52.709999084472656,52.9900016784668,43.466617584228516,2777600
2010-10-01,53.599998474121094,54.040000915527344,53.369998931884766,53.900001525878906,44.213069915771484,1873400
2010-10-04,53.91999816894531,54.209999084472656,53.59000015258789,54.119998931884766,44.39352798461914,2970700
2010-10-05,54.86000061035156,55.13999938964844,54.470001220703125,54.939998626708984,45.066158294677734,2851900
2010-10-06,54.9900016784668,55.2599983215332,54.81999969482422,55.22999954223633,45.30404281616211,2416300
2010-10-07,55.689998626708984,55.689998626708984,54.439998626708984,54.45000076293945,44.664222717285156,3298900
2010-10-08,54.81999969482422,55.529998779296875,54.52000045776367,55.40999984741211,45.45170211791992,2334700
2010-10-11,55.470001220703125,55.7599983215332,55.220001220703125,55.5099983215332,45.533714294433594,1323400
2010-10-12,55.2400016784668,55.59000015258789,54.81999969482422,55.47999954223633,45.50910568237305,1744300
2010-10-13,56.06999969482422,56.54999923706055,55.75,56.27000045776367,46.15713119506836,2270500
2010-10-14,56.09000015258789,56.36000061035156,55.81999969482422,56.06999969482422,45.993080139160156,2063300
2010-10-15,56.619998931884766,56.619998931884766,55.61000061035156,55.90999984741211,45.86183547973633,2593700
2010-10-18,55.689998626708984,56.689998626708984,55.630001068115234,56.22999954223633,46.12431716918945,2199500
2010-10-19,55.130001068115234,55.959999084472656,54.869998931884766,55.130001068115234,45.22201919555664,2723500
2010-10-20,55.349998474121094,56.31999969482422,55.2599983215332,56.11000061035156,46.025882720947266,3451100
2010-10-21,56.38999938964844,57.04999923706055,55.880001068115234,56.459999084472656,46.31298065185547,2460500
2010-10-22,56.540000915527344,56.869998931884766,56.2599983215332,56.810001373291016,46.600093841552734,1890000
2010-10-25,57.41999816894531,57.72999954223633,56.9900016784668,57.08000183105469,46.82155990600586,3303000
2010-10-26,56.529998779296875,57.119998931884766,56.529998779296875,56.93000030517578,46.69852066040039,1440600
2010-10-27,56.31999969482422,56.70000076293945,55.95000076293945,56.52000045776367,46.36220169067383,2308000
2010-10-28,57.11000061035156,57.220001220703125,56.689998626708984,57.0099983215332,46.76414108276367,1893200
2010-10-29,57.0,57.79999923706055,57.0,57.52000045776367,47.182491302490234,2084700
2010-11-01,58.060001373291016,58.11000061035156,57.619998931884766,57.869998931884766,47.46957778930664,2286400
2010-11-02,58.43000030517578,58.79999923706055,58.290000915527344,58.52000045776367,48.00276184082031,2417300
2010-11-03,58.66999816894531,58.66999816894531,57.880001068115234,58.56999969482422,48.04376983642578,2633000
2010-11-04,59.29999923706055,59.47999954223633,59.0,59.189998626708984,48.5523567199707,2222400
2010-11-05,59.279998779296875,59.720001220703125,59.130001068115234,59.5,48.806640625,1286700
2010-11-08,59.2599983215332,59.720001220703125,58.939998626708984,59.630001068115234,48.913272857666016,1159600
2010-11-09,59.900001525878906,60.36000061035156,58.68000030517578,58.84000015258789,48.265254974365234,2511500
2010-11-10,59.189998626708984,59.7400016784668,58.5099983215332,59.29999923706055,48.642581939697266,3275800
2010-11-11,59.119998931884766,59.369998931884766,58.880001068115234,59.13999938964844,48.51133346557617,2090700
2010-11-12,58.79999923706055,59.290000915527344,58.16999816894531,58.349998474121094,47.863311767578125,2557500
2010-11-15,58.47999954223633,59.0099983215332,58.2599983215332,58.2599983215332,47.78948974609375,2985700
2010-11-16,57.779998779296875,58.08000183105469,57.04999923706055,57.290000915527344,46.99380874633789,4711100
2010-11-17,57.349998474121094,57.849998474121094,57.349998474121094,57.70000076293945,47.33012771606445,4294000
2010-11-18,58.709999084472656,59.060001373291016,58.56999969482422,58.959999084472656,48.363670349121094,3020500
2010-11-19,58.90999984741211,59.63999938964844,58.599998474121094,59.54999923706055,48.8476448059082,2648400
2010-11-22,59.2599983215332,59.709999084472656,58.869998931884766,59.59000015258789,48.880462646484375,2585100
2010-11-23,58.65999984741211,58.720001220703125,57.869998931884766,58.09000015258789,47.65003204345703,3183700
2010-11-24,58.66999816894531,59.88999938964844,58.63999938964844,59.86000061035156,49.1019401550293,3083300
2010-11-26,58.86000061035156,59.310001373291016,58.720001220703125,58.7599983215332,48.19963073730469,1221900
2010-11-29,58.599998474121094,59.09000015258789,58.0,58.97999954223633,48.38009262084961,3269200
2010-11-30,58.400001525878906,59.400001525878906,58.31999969482422,59.099998474121094,48.47853088378906,3065600
2010-12-01,60.2400016784668,60.279998779296875,59.599998474121094,59.970001220703125,49.19217300415039,4646500
2010-12-02,60.18000030517578,61.040000915527344,60.130001068115234,60.66999816894531,49.76636505126953,2277500
2010-12-03,60.209999084472656,60.689998626708984,60.18000030517578,60.68000030517578,49.774559020996094,2273600
2010-12-06,60.33000183105469,61.04999923706055,60.25,60.88999938964844,49.94682693481445,2505500
2010-12-07,61.45000076293945,61.61000061035156,60.45000076293945,60.540000915527344,49.659725189208984,2981600
2010-12-08,60.400001525878906,60.81999969482422,60.130001068115234,60.61000061035156,49.717140197753906,2033300
2010-12-09,60.90999984741211,60.959999084472656,59.9900016784668,60.099998474121094,49.29880142211914,2263700
2010-12-10,60.2400016784668,60.560001373291016,59.939998626708984,60.54999923706055,49.66791915893555,1540200
2010-12-13,60.869998931884766,61.2400016784668,60.86000061035156,60.97999954223633,50.020652770996094,2157600
2010-12-14,61.150001525878906,61.38999938964844,60.900001525878906,61.130001068115234,50.14369583129883,1812000
2010-12-15,60.93000030517578,61.11000061035156,60.029998779296875,60.43000030517578,49.569496154785156,3882300
2010-12-16,60.59000015258789,60.83000183105469,60.33000183105469,60.77000045776367,49.84839630126953,1461000
2010-12-17,60.869998931884766,61.13999938964844,60.470001220703125,61.04999923706055,50.07806396484375,3510900
2010-12-20,61.29999923706055,61.34000015258789,60.91999816894531,61.060001373291016,50.08627700805664,2169100
2010-12-21,61.15999984741211,61.59000015258789,61.11000061035156,61.380001068115234,50.584041595458984,1723600
2010-12-22,61.33000183105469,61.619998931884766,61.2400016784668,61.54999923706055,50.7241325378418,1348100
2010-12-23,61.4900016784668,61.619998931884766,61.18000030517578,61.38999938964844,50.59228515625,893900
2010-12-27,61.349998474121094,61.349998474121094,60.93000030517578,61.27000045776367,50.49338150024414,853300
2010-12-28,61.45000076293945,61.5,61.0,61.189998626708984,50.427459716796875,2016900
2010-12-29,61.31999969482422,61.529998779296875,61.06999969482422,61.2599983215332,50.500823974609375,1308800
2010-12-30,61.41999816894531,61.560001373291016,61.25,61.34000015258789,50.5667724609375,884900
2010-12-31,61.36000061035156,62.040000915527344,61.209999084472656,61.91999816894531,51.0449104309082,1559000
2011-01-03,62.43000030517578,63.029998779296875,62.2400016784668,62.45000076293945,51.481815338134766,2254600
2011-01-04,62.709999084472656,62.84000015258789,62.209999084472656,62.47999954223633,51.50654983520508,1886000
2011-01-05,62.38999938964844,63.029998779296875,62.33000183105469,62.93000030517578,51.87752151489258,2711200
2011-01-06,62.86000061035156,63.099998474121094,62.4900016784668,62.650001525878906,51.646697998046875,2108600
2011-01-07,62.779998779296875,62.95000076293945,62.09000015258789,62.630001068115234,51.63020324707031,2688600
2011-01-10,62.29999923706055,62.560001373291016,62.0099983215332,62.43000030517578,51.465335845947266,2349900
2011-01-11,62.849998474121094,62.939998626708984,62.2400016784668,62.290000915527344,51.34992599487305,2052500
2011-01-12,62.880001068115234,63.0099983215332,62.38999938964844,62.439998626708984,51.47357940673828,3365900
2011-01-13,62.529998779296875,62.650001525878906,62.099998474121094,62.45000076293945,51.481815338134766,3200800
2011-01-14,62.310001373291016,62.83000183105469,62.29999923706055,62.7599983215332,51.73737335205078,1891400
2011-01-18,63.34000015258789,63.459999084472656,62.959999084472656,63.040000915527344,51.96818923950195,2188000
2011-01-19,63.06999969482422,63.22999954223633,62.189998626708984,62.33000183105469,51.38288879394531,3596700
2011-01-20,61.95000076293945,62.290000915527344,61.529998779296875,62.11000061035156,51.20154571533203,2949200
2011-01-21,62.47999954223633,62.58000183105469,61.68000030517578,61.810001373291016,50.95423126220703,3631200
2011-01-24,61.54999923706055,62.36000061035156,61.54999923706055,62.27000045776367,51.33343505859375,2708900
2011-01-25,61.959999084472656,62.400001525878906,61.529998779296875,61.849998474121094,50.9871940612793,1946600
2011-01-26,62.08000183105469,62.439998626708984,61.7400016784668,62.380001068115234,51.42412185668945,2267800
2011-01-27,62.45000076293945,62.560001373291016,62.02000045776367,62.029998779296875,51.13557815551758,2039600
2011-01-28,62.02000045776367,62.11000061035156,59.7599983215332,60.130001068115234,49.56928634643555,6245000
2011-01-31,60.470001220703125,60.81999969482422,60.130001068115234,60.7599983215332,50.08863830566406,2895100
2011-02-01,61.189998626708984,62.619998931884766,61.13999938964844,62.439998626708984,51.47357940673828,4180100
2011-02-02,62.290000915527344,63.040000915527344,62.189998626708984,62.81999969482422,51.786842346191406,3887700
2011-02-03,62.86000061035156,62.869998931884766,62.2400016784668,62.66999816894531,51.66318130493164,2426500
2011-02-04,62.81999969482422,62.81999969482422,62.040000915527344,62.040000915527344,51.14382553100586,4350000
2011-02-07,62.130001068115234,62.5,62.02000045776367,62.310001373291016,51.36640930175781,2538300
2011-02-08,62.15999984741211,62.310001373291016,61.810001373291016,62.04999923706055,51.15207290649414,3204500
2011-02-09,61.7599983215332,62.02000045776367,60.81999969482422,61.0099983215332,50.29472732543945,3452900
2011-02-10,60.630001068115234,60.84000015258789,60.25,60.400001525878906,49.791866302490234,3985900
2011-02-11,60.29999923706055,61.349998474121094,60.150001525878906,61.310001373291016,50.54203796386719,3041400
2011-02-14,61.33000183105469,61.38999938964844,61.060001373291016,61.06999969482422,50.344200134277344,1892600
2011-02-15,61.15999984741211,61.2400016784668,60.599998474121094,60.63999938964844,49.989715576171875,4716500
2011-02-16,60.81999969482422,61.459999084472656,60.81999969482422,61.189998626708984,50.443119049072266,2463900
2011-02-17,60.95000076293945,61.90999984741211,60.93000030517578,61.790000915527344,50.93773651123047,1978700
2011-02-18,61.75,62.56999969482422,61.7400016784668,62.25,51.31694793701172,2311600
2011-02-22,61.349998474121094,61.58000183105469,59.91999816894531,60.29999923706055,49.70942687988281,4225700
2011-02-23,60.2599983215332,60.33000183105469,59.099998474121094,59.720001220703125,49.23129653930664,4131700
2011-02-24,59.68000030517578,60.119998931884766,59.36000061035156,59.83000183105469,49.32197570800781,3115500
2011-02-25,60.09000015258789,60.619998931884766,60.04999923706055,60.52000045776367,49.89079284667969,1822200
2011-02-28,60.95000076293945,61.2599983215332,60.81999969482422,61.119998931884766,50.385406494140625,1543700
2011-03-01,61.2400016784668,61.290000915527344,60.36000061035156,60.36000061035156,49.758888244628906,2393000
2011-03-02,60.22999954223633,60.93000030517578,60.22999954223633,60.72999954223633,50.06390380859375,2716600
2011-03-03,61.45000076293945,61.779998779296875,61.18000030517578,61.7400016784668,50.896514892578125,1645500
2011-03-04,61.72999954223633,61.970001220703125,60.849998474121094,61.400001525878906,50.61623764038086,2024500
2011-03-07,61.34000015258789,61.560001373291016,60.40999984741211,60.54999923706055,49.915523529052734,3423500
2011-03-08,60.619998931884766,61.25,60.13999938964844,60.91999816894531,50.22053527832031,1899400
2011-03-09,60.97999954223633,61.16999816894531,60.63999938964844,60.970001220703125,50.26176071166992,1624800
2011-03-10,60.209999084472656,60.459999084472656,59.529998779296875,59.72999954223633,49.239540100097656,4048400
2011-03-11,59.400001525878906,60.4900016784668,59.31999969482422,60.380001068115234,49.77537536621094,2269500
2011-03-14,59.810001373291016,60.77000045776367,59.77000045776367,60.630001068115234,49.9814567565918,3206700
2011-03-15,58.689998626708984,60.02000045776367,58.5,59.790000915527344,49.288997650146484,5403000
2011-03-16,59.650001525878906,59.810001373291016,58.029998779296875,58.4900016784668,48.21733093261719,4733100
2011-03-17,59.06999969482422,59.369998931884766,58.52000045776367,58.58000183105469,48.2915153503418,4688800
2011-03-18,59.619998931884766,59.77000045776367,58.58000183105469,58.619998931884766,48.324493408203125,3132000
2011-03-21,59.34000015258789,59.91999816894531,59.220001220703125,59.380001068115234,48.951011657714844,2285600
2011-03-22,59.529998779296875,60.09000015258789,58.90999984741211,59.72999954223633,49.239540100097656,3328600
2011-03-23,59.58000183105469,60.81999969482422,59.36000061035156,60.75,50.08040237426758,3522700
2011-03-24,60.90999984741211,61.599998474121094,60.90999984741211,61.459999084472656,50.665687561035156,3162500
2011-03-25,61.83000183105469,61.9900016784668,61.06999969482422,61.130001068115234,50.39366149902344,2096400
2011-03-28,61.150001525878906,61.529998779296875,61.0099983215332,61.18000030517578,50.43486785888672,1576600
2011-03-29,61.279998779296875,61.540000915527344,61.02000045776367,61.439998626708984,50.649208068847656,1102900
2011-03-30,61.900001525878906,62.279998779296875,61.779998779296875,62.209999084472656,51.283973693847656,2044700
2011-03-31,62.2400016784668,62.97999954223633,62.029998779296875,62.849998474121094,51.81157684326172,2493700
2011-04-01,63.290000915527344,63.93000030517578,63.2400016784668,63.72999954223633,52.53701400756836,2696400
2011-04-04,63.93000030517578,64.05000305175781,63.52000045776367,63.779998779296875,52.57823181152344,1308200
2011-04-05,63.689998626708984,63.970001220703125,63.54999923706055,63.72999954223633,52.53701400756836,1892800
2011-04-06,64.06999969482422,64.5,63.939998626708984,64.0,52.75959396362305,1887300
2011-04-07,64.16000366210938,64.3499984741211,63.369998931884766,63.5099983215332,52.35564422607422,3797500
2011-04-08,63.83000183105469,64.08000183105469,63.5099983215332,63.869998931884766,52.65242385864258,2387900
2011-04-11,63.880001068115234,64.33999633789062,63.70000076293945,64.11000061035156,52.85027313232422,2158800
2011-04-12,63.59000015258789,63.83000183105469,63.04999923706055,63.150001525878906,52.05888366699219,2607900
2011-04-13,63.58000183105469,63.7599983215332,62.88999938964844,63.43000030517578,52.289695739746094,3339900
2011-04-14,63.02000045776367,63.310001373291016,62.7599983215332,63.13999938964844,52.05064010620117,3467600
2011-04-15,63.220001220703125,63.5,62.9900016784668,63.38999938964844,52.256717681884766,1716900
2011-04-18,62.45000076293945,63.040000915527344,61.5,61.720001220703125,50.880035400390625,3161700
2011-04-19,61.97999954223633,62.529998779296875,61.65999984741211,62.5099983215332,51.531280517578125,3827000
2011-04-20,63.47999954223633,63.5099983215332,63.060001373291016,63.40999984741211,52.273216247558594,1643500
2011-04-21,63.439998626708984,63.849998474121094,63.31999969482422,63.75,52.55349349975586,976600
2011-04-25,63.540000915527344,63.849998474121094,63.34000015258789,63.400001525878906,52.26498031616211,1009200
2011-04-26,63.59000015258789,63.90999984741211,63.369998931884766,63.90999984741211,52.68540573120117,2300000
2011-04-27,63.970001220703125,64.06999969482422,63.400001525878906,63.97999954223633,52.74311065673828,2453000
2011-04-28,63.59000015258789,64.02999877929688,63.27000045776367,63.619998931884766,52.44633102416992,5431300
2011-04-29,63.7599983215332,64.37999725341797,63.68000030517578,64.30999755859375,53.0151481628418,1330900
2011-05-02,64.5,64.6500015258789,63.689998626708984,63.75,52.55349349975586,3152300
2011-05-03,63.31999969482422,63.560001373291016,62.099998474121094,62.130001068115234,51.218013763427734,3187600
2011-05-04,62.209999084472656,62.5,60.959999084472656,61.16999816894531,50.42662811279297,4463000
2011-05-05,60.560001373291016,61.150001525878906,60.220001220703125,60.58000183105469,49.940250396728516,4101900
2011-05-06,61.7400016784668,61.7400016784668,60.650001525878906,60.90999984741211,50.212284088134766,2316300
2011-05-09,60.84000015258789,61.40999984741211,60.5099983215332,61.29999923706055,50.53380584716797,1837800
2011-05-10,61.54999923706055,62.25,61.54999923706055,62.08000183105469,51.17681121826172,1770700
2011-05-11,61.75,61.93000030517578,60.939998626708984,60.97999954223633,50.269996643066406,2800500
2011-05-12,60.90999984741211,61.0,60.2400016784668,60.77000045776367,50.09688186645508,2264500
2011-05-13,60.83000183105469,60.900001525878906,59.650001525878906,60.09000015258789,49.536312103271484,2505200
2011-05-16,59.97999954223633,60.5099983215332,59.81999969482422,60.150001525878906,49.58576965332031,1754700
2011-05-17,59.970001220703125,60.04999923706055,59.38999938964844,59.810001373291016,49.30548858642578,2307800
2011-05-18,59.939998626708984,60.83000183105469,59.810001373291016,60.79999923706055,50.121612548828125,1868400
2011-05-19,60.91999816894531,61.290000915527344,60.72999954223633,61.09000015258789,50.36067581176758,1423500
2011-05-20,60.97999954223633,61.209999084472656,60.45000076293945,61.02000045776367,50.30297088623047,2369700
2011-05-23,59.869998931884766,60.34000015258789,59.63999938964844,60.33000183105469,49.73416519165039,2036200
2011-05-24,60.599998474121094,60.970001220703125,60.54999923706055,60.77000045776367,50.09688186645508,2202300
2011-05-25,60.61000061035156,61.279998779296875,60.529998779296875,61.119998931884766,50.385406494140625,1783000
2011-05-26,61.25,61.66999816894531,61.119998931884766,61.630001068115234,50.80583953857422,1338100
2011-05-27,61.83000183105469,62.2599983215332,61.77000045776367,62.130001068115234,51.218013763427734,2059900
2011-05-31,62.52000045776367,62.52000045776367,61.88999938964844,62.36000061035156,51.407630920410156,1695100
2011-06-01,62.2400016784668,62.2599983215332,60.709999084472656,60.810001373291016,50.129852294921875,3104800
2011-06-02,61.0099983215332,61.27000045776367,60.459999084472656,61.18000030517578,50.43486785888672,2360600
2011-06-03,60.33000183105469,61.09000015258789,60.33000183105469,60.689998626708984,50.030921936035156,2840000
2011-06-06,60.470001220703125,60.5099983215332,59.290000915527344,59.459999084472656,49.0169563293457,2494300
2011-06-07,59.95000076293945,60.2400016784668,59.630001068115234,59.83000183105469,49.32197570800781,2574300
2011-06-08,59.7400016784668,59.779998779296875,59.150001525878906,59.369998931884766,48.94276809692383,1530600
2011-06-09,59.58000183105469,60.380001068115234,59.38999938964844,60.2599983215332,49.67645263671875,2109100
2011-06-10,59.97999954223633,59.97999954223633,59.08000183105469,59.22999954223633,48.827354431152344,1692400
2011-06-13,59.349998474121094,59.72999954223633,59.20000076293945,59.459999084472656,49.0169563293457,2603100
2011-06-14,60.09000015258789,60.63999938964844,60.0,60.47999954223633,49.857810974121094,1832000
2011-06-15,60.060001373291016,60.290000915527344,59.4900016784668,59.630001068115234,49.157100677490234,3333800
2011-06-16,59.459999084472656,59.779998779296875,58.9900016784668,59.220001220703125,48.81910705566406,2266500
2011-06-17,59.65999984741211,59.849998474121094,59.13999938964844,59.25,48.84384536743164,2344200
2011-06-20,59.130001068115234,59.61000061035156,59.040000915527344,59.540000915527344,49.082916259765625,1868700
2011-06-21,59.880001068115234,60.38999938964844,59.849998474121094,60.16999816894531,49.602264404296875,2455800
2011-06-22,59.68000030517578,60.349998474121094,59.4900016784668,59.79999923706055,49.65291213989258,2989800
2011-06-23,59.150001525878906,59.560001373291016,58.7599983215332,59.560001373291016,49.453636169433594,3735200
2011-06-24,59.58000183105469,59.68000030517578,59.20000076293945,59.310001373291016,49.24605941772461,1797100
2011-06-27,59.349998474121094,59.900001525878906,59.20000076293945,59.75,49.611392974853516,1757500
2011-06-28,59.90999984741211,61.150001525878906,59.84000015258789,61.11000061035156,50.740623474121094,1941200
2011-06-29,61.349998474121094,62.36000061035156,61.2599983215332,62.20000076293945,51.645668029785156,2846700
2011-06-30,62.2400016784668,62.779998779296875,62.06999969482422,62.560001373291016,51.944576263427734,2926400
2011-07-01,62.540000915527344,63.43000030517578,62.209999084472656,63.2599983215332,52.52579879760742,2033100
2011-07-05,63.34000015258789,63.41999816894531,62.70000076293945,62.900001525878906,52.226890563964844,2211900
2011-07-06,62.77000045776367,62.880001068115234,62.4900016784668,62.720001220703125,52.077430725097656,2163900
2011-07-07,63.2599983215332,63.56999969482422,63.2599983215332,63.41999816894531,52.658653259277344,1664300
2011-07-08,62.66999816894531,62.90999984741211,62.290000915527344,62.779998779296875,52.12725067138672,1688500
2011-07-11,61.83000183105469,62.08000183105469,61.63999938964844,61.86000061035156,51.36336135864258,1955200
2011-07-12,61.58000183105469,61.88999938964844,61.150001525878906,61.209999084472656,50.82365417480469,4510600
2011-07-13,61.68000030517578,62.36000061035156,61.2599983215332,62.150001525878906,51.60415267944336,2385600
2011-07-14,62.40999984741211,62.439998626708984,61.52000045776367,61.65999984741211,51.19729995727539,3541300
2011-07-15,62.02000045776367,62.15999984741211,61.34000015258789,61.66999816894531,51.205596923828125,2307500
2011-07-18,61.2400016784668,61.33000183105469,60.77000045776367,61.02000045776367,50.665897369384766,1695900
2011-07-19,61.5,61.79999923706055,60.93000030517578,61.439998626708984,51.0146369934082,1973000
2011-07-20,61.56999969482422,61.720001220703125,60.650001525878906,60.65999984741211,50.366981506347656,2488800
2011-07-21,60.9900016784668,61.52000045776367,60.66999816894531,61.369998931884766,50.956504821777344,3086900
2011-07-22,61.31999969482422,61.709999084472656,60.880001068115234,61.689998626708984,51.22220993041992,1705600
2011-07-25,61.11000061035156,61.650001525878906,60.91999816894531,61.33000183105469,50.92329406738281,1637500
2011-07-26,61.290000915527344,61.61000061035156,61.150001525878906,61.279998779296875,50.88177490234375,1564400
2011-07-27,60.790000915527344,61.56999969482422,60.2400016784668,61.459999084472656,51.03123092651367,3548300
2011-07-28,61.369998931884766,62.540000915527344,61.369998931884766,61.68000030517578,51.213897705078125,3659200
2011-07-29,60.869998931884766,62.11000061035156,60.68000030517578,61.810001373291016,51.32184982299805,3992400
2011-08-01,62.54999923706055,62.75,61.220001220703125,61.459999084472656,51.03123092651367,3100400
2011-08-02,61.0099983215332,61.31999969482422,59.189998626708984,59.25,49.19623565673828,3590500
2011-08-03,59.279998779296875,59.43000030517578,57.779998779296875,58.75,48.78107833862305,4635800
2011-08-04,57.59000015258789,57.939998626708984,55.56999969482422,55.650001525878906,46.20710754394531,6154700
2011-08-05,56.45000076293945,56.939998626708984,54.63999938964844,56.54999923706055,46.95438003540039,4875700
2011-08-08,54.2400016784668,55.33000183105469,51.54999923706055,51.790000915527344,43.0020751953125,5332500
2011-08-09,52.709999084472656,55.130001068115234,51.5,54.790000915527344,45.49302673339844,7240800
2011-08-10,53.2400016784668,53.83000183105469,51.59000015258789,52.150001525878906,43.300994873046875,5443600
2011-08-11,52.52000045776367,55.54999923706055,52.310001373291016,54.84000015258789,45.53453826904297,3675300
2011-08-12,55.630001068115234,55.95000076293945,54.63999938964844,54.7599983215332,45.46812057495117,2968100
2011-08-15,55.439998626708984,56.209999084472656,55.13999938964844,55.9900016784668,46.489402770996094,2751000
2011-08-16,55.290000915527344,56.060001373291016,54.959999084472656,56.029998779296875,46.52261734008789,2447900
2011-08-17,56.43000030517578,56.849998474121094,55.869998931884766,56.52000045776367,46.92946243286133,1466700
2011-08-18,54.7599983215332,54.900001525878906,53.61000061035156,54.720001220703125,45.434906005859375,3338800
2011-08-19,54.0,55.459999084472656,53.869998931884766,54.47999954223633,45.235626220703125,3191100
2011-08-22,55.88999938964844,55.88999938964844,54.619998931884766,54.959999084472656,45.634178161621094,2478600
2011-08-23,55.439998626708984,56.970001220703125,54.720001220703125,56.83000183105469,47.186866760253906,3381600
2011-08-24,56.5,57.33000183105469,55.779998779296875,56.22999954223633,46.68867492675781,2785000
2011-08-25,56.470001220703125,56.81999969482422,54.599998474121094,54.7599983215332,45.46812057495117,2535300
2011-08-26,54.470001220703125,55.56999969482422,53.47999954223633,55.310001373291016,45.92478942871094,3507000
2011-08-29,56.2400016784668,57.0099983215332,55.95000076293945,57.0099983215332,47.336326599121094,1851000
2011-08-30,56.59000015258789,57.06999969482422,56.2599983215332,56.630001068115234,47.020809173583984,1997900
2011-08-31,57.59000015258789,58.84000015258789,57.369998931884766,58.779998779296875,48.80598449707031,5081700
2011-09-01,58.7599983215332,59.7599983215332,58.470001220703125,58.66999816894531,48.71464920043945,3430500
2011-09-02,57.43000030517578,58.380001068115234,56.939998626708984,57.40999984741211,47.668453216552734,3029100
2011-09-06,54.849998474121094,56.119998931884766,54.380001068115234,56.119998931884766,46.59734344482422,3163900
2011-09-07,57.13999938964844,57.47999954223633,56.59000015258789,57.36000061035156,47.62693786621094,1970300
2011-09-08,56.58000183105469,57.40999984741211,56.15999984741211,56.400001525878906,46.829837799072266,3240900
2011-09-09,55.4900016784668,55.91999816894531,53.91999816894531,54.18000030517578,44.986534118652344,3531400
2011-09-12,53.18000030517578,53.849998474121094,52.5099983215332,53.540000915527344,44.45513153076172,3513200
2011-09-13,53.54999923706055,53.90999984741211,52.84000015258789,53.77000045776367,44.64610290527344,2567300
2011-09-14,53.91999816894531,54.689998626708984,52.83000183105469,54.22999954223633,45.028045654296875,3143800
2011-09-15,54.97999954223633,55.22999954223633,54.459999084472656,55.08000183105469,45.73381423950195,2508200
2011-09-16,55.279998779296875,55.7599983215332,54.52000045776367,54.83000183105469,45.52622985839844,1964700
2011-09-19,53.61000061035156,54.29999923706055,53.18000030517578,54.209999084472656,45.01144790649414,2000600
2011-09-20,54.43000030517578,54.540000915527344,52.68000030517578,52.810001373291016,43.84900665283203,3960200
2011-09-21,52.540000915527344,52.779998779296875,50.77000045776367,50.849998474121094,42.22157287597656,3494200
2011-09-22,48.72999954223633,49.04999923706055,46.959999084472656,47.2400016784668,39.22414016723633,7364100
2011-09-23,47.119998931884766,48.849998474121094,46.72999954223633,48.7599983215332,40.48621368408203,4329200
2011-09-26,49.09000015258789,50.36000061035156,48.31999969482422,50.2599983215332,41.731693267822266,3837200
2011-09-27,51.599998474121094,52.650001525878906,51.150001525878906,51.43000030517578,42.70317077636719,3765300
2011-09-28,51.22999954223633,51.83000183105469,49.79999923706055,50.040000915527344,41.54902648925781,2683700
2011-09-29,51.290000915527344,51.81999969482422,49.779998779296875,50.279998779296875,41.7483024597168,3210200
2011-09-30,49.04999923706055,49.40999984741211,48.099998474121094,48.97999954223633,40.668888092041016,3728400
2011-10-03,48.97999954223633,49.369998931884766,47.83000183105469,48.040000915527344,39.88838577270508,3474100
2011-10-04,47.54999923706055,49.119998931884766,46.650001525878906,49.119998931884766,40.785125732421875,4800000
2011-10-05,49.13999938964844,49.939998626708984,48.790000915527344,49.599998474121094,41.18368148803711,4203500
2011-10-06,49.63999938964844,50.869998931884766,49.18000030517578,50.779998779296875,42.1634635925293,3039800
2011-10-07,51.369998931884766,51.63999938964844,49.459999084472656,49.849998474121094,41.39126205444336,3427700
2011-10-10,51.150001525878906,51.81999969482422,50.869998931884766,51.630001068115234,42.86922836303711,2506700
2011-10-11,51.18000030517578,51.95000076293945,51.040000915527344,51.58000183105469,42.82770538330078,2370200
2011-10-12,52.20000076293945,53.439998626708984,52.02000045776367,52.790000915527344,43.832393646240234,3287500
2011-10-13,52.540000915527344,53.0,52.09000015258789,52.75,43.79917526245117,2545300
2011-10-14,53.630001068115234,53.90999984741211,53.33000183105469,53.5,44.421913146972656,2116300
2011-10-17,53.2400016784668,53.45000076293945,51.52000045776367,51.720001220703125,42.94395446777344,3036900
2011-10-18,51.779998779296875,53.709999084472656,51.38999938964844,53.43000030517578,44.36379623413086,3338700
2011-10-19,53.470001220703125,53.630001068115234,52.099998474121094,52.439998626708984,43.541778564453125,2129900
2011-10-20,52.43000030517578,52.7400016784668,50.650001525878906,51.41999816894531,42.694862365722656,3213900
2011-10-21,52.119998931884766,52.59000015258789,51.779998779296875,52.22999954223633,43.36741638183594,3410000
2011-10-24,52.560001373291016,54.0,52.439998626708984,53.900001525878906,44.754051208496094,2636100
2011-10-25,53.43000030517578,53.81999969482422,52.97999954223633,53.33000183105469,44.280757904052734,2949900
2011-10-26,54.16999816894531,54.779998779296875,53.15999984741211,54.34000015258789,45.119388580322266,3336200
2011-10-27,56.599998474121094,57.599998474121094,55.9900016784668,57.06999969482422,47.38615036010742,3514400
2011-10-28,56.650001525878906,57.849998474121094,56.560001373291016,57.52000045776367,47.759788513183594,2408400
2011-10-31,56.41999816894531,56.63999938964844,55.18000030517578,55.279998779296875,45.899871826171875,2359400
2011-11-01,52.7599983215332,53.97999954223633,52.45000076293945,53.43000030517578,44.36379623413086,4626600
2011-11-02,54.56999969482422,54.779998779296875,54.02000045776367,54.5099983215332,45.26054000854492,1975700
2011-11-03,55.34000015258789,55.84000015258789,54.619998931884766,55.54999923706055,46.12407302856445,3172100
2011-11-04,55.189998626708984,55.630001068115234,54.86000061035156,55.34000015258789,45.949703216552734,2674000
2011-11-07,55.33000183105469,56.27000045776367,55.16999816894531,56.0,46.49770736694336,2440900
2011-11-08,56.220001220703125,57.04999923706055,56.02000045776367,56.900001525878906,47.244998931884766,2701800
2011-11-09,54.849998474121094,55.72999954223633,54.369998931884766,54.529998779296875,45.27714157104492,3207600
2011-11-10,55.25,55.63999938964844,54.7599983215332,55.040000915527344,45.70061111450195,2038800
2011-11-11,55.869998931884766,56.65999984741211,55.790000915527344,56.56999969482422,46.97098922729492,2774500
2011-11-14,56.209999084472656,56.41999816894531,55.560001373291016,55.869998931884766,46.389766693115234,1736800
2011-11-15,55.36000061035156,56.25,55.22999954223633,55.86000061035156,46.381465911865234,2697800
2011-11-16,55.20000076293945,55.77000045776367,54.7400016784668,54.869998931884766,45.55945587158203,2380400
2011-11-17,54.81999969482422,55.27000045776367,53.4900016784668,53.689998626708984,44.57967758178711,3204300
2011-11-18,54.119998931884766,54.40999984741211,53.619998931884766,53.93000030517578,44.77894973754883,1785600
2011-11-21,52.63999938964844,52.97999954223633,51.70000076293945,52.130001068115234,43.284385681152344,4080700
2011-11-22,51.93000030517578,52.7599983215332,51.779998779296875,52.47999954223633,43.57499694824219,2990400
2011-11-23,51.779998779296875,51.90999984741211,50.7400016784668,50.880001068115234,42.24648666381836,2399100
2011-11-25,50.4900016784668,51.2599983215332,49.540000915527344,49.63999938964844,41.21690368652344,1926900
2011-11-28,51.59000015258789,52.439998626708984,51.459999084472656,51.7400016784668,42.960567474365234,3538500
2011-11-29,51.7599983215332,53.11000061035156,51.599998474121094,52.7599983215332,43.8074836730957,3995600
2011-11-30,55.150001525878906,55.47999954223633,54.439998626708984,55.029998779296875,45.692298889160156,4325700
2011-12-01,54.939998626708984,55.66999816894531,54.56999969482422,54.70000076293945,45.418304443359375,2627900
2011-12-02,55.220001220703125,55.58000183105469,54.84000015258789,55.040000915527344,45.70061111450195,2071400
2011-12-05,56.150001525878906,56.2400016784668,55.43000030517578,55.91999816894531,46.43128204345703,2595800
2011-12-06,55.779998779296875,56.20000076293945,55.540000915527344,55.9900016784668,46.489402770996094,2122000
2011-12-07,55.790000915527344,56.0099983215332,55.4900016784668,55.77000045776367,46.30673599243164,2588500
2011-12-08,55.18000030517578,55.369998931884766,54.18000030517578,54.40999984741211,45.17750549316406,2686400
2011-12-09,54.63999938964844,55.869998931884766,54.47999954223633,55.790000915527344,46.323341369628906,3574100
2011-12-12,54.619998931884766,54.650001525878906,53.459999084472656,54.09000015258789,44.91181945800781,2256000
2011-12-13,54.59000015258789,55.2599983215332,53.060001373291016,53.40999984741211,44.347190856933594,4485800
2011-12-14,53.099998474121094,53.36000061035156,52.29999923706055,52.59000015258789,43.66633605957031,3447900
2011-12-15,53.58000183105469,53.689998626708984,52.439998626708984,52.72999954223633,43.782569885253906,2926100
2011-12-16,53.31999969482422,53.459999084472656,52.43000030517578,52.86000061035156,43.8905143737793,2535100
2011-12-19,52.939998626708984,53.369998931884766,51.97999954223633,52.060001373291016,43.22625732421875,2825100
2011-12-20,52.93000030517578,53.31999969482422,52.93000030517578,53.15999984741211,44.435791015625,3075200
2011-12-21,53.119998931884766,53.56999969482422,52.4900016784668,53.52000045776367,44.73670959472656,2877300
2011-12-22,53.630001068115234,54.20000076293945,53.5,54.130001068115234,45.246604919433594,1975200
2011-12-23,54.31999969482422,54.43000030517578,53.970001220703125,54.25,45.34690475463867,931900
2011-12-27,53.939998626708984,54.099998474121094,53.4900016784668,53.540000915527344,44.75342559814453,1327100
2011-12-28,53.650001525878906,53.650001525878906,52.77000045776367,53.0,44.30204772949219,1652900
2011-12-29,53.08000183105469,53.900001525878906,53.08000183105469,53.81999969482422,44.987483978271484,2406200
2011-12-30,53.720001220703125,54.27000045776367,53.63999938964844,53.7599983215332,44.93731689453125,1297700
2012-01-03,55.04999923706055,55.689998626708984,54.959999084472656,55.310001373291016,46.23295593261719,2203100
2012-01-04,54.9900016784668,55.47999954223633,54.84000015258789,55.2599983215332,46.191162109375,2296200
2012-01-05,54.90999984741211,54.970001220703125,54.45000076293945,54.61000061035156,45.6478271484375,1995900
2012-01-06,54.70000076293945,54.93000030517578,54.119998931884766,54.29999923706055,45.388694763183594,1483600
2012-01-09,54.540000915527344,54.59000015258789,53.93000030517578,54.43000030517578,45.49736022949219,1779500
2012-01-10,55.220001220703125,55.529998779296875,55.06999969482422,55.119998931884766,46.074127197265625,1570800
2012-01-11,55.06999969482422,55.52000045776367,54.849998474121094,55.40999984741211,46.31654357910156,1323700
2012-01-12,55.630001068115234,55.88999938964844,55.349998474121094,55.81999969482422,46.65925216674805,1579300
2012-01-13,55.279998779296875,55.40999984741211,54.06999969482422,54.45000076293945,45.51408767700195,2362600
2012-01-17,55.38999938964844,55.709999084472656,54.90999984741211,55.130001068115234,46.082481384277344,2240000
2012-01-18,55.369998931884766,57.150001525878906,55.349998474121094,57.06999969482422,47.70411682128906,2883700
2012-01-19,57.2400016784668,58.13999938964844,57.16999816894531,57.61000061035156,48.155494689941406,2478700
2012-01-20,57.400001525878906,57.59000015258789,57.099998474121094,57.25,47.85457992553711,1678600
2012-01-23,57.68000030517578,57.779998779296875,57.0099983215332,57.119998931884766,47.74591064453125,1699400
2012-01-24,56.650001525878906,56.959999084472656,56.34000015258789,56.95000076293945,47.60380935668945,1399500
2012-01-25,56.650001525878906,58.04999923706055,56.400001525878906,57.970001220703125,48.456417083740234,2735600
2012-01-26,58.41999816894531,59.0099983215332,57.900001525878906,57.9900016784668,48.4731330871582,2591700
2012-01-27,57.900001525878906,58.369998931884766,57.84000015258789,58.34000015258789,48.76569747924805,2330500
2012-01-30,57.41999816894531,58.18000030517578,57.11000061035156,58.18000030517578,48.63195037841797,2185200
2012-01-31,58.619998931884766,58.97999954223633,57.689998626708984,58.16999816894531,48.623592376708984,5300500
2012-02-01,59.16999816894531,59.58000183105469,58.880001068115234,59.22999954223633,49.5096321105957,2145300
2012-02-02,59.369998931884766,59.970001220703125,59.290000915527344,59.599998474121094,49.81889724731445,2458600
2012-02-03,60.310001373291016,61.09000015258789,60.2599983215332,60.959999084472656,50.95571517944336,3949600
2012-02-06,60.5,60.970001220703125,60.2599983215332,60.7400016784668,50.771827697753906,2310600
2012-02-07,60.880001068115234,61.279998779296875,60.650001525878906,60.790000915527344,50.81361389160156,1715100
2012-02-08,60.7599983215332,61.04999923706055,60.29999923706055,60.61000061035156,50.663150787353516,2445600
2012-02-09,60.61000061035156,61.15999984741211,60.41999816894531,61.130001068115234,51.097816467285156,4268600
2012-02-10,60.11000061035156,60.41999816894531,59.7599983215332,60.369998931884766,50.4625358581543,4383100
2012-02-13,61.20000076293945,61.20000076293945,60.7599983215332,61.0099983215332,50.997520446777344,1674800
2012-02-14,60.599998474121094,60.81999969482422,59.68000030517578,60.189998626708984,50.31208038330078,2853500
2012-02-15,60.33000183105469,60.540000915527344,59.619998931884766,59.77000045776367,49.96100997924805,2288200
2012-02-16,59.380001068115234,60.630001068115234,59.380001068115234,60.529998779296875,50.596290588378906,2769900
2012-02-17,60.880001068115234,61.09000015258789,60.20000076293945,60.349998474121094,50.44583511352539,2428200
2012-02-21,60.79999923706055,60.939998626708984,59.83000183105469,59.939998626708984,50.103111267089844,2269800
2012-02-22,59.790000915527344,59.91999816894531,59.439998626708984,59.75,49.94429397583008,1947100
2012-02-23,59.900001525878906,60.13999938964844,59.470001220703125,59.97999954223633,50.136558532714844,1905000
2012-02-24,60.13999938964844,60.189998626708984,59.400001525878906,59.630001068115234,49.84398651123047,1395300
2012-02-27,59.2400016784668,59.63999938964844,58.90999984741211,59.29999923706055,49.56814193725586,2150300
2012-02-28,59.36000061035156,60.119998931884766,59.279998779296875,59.70000076293945,49.902496337890625,4552600
2012-02-29,60.02000045776367,60.63999938964844,59.34000015258789,59.34000015258789,49.60157775878906,4743900
2012-03-01,59.59000015258789,60.43000030517578,59.56999969482422,60.33000183105469,50.42911148071289,2778800
2012-03-02,60.18000030517578,60.66999816894531,59.93000030517578,60.63999938964844,50.6882438659668,2933200
2012-03-05,60.349998474121094,60.36000061035156,59.83000183105469,60.06999969482422,50.21177291870117,3229200
2012-03-06,59.02000045776367,59.290000915527344,58.119998931884766,58.400001525878906,48.81584167480469,3942200
2012-03-07,58.47999954223633,59.099998474121094,58.31999969482422,59.02000045776367,49.33408737182617,2254300
2012-03-08,59.630001068115234,60.310001373291016,59.310001373291016,60.25,50.36223220825195,2478400
2012-03-09,60.4900016784668,60.91999816894531,60.209999084472656,60.2599983215332,50.3705940246582,1937000
2012-03-12,60.13999938964844,60.25,59.70000076293945,60.060001373291016,50.20341873168945,1890400
2012-03-13,60.36000061035156,61.400001525878906,60.290000915527344,61.36000061035156,51.29008483886719,5496800
2012-03-14,61.20000076293945,61.2599983215332,60.369998931884766,60.61000061035156,50.663150787353516,2784400
2012-03-15,60.7400016784668,61.27000045776367,60.599998474121094,61.15999984741211,51.12289810180664,1521500
2012-03-16,61.29999923706055,61.40999984741211,61.02000045776367,61.060001373291016,51.039306640625,1952500
2012-03-19,61.0099983215332,61.5,60.84000015258789,61.189998626708984,51.14797592163086,2849000
2012-03-20,60.4900016784668,61.209999084472656,60.369998931884766,60.630001068115234,50.679866790771484,3605600
2012-03-21,60.86000061035156,61.349998474121094,60.849998474121094,61.29999923706055,51.23991775512695,2127100
2012-03-22,60.540000915527344,60.70000076293945,60.349998474121094,60.650001525878906,50.69658660888672,2360800
2012-03-23,60.540000915527344,60.959999084472656,60.189998626708984,60.88999938964844,50.89720916748047,1567800
2012-03-26,61.439998626708984,62.400001525878906,61.439998626708984,62.34000015258789,52.109249114990234,2177500
2012-03-27,62.40999984741211,62.75,62.16999816894531,62.20000076293945,51.99222183227539,2215200
2012-03-28,61.97999954223633,62.18000030517578,61.2599983215332,61.84000015258789,51.69130325317383,3157700
2012-03-29,61.22999954223633,62.0099983215332,60.810001373291016,61.939998626708984,51.7748908996582,2234700
2012-03-30,62.4900016784668,62.650001525878906,62.0099983215332,62.52000045776367,52.259708404541016,2786100
2012-04-02,62.4900016784668,63.72999954223633,62.400001525878906,63.619998931884766,53.17918014526367,2982300
2012-04-03,63.84000015258789,63.84000015258789,63.08000183105469,63.52000045776367,53.09558868408203,2940700
2012-04-04,63.02000045776367,63.02000045776367,62.43000030517578,62.54999923706055,52.28477478027344,2104400
2012-04-05,62.130001068115234,62.599998474121094,62.0,62.220001220703125,52.008941650390625,1765300
2012-04-09,61.11000061035156,61.7400016784668,61.08000183105469,61.68000030517578,51.557552337646484,2372000
2012-04-10,61.04999923706055,61.38999938964844,59.86000061035156,60.11000061035156,50.24521255493164,4561200
2012-04-11,60.810001373291016,60.90999984741211,60.22999954223633,60.43000030517578,50.5126953125,2348700
2012-04-12,60.650001525878906,61.29999923706055,60.54999923706055,61.22999954223633,51.1814079284668,2330800
2012-04-13,61.0,61.0,60.040000915527344,60.099998474121094,50.23686218261719,2139800
2012-04-16,60.40999984741211,60.86000061035156,59.400001525878906,60.06999969482422,50.21177291870117,3182300
2012-04-17,60.66999816894531,61.22999954223633,60.439998626708984,60.93000030517578,50.93063735961914,1812100
2012-04-18,60.68000030517578,61.099998474121094,60.400001525878906,60.70000076293945,50.7383918762207,2378700
2012-04-19,60.5099983215332,60.970001220703125,60.150001525878906,60.400001525878906,50.48762893676758,2346100
2012-04-20,60.880001068115234,61.31999969482422,60.86000061035156,61.08000183105469,51.056026458740234,2108400
2012-04-23,59.75,60.25,58.93000030517578,60.189998626708984,50.31208038330078,2537300
2012-04-24,60.209999084472656,60.63999938964844,59.84000015258789,59.959999084472656,50.11981964111328,1609800
2012-04-25,60.47999954223633,60.790000915527344,60.13999938964844,60.65999984741211,50.70494842529297,2897600
2012-04-26,60.31999969482422,60.88999938964844,60.08000183105469,60.84000015258789,50.855403900146484,1418200
2012-04-27,61.209999084472656,62.060001373291016,60.849998474121094,61.88999938964844,51.733089447021484,2865700
2012-04-30,61.900001525878906,62.0,61.52000045776367,61.84000015258789,51.69130325317383,3776200
2012-05-01,61.970001220703125,62.95000076293945,61.65999984741211,62.38999938964844,52.151039123535156,1626600
2012-05-02,61.970001220703125,62.470001220703125,61.880001068115234,62.380001068115234,52.142677307128906,2836100
2012-05-03,62.52000045776367,62.779998779296875,61.709999084472656,62.08000183105469,51.891910552978516,2428100
2012-05-04,61.59000015258789,61.810001373291016,61.040000915527344,61.16999816894531,51.131248474121094,2089500
2012-05-07,61.09000015258789,62.2400016784668,61.029998779296875,62.16999816894531,51.96714782714844,2356100
2012-05-08,61.349998474121094,61.349998474121094,59.810001373291016,60.25,50.36223220825195,3884300
2012-05-09,59.08000183105469,59.970001220703125,58.88999938964844,59.59000015258789,49.810546875,1981600
2012-05-10,60.25,60.36000061035156,59.59000015258789,59.630001068115234,49.84398651123047,1419200
2012-05-11,59.119998931884766,59.72999954223633,58.72999954223633,58.790000915527344,49.14183807373047,3887600
2012-05-14,57.86000061035156,58.470001220703125,57.5099983215332,57.540000915527344,48.096981048583984,2271100
2012-05-15,57.29999923706055,57.599998474121094,56.08000183105469,56.380001068115234,47.127357482910156,2771400
2012-05-16,56.43000030517578,56.7599983215332,55.529998779296875,55.90999984741211,46.73448181152344,2862000
2012-05-17,55.790000915527344,56.099998474121094,55.25,55.400001525878906,46.30818176269531,2124600
2012-05-18,55.77000045776367,55.869998931884766,54.560001373291016,54.90999984741211,45.898597717285156,2618000
2012-05-21,54.709999084472656,56.279998779296875,54.709999084472656,56.20000076293945,46.976890563964844,3089200
2012-05-22,56.27000045776367,56.630001068115234,55.29999923706055,55.720001220703125,46.57567596435547,2581600
2012-05-23,55.15999984741211,55.2400016784668,54.150001525878906,55.220001220703125,46.157718658447266,2131800
2012-05-24,55.2599983215332,55.599998474121094,54.810001373291016,55.33000183105469,46.249664306640625,2707400
2012-05-25,55.20000076293945,55.40999984741211,55.0099983215332,55.040000915527344,46.00726318359375,2718000
2012-05-29,55.90999984741211,56.81999969482422,55.90999984741211,56.61000061035156,47.31959915161133,2310700
2012-05-30,55.58000183105469,55.86000061035156,55.349998474121094,55.61000061035156,46.48371887207031,1772400
2012-05-31,55.41999816894531,55.529998779296875,54.29999923706055,54.47999954223633,45.53916931152344,7458600
2012-06-01,53.5,53.95000076293945,53.4900016784668,53.650001525878906,44.845394134521484,2861000
2012-06-04,53.79999923706055,54.31999969482422,53.540000915527344,53.97999954223633,45.1212272644043,2741600
2012-06-05,53.900001525878906,54.060001373291016,53.5,53.810001373291016,44.979122161865234,2749800
2012-06-06,54.27000045776367,55.150001525878906,54.099998474121094,54.709999084472656,45.731422424316406,2842200
2012-06-07,55.7599983215332,56.04999923706055,54.650001525878906,54.66999816894531,45.69798278808594,2615400
2012-06-08,54.34000015258789,55.41999816894531,54.209999084472656,55.33000183105469,46.249664306640625,2254400
2012-06-11,55.70000076293945,56.0,54.18000030517578,54.25,45.34690475463867,2531300
2012-06-12,54.790000915527344,55.13999938964844,54.310001373291016,55.09000015258789,46.0490608215332,2095200
2012-06-13,54.97999954223633,55.220001220703125,54.70000076293945,54.88999938964844,45.88188552856445,1686800
2012-06-14,54.81999969482422,55.779998779296875,54.689998626708984,55.689998626708984,46.55058670043945,2025900
2012-06-15,55.81999969482422,56.380001068115234,55.7400016784668,56.15999984741211,46.94344711303711,2620400
2012-06-18,55.75,57.040000915527344,55.7400016784668,56.959999084472656,47.61216735839844,2162000
2012-06-19,57.59000015258789,58.540000915527344,57.22999954223633,58.36000061035156,48.782413482666016,2651800
2012-06-20,58.439998626708984,58.9900016784668,57.91999816894531,58.52000045776367,48.9161491394043,2625500
2012-06-21,58.0,58.220001220703125,56.459999084472656,56.529998779296875,47.71751403808594,2782000
2012-06-22,57.130001068115234,57.7400016784668,56.84000015258789,57.65999984741211,48.67136001586914,2660900
2012-06-25,57.029998779296875,57.61000061035156,56.91999816894531,57.41999816894531,48.46877670288086,2443800
2012-06-26,57.72999954223633,58.7599983215332,57.459999084472656,58.650001525878906,49.50703811645508,3222200
2012-06-27,58.9900016784668,59.77000045776367,58.63999938964844,59.36000061035156,50.106346130371094,2793800
2012-06-28,58.880001068115234,59.5099983215332,58.7599983215332,59.45000076293945,50.182315826416016,2674100
2012-06-29,61.06999969482422,61.599998474121094,60.720001220703125,61.45000076293945,51.87053298950195,2878200
2012-07-02,61.630001068115234,61.72999954223633,61.04999923706055,61.720001220703125,52.09844207763672,2008300
2012-07-03,61.66999816894531,63.2400016784668,61.47999954223633,62.290000915527344,52.57958221435547,2498100
2012-07-05,62.189998626708984,62.189998626708984,61.040000915527344,61.2599983215332,51.71015167236328,2332500
2012-07-06,60.66999816894531,60.939998626708984,60.560001373291016,60.79999923706055,51.321861267089844,2088500
2012-07-09,60.58000183105469,61.380001068115234,60.58000183105469,61.310001373291016,51.75236129760742,1691300
2012-07-10,62.0,62.16999816894531,61.119998931884766,61.34000015258789,51.777671813964844,2679900
2012-07-11,61.380001068115234,61.79999923706055,61.13999938964844,61.720001220703125,52.09844207763672,1921100
2012-07-12,60.939998626708984,61.290000915527344,60.25,60.95000076293945,51.44847869873047,3705700
2012-07-13,61.400001525878906,62.220001220703125,61.400001525878906,61.97999954223633,52.317909240722656,2369000
2012-07-16,61.880001068115234,63.040000915527344,61.709999084472656,62.970001220703125,53.15358352661133,1959000
2012-07-17,63.36000061035156,63.84000015258789,62.650001525878906,63.7599983215332,53.82041549682617,3109300
2012-07-18,63.189998626708984,63.849998474121094,63.0099983215332,63.150001525878906,53.305519104003906,1805800
2012-07-19,63.06999969482422,63.08000183105469,62.220001220703125,62.68000030517578,52.908782958984375,2539900
2012-07-20,62.13999938964844,62.4900016784668,62.13999938964844,62.369998931884766,52.64710998535156,2297500
2012-07-23,60.869998931884766,61.65999984741211,60.66999816894531,61.40999984741211,51.8367805480957,2486900
2012-07-24,61.54999923706055,61.54999923706055,60.16999816894531,60.68000030517578,51.220577239990234,2107900
2012-07-25,61.13999938964844,61.189998626708984,60.27000045776367,60.400001525878906,50.98422622680664,2297100
2012-07-26,61.540000915527344,62.209999084472656,61.459999084472656,62.11000061035156,52.42764663696289,2160800
2012-07-27,62.65999984741211,63.66999816894531,62.20000076293945,63.380001068115234,53.499671936035156,2353800
2012-07-30,63.380001068115234,63.79999923706055,62.959999084472656,63.099998474121094,53.2633056640625,2515400
2012-07-31,63.22999954223633,63.560001373291016,62.08000183105469,62.13999938964844,52.45297622680664,2805300
2012-08-01,62.36000061035156,62.70000076293945,61.84000015258789,61.869998931884766,52.225059509277344,2549000
2012-08-02,61.34000015258789,62.25,61.34000015258789,62.11000061035156,52.42764663696289,2340400
2012-08-03,63.40999984741211,63.650001525878906,63.130001068115234,63.290000915527344,53.42369842529297,1869400
2012-08-06,63.52000045776367,63.81999969482422,62.970001220703125,63.0099983215332,53.18734359741211,1953300
2012-08-07,63.45000076293945,63.599998474121094,62.88999938964844,62.939998626708984,53.128265380859375,1840700
2012-08-08,62.810001373291016,63.16999816894531,62.56999969482422,62.849998474121094,53.052276611328125,1429100
2012-08-09,62.93000030517578,63.310001373291016,62.59000015258789,62.77000045776367,52.98476028442383,1357800
2012-08-10,62.470001220703125,63.18000030517578,62.34000015258789,63.060001373291016,53.229549407958984,1393200
2012-08-13,62.95000076293945,62.970001220703125,62.119998931884766,62.189998626708984,52.49517822265625,1357000
2012-08-14,62.560001373291016,62.709999084472656,62.279998779296875,62.349998474121094,52.6302375793457,2582200
2012-08-15,62.31999969482422,62.97999954223633,61.900001525878906,62.88999938964844,53.08604431152344,2439000
2012-08-16,62.939998626708984,63.2599983215332,62.68000030517578,63.0,53.17890548706055,1409000
2012-08-17,62.939998626708984,63.279998779296875,62.65999984741211,63.04999923706055,53.22110366821289,1501500
2012-08-20,62.84000015258789,63.09000015258789,62.720001220703125,62.779998779296875,52.99319839477539,989500
2012-08-21,63.04999923706055,63.41999816894531,61.93000030517578,62.209999084472656,52.512054443359375,1804900
2012-08-22,62.02000045776367,62.33000183105469,61.4900016784668,62.29999923706055,52.58802795410156,1936500
2012-08-23,62.040000915527344,62.16999816894531,61.5099983215332,61.880001068115234,52.23350143432617,1417100
2012-08-24,61.43000030517578,62.380001068115234,61.349998474121094,62.29999923706055,52.58802795410156,2530900
2012-08-27,62.2400016784668,62.54999923706055,61.880001068115234,61.970001220703125,52.30947494506836,1851100
2012-08-28,61.97999954223633,62.220001220703125,61.689998626708984,62.09000015258789,52.410770416259766,1980600
2012-08-29,61.97999954223633,62.06999969482422,61.459999084472656,61.459999084472656,51.87896728515625,1590300
2012-08-30,61.18000030517578,61.34000015258789,60.70000076293945,61.290000915527344,51.7354736328125,2160200
2012-08-31,61.529998779296875,62.0099983215332,61.220001220703125,61.380001068115234,51.81144714355469,2916800
2012-09-04,61.77000045776367,62.0,61.349998474121094,61.709999084472656,52.090003967285156,2409100
2012-09-05,61.7599983215332,62.2400016784668,61.66999816894531,61.81999969482422,52.18284606933594,1669900
2012-09-06,62.27000045776367,63.040000915527344,62.27000045776367,62.83000183105469,53.035404205322266,2238600
2012-09-07,63.380001068115234,63.56999969482422,63.16999816894531,63.349998474121094,53.474342346191406,3852300
2012-09-10,63.18000030517578,63.290000915527344,62.75,62.869998931884766,53.06916427612305,1843500
2012-09-11,63.09000015258789,63.529998779296875,63.09000015258789,63.25,53.38993453979492,1581300
2012-09-12,63.400001525878906,63.709999084472656,63.16999816894531,63.4900016784668,53.59251022338867,1773000
2012-09-13,63.43000030517578,65.13999938964844,63.34000015258789,65.0999984741211,54.9515266418457,4205900
2012-09-14,65.4000015258789,66.4000015258789,65.33000183105469,65.73999786376953,55.491756439208984,2703300
2012-09-17,65.51000213623047,65.69999694824219,65.05000305175781,65.30000305175781,55.12036895751953,1406100
2012-09-18,65.1500015258789,65.38999938964844,64.91999816894531,65.23999786376953,55.0697021484375,1537700
2012-09-19,65.16000366210938,65.66000366210938,65.0,65.55999755859375,55.33981704711914,1780500
2012-09-20,64.87999725341797,65.2300033569336,64.68000030517578,64.87000274658203,54.75739669799805,1739100
2012-09-21,65.2699966430664,65.2699966430664,64.55999755859375,64.62999725341797,54.5547981262207,1926100
2012-09-24,64.30999755859375,64.83000183105469,64.12000274658203,64.7300033569336,54.639217376708984,1692700
2012-09-25,64.86000061035156,65.33999633789062,64.33000183105469,64.33999633789062,54.31000900268555,2465000
2012-09-26,64.0,64.5,63.29999923706055,64.4800033569336,54.428184509277344,3943400
2012-09-27,64.91999816894531,65.58000183105469,64.5199966430664,65.41999816894531,55.221649169921875,2730500
2012-09-28,65.31999969482422,65.51000213623047,64.93000030517578,65.38999938964844,55.19632339477539,2405700
2012-10-01,65.75,66.27999877929688,65.66999816894531,66.12000274658203,55.812522888183594,2258700
2012-10-02,66.4000015258789,66.45999908447266,65.83999633789062,65.94999694824219,55.66902542114258,2584200
2012-10-03,66.0999984741211,66.2300033569336,65.62999725341797,65.69000244140625,55.449562072753906,2584500
2012-10-04,66.11000061035156,67.06999969482422,66.08999633789062,66.98999786376953,56.54690170288086,3053800
2012-10-05,67.66999816894531,68.0999984741211,67.41999816894531,67.58000183105469,57.04491424560547,3343500
2012-10-08,67.0,67.43000030517578,66.94000244140625,67.27999877929688,56.79168701171875,3098000
2012-10-09,67.37000274658203,67.51000213623047,66.55999755859375,66.66999816894531,56.27678680419922,4092100
2012-10-10,66.70999908447266,66.88999938964844,65.94000244140625,66.06999969482422,55.770328521728516,3548400
2012-10-11,66.69999694824219,66.77999877929688,66.43000030517578,66.61000061035156,56.226131439208984,2242300
2012-10-12,66.68000030517578,66.9800033569336,66.41999816894531,66.73999786376953,56.33586883544922,1555900
2012-10-15,67.04000091552734,67.61000061035156,66.87999725341797,67.48999786376953,56.968955993652344,1930300
2012-10-16,68.0199966430664,68.44000244140625,67.80999755859375,68.38999938964844,57.72865295410156,3328900
2012-10-17,68.5,69.01000213623047,68.33000183105469,68.72000122070312,58.007225036621094,1876900
2012-10-18,68.4000015258789,68.87000274658203,68.20999908447266,68.66999816894531,57.964988708496094,3240300
2012-10-19,68.18000030517578,68.62000274658203,67.66000366210938,67.94999694824219,57.35724639892578,2925500
2012-10-22,68.30000305175781,68.30000305175781,67.12999725341797,67.62000274658203,57.078697204589844,1797800
2012-10-23,66.80999755859375,67.1500015258789,66.47000122070312,66.88999938964844,56.46247863769531,2207800
2012-10-24,67.2699966430664,67.2699966430664,66.77999877929688,66.93000030517578,56.49625015258789,1585200
2012-10-25,67.44999694824219,67.56999969482422,66.55999755859375,66.7699966430664,56.36119079589844,2340200
2012-10-26,66.55000305175781,66.87000274658203,66.19000244140625,66.47000122070312,56.10796356201172,1901700
2012-10-31,66.25,66.31999969482422,65.31999969482422,65.52999877929688,55.31450271606445,2376800
2012-11-01,65.94999694824219,66.30999755859375,65.66000366210938,66.2300033569336,55.905372619628906,2486000
2012-11-02,66.9800033569336,67.0,66.25,66.37999725341797,56.03199768066406,1785300
2012-11-05,65.87999725341797,66.20999908447266,65.68000030517578,66.05999755859375,55.76187515258789,1540700
2012-11-06,66.12000274658203,66.58999633789062,66.0999984741211,66.51000213623047,56.141727447509766,1911800
2012-11-07,66.06999969482422,66.08999633789062,64.68000030517578,64.94000244140625,54.81647491455078,3499100
2012-11-08,64.76000213623047,64.97000122070312,63.849998474121094,64.1500015258789,54.149627685546875,2937300
2012-11-09,63.75,64.44999694824219,63.5099983215332,63.86000061035156,53.90483093261719,3815900
2012-11-12,63.900001525878906,64.19000244140625,63.70000076293945,63.97999954223633,54.00613021850586,1461200
2012-11-13,63.540000915527344,64.55999755859375,63.40999984741211,64.33999633789062,54.31000900268555,2114000
2012-11-14,64.5999984741211,64.5999984741211,63.33000183105469,63.52000045776367,53.61783981323242,2850100
2012-11-15,63.61000061035156,63.790000915527344,63.13999938964844,63.43000030517578,53.54187774658203,2462900
2012-11-16,63.560001373291016,64.37999725341797,62.939998626708984,64.33999633789062,54.31000900268555,2925900
2012-11-19,65.20999908447266,65.38999938964844,64.87999725341797,65.33999633789062,55.154117584228516,2483400
2012-11-20,65.05999755859375,65.68000030517578,64.8499984741211,65.68000030517578,55.44111633300781,3426000
2012-11-21,65.62000274658203,66.13999938964844,65.44000244140625,66.12999725341797,55.82096862792969,1787100
2012-11-23,66.8499984741211,67.0,66.62000274658203,66.9800033569336,56.53847122192383,1122000
2012-11-26,66.68000030517578,67.08000183105469,66.55000305175781,66.62999725341797,56.2430305480957,1852600
2012-11-27,66.81999969482422,67.01000213623047,66.23999786376953,66.25,55.922264099121094,1999900
2012-11-28,66.05999755859375,66.88999938964844,65.7300033569336,66.83000183105469,56.411842346191406,2170600
2012-11-29,67.13999938964844,67.4000015258789,66.86000061035156,67.33999633789062,56.84233856201172,2437900
2012-11-30,67.44000244140625,67.44999694824219,66.77999877929688,67.26000213623047,56.77481460571289,3938100
2012-12-03,67.5199966430664,67.77999877929688,67.1500015258789,67.48999786376953,56.968955993652344,2013500
2012-12-04,67.69999694824219,67.8499984741211,67.37999725341797,67.72000122070312,57.16310501098633,1676300
2012-12-05,67.8499984741211,68.16999816894531,67.73999786376953,67.7699966430664,57.20530319213867,1639300
2012-12-06,67.97000122070312,68.56999969482422,67.8499984741211,68.54000091552734,57.85527038574219,1845300
2012-12-07,68.62999725341797,68.94000244140625,68.51000213623047,68.91999816894531,58.17604064941406,1703000
2012-12-10,69.02999877929688,69.83000183105469,68.97000122070312,69.73999786376953,58.868194580078125,2658300
2012-12-11,70.08000183105469,70.30000305175781,69.7699966430664,69.95999908447266,59.053897857666016,1805000
2012-12-12,70.19999694824219,70.69000244140625,69.87000274658203,70.22000122070312,59.27336502075195,2541800
2012-12-13,70.30000305175781,70.30000305175781,69.37000274658203,69.55999755859375,58.716251373291016,1939500
2012-12-14,69.77999877929688,69.98999786376953,69.55000305175781,69.9000015258789,59.00326156616211,1795800
2012-12-17,70.0,70.62000274658203,69.83999633789062,70.58999633789062,59.58567810058594,3792400
2012-12-18,70.41999816894531,71.54000091552734,70.2300033569336,71.20999908447266,60.25756072998047,3842800
2012-12-19,71.41999816894531,71.41999816894531,70.75,70.83999633789062,59.944488525390625,2401800
2012-12-20,70.83999633789062,71.04000091552734,70.44000244140625,70.70999908447266,59.834476470947266,2047700
2012-12-21,69.9800033569336,70.16999816894531,69.45999908447266,69.58999633789062,58.8867301940918,2754300
2012-12-24,69.66999816894531,69.70999908447266,69.22000122070312,69.26000213623047,58.60749053955078,459700
2012-12-26,69.1500015258789,69.66000366210938,69.05999755859375,69.08999633789062,58.46364212036133,921400
2012-12-27,69.22000122070312,69.69000244140625,68.76000213623047,69.36000061035156,58.69209671020508,1699600
2012-12-28,69.04000091552734,69.52999877929688,69.04000091552734,69.43000030517578,58.7513542175293,1482800
2012-12-31,69.4000015258789,70.52999877929688,69.26000213623047,70.52999877929688,59.682151794433594,1262900
2013-01-02,71.69000244140625,72.0199966430664,71.5999984741211,71.87000274658203,60.81606674194336,2393000
2013-01-03,71.9800033569336,72.5,71.54000091552734,71.7300033569336,60.69758987426758,2432500
2013-01-04,71.73999786376953,72.37000274658203,71.73999786376953,72.25,61.13761520385742,2233100
2013-01-07,72.12000274658203,72.33999633789062,71.80000305175781,72.0999984741211,61.01070022583008,1327900
2013-01-08,72.08000183105469,72.20999908447266,71.5999984741211,71.88999938964844,60.832984924316406,1622800
2013-01-09,72.19999694824219,72.87999725341797,72.02999877929688,72.70999908447266,61.52687072753906,1413100
2013-01-10,73.23999786376953,73.69999694824219,72.91000366210938,73.44999694824219,62.15304183959961,2969300
2013-01-11,73.5,73.66000366210938,73.18000030517578,73.3499984741211,62.06842041015625,1648200
2013-01-14,73.44000244140625,73.91999816894531,73.26000213623047,73.72000122070312,62.381526947021484,2467500
2013-01-15,73.26000213623047,73.54000091552734,73.12000274658203,73.48999786376953,62.18689727783203,2404000
2013-01-16,73.26000213623047,73.68000030517578,73.04000091552734,73.5199966430664,62.212276458740234,1882300
2013-01-17,73.94000244140625,74.19000244140625,73.63999938964844,73.80000305175781,62.44923400878906,2509000
2013-01-18,73.7300033569336,73.80999755859375,73.19000244140625,73.66999816894531,62.339229583740234,1654300
2013-01-22,73.56999969482422,74.16000366210938,73.43000030517578,74.0199966430664,62.63538360595703,1614900
2013-01-23,74.18000030517578,74.2300033569336,73.79000091552734,74.12000274658203,62.720001220703125,1470700
2013-01-24,74.2300033569336,74.62000274658203,74.0199966430664,74.30999755859375,62.880760192871094,1414400
2013-01-25,74.1500015258789,74.41999816894531,73.62000274658203,74.18000030517578,62.77077865600586,2291000
2013-01-28,73.87999725341797,74.18000030517578,73.44000244140625,74.01000213623047,62.626922607421875,3404100
2013-01-29,74.51000213623047,74.83999633789062,74.05000305175781,74.63999938964844,63.16001510620117,2308000
2013-01-30,74.44000244140625,74.75,74.01000213623047,74.13999938964844,62.73691177368164,3299600
2013-01-31,74.55999755859375,74.55999755859375,73.45999908447266,73.62000274658203,62.29690170288086,3125500
2013-02-01,74.23999786376953,75.0,73.91999816894531,74.94999694824219,63.422340393066406,2495900
2013-02-04,74.5199966430664,74.52999877929688,73.87999725341797,74.11000061035156,62.71154022216797,2695500
2013-02-05,74.44999694824219,74.66000366210938,74.12999725341797,74.45999908447266,63.00771713256836,2487400
2013-02-06,74.33000183105469,74.37000274658203,74.0,74.06999969482422,62.677696228027344,2088900
2013-02-07,74.06999969482422,74.30000305175781,72.7300033569336,73.0199966430664,61.789180755615234,2704000
2013-02-08,73.13999938964844,73.37999725341797,73.0199966430664,73.20999908447266,61.94997024536133,2175500
2013-02-11,72.94999694824219,73.2300033569336,72.66000366210938,73.06999969482422,61.83150100708008,1991100
2013-02-12,73.12000274658203,73.19999694824219,72.91999816894531,73.01000213623047,61.78074264526367,1368400
2013-02-13,72.58000183105469,73.54000091552734,71.56999969482422,71.80999755859375,60.765289306640625,3749600
2013-02-14,71.73999786376953,71.80000305175781,71.19000244140625,71.44999694824219,60.46065139770508,2146800
2013-02-15,71.66999816894531,71.98999786376953,71.43000030517578,71.7300033569336,60.69758987426758,1824900
2013-02-19,71.95999908447266,73.0199966430664,71.83000183105469,72.75,61.560726165771484,4328000
2013-02-20,72.66000366210938,72.73999786376953,71.62999725341797,71.72000122070312,60.68913269042969,2757800
2013-02-21,71.20999908447266,71.36000061035156,70.7300033569336,71.30999755859375,60.342193603515625,2749000
2013-02-22,71.77999877929688,71.77999877929688,71.01000213623047,71.55999755859375,60.553733825683594,2419900
2013-02-25,71.79000091552734,71.80000305175781,70.23999786376953,70.33999633789062,59.52138137817383,3218700
2013-02-26,70.48999786376953,70.48999786376953,69.62999725341797,70.08000183105469,59.30137252807617,2417300
2013-02-27,69.98999786376953,71.05999755859375,69.91999816894531,70.9800033569336,60.06294250488281,2398400
2013-02-28,70.93000030517578,71.73999786376953,70.69999694824219,71.31999969482422,60.35065460205078,2501100
2013-03-01,70.69999694824219,71.30999755859375,70.4000015258789,71.30000305175781,60.33373260498047,2105400
2013-03-04,71.05000305175781,71.26000213623047,70.70999908447266,71.23999786376953,60.28296661376953,2193800
2013-03-05,71.44000244140625,71.95999908447266,71.44000244140625,71.6500015258789,60.62990188598633,2536400
2013-03-06,71.88999938964844,72.01000213623047,71.63999938964844,71.8499984741211,60.79914474487305,1520600
2013-03-07,71.86000061035156,71.98999786376953,71.56999969482422,71.63999938964844,60.62145233154297,2062400
2013-03-08,72.44000244140625,73.05000305175781,71.7699966430664,72.91000366210938,61.69609832763672,4217500
2013-03-11,73.16000366210938,73.19999694824219,72.41999816894531,72.86000061035156,61.65380096435547,2292100
2013-03-12,72.86000061035156,73.33000183105469,72.66000366210938,73.29000091552734,62.017662048339844,2833000
2013-03-13,73.30999755859375,73.4000015258789,72.05000305175781,72.13999938964844,61.044525146484375,2693200
2013-03-14,72.23999786376953,72.6500015258789,71.80000305175781,72.29000091552734,61.17147445678711,3258000
2013-03-15,72.43000030517578,72.43000030517578,71.0199966430664,71.19000244140625,60.24065399169922,2532500
2013-03-18,70.56999969482422,71.08999633789062,70.2699966430664,70.5,59.65677261352539,2705900
2013-03-19,71.05999755859375,71.61000061035156,69.52999877929688,70.05000305175781,59.27599334716797,3536600
2013-03-20,70.41999816894531,71.19000244140625,70.19999694824219,71.05000305175781,60.1221923828125,4378300
2013-03-21,70.91999816894531,71.06999969482422,70.69999694824219,70.9000015258789,59.99525833129883,2525800
2013-03-22,71.0,71.68000030517578,70.95999908447266,71.58999633789062,60.579124450683594,2894200
2013-03-25,71.97000122070312,72.30000305175781,71.5999984741211,72.23999786376953,61.129154205322266,4659700
2013-03-26,72.55000305175781,73.58000183105469,72.44000244140625,73.52999877929688,62.22073745727539,3769000
2013-03-27,73.19999694824219,74.51000213623047,72.8499984741211,74.4800033569336,63.024635314941406,3799700
2013-03-28,74.44000244140625,74.72000122070312,74.1500015258789,74.58999633789062,63.117706298828125,1717400
2013-04-01,74.83999633789062,74.83999633789062,74.01000213623047,74.08000183105469,62.686161041259766,1286700
2013-04-02,74.16000366210938,75.08999633789062,74.12000274658203,74.87000274658203,63.35466766357422,3612100
2013-04-03,74.94000244140625,75.04000091552734,73.37999725341797,73.66000366210938,62.33076095581055,4271600
2013-04-04,73.77999877929688,74.12999725341797,73.12999725341797,73.5,62.19538116455078,2897100
2013-04-05,72.83000183105469,73.94999694824219,72.37000274658203,73.87000274658203,62.50845718383789,3431800
2013-04-08,74.02999877929688,74.5,73.73999786376953,74.31999969482422,62.88922882080078,2977800
2013-04-09,74.7699966430664,75.5999984741211,74.30999755859375,75.3499984741211,63.76081848144531,3936100
2013-04-10,75.75,76.58999633789062,75.68000030517578,76.26000213623047,64.5308837890625,3695500
2013-04-11,76.18000030517578,76.80000305175781,75.93000030517578,76.70999908447266,64.91165161132812,2811000
2013-04-12,76.20999908447266,76.44999694824219,75.30999755859375,75.44999694824219,63.84543228149414,2127400
2013-04-15,75.02999877929688,75.02999877929688,72.41999816894531,72.44999694824219,61.306854248046875,6561000
2013-04-16,73.30999755859375,73.79000091552734,73.0,73.4800033569336,62.17844772338867,2424900
2013-04-17,73.0999984741211,73.11000061035156,71.47000122070312,72.01000213623047,60.934539794921875,4493200
2013-04-18,72.6500015258789,72.6500015258789,71.33999633789062,71.83000183105469,60.78221130371094,2802600
2013-04-19,72.26000213623047,72.55999755859375,71.68000030517578,72.55999755859375,61.39992141723633,3216100
2013-04-22,72.54000091552734,72.97000122070312,72.1500015258789,72.77999877929688,61.58610153198242,3065600
2013-04-23,72.77999877929688,73.63999938964844,72.56999969482422,73.19000244140625,61.933048248291016,3498800
2013-04-24,73.31999969482422,73.31999969482422,71.6500015258789,72.36000061035156,61.23069381713867,3654400
2013-04-25,72.81999969482422,73.52999877929688,72.45999908447266,73.19000244140625,61.933048248291016,4362500
2013-04-26,73.01000213623047,73.01000213623047,71.9800033569336,72.04000091552734,60.959930419921875,2326000
2013-04-29,72.25,72.5,71.5,71.61000061035156,60.59606170654297,2587600
2013-04-30,71.68000030517578,72.5199966430664,71.58999633789062,72.3499984741211,61.22224044799805,2596800
2013-05-01,72.12000274658203,72.33999633789062,70.87999725341797,71.22000122070312,60.26604080200195,2409500
2013-05-02,71.41999816894531,72.18000030517578,71.41999816894531,71.86000061035156,60.80760955810547,3100700
2013-05-03,72.80999755859375,73.97000122070312,72.80999755859375,73.44000244140625,62.14459991455078,4520500
2013-05-06,73.02999877929688,73.44999694824219,72.66000366210938,72.80999755859375,61.611507415771484,1370100
2013-05-07,72.87000274658203,73.9000015258789,72.87000274658203,73.73999786376953,62.39842224121094,2754400
2013-05-08,73.69999694824219,74.18000030517578,73.16999816894531,73.47000122070312,62.169979095458984,2950500
2013-05-09,73.68000030517578,73.97000122070312,72.5999984741211,72.80999755859375,61.611507415771484,2222400
2013-05-10,72.56999969482422,73.02999877929688,71.72000122070312,72.25,61.13761520385742,2689400
2013-05-13,72.25,72.26000213623047,71.73999786376953,71.91000366210938,60.84991455078125,1719800
2013-05-14,72.16999816894531,72.52999877929688,71.87000274658203,72.11000061035156,61.01915740966797,2269900
2013-05-15,71.98999786376953,72.45999908447266,71.66000366210938,71.94999694824219,60.883758544921875,1910000
2013-05-16,71.9000015258789,71.9000015258789,71.0,71.22000122070312,60.26604080200195,2919200
2013-05-17,71.27999877929688,71.41000366210938,70.6500015258789,70.76000213623047,59.87678909301758,5541400
2013-05-20,70.70999908447266,70.88999938964844,69.5199966430664,69.7300033569336,59.005210876464844,6723500
2013-05-21,69.51000213623047,69.69999694824219,67.62000274658203,68.75,58.175933837890625,6069200
2013-05-22,68.91000366210938,69.94999694824219,67.25,67.55999755859375,57.16896438598633,5685900
2013-05-23,66.55999755859375,68.20999908447266,66.0999984741211,68.12000274658203,57.64282989501953,5154900
2013-05-24,67.38999938964844,67.72000122070312,66.66999816894531,67.5,57.11819076538086,4718300
2013-05-28,67.7699966430664,68.16999816894531,67.29000091552734,67.4800033569336,57.10127258300781,3074100
2013-05-29,67.19000244140625,67.5999984741211,66.91999816894531,67.31999969482422,56.96586990356445,2793000
2013-05-30,66.93000030517578,67.76000213623047,66.87000274658203,67.1500015258789,56.822025299072266,1715300
2013-05-31,66.66000366210938,68.5,66.55000305175781,68.33999633789062,57.82899475097656,7183700
2013-06-03,67.76000213623047,68.19000244140625,66.55999755859375,67.58999633789062,57.1943473815918,6206100
2013-06-04,67.61000061035156,67.91999816894531,66.81999969482422,67.20999908447266,56.87279510498047,2291900
2013-06-05,67.08999633789062,67.0999984741211,65.18000030517578,65.26000213623047,55.22270965576172,6216000
2013-06-06,65.06999969482422,66.5,65.05999755859375,66.48999786376953,56.26353073120117,4258600
2013-06-07,66.68000030517578,68.19000244140625,65.95999908447266,66.29000091552734,56.09429931640625,8621700
2013-06-10,66.02999877929688,66.37000274658203,65.55000305175781,66.19999694824219,56.018131256103516,2276200
2013-06-11,65.12999725341797,66.0,64.87000274658203,65.30000305175781,55.25657272338867,3274300
2013-06-12,65.80000305175781,65.80000305175781,63.43000030517578,64.13999938964844,54.27497100830078,4789000
2013-06-13,64.2699966430664,65.5,64.2699966430664,65.4800033569336,55.408878326416016,3444200
2013-06-14,65.62999725341797,65.94999694824219,64.72000122070312,64.79000091552734,54.82500457763672,2642500
2013-06-17,65.16000366210938,65.4800033569336,64.44999694824219,64.51000213623047,54.58806610107422,2048200
2013-06-18,64.13999938964844,64.83999633789062,63.970001220703125,64.05999755859375,54.207279205322266,3901800
2013-06-19,64.16999816894531,64.48999786376953,61.61000061035156,61.630001068115234,52.15102005004883,5167400
2013-06-20,60.540000915527344,60.810001373291016,58.290000915527344,58.810001373291016,49.764747619628906,6803100
2013-06-21,59.16999816894531,60.13999938964844,57.689998626708984,59.84000015258789,50.636329650878906,4960800
2013-06-24,58.88999938964844,59.470001220703125,57.7400016784668,58.95000076293945,49.88322067260742,5618100
2013-06-25,60.040000915527344,60.599998474121094,59.310001373291016,60.209999084472656,50.949424743652344,4086400
2013-06-26,60.65999984741211,61.959999084472656,60.65999984741211,61.529998779296875,52.06639862060547,4541700
2013-06-27,62.20000076293945,63.709999084472656,62.130001068115234,63.43000030517578,54.07670211791992,5490400
2013-06-28,63.0,65.30000305175781,62.79999923706055,65.25,55.628318786621094,4348100
2013-07-01,65.5199966430664,66.4000015258789,64.97000122070312,66.0,56.267730712890625,4456100
2013-07-02,65.70999908447266,66.30000305175781,64.55999755859375,65.08000183105469,55.4833984375,3875700
2013-07-03,64.19000244140625,65.5199966430664,64.19000244140625,64.97000122070312,55.38961410522461,3528600
2013-07-05,65.55000305175781,65.81999969482422,63.439998626708984,64.48999786376953,54.980384826660156,3485200
2013-07-08,65.37000274658203,65.66999816894531,64.61000061035156,64.63999938964844,55.1082763671875,2723600
2013-07-09,65.29000091552734,65.43000030517578,64.56999969482422,64.75,55.202056884765625,2575000
2013-07-10,64.62999725341797,64.8499984741211,64.0199966430664,64.27999877929688,54.80134963989258,3099100
2013-07-11,65.75,65.87000274658203,65.0,65.76000213623047,56.063106536865234,3971200
2013-07-12,65.37000274658203,65.66999816894531,64.83000183105469,65.12999725341797,55.526004791259766,3287200
2013-07-15,65.5,66.33000183105469,65.45999908447266,66.16000366210938,56.40414047241211,2721000
2013-07-16,66.61000061035156,66.61000061035156,64.47000122070312,65.58000183105469,55.90966033935547,5125500
2013-07-17,66.0199966430664,67.16999816894531,65.80000305175781,66.9000015258789,57.03501892089844,6533600
2013-07-18,67.06999969482422,67.36000061035156,66.51000213623047,66.70999908447266,56.873016357421875,3037100
2013-07-19,66.43000030517578,66.44999694824219,65.7300033569336,66.08999633789062,56.34444046020508,2808600
2013-07-22,66.37000274658203,66.73999786376953,65.7699966430664,66.66000366210938,56.830413818359375,2749500
2013-07-23,66.88999938964844,67.72000122070312,66.6500015258789,67.66000366210938,57.68294906616211,3538400
2013-07-24,67.56999969482422,67.62999725341797,66.72000122070312,67.20999908447266,57.2993049621582,2702000
2013-07-25,67.08999633789062,67.62000274658203,66.83999633789062,67.37000274658203,57.43571472167969,1827100
2013-07-26,67.05000305175781,67.69999694824219,66.6500015258789,67.38999938964844,57.45277786254883,3475400
2013-07-29,67.0999984741211,67.18000030517578,65.54000091552734,65.62000274658203,55.94375991821289,2770300
2013-07-30,66.0,66.05999755859375,65.16000366210938,65.3499984741211,55.71356201171875,2522800
2013-07-31,65.0999984741211,67.01000213623047,64.62000274658203,66.06999969482422,56.32741165161133,4759700
2013-08-01,66.7300033569336,68.0199966430664,66.66999816894531,67.6500015258789,57.67442321777344,4123100
2013-08-02,67.73999786376953,69.4800033569336,67.73999786376953,69.11000061035156,58.91914367675781,3967200
2013-08-05,69.0199966430664,69.08999633789062,68.44000244140625,68.72000122070312,58.58665084838867,2802400
2013-08-06,68.6500015258789,68.95999908447266,67.91000366210938,68.80999755859375,58.66337203979492,3068000
2013-08-07,68.52999877929688,69.06999969482422,68.30000305175781,68.81999969482422,58.671905517578125,4103100
2013-08-08,69.41000366210938,70.48999786376953,69.1500015258789,70.27999877929688,59.91661071777344,2836500
2013-08-09,69.8499984741211,70.33000183105469,69.51000213623047,70.0199966430664,59.69493865966797,2072200
2013-08-12,69.94999694824219,70.62999725341797,68.69000244140625,69.02999877929688,58.85092544555664,4291300
2013-08-13,68.81999969482422,69.05999755859375,68.33999633789062,68.94000244140625,58.77422332763672,2863300
2013-08-14,68.79000091552734,69.80000305175781,68.7300033569336,69.19999694824219,58.99585723876953,3983900
2013-08-15,68.2300033569336,68.37000274658203,67.47000122070312,68.0,57.97282028198242,2805500
2013-08-16,67.87999725341797,68.19999694824219,67.0,67.26000213623047,57.3419303894043,2515700
2013-08-19,66.83999633789062,67.12999725341797,65.5,65.69999694824219,56.011966705322266,2711400
2013-08-20,65.54000091552734,66.81999969482422,65.51000213623047,66.58000183105469,56.762203216552734,2537400
2013-08-21,65.58999633789062,66.05000305175781,64.70999908447266,64.75,55.202056884765625,3449400
2013-08-22,65.08999633789062,65.80000305175781,64.2300033569336,64.8499984741211,55.28730773925781,1997400
2013-08-23,65.23999786376953,65.75,64.58999633789062,65.16999816894531,55.560123443603516,2047600
2013-08-26,65.41999816894531,65.41999816894531,63.31999969482422,63.619998931884766,54.23868179321289,3034300
2013-08-27,62.310001373291016,62.709999084472656,61.790000915527344,62.47999954223633,53.26677322387695,5262000
2013-08-28,62.0,62.61000061035156,61.279998779296875,61.400001525878906,52.34603500366211,2299200
2013-08-29,61.27000045776367,62.0,60.709999084472656,61.15999984741211,52.14142990112305,3872700
2013-08-30,61.58000183105469,61.81999969482422,60.939998626708984,61.56999969482422,52.490966796875,4441900
2013-09-03,62.15999984741211,62.459999084472656,61.099998474121094,61.619998931884766,52.533599853515625,3084100
2013-09-04,61.880001068115234,62.880001068115234,61.290000915527344,62.290000915527344,53.104801177978516,4808200
2013-09-05,62.20000076293945,62.20000076293945,61.560001373291016,61.77000045776367,52.6614875793457,2715300
2013-09-06,62.939998626708984,63.65999984741211,61.869998931884766,62.9900016784668,53.70156478881836,4301400
2013-09-09,63.47999954223633,65.26000213623047,63.119998931884766,65.18000030517578,55.56864929199219,5485800
2013-09-10,65.77999877929688,66.33999633789062,65.37999725341797,66.30000305175781,56.523502349853516,3965700
2013-09-11,66.23999786376953,66.80999755859375,65.69999694824219,66.4000015258789,56.60874938964844,2765500
2013-09-12,66.1500015258789,66.1500015258789,64.58000183105469,64.76000213623047,55.21057891845703,4331000
2013-09-13,65.0999984741211,65.83000183105469,64.91999816894531,65.5,55.841453552246094,2492600
2013-09-16,66.79000091552734,67.0,65.94000244140625,66.1500015258789,56.3956184387207,1732500
2013-09-17,66.4000015258789,66.66000366210938,65.54000091552734,66.06999969482422,56.32741165161133,2928100
2013-09-18,66.16000366210938,68.88999938964844,65.18000030517578,68.70999908447266,58.578128814697266,5540200
2013-09-19,69.12000274658203,69.30000305175781,68.05999755859375,68.33000183105469,58.254146575927734,3950500
2013-09-20,68.30999755859375,68.37999725341797,66.18000030517578,66.41999816894531,56.62578582763672,5574900
2013-09-23,66.63999938964844,67.12999725341797,66.5199966430664,66.9800033569336,57.10322952270508,2675600
2013-09-24,66.87999725341797,66.9800033569336,66.22000122070312,66.37999725341797,56.591697692871094,2006000
2013-09-25,66.05000305175781,66.76000213623047,65.76000213623047,66.62999725341797,56.80483627319336,3310800
2013-09-26,67.08000183105469,67.16999816894531,65.81999969482422,65.95999908447266,56.23362350463867,1939700
2013-09-27,65.20999908447266,65.55999755859375,64.44000244140625,64.66000366210938,55.125328063964844,2233600
2013-09-30,63.630001068115234,64.44999694824219,63.459999084472656,63.88999938964844,54.468868255615234,2313200
2013-10-01,64.04000091552734,65.4800033569336,63.79999923706055,65.44999694824219,55.79882049560547,4678100
2013-10-02,65.0,65.69000244140625,64.69999694824219,65.69000244140625,56.00345230102539,2424300
2013-10-03,65.5999984741211,65.61000061035156,63.869998931884766,64.43000030517578,54.92924118041992,4575500
2013-10-04,64.55999755859375,65.44000244140625,64.36000061035156,65.06999969482422,55.47487258911133,1636100
2013-10-07,64.0199966430664,64.73999786376953,63.93000030517578,64.25,54.775779724121094,2337100
2013-10-08,64.20999908447266,64.54000091552734,62.65999984741211,62.880001068115234,53.60779571533203,2954300
2013-10-09,63.27000045776367,63.27000045776367,62.5099983215332,62.790000915527344,53.53106689453125,2763200
2013-10-10,63.97999954223633,65.0,63.54999923706055,64.69999694824219,55.159427642822266,3688000
2013-10-11,64.5,65.98999786376953,64.30000305175781,65.83000183105469,56.122802734375,2676400
2013-10-14,65.2699966430664,66.27999877929688,64.95999908447266,65.91999816894531,56.199520111083984,1787300
2013-10-15,65.44000244140625,65.76000213623047,64.12000274658203,64.66000366210938,55.125328063964844,3262200
2013-10-16,65.41999816894531,65.80999755859375,64.8499984741211,65.41999816894531,55.77325439453125,2814700
2013-10-17,65.25,65.95999908447266,65.25,65.80999755859375,56.10573959350586,1569900
2013-10-18,65.80999755859375,66.19999694824219,65.58999633789062,65.58999633789062,55.91818618774414,1741800
2013-10-21,65.56999969482422,65.79000091552734,64.41999816894531,64.63999938964844,55.1082763671875,4940700
2013-10-22,65.30999755859375,66.5199966430664,65.22000122070312,66.25,56.480873107910156,4511000
2013-10-23,65.48999786376953,65.5999984741211,64.93000030517578,65.22000122070312,55.60274887084961,2037600
2013-10-24,65.2300033569336,65.26000213623047,64.47000122070312,64.70999908447266,55.16794204711914,3483000
2013-10-25,64.66999816894531,65.93000030517578,64.0999984741211,65.72000122070312,56.029022216796875,1994500
2013-10-28,65.7699966430664,66.72000122070312,65.75,66.69000244140625,56.855979919433594,2338300
2013-10-29,66.51000213623047,66.94000244140625,66.22000122070312,66.55999755859375,56.745155334472656,1603300
2013-10-30,66.9000015258789,66.91000366210938,65.4800033569336,65.86000061035156,56.14836883544922,3049400
2013-10-31,65.68000030517578,65.94000244140625,65.01000213623047,65.43000030517578,55.78178024291992,3240500
2013-11-01,65.4000015258789,65.7300033569336,65.06999969482422,65.70999908447266,56.02048873901367,1887600
2013-11-04,66.12000274658203,66.43000030517578,65.66999816894531,65.91000366210938,56.19099807739258,2504200
2013-11-05,64.91000366210938,65.19000244140625,63.650001525878906,63.810001373291016,54.400665283203125,5336000
2013-11-06,64.2300033569336,64.4000015258789,63.900001525878906,63.97999954223633,54.54560089111328,2115000
2013-11-07,64.36000061035156,64.51000213623047,62.970001220703125,63.099998474121094,53.795352935791016,3212800
2013-11-08,62.5,62.970001220703125,61.83000183105469,62.939998626708984,53.658958435058594,5423400
2013-11-11,62.599998474121094,63.11000061035156,62.25,62.4900016784668,53.27531433105469,1780000
2013-11-12,62.209999084472656,62.900001525878906,61.779998779296875,62.40999984741211,53.20710372924805,3466700
2013-11-13,62.279998779296875,63.27000045776367,62.0099983215332,63.15999984741211,53.84651184082031,1894900
2013-11-14,63.15999984741211,64.83999633789062,63.0099983215332,64.79000091552734,55.23615646362305,3645100
2013-11-15,64.93000030517578,66.51000213623047,64.9000015258789,65.93000030517578,56.20804977416992,4637500
2013-11-18,66.80000305175781,66.80000305175781,65.55999755859375,65.77999877929688,56.080177307128906,4314900
2013-11-19,65.80000305175781,66.1500015258789,65.12000274658203,65.52999877929688,55.86703872680664,3355900
2013-11-20,65.69999694824219,66.0,64.5199966430664,64.91999816894531,55.346981048583984,2663100
2013-11-21,64.94000244140625,65.58000183105469,64.63999938964844,65.27999877929688,55.65390396118164,1921000
2013-11-22,65.33000183105469,66.12000274658203,65.11000061035156,66.0,56.267730712890625,1956900
2013-11-25,65.75,66.05999755859375,65.11000061035156,65.20999908447266,55.594215393066406,1960600
2013-11-26,64.56999969482422,65.22000122070312,64.33999633789062,65.16999816894531,55.560123443603516,2620100
2013-11-27,65.01000213623047,66.37000274658203,64.77999877929688,66.30000305175781,56.523502349853516,2444500
2013-11-29,66.4800033569336,67.3499984741211,66.41999816894531,67.22000122070312,57.307838439941406,2499500
2013-12-02,66.9800033569336,67.30999755859375,66.06999969482422,66.18000030517578,56.42118835449219,2893600
2013-12-03,65.80000305175781,66.37999725341797,65.37999725341797,66.23999786376953,56.47233963012695,3053500
2013-12-04,66.0,67.11000061035156,65.72000122070312,66.76000213623047,56.915672302246094,3770800
2013-12-05,66.61000061035156,67.7300033569336,66.41000366210938,66.5199966430664,56.71105194091797,3027400
2013-12-06,67.91999816894531,68.43000030517578,67.2699966430664,67.4000015258789,57.461280822753906,4728800
2013-12-09,67.8499984741211,68.87000274658203,67.77999877929688,68.2300033569336,58.16889572143555,3833700
2013-12-10,68.22000122070312,68.7300033569336,68.11000061035156,68.66000366210938,58.535484313964844,2312300
2013-12-11,68.18000030517578,68.69000244140625,67.33999633789062,67.45999908447266,57.51243209838867,3283400
2013-12-12,67.08999633789062,67.19000244140625,66.01000213623047,66.91000366210938,57.04354476928711,3709000
2013-12-13,67.44999694824219,67.61000061035156,66.7300033569336,67.48999786376953,57.53801345825195,4512000
2013-12-16,67.70999908447266,68.25,67.37000274658203,67.5,57.546546936035156,3040200
2013-12-17,67.95999908447266,67.95999908447266,66.62000274658203,66.75,56.90713119506836,3703800
2013-12-18,66.2699966430664,67.94000244140625,65.29000091552734,66.95999908447266,57.723506927490234,6118700
2013-12-19,66.0199966430664,66.66000366210938,65.83999633789062,66.47000122070312,57.30109786987305,2581800
2013-12-20,66.55999755859375,67.4800033569336,66.54000091552734,66.5999984741211,57.41315841674805,3738700
2013-12-23,67.19000244140625,67.45999908447266,66.95999908447266,67.45999908447266,58.15453338623047,1809000
2013-12-24,67.27999877929688,67.87000274658203,67.27999877929688,67.38999938964844,58.09420394897461,752000
2013-12-26,67.18000030517578,67.6500015258789,66.91999816894531,67.05000305175781,57.80109405517578,825600
2013-12-27,67.20999908447266,67.58000183105469,66.8499984741211,67.58000183105469,58.37638473510742,1989500
2013-12-30,67.48999786376953,68.08000183105469,67.31999969482422,67.75,58.52323913574219,1666800
2013-12-31,67.95999908447266,68.08000183105469,67.18000030517578,68.0,58.739192962646484,1245500
2014-01-02,67.36000061035156,67.48999786376953,65.91999816894531,66.12000274658203,57.11521911621094,4474300
2014-01-03,66.58000183105469,66.7699966430664,65.80999755859375,66.08999633789062,57.08930587768555,2447400
2014-01-06,66.20999908447266,66.41999816894531,65.33000183105469,65.37999725341797,56.47600555419922,3629900
2014-01-07,66.0199966430664,66.37999725341797,65.75,66.11000061035156,57.106590270996094,4061500
2014-01-08,66.04000091552734,66.11000061035156,64.93000030517578,65.18000030517578,56.3032341003418,3909800
2014-01-09,65.41000366210938,65.51000213623047,64.5,65.47000122070312,56.553749084472656,3804700
2014-01-10,65.94999694824219,67.44000244140625,65.69999694824219,67.08000183105469,57.94447708129883,4972200
2014-01-13,67.16000366210938,67.19999694824219,66.01000213623047,66.36000061035156,57.32254409790039,3751300
2014-01-14,66.4000015258789,66.76000213623047,66.01000213623047,66.63999938964844,57.56440734863281,2365500
2014-01-15,66.58000183105469,66.9000015258789,66.2300033569336,66.3499984741211,57.313899993896484,2040000
2014-01-16,66.18000030517578,66.22000122070312,65.37000274658203,65.55000305175781,56.62285614013672,3401700
2014-01-17,65.22000122070312,65.36000061035156,64.75,65.16999816894531,56.29460906982422,2061300
2014-01-21,65.44999694824219,65.45999908447266,64.22000122070312,64.7699966430664,55.94906997680664,3073100
2014-01-22,64.87000274658203,65.12000274658203,64.27999877929688,65.04000091552734,56.182308197021484,1843700
2014-01-23,64.55999755859375,64.94000244140625,63.349998474121094,63.880001068115234,55.1802864074707,2963900
2014-01-24,62.599998474121094,63.119998931884766,62.0099983215332,62.61000061035156,54.083248138427734,4618300
2014-01-27,62.75,63.209999084472656,61.650001525878906,62.86000061035156,54.299198150634766,4431400
2014-01-28,63.11000061035156,63.720001220703125,62.95000076293945,63.15999984741211,54.558345794677734,3144500
2014-01-29,62.27000045776367,63.290000915527344,61.5,62.619998931884766,54.09188461303711,4079600
2014-01-30,63.41999816894531,63.41999816894531,62.59000015258789,63.11000061035156,54.51515197753906,2689300
2014-01-31,62.209999084472656,63.08000183105469,62.02000045776367,62.88999938964844,54.32511901855469,2466300
2014-02-03,62.81999969482422,62.81999969482422,60.290000915527344,60.54999923706055,52.303794860839844,5657100
2014-02-04,61.650001525878906,62.33000183105469,61.54999923706055,61.75,53.340362548828125,3884000
2014-02-05,61.650001525878906,62.709999084472656,61.06999969482422,61.72999954223633,53.323089599609375,3362100
2014-02-06,62.130001068115234,62.83000183105469,62.0,62.34000015258789,53.85002136230469,2550000
2014-02-07,62.61000061035156,62.939998626708984,61.59000015258789,62.709999084472656,54.16962814331055,4206300
2014-02-10,62.72999954223633,62.90999984741211,61.790000915527344,62.099998474121094,53.642704010009766,2177200
2014-02-11,62.099998474121094,63.5,62.0,63.16999816894531,54.56697463989258,6266900
2014-02-12,63.33000183105469,63.560001373291016,62.4900016784668,62.97999954223633,54.40285110473633,4806000
2014-02-13,62.369998931884766,62.869998931884766,62.20000076293945,62.7599983215332,54.212825775146484,2126900
2014-02-14,63.08000183105469,63.88999938964844,62.630001068115234,63.47999954223633,54.83475875854492,3062800
2014-02-18,63.7400016784668,63.779998779296875,62.90999984741211,63.0,54.42013931274414,2071800
2014-02-19,62.619998931884766,62.869998931884766,61.529998779296875,61.81999969482422,53.40083694458008,4413200
2014-02-20,61.650001525878906,61.90999984741211,61.08000183105469,61.5099983215332,53.13304901123047,3072800
2014-02-21,61.70000076293945,62.06999969482422,61.560001373291016,61.810001373291016,53.39220428466797,1975400
2014-02-24,62.11000061035156,62.72999954223633,61.81999969482422,61.81999969482422,53.40083694458008,2003200
2014-02-25,61.810001373291016,62.220001220703125,60.599998474121094,60.939998626708984,52.64068603515625,4991900
2014-02-26,61.150001525878906,61.150001525878906,59.52000045776367,59.81999969482422,51.673213958740234,3822800
2014-02-27,60.06999969482422,60.790000915527344,59.61000061035156,60.54999923706055,52.303794860839844,2918200
2014-02-28,60.63999938964844,60.88999938964844,59.91999816894531,60.31999969482422,52.10512161254883,3086200
2014-03-03,59.75,60.119998931884766,59.15999984741211,59.5,51.396785736083984,4864300
2014-03-04,60.619998931884766,60.75,60.040000915527344,60.4900016784668,52.2519645690918,3487700
2014-03-05,60.59000015258789,60.939998626708984,60.33000183105469,60.560001373291016,52.31243133544922,2408500
2014-03-06,61.209999084472656,62.150001525878906,61.209999084472656,61.29999923706055,52.9516487121582,4242800
2014-03-07,61.459999084472656,61.470001220703125,60.52000045776367,61.0,52.69251251220703,3862600
2014-03-10,60.68000030517578,60.869998931884766,60.220001220703125,60.54999923706055,52.303794860839844,1891400
2014-03-11,60.65999984741211,61.13999938964844,60.11000061035156,60.150001525878906,51.95826721191406,2820700
2014-03-12,60.04999923706055,60.459999084472656,59.77000045776367,60.349998474121094,52.13102722167969,2581100
2014-03-13,60.66999816894531,60.77000045776367,58.869998931884766,59.13999938964844,51.0858268737793,4738500
2014-03-14,59.0,59.45000076293945,58.83000183105469,59.369998931884766,51.28449249267578,2925100
2014-03-17,59.68000030517578,60.2400016784668,59.45000076293945,59.84000015258789,51.69047927856445,1375500
2014-03-18,59.7599983215332,61.099998474121094,59.560001373291016,60.959999084472656,52.657962799072266,2855000
2014-03-19,60.869998931884766,61.7599983215332,60.400001525878906,60.4900016784668,52.2519645690918,4458800
2014-03-20,60.290000915527344,61.91999816894531,59.880001068115234,61.56999969482422,53.18488311767578,3719400
2014-03-21,61.970001220703125,62.790000915527344,61.77000045776367,62.72999954223633,54.1869010925293,4757800
2014-03-24,63.0099983215332,63.470001220703125,62.40999984741211,62.52000045776367,54.0055046081543,3495400
2014-03-25,62.939998626708984,63.36000061035156,62.41999816894531,62.650001525878906,54.11780548095703,2598000
2014-03-26,63.0,63.130001068115234,62.31999969482422,62.34000015258789,53.85002136230469,2725200
2014-03-27,62.220001220703125,63.290000915527344,61.939998626708984,62.939998626708984,54.36830139160156,2799600
2014-03-28,63.369998931884766,63.83000183105469,63.08000183105469,63.09000015258789,54.49787139892578,2367200
2014-03-31,63.709999084472656,64.06999969482422,63.58000183105469,63.95000076293945,55.24074935913086,1843600
2014-04-01,64.2699966430664,64.51000213623047,63.7400016784668,63.95000076293945,55.24074935913086,1836900
2014-04-02,63.849998474121094,64.33999633789062,63.849998474121094,64.33000183105469,55.56900405883789,2650300
2014-04-03,63.88999938964844,64.26000213623047,63.0,63.65999984741211,54.99024963378906,2195600
2014-04-04,64.55999755859375,64.94000244140625,64.23999786376953,64.37999725341797,55.61219024658203,6503100
2014-04-07,64.41999816894531,64.79000091552734,63.91999816894531,64.26000213623047,55.508541107177734,2734700
2014-04-08,64.83000183105469,65.30999755859375,64.5,64.73999786376953,55.92316436767578,3401400
2014-04-09,64.9000015258789,64.95999908447266,64.11000061035156,64.83999633789062,56.00954055786133,2569700
2014-04-10,64.8499984741211,65.0199966430664,63.630001068115234,63.689998626708984,55.01615905761719,3754600
2014-04-11,63.220001220703125,63.93000030517578,63.06999969482422,63.75,55.067996978759766,4354900
2014-04-14,63.959999084472656,64.25,63.689998626708984,64.16999816894531,55.4307861328125,3719200
2014-04-15,63.86000061035156,64.0,63.029998779296875,63.599998474121094,54.938419342041016,2886700
2014-04-16,64.05999755859375,64.56999969482422,63.77000045776367,64.55000305175781,55.75904846191406,3884900
2014-04-17,64.5,65.0,64.1500015258789,64.8499984741211,56.0181770324707,1786100
2014-04-21,64.83000183105469,64.83000183105469,64.05999755859375,64.0999984741211,55.37032699584961,2031000
2014-04-22,64.0999984741211,64.20999908447266,63.65999984741211,63.7599983215332,55.07662582397461,1528000
2014-04-23,63.619998931884766,63.630001068115234,62.959999084472656,63.349998474121094,54.72246170043945,2202300
2014-04-24,63.52000045776367,63.65999984741211,62.91999816894531,63.56999969482422,54.912506103515625,1445000
2014-04-25,62.900001525878906,63.18000030517578,62.59000015258789,63.08000183105469,54.48924255371094,2516200
2014-04-28,63.099998474121094,63.27000045776367,62.66999816894531,62.91999816894531,54.35103225708008,1929400
2014-04-29,63.25,64.16999816894531,63.20000076293945,64.06999969482422,55.34440612792969,2813000
2014-04-30,63.529998779296875,64.23999786376953,63.470001220703125,63.880001068115234,55.1802864074707,2612400
2014-05-01,63.959999084472656,64.5,63.560001373291016,64.43000030517578,55.65538024902344,1461500
2014-05-02,64.4800033569336,64.94000244140625,64.4000015258789,64.56999969482422,55.77631759643555,3038600
2014-05-05,64.36000061035156,64.61000061035156,64.13999938964844,64.56999969482422,55.77631759643555,1414500
2014-05-06,64.58999633789062,65.70999908447266,64.43000030517578,65.31999969482422,56.42417907714844,2342400
2014-05-07,65.22000122070312,66.13999938964844,65.19999694824219,66.06999969482422,57.07203674316406,3211800
2014-05-08,66.19999694824219,66.69999694824219,65.80999755859375,65.87000274658203,56.899269104003906,2585600
2014-05-09,65.72000122070312,66.13999938964844,65.58999633789062,65.87000274658203,56.899269104003906,1330000
2014-05-12,66.38999938964844,66.58000183105469,66.12000274658203,66.55000305175781,57.486671447753906,2091800
2014-05-13,66.87999725341797,67.38999938964844,66.58999633789062,66.97000122070312,57.84946823120117,2539700
2014-05-14,67.18000030517578,67.18000030517578,66.69999694824219,66.87999725341797,57.771724700927734,1948200
2014-05-15,66.70999908447266,66.94000244140625,65.66000366210938,65.94000244140625,56.95974349975586,2598100
2014-05-16,66.43000030517578,66.79000091552734,66.02999877929688,66.70999908447266,57.624874114990234,2297500
2014-05-19,66.19999694824219,66.81999969482422,65.94999694824219,66.66000366210938,57.58168411254883,1324900
2014-05-20,66.16999816894531,66.70999908447266,66.16000366210938,66.41999816894531,57.374359130859375,1637200
2014-05-21,66.69999694824219,67.08000183105469,66.44000244140625,66.55000305175781,57.486671447753906,1177400
2014-05-22,66.83000183105469,67.18000030517578,66.79000091552734,66.94000244140625,57.82355880737305,1805500
2014-05-23,66.88999938964844,67.26000213623047,66.7699966430664,66.91000366210938,57.797645568847656,1384200
2014-05-27,66.88999938964844,67.33000183105469,66.5,66.98999786376953,57.86674499511719,2113500
2014-05-28,67.01000213623047,67.05999755859375,66.73999786376953,66.87999725341797,57.771724700927734,1697200
2014-05-29,66.95999908447266,67.30000305175781,66.93000030517578,67.0999984741211,57.961769104003906,1695500
2014-05-30,66.9000015258789,66.94000244140625,66.06999969482422,66.22000122070312,57.20159912109375,2616700
2014-06-02,66.2300033569336,66.61000061035156,66.0999984741211,66.5199966430664,57.46074295043945,1754400
2014-06-03,66.36000061035156,66.83000183105469,66.0999984741211,66.75,57.659427642822266,1917900
2014-06-04,66.36000061035156,66.58000183105469,66.2699966430664,66.45999908447266,57.40891647338867,1364900
2014-06-05,66.93000030517578,67.31999969482422,66.69999694824219,67.1500015258789,58.00495529174805,1986200
2014-06-06,67.55999755859375,68.16999816894531,67.47000122070312,67.91000366210938,58.66144943237305,3069700
2014-06-09,67.91000366210938,68.2699966430664,67.58000183105469,67.72000122070312,58.49732971191406,2110000
2014-06-10,67.56999969482422,67.83000183105469,67.22000122070312,67.73999786376953,58.51459884643555,1634400
2014-06-11,67.43000030517578,67.81999969482422,67.0,67.70999908447266,58.48870086669922,1939200
2014-06-12,68.0,68.13999938964844,67.5,67.69000244140625,58.471405029296875,1593200
2014-06-13,67.38999938964844,67.79000091552734,67.25,67.33000183105469,58.160438537597656,1258600
2014-06-16,66.97000122070312,67.30999755859375,66.66000366210938,67.27999877929688,58.11723709106445,1070400
2014-06-17,67.16999816894531,67.2300033569336,66.79000091552734,67.08999633789062,57.95311737060547,1430200
2014-06-18,67.26000213623047,68.13999938964844,67.06999969482422,68.12999725341797,58.85148620605469,2747300
2014-06-19,67.9800033569336,68.2699966430664,67.8499984741211,68.05999755859375,58.791015625,1798600
2014-06-20,67.9000015258789,68.19000244140625,67.9000015258789,68.13999938964844,58.86012649536133,1464000
2014-06-23,67.97000122070312,68.11000061035156,67.69000244140625,67.95999908447266,58.70463562011719,1988000
2014-06-24,68.02999877929688,68.20999908447266,67.5999984741211,67.73999786376953,58.51459884643555,2870700
2014-06-25,67.81999969482422,67.81999969482422,67.51000213623047,67.61000061035156,58.59260177612305,1205000
2014-06-26,67.72000122070312,67.75,67.19000244140625,67.23999786376953,58.27195358276367,1320300
2014-06-27,67.33999633789062,67.9800033569336,67.2300033569336,67.47000122070312,58.47127914428711,1590500
2014-06-30,67.69999694824219,67.98999786376953,67.26000213623047,67.80999755859375,58.76592254638672,2044800
2014-07-01,67.87000274658203,68.27999877929688,67.7699966430664,68.20999908447266,59.112586975097656,1940500
2014-07-02,68.31999969482422,68.61000061035156,68.05000305175781,68.61000061035156,59.459224700927734,2264000
2014-07-03,68.44000244140625,69.2300033569336,68.43000030517578,69.1500015258789,59.92719268798828,1183300
2014-07-07,68.93000030517578,69.13999938964844,68.72000122070312,68.80999755859375,59.63255310058594,983800
2014-07-08,68.80999755859375,69.05000305175781,68.30999755859375,68.70999908447266,59.54587173461914,2569700
2014-07-09,69.02999877929688,69.43000030517578,68.70999908447266,69.4000015258789,60.143863677978516,1749400
2014-07-10,68.44999694824219,69.22000122070312,68.37000274658203,68.94999694824219,59.753875732421875,2614200
2014-07-11,68.94999694824219,69.33000183105469,68.8499984741211,69.08000183105469,59.866546630859375,1080000
2014-07-14,69.43000030517578,69.8499984741211,69.13999938964844,69.80000305175781,60.49052047729492,1176800
2014-07-15,69.94999694824219,70.0999984741211,69.62999725341797,69.87000274658203,60.551170349121094,1635400
2014-07-16,70.16000366210938,70.41000366210938,69.80999755859375,70.20999908447266,60.845821380615234,2137200
2014-07-17,69.75,70.06999969482422,69.4000015258789,69.55000305175781,60.27384567260742,2059000
2014-07-18,69.98999786376953,70.36000061035156,69.66999816894531,70.31999969482422,60.9411506652832,1517700
2014-07-21,70.02999877929688,70.23999786376953,69.75,70.08000183105469,60.733184814453125,1798100
2014-07-22,70.6500015258789,70.7300033569336,70.2699966430664,70.2699966430664,60.89784240722656,1611000
2014-07-23,70.41999816894531,70.5999984741211,70.19000244140625,70.2300033569336,60.8631591796875,1301200
2014-07-24,70.38999938964844,70.91000366210938,70.30999755859375,70.77999877929688,61.33979797363281,4195200
2014-07-25,70.45999908447266,70.9800033569336,70.45999908447266,70.93000030517578,61.46979904174805,1150600
2014-07-28,70.83000183105469,70.97000122070312,70.61000061035156,70.80000305175781,61.357120513916016,1452700
2014-07-29,70.8499984741211,70.8499984741211,70.38999938964844,70.41000366210938,61.0191650390625,2046700
2014-07-30,70.38999938964844,70.48999786376953,69.3499984741211,69.63999938964844,60.35185241699219,3009700
2014-07-31,68.83000183105469,69.18000030517578,68.06999969482422,68.38999938964844,59.26856994628906,2662400
2014-08-01,68.44000244140625,69.05000305175781,68.22000122070312,68.87999725341797,59.69320297241211,2473900
2014-08-04,69.16999816894531,69.93000030517578,68.9000015258789,69.72000122070312,60.421180725097656,2153200
2014-08-05,69.12000274658203,69.52999877929688,68.79000091552734,69.1500015258789,59.92719268798828,2420800
2014-08-06,68.81999969482422,69.30999755859375,68.76000213623047,69.25,60.01386642456055,2083100
2014-08-07,69.37000274658203,69.44000244140625,68.3499984741211,68.58999633789062,59.44189453125,2202500
2014-08-08,68.77999877929688,68.95999908447266,68.52999877929688,68.86000061035156,59.67587661743164,1874800
2014-08-11,69.27999877929688,70.1500015258789,69.2300033569336,70.11000061035156,60.759159088134766,3079100
2014-08-12,69.94000244140625,70.54000091552734,69.91000366210938,70.33000183105469,60.94981384277344,1439900
2014-08-13,70.7300033569336,71.0,70.47000122070312,70.58999633789062,61.175148010253906,1827800
2014-08-14,70.88999938964844,71.11000061035156,70.68000030517578,70.76000213623047,61.322479248046875,1185600
2014-08-15,71.08000183105469,71.12000274658203,70.18000030517578,70.52999877929688,61.12314224243164,1583200
2014-08-18,70.88999938964844,71.18000030517578,70.7699966430664,71.12999725341797,61.64311599731445,1233700
2014-08-19,71.29000091552734,71.38999938964844,70.98999786376953,71.31999969482422,61.80778503417969,1365300
2014-08-20,71.0,71.30999755859375,70.80000305175781,71.1500015258789,61.66045379638672,1027800
2014-08-21,71.44000244140625,71.6500015258789,71.26000213623047,71.5999984741211,62.050437927246094,1933700
2014-08-22,71.55999755859375,71.61000061035156,71.0,71.2300033569336,61.72979736328125,2156100
2014-08-25,71.45999908447266,71.62000274658203,71.26000213623047,71.41000366210938,61.885780334472656,928100
2014-08-26,71.75,71.87999725341797,71.41000366210938,71.51000213623047,61.972442626953125,1499800
2014-08-27,71.76000213623047,71.86000061035156,71.4800033569336,71.68000030517578,62.11976623535156,900100
2014-08-28,71.22000122070312,71.62000274658203,71.22000122070312,71.61000061035156,62.05910110473633,1012500
2014-08-29,71.66999816894531,71.93000030517578,71.44000244140625,71.77999877929688,62.206424713134766,1838700
2014-09-02,71.4000015258789,71.63999938964844,71.0999984741211,71.62999725341797,62.0764274597168,1930500
2014-09-03,72.19999694824219,72.19999694824219,71.8499984741211,72.0999984741211,62.48374557495117,1442900
2014-09-04,72.41999816894531,72.5199966430664,72.11000061035156,72.38999938964844,62.73507308959961,1191000
2014-09-05,72.5199966430664,73.01000213623047,72.5,73.0,63.26371383666992,2079400
2014-09-08,72.69999694824219,73.11000061035156,72.45999908447266,72.58999633789062,62.90840148925781,1646300
2014-09-09,71.98999786376953,72.33999633789062,71.3499984741211,71.4800033569336,61.94645309448242,3521900
2014-09-10,71.16999816894531,71.47000122070312,70.94999694824219,71.30000305175781,61.79045104980469,1286200
2014-09-11,70.9800033569336,71.37000274658203,70.79000091552734,70.83999633789062,61.39179611206055,1715000
2014-09-12,70.47000122070312,71.0199966430664,70.19999694824219,70.86000061035156,61.40913009643555,4552400
2014-09-15,70.88999938964844,71.29000091552734,70.70999908447266,70.91000366210938,61.452457427978516,1230000
2014-09-16,70.87000274658203,72.05999755859375,70.6500015258789,71.5,61.963768005371094,1822800
2014-09-17,71.77999877929688,71.77999877929688,71.04000091552734,71.2699966430664,61.764434814453125,1504100
2014-09-18,71.44000244140625,71.45999908447266,71.1500015258789,71.37000274658203,61.851112365722656,714200
2014-09-19,71.66000366210938,71.73999786376953,70.69999694824219,71.0,61.53046417236328,2567400
2014-09-22,70.52999877929688,70.76000213623047,69.51000213623047,69.8499984741211,60.53382873535156,3206700
2014-09-23,69.66999816894531,69.87000274658203,68.94999694824219,69.2300033569336,59.99653625488281,2035800
2014-09-24,69.41000366210938,69.80999755859375,69.25,69.68000030517578,60.38652801513672,1826400
2014-09-25,69.18000030517578,69.30000305175781,68.37999725341797,68.6500015258789,59.493896484375,2003600
2014-09-26,68.44000244140625,68.52999877929688,68.12000274658203,68.41000366210938,59.285892486572266,2060500
2014-09-29,67.27999877929688,68.19000244140625,67.1500015258789,68.12999725341797,59.043251037597656,1782400
2014-09-30,68.12999725341797,68.7300033569336,68.0199966430664,68.7300033569336,59.56322479248047,2574800
2014-10-01,68.37999725341797,68.5999984741211,67.55000305175781,67.62999725341797,58.60993576049805,2616100
2014-10-02,67.62999725341797,68.1500015258789,67.16000366210938,67.87000274658203,58.81791687011719,3526900
2014-10-03,67.75,67.91000366210938,67.22000122070312,67.77999877929688,58.73991394042969,2328300
2014-10-06,68.7300033569336,69.3499984741211,68.5199966430664,68.5999984741211,59.4505615234375,2401700
2014-10-07,68.3499984741211,68.56999969482422,67.68000030517578,67.73999786376953,58.705265045166016,2010000
2014-10-08,67.80000305175781,68.76000213623047,67.16999816894531,68.45999908447266,59.329227447509766,3036700
2014-10-09,68.26000213623047,68.51000213623047,67.36000061035156,67.52999877929688,58.52326583862305,2479600
2014-10-10,67.3499984741211,67.3499984741211,66.2300033569336,66.31999969482422,57.474647521972656,2721600
2014-10-13,66.55000305175781,66.9800033569336,65.9000015258789,66.0,57.19732666015625,3289200
2014-10-14,66.19000244140625,66.54000091552734,66.0,66.06999969482422,57.25798797607422,2172500
2014-10-15,65.29000091552734,65.87000274658203,64.0199966430664,65.11000061035156,56.426029205322266,4484500
2014-10-16,63.81999969482422,65.58999633789062,63.65999984741211,65.06999969482422,56.39136505126953,3240800
2014-10-17,65.5999984741211,66.11000061035156,65.55000305175781,65.69999694824219,56.93733215332031,2368900
2014-10-20,65.61000061035156,65.9000015258789,65.4000015258789,65.66000366210938,56.902687072753906,1304100
2014-10-21,65.93000030517578,66.62999725341797,65.66999816894531,66.16000366210938,57.33598709106445,1825800
2014-10-22,66.16000366210938,66.36000061035156,65.83000183105469,65.87999725341797,57.09333801269531,2113100
2014-10-23,66.19000244140625,66.69000244140625,65.9800033569336,66.33000183105469,57.48331069946289,1775300
2014-10-24,66.20999908447266,66.63999938964844,66.0,66.29000091552734,57.44865417480469,1401100
2014-10-27,65.73999786376953,66.47000122070312,65.62999725341797,66.41999816894531,57.561309814453125,1617200
2014-10-28,66.91999816894531,67.5,66.69999694824219,67.4000015258789,58.410606384277344,2267400
2014-10-29,67.56999969482422,67.83000183105469,66.94999694824219,67.41000366210938,58.419281005859375,2047800
2014-10-30,67.5199966430664,68.13999938964844,67.29000091552734,68.11000061035156,59.02591323852539,1407100
2014-10-31,68.41000366210938,68.7300033569336,68.16999816894531,68.44999694824219,59.320552825927734,4672800
2014-11-03,68.30000305175781,68.47000122070312,67.80000305175781,67.94999694824219,58.88725662231445,1845100
2014-11-04,67.83999633789062,67.9000015258789,67.58000183105469,67.80999755859375,58.76592254638672,1515200
2014-11-05,67.5999984741211,67.95999908447266,67.4000015258789,67.83999633789062,58.79191970825195,1220700
2014-11-06,67.8499984741211,68.11000061035156,67.11000061035156,67.26000213623047,58.289276123046875,1537500
2014-11-07,67.5,67.72000122070312,67.26000213623047,67.5199966430664,58.51459884643555,1863800
2014-11-10,67.63999938964844,67.68000030517578,66.79000091552734,66.93000030517578,58.003299713134766,1512300
2014-11-11,66.73999786376953,67.05000305175781,66.51000213623047,66.62999725341797,57.743309020996094,1284100
2014-11-12,66.55000305175781,66.76000213623047,65.77999877929688,66.02999877929688,57.22332763671875,1367000
2014-11-13,66.05000305175781,66.08999633789062,65.47000122070312,65.83999633789062,57.05866622924805,2052400
2014-11-14,65.66000366210938,65.95999908447266,65.55000305175781,65.73999786376953,56.97200012207031,1119600
2014-11-17,65.45999908447266,66.0199966430664,65.33999633789062,65.88999938964844,57.10200881958008,1376400
2014-11-18,66.04000091552734,66.04000091552734,65.56999969482422,65.70999908447266,56.946006774902344,1678700
2014-11-19,65.44999694824219,66.5,65.37000274658203,66.41000366210938,57.552650451660156,2237000
2014-11-20,66.27999877929688,66.4800033569336,66.0999984741211,66.31999969482422,57.474647521972656,1131500
2014-11-21,67.19999694824219,67.56999969482422,67.08999633789062,67.25,58.28062057495117,2085700
2014-11-24,67.13999938964844,67.38999938964844,66.80000305175781,66.88999938964844,57.9686393737793,1047100
2014-11-25,67.05999755859375,67.18000030517578,66.55000305175781,66.5999984741211,57.71730041503906,1512000
2014-11-26,66.44000244140625,66.62999725341797,66.36000061035156,66.58000183105469,57.699981689453125,1006600
2014-11-28,65.94000244140625,66.20999908447266,65.06999969482422,65.33000183105469,56.61669921875,1805700
2014-12-01,64.81999969482422,65.19000244140625,63.630001068115234,63.75,55.24741744995117,4883900
2014-12-02,63.630001068115234,63.709999084472656,62.290000915527344,62.52000045776367,54.18147659301758,3969200
2014-12-03,62.5099983215332,62.84000015258789,61.95000076293945,62.47999954223633,54.14680480957031,3614700
2014-12-04,62.400001525878906,62.5099983215332,61.810001373291016,61.959999084472656,53.69615936279297,3138700
2014-12-05,61.709999084472656,61.90999984741211,61.22999954223633,61.5099983215332,53.30617904663086,2450400
2014-12-08,61.400001525878906,61.630001068115234,60.709999084472656,60.970001220703125,52.838199615478516,3231400
2014-12-09,60.689998626708984,60.689998626708984,60.040000915527344,60.220001220703125,52.18822479248047,2977000
2014-12-10,59.95000076293945,60.04999923706055,58.060001373291016,58.279998779296875,50.5069694519043,5004900
2014-12-11,58.06999969482422,58.70000076293945,57.689998626708984,57.779998779296875,50.073665618896484,4481900
2014-12-12,57.650001525878906,57.650001525878906,56.25,56.43000030517578,48.90370559692383,3758700
2014-12-15,56.59000015258789,57.099998474121094,55.56999969482422,56.029998779296875,48.55706787109375,4896700
2014-12-16,55.11000061035156,56.66999816894531,54.459999084472656,55.84000015258789,48.39240646362305,5515400
2014-12-17,55.720001220703125,58.36000061035156,55.4900016784668,56.88999938964844,49.75860595703125,6317200
2014-12-18,58.0,59.540000915527344,57.630001068115234,59.060001373291016,51.656585693359375,5033400
2014-12-19,59.34000015258789,59.56999969482422,58.880001068115234,59.16999816894531,51.7527961730957,2442200
2014-12-22,59.29999923706055,59.4900016784668,59.0,59.279998779296875,51.84901428222656,1752800
2014-12-23,59.08000183105469,59.380001068115234,58.939998626708984,59.130001068115234,51.717811584472656,2070000
2014-12-24,59.220001220703125,59.43000030517578,59.02000045776367,59.279998779296875,51.84901428222656,814100
2014-12-26,59.47999954223633,59.790000915527344,59.189998626708984,59.2599983215332,51.831512451171875,2230700
2014-12-29,59.22999954223633,59.84000015258789,59.06999969482422,59.29999923706055,51.86650466918945,1159500
2014-12-30,59.209999084472656,59.56999969482422,59.060001373291016,59.290000915527344,51.857749938964844,1415500
2014-12-31,59.34000015258789,59.779998779296875,59.130001068115234,59.38999938964844,51.945220947265625,1171500
2015-01-02,59.11000061035156,59.349998474121094,57.560001373291016,57.880001068115234,50.62449264526367,3328600
2015-01-05,57.52000045776367,57.52000045776367,55.720001220703125,56.16999816894531,49.12885665893555,4571100
2015-01-06,56.459999084472656,57.02000045776367,55.970001220703125,56.70000076293945,49.59242248535156,3022000
2015-01-07,57.560001373291016,58.29999923706055,57.2599983215332,58.04999923706055,50.773193359375,2679700
2015-01-08,58.56999969482422,59.45000076293945,58.47999954223633,58.939998626708984,51.551631927490234,3341100
2015-01-09,59.33000183105469,59.470001220703125,58.790000915527344,59.209999084472656,51.78778076171875,2732400
2015-01-12,59.06999969482422,59.209999084472656,58.15999984741211,58.36000061035156,51.044334411621094,2148200
2015-01-13,58.900001525878906,59.209999084472656,57.709999084472656,58.099998474121094,50.816925048828125,2670500
2015-01-14,57.5099983215332,58.27000045776367,57.099998474121094,58.029998779296875,50.755699157714844,2216300
2015-01-15,58.540000915527344,58.540000915527344,57.310001373291016,57.470001220703125,50.265892028808594,2083200
2015-01-16,57.459999084472656,58.31999969482422,57.34000015258789,58.16999816894531,50.878150939941406,2463800
2015-01-20,58.27000045776367,58.720001220703125,57.619998931884766,58.349998474121094,51.03559112548828,2156300
2015-01-21,58.63999938964844,59.04999923706055,58.2400016784668,58.880001068115234,51.499149322509766,2794800
2015-01-22,59.529998779296875,60.400001525878906,59.27000045776367,60.2599983215332,52.70615768432617,3969000
2015-01-23,60.08000183105469,60.2400016784668,59.59000015258789,59.70000076293945,52.21635437011719,2220700
2015-01-26,59.65999984741211,60.22999954223633,59.36000061035156,59.93000030517578,52.417518615722656,1504600
2015-01-27,59.4900016784668,59.79999923706055,59.189998626708984,59.65999984741211,52.181373596191406,1744800
2015-01-28,59.31999969482422,59.7599983215332,58.369998931884766,58.56999969482422,51.2280158996582,2919800
2015-01-29,58.2400016784668,58.41999816894531,57.4900016784668,57.9900016784668,50.7207145690918,1996800
2015-01-30,56.54999923706055,57.060001373291016,56.11000061035156,56.25,49.19883728027344,3786700
2015-02-02,56.54999923706055,57.27000045776367,56.369998931884766,57.040000915527344,49.88980484008789,2350900
2015-02-03,57.97999954223633,58.209999084472656,57.52000045776367,57.90999984741211,50.6507453918457,5268000
2015-02-04,57.54999923706055,58.279998779296875,57.34000015258789,57.5099983215332,50.30088424682617,2149400
2015-02-05,57.79999923706055,58.689998626708984,57.689998626708984,58.54999923706055,51.21051788330078,2135000
2015-02-06,57.91999816894531,58.63999938964844,57.90999984741211,58.5,51.16678237915039,2769500
2015-02-09,58.2400016784668,59.0,58.2400016784668,58.77000045776367,51.40293884277344,1811700
2015-02-10,58.689998626708984,58.849998474121094,57.970001220703125,58.08000183105469,50.799434661865234,1792700
2015-02-11,57.529998779296875,57.65999984741211,56.290000915527344,56.63999938964844,49.53994369506836,4670300
2015-02-12,57.279998779296875,59.0,57.279998779296875,58.779998779296875,51.41168212890625,4212300
2015-02-13,58.75,59.2400016784668,58.75,59.099998474121094,51.69157409667969,1742200
2015-02-17,59.08000183105469,59.2400016784668,58.290000915527344,59.189998626708984,51.770286560058594,1422900
2015-02-18,58.959999084472656,59.4900016784668,58.65999984741211,59.099998474121094,51.69157409667969,1398200
2015-02-19,58.599998474121094,59.11000061035156,58.31999969482422,58.7400016784668,51.37670135498047,1037000
2015-02-20,58.58000183105469,59.16999816894531,58.16999816894531,59.04999923706055,51.6478385925293,1206400
2015-02-23,58.810001373291016,59.040000915527344,58.560001373291016,58.939998626708984,51.551631927490234,1440200
2015-02-24,59.029998779296875,59.95000076293945,58.619998931884766,59.790000915527344,52.295074462890625,2325900
2015-02-25,59.75,60.04999923706055,59.47999954223633,59.630001068115234,52.15513229370117,1636300
2015-02-26,59.63999938964844,60.119998931884766,59.40999984741211,60.02000045776367,52.49624252319336,1052600
2015-02-27,60.0099983215332,60.5,59.810001373291016,60.209999084472656,52.66243362426758,1808900
2015-03-02,60.150001525878906,60.209999084472656,59.11000061035156,59.52000045776367,52.058921813964844,2113500
2015-03-03,59.349998474121094,59.45000076293945,59.0099983215332,59.11000061035156,51.700313568115234,2068100
2015-03-04,58.65999984741211,58.880001068115234,57.9900016784668,58.349998474121094,51.03559112548828,2148900
2015-03-05,58.2400016784668,58.59000015258789,57.84000015258789,57.9900016784668,50.7207145690918,2409800
2015-03-06,57.040000915527344,57.119998931884766,56.529998779296875,56.619998931884766,49.52244567871094,3561400
2015-03-09,56.61000061035156,56.75,56.38999938964844,56.59000015258789,49.496212005615234,1480300
2015-03-10,56.0,56.25,55.66999816894531,55.75,48.761512756347656,2595400
2015-03-11,55.7400016784668,56.65999984741211,55.65999984741211,56.47999954223633,49.399993896484375,2324000
2015-03-12,57.150001525878906,57.59000015258789,56.970001220703125,57.4900016784668,50.28339385986328,2075700
2015-03-13,57.2400016784668,57.310001373291016,56.689998626708984,57.27000045776367,50.09096908569336,2034100
2015-03-16,57.630001068115234,57.97999954223633,57.2599983215332,57.77000045776367,50.52829360961914,1734900
2015-03-17,57.66999816894531,57.70000076293945,57.2400016784668,57.470001220703125,50.265892028808594,3303800
2015-03-18,57.349998474121094,59.400001525878906,57.029998779296875,59.279998779296875,51.84901428222656,4287300
2015-03-19,58.81999969482422,59.099998474121094,58.040000915527344,58.400001525878906,51.079322814941406,2151600
2015-03-20,59.459999084472656,59.81999969482422,59.0099983215332,59.31999969482422,51.88399887084961,3387600
2015-03-23,59.709999084472656,59.77000045776367,59.349998474121094,59.58000183105469,52.11140441894531,1430200
2015-03-24,59.75,60.0,59.47999954223633,59.779998779296875,52.28633117675781,1221900
2015-03-25,60.0,60.150001525878906,58.81999969482422,58.90999984741211,51.52538299560547,2281500
2015-03-26,58.900001525878906,58.900001525878906,57.91999816894531,57.95000076293945,50.685726165771484,2416900
2015-03-27,57.95000076293945,58.2599983215332,57.77000045776367,58.15999984741211,50.869407653808594,2056000
2015-03-30,58.45000076293945,58.540000915527344,58.130001068115234,58.130001068115234,50.84316635131836,1579800
2015-03-31,57.900001525878906,58.09000015258789,57.599998474121094,57.959999084472656,50.69447708129883,2307800
2015-04-01,58.27000045776367,59.06999969482422,58.22999954223633,58.939998626708984,51.551631927490234,2568400
2015-04-02,59.400001525878906,60.189998626708984,59.060001373291016,59.779998779296875,52.28633117675781,3562200
2015-04-06,60.34000015258789,61.47999954223633,60.15999984741211,60.9900016784668,53.34465789794922,6203700
2015-04-07,61.15999984741211,61.33000183105469,60.83000183105469,60.93000030517578,53.29216766357422,2062900
2015-04-08,61.380001068115234,61.619998931884766,60.779998779296875,60.95000076293945,53.30966567993164,2287900
2015-04-09,60.939998626708984,61.20000076293945,60.040000915527344,60.150001525878906,52.60995101928711,2196300
2015-04-10,59.93000030517578,60.06999969482422,59.63999938964844,59.75,52.26008605957031,1457300
2015-04-13,59.650001525878906,59.88999938964844,59.060001373291016,59.119998931884766,51.70906448364258,1640400
2015-04-14,59.529998779296875,59.900001525878906,59.38999938964844,59.560001373291016,52.09391403198242,1634600
2015-04-15,59.7400016784668,60.43000030517578,59.52000045776367,59.9900016784668,52.470001220703125,1701900
2015-04-16,60.08000183105469,60.709999084472656,59.72999954223633,60.52000045776367,52.933570861816406,2473800
2015-04-17,59.91999816894531,60.5099983215332,59.45000076293945,59.599998474121094,52.12889862060547,2694500
2015-04-20,59.52000045776367,59.68000030517578,59.0099983215332,59.18000030517578,51.76154327392578,1223600
2015-04-21,59.2599983215332,59.880001068115234,59.18000030517578,59.34000015258789,51.90148162841797,1049200
2015-04-22,59.459999084472656,59.4900016784668,59.099998474121094,59.2400016784668,51.814029693603516,1264000
2015-04-23,59.27000045776367,60.130001068115234,59.22999954223633,59.939998626708984,52.42626953125,1500000
2015-04-24,60.13999938964844,60.36000061035156,59.83000183105469,60.29999923706055,52.74114990234375,1657000
2015-04-27,60.34000015258789,60.72999954223633,60.0099983215332,60.18000030517578,52.63618850708008,1398300
2015-04-28,60.400001525878906,60.4900016784668,60.119998931884766,60.290000915527344,52.73240661621094,1471200
2015-04-29,59.84000015258789,60.209999084472656,59.709999084472656,59.83000183105469,52.3300666809082,1499600
2015-04-30,59.2400016784668,59.310001373291016,58.369998931884766,58.619998931884766,51.2717399597168,3507800
2015-05-01,58.709999084472656,58.83000183105469,57.939998626708984,58.33000183105469,51.018096923828125,2395400
2015-05-04,58.52000045776367,59.099998474121094,58.31999969482422,59.02000045776367,51.62159729003906,1632600
2015-05-05,59.06999969482422,59.9900016784668,59.029998779296875,59.209999084472656,51.78778076171875,2119900
2015-05-06,59.779998779296875,59.779998779296875,58.7599983215332,59.02000045776367,51.62159729003906,2474000
2015-05-07,59.040000915527344,59.20000076293945,58.81999969482422,58.880001068115234,51.499149322509766,2913700
2015-05-08,59.779998779296875,60.08000183105469,59.68000030517578,59.970001220703125,52.4525146484375,1869900
2015-05-11,59.880001068115234,60.25,59.189998626708984,59.380001068115234,51.93648147583008,1197000
2015-05-12,58.939998626708984,59.41999816894531,58.83000183105469,59.040000915527344,51.63909149169922,1216200
2015-05-13,59.709999084472656,59.90999984741211,59.290000915527344,59.29999923706055,51.86650466918945,1456500
2015-05-14,60.09000015258789,60.619998931884766,60.040000915527344,60.45000076293945,52.87234115600586,3943100
2015-05-15,60.34000015258789,60.91999816894531,60.209999084472656,60.869998931884766,53.23969268798828,1761800
2015-05-18,60.63999938964844,60.63999938964844,60.209999084472656,60.529998779296875,52.94231414794922,1327100
2015-05-19,60.34000015258789,60.369998931884766,59.91999816894531,60.0099983215332,52.48749923706055,2374600
2015-05-20,59.86000061035156,60.279998779296875,59.81999969482422,60.0,52.47875213623047,1183800
2015-05-21,59.83000183105469,59.970001220703125,59.61000061035156,59.66999816894531,52.19011688232422,1004000
2015-05-22,59.310001373291016,59.41999816894531,59.08000183105469,59.27000045776367,51.840267181396484,1998000
2015-05-26,58.97999954223633,59.18000030517578,58.45000076293945,58.560001373291016,51.21925354003906,1958600
2015-05-27,58.36000061035156,58.9900016784668,58.220001220703125,58.90999984741211,51.52538299560547,1432200
2015-05-28,58.40999984741211,58.91999816894531,58.349998474121094,58.900001525878906,51.516639709472656,1488400
2015-05-29,58.72999954223633,58.91999816894531,58.45000076293945,58.5099983215332,51.175533294677734,2099200
2015-06-01,58.63999938964844,58.63999938964844,58.029998779296875,58.18000030517578,50.886898040771484,1719900
2015-06-02,58.22999954223633,58.97999954223633,58.189998626708984,58.540000915527344,51.2017707824707,2179900
2015-06-03,58.38999938964844,58.540000915527344,58.040000915527344,58.08000183105469,50.799434661865234,1708100
2015-06-04,57.7599983215332,58.16999816894531,57.540000915527344,57.70000076293945,50.46706771850586,2175400
2015-06-05,57.16999816894531,57.47999954223633,56.93000030517578,57.040000915527344,49.88980484008789,2429300
2015-06-08,57.349998474121094,57.43000030517578,56.970001220703125,57.34000015258789,50.152198791503906,1998000
2015-06-09,57.439998626708984,57.7599983215332,57.31999969482422,57.45000076293945,50.2484016418457,1768800
2015-06-10,58.02000045776367,58.38999938964844,57.939998626708984,57.939998626708984,50.67698287963867,2284200
2015-06-11,57.97999954223633,58.529998779296875,57.970001220703125,58.380001068115234,51.06182098388672,1589300
2015-06-12,58.02000045776367,58.38999938964844,57.97999954223633,58.279998779296875,50.97435760498047,1072700
2015-06-15,57.81999969482422,58.0099983215332,57.5,57.83000183105469,50.580772399902344,1222400
2015-06-16,57.880001068115234,58.400001525878906,57.63999938964844,58.2400016784668,50.93937683105469,1386300
2015-06-17,58.29999923706055,59.040000915527344,58.08000183105469,58.79999923706055,51.42918395996094,2838900
2015-06-18,59.2599983215332,59.41999816894531,58.83000183105469,59.099998474121094,51.69157409667969,2078800
2015-06-19,59.060001373291016,59.29999923706055,58.77000045776367,58.84000015258789,51.46416091918945,2081000
2015-06-22,59.43000030517578,59.599998474121094,59.09000015258789,59.20000076293945,51.77903747558594,1501700
2015-06-23,59.04999923706055,59.27000045776367,59.04999923706055,59.220001220703125,51.79652786254883,1035900
2015-06-24,58.9900016784668,59.16999816894531,58.709999084472656,58.79999923706055,51.42918395996094,1258300
2015-06-25,58.4900016784668,58.599998474121094,58.290000915527344,58.36000061035156,51.40803909301758,1290000
2015-06-26,58.02000045776367,58.459999084472656,58.02000045776367,58.369998931884766,51.41685104370117,1039000
2015-06-29,57.790000915527344,57.790000915527344,56.849998474121094,56.91999816894531,50.13956832885742,2437000
2015-06-30,57.470001220703125,57.540000915527344,56.720001220703125,57.11000061035156,50.306941986083984,3844600
2015-07-01,57.189998626708984,57.27000045776367,56.689998626708984,56.75,49.989830017089844,1558800
2015-07-02,56.959999084472656,57.86000061035156,56.849998474121094,57.65999984741211,50.79143142700195,3423700
2015-07-06,56.59000015258789,57.279998779296875,56.4900016784668,57.040000915527344,50.24528884887695,2279800
2015-07-07,56.5,57.310001373291016,55.849998474121094,57.18000030517578,50.36860275268555,3341800
2015-07-08,56.61000061035156,56.88999938964844,56.31999969482422,56.34000015258789,49.628665924072266,2772100
2015-07-09,56.900001525878906,57.25,56.66999816894531,56.68000030517578,49.92816162109375,1741400
2015-07-10,57.2400016784668,57.77000045776367,57.15999984741211,57.40999984741211,50.57120132446289,1562400
2015-07-13,57.63999938964844,57.75,57.380001068115234,57.619998931884766,50.75618362426758,1551200
2015-07-14,57.720001220703125,58.15999984741211,57.5,57.970001220703125,51.06449890136719,1325300
2015-07-15,57.88999938964844,58.099998474121094,57.459999084472656,57.58000183105469,50.720943450927734,1210000
2015-07-16,57.97999954223633,58.02000045776367,57.709999084472656,57.7599983215332,50.8795051574707,1498400
2015-07-17,57.209999084472656,57.720001220703125,57.0,57.33000183105469,50.50074005126953,2294400
2015-07-20,57.099998474121094,57.52000045776367,56.88999938964844,57.29999923706055,50.474308013916016,1480500
2015-07-21,57.38999938964844,57.560001373291016,57.18000030517578,57.25,50.430259704589844,1209000
2015-07-22,56.7400016784668,56.869998931884766,55.790000915527344,55.90999984741211,49.24988555908203,3345600
2015-07-23,55.869998931884766,56.27000045776367,55.68000030517578,55.959999084472656,49.29393005371094,3427500
2015-07-24,55.630001068115234,55.63999938964844,54.90999984741211,54.9900016784668,48.43948745727539,4852000
2015-07-27,54.66999816894531,54.79999923706055,54.20000076293945,54.31999969482422,47.84928894042969,2897300
2015-07-28,54.65999984741211,54.93000030517578,54.47999954223633,54.849998474121094,48.31614685058594,3867900
2015-07-29,54.93000030517578,55.61000061035156,54.7599983215332,55.18000030517578,48.606842041015625,2028400
2015-07-30,54.869998931884766,55.22999954223633,54.22999954223633,55.08000183105469,48.51875686645508,2381300
2015-07-31,55.93000030517578,56.439998626708984,55.77000045776367,56.34000015258789,49.628665924072266,3297500
2015-08-03,56.060001373291016,56.38999938964844,55.88999938964844,56.33000183105469,49.619850158691406,3102000
2015-08-04,56.43000030517578,56.75,56.2400016784668,56.43000030517578,49.70793533325195,1994100
2015-08-05,56.61000061035156,56.63999938964844,55.630001068115234,55.70000076293945,49.064903259277344,2365500
2015-08-06,55.790000915527344,55.939998626708984,55.68000030517578,55.779998779296875,49.13536834716797,1680100
2015-08-07,55.65999984741211,56.38999938964844,55.65999984741211,56.290000915527344,49.58462142944336,1811900
2015-08-10,56.43000030517578,56.959999084472656,56.27000045776367,56.84000015258789,50.06909942626953,1624600
2015-08-11,56.279998779296875,56.279998779296875,55.27000045776367,55.400001525878906,48.800628662109375,2719100
2015-08-12,55.38999938964844,55.38999938964844,54.290000915527344,54.97999954223633,48.430667877197266,3056300
2015-08-13,54.900001525878906,55.119998931884766,54.2599983215332,54.310001373291016,47.84048080444336,2093200
2015-08-14,54.33000183105469,54.75,54.22999954223633,54.290000915527344,47.82286071777344,1003400
2015-08-17,53.880001068115234,54.5099983215332,53.81999969482422,54.38999938964844,47.91094970703125,1189300
2015-08-18,54.0099983215332,54.599998474121094,53.91999816894531,54.22999954223633,47.7700080871582,3244300
2015-08-19,54.04999923706055,54.04999923706055,53.09000015258789,53.22999954223633,46.88913345336914,4043100
2015-08-20,52.369998931884766,52.72999954223633,52.16999816894531,52.36000061035156,46.122772216796875,2717000
2015-08-21,51.439998626708984,51.880001068115234,50.5,50.529998779296875,44.510765075683594,4469200
2015-08-24,48.119998931884766,49.810001373291016,46.34000015258789,48.90999984741211,43.083736419677734,10020900
2015-08-25,49.880001068115234,50.95000076293945,49.41999816894531,49.439998626708984,43.55060577392578,4728800
2015-08-26,50.41999816894531,50.560001373291016,49.220001220703125,50.47999954223633,44.46672821044922,5692500
2015-08-27,50.97999954223633,52.470001220703125,50.86000061035156,52.439998626708984,46.1932373046875,5302900
2015-08-28,52.08000183105469,52.79999923706055,51.79999923706055,52.43000030517578,46.18443298339844,2549200
2015-08-31,51.90999984741211,52.91999816894531,51.38999938964844,52.849998474121094,46.55439758300781,3340800
2015-09-01,51.31999969482422,52.130001068115234,51.11000061035156,51.25,45.144996643066406,3828100
2015-09-02,51.7599983215332,52.0099983215332,51.150001525878906,51.880001068115234,45.69994354248047,3374000
2015-09-03,52.0,52.869998931884766,51.84000015258789,52.16999816894531,45.95540237426758,2810600
2015-09-04,51.58000183105469,51.9900016784668,51.02000045776367,51.25,45.144996643066406,2434100
2015-09-08,52.08000183105469,52.20000076293945,51.84000015258789,52.04999923706055,45.849693298339844,1753100
2015-09-09,52.650001525878906,52.84000015258789,51.599998474121094,51.63999938964844,45.48853302001953,1579700
2015-09-10,51.599998474121094,52.2599983215332,51.41999816894531,52.04999923706055,45.849693298339844,1865600
2015-09-11,51.88999938964844,52.209999084472656,51.709999084472656,51.900001525878906,45.717567443847656,941900
2015-09-14,51.79999923706055,52.25,51.619998931884766,52.18000030517578,45.96420669555664,1459200
2015-09-15,52.369998931884766,52.790000915527344,52.130001068115234,52.68000030517578,46.4046516418457,1499900
2015-09-16,53.47999954223633,54.36000061035156,53.279998779296875,54.11000061035156,47.664302825927734,3594200
2015-09-17,53.75,54.869998931884766,53.400001525878906,53.790000915527344,47.38243103027344,4975400
2015-09-18,53.619998931884766,53.7400016784668,53.08000183105469,53.25,46.9067497253418,2144600
2015-09-21,53.43000030517578,53.52000045776367,53.0099983215332,53.2400016784668,46.897945404052734,1378900
2015-09-22,52.209999084472656,52.459999084472656,52.02000045776367,52.25,46.025875091552734,1557600
2015-09-23,52.11000061035156,52.290000915527344,51.2599983215332,51.310001373291016,45.197845458984375,2081600
2015-09-24,50.310001373291016,51.599998474121094,50.209999084472656,51.4900016784668,45.356407165527344,3938500
2015-09-25,51.88999938964844,51.88999938964844,50.810001373291016,50.970001220703125,44.89834976196289,2883000
2015-09-28,50.779998779296875,51.0,49.90999984741211,50.060001373291016,44.09674835205078,3113800
2015-09-29,50.31999969482422,50.7400016784668,50.099998474121094,50.560001373291016,44.53718948364258,2075100
2015-09-30,51.380001068115234,51.59000015258789,51.15999984741211,51.560001373291016,45.41807174682617,3093300
2015-10-01,51.810001373291016,51.97999954223633,51.209999084472656,51.470001220703125,45.33879470825195,2515000
2015-10-02,50.84000015258789,52.06999969482422,50.779998779296875,52.060001373291016,45.8585090637207,2237300
2015-10-05,52.5099983215332,53.150001525878906,52.5099983215332,53.060001373291016,46.7393798828125,2253200
2015-10-06,53.220001220703125,53.560001373291016,53.06999969482422,53.38999938964844,47.03007507324219,1613100
2015-10-07,54.0,54.650001525878906,53.529998779296875,53.83000183105469,47.417667388916016,3587700
2015-10-08,53.83000183105469,54.720001220703125,53.72999954223633,54.61000061035156,48.104740142822266,2317900
2015-10-09,54.849998474121094,55.29999923706055,54.79999923706055,54.97999954223633,48.430667877197266,2295400
2015-10-12,55.119998931884766,55.33000183105469,54.59000015258789,54.65999984741211,48.14878845214844,1793800
2015-10-13,54.150001525878906,54.720001220703125,53.939998626708984,54.16999816894531,47.71715545654297,1755000
2015-10-14,54.36000061035156,54.619998931884766,54.0,54.38999938964844,47.91094970703125,1971800
2015-10-15,54.81999969482422,54.9900016784668,54.20000076293945,54.869998931884766,48.333770751953125,1905100
2015-10-16,54.970001220703125,55.290000915527344,54.689998626708984,55.150001525878906,48.580421447753906,2415700
2015-10-19,54.779998779296875,54.97999954223633,54.459999084472656,54.95000076293945,48.404239654541016,1742200
2015-10-20,54.630001068115234,54.91999816894531,54.400001525878906,54.880001068115234,48.34258270263672,1403700
2015-10-21,54.72999954223633,54.7400016784668,54.2400016784668,54.34000015258789,47.866905212402344,1358700
2015-10-22,54.90999984741211,55.65999984741211,54.61000061035156,55.22999954223633,48.6508903503418,2350900
2015-10-23,55.459999084472656,55.54999923706055,55.04999923706055,55.099998474121094,48.53636932373047,2583800
2015-10-26,55.310001373291016,55.5099983215332,55.150001525878906,55.369998931884766,48.77421951293945,1709400
2015-10-27,55.08000183105469,55.13999938964844,54.75,54.93000030517578,48.386627197265625,1928100
2015-10-28,55.040000915527344,55.470001220703125,54.31999969482422,54.66999816894531,48.157588958740234,2621800
2015-10-29,54.34000015258789,54.68000030517578,54.29999923706055,54.400001525878906,47.91976547241211,2265200
2015-10-30,54.709999084472656,54.88999938964844,54.36000061035156,54.720001220703125,48.201637268066406,2052000
2015-11-02,54.849998474121094,55.38999938964844,54.849998474121094,55.2599983215332,48.677310943603516,2051000
2015-11-03,55.06999969482422,56.400001525878906,55.0,56.11000061035156,49.42605972290039,3083800
2015-11-04,56.150001525878906,56.34000015258789,55.54999923706055,55.70000076293945,49.064903259277344,2096800
2015-11-05,55.54999923706055,55.84000015258789,55.130001068115234,55.150001525878906,48.580421447753906,1538600
2015-11-06,54.380001068115234,54.709999084472656,53.90999984741211,54.529998779296875,48.03427505493164,2609600
2015-11-09,54.189998626708984,54.290000915527344,53.18000030517578,53.56999969482422,47.188636779785156,3647700
2015-11-10,53.45000076293945,53.790000915527344,53.22999954223633,53.70000076293945,47.30315017700195,1691700
2015-11-11,53.88999938964844,54.15999984741211,53.630001068115234,53.900001525878906,47.47932815551758,1913400
2015-11-12,53.5099983215332,53.849998474121094,53.310001373291016,53.40999984741211,47.047691345214844,1765300
2015-11-13,53.38999938964844,53.470001220703125,52.790000915527344,52.9900016784668,46.67772674560547,2693800
2015-11-16,52.720001220703125,53.56999969482422,52.529998779296875,53.540000915527344,47.162200927734375,2627700
2015-11-17,53.5099983215332,53.70000076293945,53.130001068115234,53.540000915527344,47.162200927734375,2078100
2015-11-18,53.56999969482422,54.16999816894531,53.459999084472656,54.060001373291016,47.620262145996094,1356000
2015-11-19,54.599998474121094,55.060001373291016,54.58000183105469,54.880001068115234,48.34258270263672,3074000
2015-11-20,55.310001373291016,55.79999923706055,55.15999984741211,55.5,48.88872528076172,2143400
2015-11-23,55.459999084472656,55.63999938964844,55.189998626708984,55.20000076293945,48.62446212768555,1668300
2015-11-24,55.040000915527344,55.5,54.95000076293945,55.130001068115234,48.562801361083984,2150500
2015-11-25,55.08000183105469,55.08000183105469,54.4900016784668,54.66999816894531,48.157588958740234,1883700
2015-11-27,54.66999816894531,54.70000076293945,54.16999816894531,54.2599983215332,47.79644012451172,1368300
2015-11-30,54.310001373291016,54.65999984741211,53.52000045776367,53.59000015258789,47.20624923706055,3218400
2015-12-01,53.9900016784668,54.459999084472656,53.79999923706055,54.400001525878906,47.91976547241211,2799100
2015-12-02,54.15999984741211,54.380001068115234,53.290000915527344,53.43000030517578,47.065311431884766,2337500
2015-12-03,53.43000030517578,54.0,52.15999984741211,52.5099983215332,46.2548942565918,3493000
2015-12-04,52.540000915527344,53.0099983215332,52.34000015258789,52.79999923706055,46.51036071777344,2862300
2015-12-07,52.22999954223633,52.349998474121094,51.58000183105469,51.68000030517578,45.52376937866211,2277400
2015-12-08,50.93000030517578,51.13999938964844,50.63999938964844,50.81999969482422,44.76621627807617,3894700
2015-12-09,50.720001220703125,51.650001525878906,50.70000076293945,50.849998474121094,44.792640686035156,2954400
2015-12-10,50.88999938964844,51.040000915527344,50.439998626708984,50.5,44.48433303833008,2855200
2015-12-11,49.65999984741211,49.849998474121094,49.25,49.279998779296875,43.409664154052734,3372300
2015-12-14,49.52000045776367,49.52000045776367,48.66999816894531,49.5,43.60345458984375,3589500
2015-12-15,50.13999938964844,51.34000015258789,50.13999938964844,51.130001068115234,45.03929138183594,3941600
2015-12-16,51.470001220703125,52.2599983215332,51.31999969482422,52.13999938964844,45.928985595703125,3692200
2015-12-17,52.150001525878906,52.5099983215332,51.61000061035156,52.119998931884766,45.91135787963867,2605500
2015-12-18,52.040000915527344,52.16999816894531,51.18000030517578,51.310001373291016,45.197845458984375,4108200
2015-12-21,50.72999954223633,51.439998626708984,50.72999954223633,50.90999984741211,45.21294403076172,1836600
2015-12-22,51.189998626708984,51.38999938964844,50.97999954223633,51.08000183105469,45.363922119140625,1838800
2015-12-23,51.27000045776367,51.650001525878906,50.900001525878906,51.16999816894531,45.443851470947266,2225100
2015-12-24,51.15999984741211,51.43000030517578,50.900001525878906,50.939998626708984,45.23958969116211,514100
2015-12-28,50.880001068115234,51.09000015258789,50.79999923706055,50.86000061035156,45.16853713989258,1190200
2015-12-29,50.959999084472656,51.220001220703125,50.47999954223633,50.540000915527344,45.178367614746094,1238500
2015-12-30,50.38999938964844,50.47999954223633,49.650001525878906,49.75,44.47218704223633,2126300
2015-12-31,49.77000045776367,50.33000183105469,49.75,49.83000183105469,44.543701171875,962900
2016-01-04,49.150001525878906,49.4900016784668,48.529998779296875,49.06999969482422,43.86431884765625,3181600
2016-01-05,49.13999938964844,49.38999938964844,48.709999084472656,48.91999816894531,43.73023223876953,1941300
2016-01-06,48.16999816894531,48.52000045776367,47.869998931884766,47.91999816894531,42.8363151550293,2006000
2016-01-07,46.779998779296875,47.31999969482422,46.040000915527344,46.04999923706055,41.16469955444336,3067600
2016-01-08,46.2400016784668,46.83000183105469,45.34000015258789,45.369998931884766,40.55684280395508,2977800
2016-01-11,45.81999969482422,46.209999084472656,45.459999084472656,46.0099983215332,41.12894821166992,2520900
2016-01-12,46.470001220703125,46.790000915527344,45.93000030517578,46.29999923706055,41.38818359375,1783300
2016-01-13,46.61000061035156,46.880001068115234,45.560001373291016,46.0099983215332,41.12894821166992,2229500
2016-01-14,46.2599983215332,46.66999816894531,45.720001220703125,46.459999084472656,41.53120803833008,2408400
2016-01-15,44.91999816894531,45.27000045776367,44.31999969482422,44.790000915527344,40.03837203979492,4655300
2016-01-19,45.33000183105469,45.459999084472656,44.529998779296875,44.91999816894531,40.154579162597656,3219100
2016-01-20,44.15999984741211,44.459999084472656,43.16999816894531,44.349998474121094,39.645050048828125,3395000
2016-01-21,44.380001068115234,44.869998931884766,44.02000045776367,44.13999938964844,39.45732498168945,3026100
2016-01-22,45.58000183105469,45.93000030517578,45.130001068115234,45.4900016784668,40.66411590576172,3056400
2016-01-25,45.16999816894531,45.31999969482422,44.599998474121094,44.619998931884766,39.886409759521484,1937600
2016-01-26,45.04999923706055,45.779998779296875,45.0099983215332,45.720001220703125,40.869712829589844,2142700
2016-01-27,45.68000030517578,46.310001373291016,45.27000045776367,45.630001068115234,40.78925323486328,3074300
2016-01-28,46.720001220703125,46.7400016784668,45.90999984741211,46.4900016784668,41.55802536010742,3527100
2016-01-29,47.04999923706055,48.40999984741211,46.869998931884766,48.38999938964844,43.2564582824707,3464900
2016-02-01,47.58000183105469,48.20000076293945,47.11000061035156,48.119998931884766,43.01510238647461,2219000
2016-02-02,47.400001525878906,47.41999816894531,46.4900016784668,46.72999954223633,41.77256393432617,2800200
2016-02-03,47.31999969482422,47.86000061035156,46.380001068115234,47.81999969482422,42.746925354003906,3082900
2016-02-04,48.18000030517578,49.11000061035156,48.02000045776367,48.29999923706055,43.176002502441406,3052500
2016-02-05,47.95000076293945,48.04999923706055,46.93000030517578,47.11000061035156,42.11225509643555,1582100
2016-02-08,46.40999984741211,46.540000915527344,45.7400016784668,46.119998931884766,41.2272834777832,2263800
2016-02-09,45.38999938964844,46.02000045776367,44.95000076293945,45.33000183105469,40.52108383178711,2671600
2016-02-10,45.599998474121094,46.0099983215332,45.04999923706055,45.349998474121094,40.53897476196289,2232700
2016-02-11,44.369998931884766,44.66999816894531,43.41999816894531,44.150001525878906,39.46626663208008,5488200
2016-02-12,44.75,45.209999084472656,44.400001525878906,45.189998626708984,40.395931243896484,2146800
2016-02-16,46.189998626708984,46.439998626708984,45.7400016784668,46.0099983215332,41.12894821166992,1857700
2016-02-17,46.5099983215332,48.29999923706055,46.43000030517578,47.7599983215332,42.693302154541016,3952100
2016-02-18,48.63999938964844,48.7400016784668,47.70000076293945,47.849998474121094,42.773746490478516,2489600
2016-02-19,47.79999923706055,48.08000183105469,47.529998779296875,47.810001373291016,42.73799133300781,2260800
2016-02-22,48.599998474121094,48.83000183105469,48.529998779296875,48.63999938964844,43.47994613647461,1695400
2016-02-23,48.29999923706055,48.540000915527344,47.66999816894531,47.72999954223633,42.666473388671875,2167300
2016-02-24,47.20000076293945,47.97999954223633,46.59000015258789,47.810001373291016,42.73799133300781,2695800
2016-02-25,48.13999938964844,48.38999938964844,47.63999938964844,48.349998474121094,43.220706939697266,1388700
2016-02-26,48.709999084472656,48.86000061035156,47.81999969482422,47.849998474121094,42.773746490478516,2079700
2016-02-29,48.290000915527344,48.70000076293945,48.08000183105469,48.47999954223633,43.3369140625,1638500
2016-03-01,49.380001068115234,49.93000030517578,48.959999084472656,49.900001525878906,44.60627746582031,2050000
2016-03-02,49.75,50.66999816894531,49.68000030517578,50.650001525878906,45.276702880859375,4965100
2016-03-03,50.380001068115234,50.779998779296875,50.130001068115234,50.43000030517578,45.080047607421875,2062500
2016-03-04,51.060001373291016,51.599998474121094,50.86000061035156,50.9900016784668,45.58063507080078,7585700
2016-03-07,50.689998626708984,51.54999923706055,50.61000061035156,51.369998931884766,45.920318603515625,1977400
2016-03-08,50.81999969482422,50.81999969482422,50.04999923706055,50.09000015258789,44.77610778808594,2740600
2016-03-09,50.77000045776367,50.91999816894531,50.41999816894531,50.689998626708984,45.312461853027344,2316700
2016-03-10,50.849998474121094,50.93000030517578,49.54999923706055,50.380001068115234,45.03534698486328,2362900
2016-03-11,50.9900016784668,51.5099983215332,50.880001068115234,51.27000045776367,45.8309326171875,3902800
2016-03-14,51.060001373291016,51.08000183105469,50.720001220703125,50.88999938964844,45.491241455078125,1239100
2016-03-15,50.45000076293945,50.5099983215332,49.970001220703125,50.060001373291016,44.749298095703125,2072000
2016-03-16,49.79999923706055,51.47999954223633,49.77000045776367,51.40999984741211,45.956077575683594,2719100
2016-03-17,52.0,53.0099983215332,51.810001373291016,52.869998931884766,47.26119613647461,3181300
2016-03-18,53.369998931884766,53.88999938964844,52.810001373291016,52.9900016784668,47.368465423583984,4189500
2016-03-21,52.939998626708984,53.59000015258789,52.68000030517578,53.0099983215332,47.38633728027344,1708600
2016-03-22,52.689998626708984,53.349998474121094,52.5099983215332,53.18000030517578,47.53831100463867,2247800
2016-03-23,52.81999969482422,52.849998474121094,52.22999954223633,52.470001220703125,46.903629302978516,2386500
2016-03-24,51.9900016784668,52.540000915527344,51.7599983215332,52.34000015258789,46.787418365478516,1848700
2016-03-28,52.66999816894531,52.97999954223633,52.650001525878906,52.90999984741211,47.29694366455078,1398800
2016-03-29,52.75,53.709999084472656,52.41999816894531,53.65999984741211,47.96738052368164,1930600
2016-03-30,54.31999969482422,54.56999969482422,54.06999969482422,54.119998931884766,48.37858200073242,2808800
2016-03-31,54.41999816894531,54.689998626708984,53.33000183105469,53.70000076293945,48.003143310546875,2116000
2016-04-01,52.77000045776367,53.79999923706055,52.619998931884766,53.68000030517578,47.985260009765625,1892900
2016-04-04,53.70000076293945,53.75,52.72999954223633,52.959999084472656,47.34164047241211,2176200
2016-04-05,51.9900016784668,52.189998626708984,51.5,51.61000061035156,46.134864807128906,2088100
2016-04-06,51.31999969482422,52.060001373291016,51.150001525878906,52.04999923706055,46.52817916870117,2213500
2016-04-07,51.310001373291016,51.439998626708984,50.56999969482422,50.95000076293945,45.54487991333008,2313200
2016-04-08,51.779998779296875,51.9900016784668,51.08000183105469,51.220001220703125,45.78623962402344,1774700
2016-04-11,51.779998779296875,52.189998626708984,51.5,51.529998779296875,46.0633430480957,2521400
2016-04-12,51.84000015258789,52.66999816894531,51.43000030517578,52.56999969482422,46.99301528930664,2508000
2016-04-13,52.869998931884766,52.97999954223633,52.54999923706055,52.90999984741211,47.29694366455078,1630700
2016-04-14,53.2400016784668,53.40999984741211,52.9900016784668,53.02000045776367,47.395286560058594,1187100
2016-04-15,52.709999084472656,52.9900016784668,52.4900016784668,52.4900016784668,46.921504974365234,1313500
2016-04-18,52.349998474121094,52.959999084472656,52.13999938964844,52.40999984741211,46.8499870300293,1543000
2016-04-19,52.97999954223633,53.95000076293945,52.88999938964844,53.84000015258789,48.1282844543457,2630000
2016-04-20,53.709999084472656,54.040000915527344,53.380001068115234,53.7599983215332,48.056766510009766,1657100
2016-04-21,53.43000030517578,53.619998931884766,52.91999816894531,52.95000076293945,47.33270263671875,1378200
2016-04-22,53.0099983215332,53.58000183105469,52.9900016784668,53.029998779296875,47.40421676635742,1467200
2016-04-25,52.689998626708984,52.97999954223633,52.34000015258789,52.529998779296875,46.9572639465332,1664600
2016-04-26,53.13999938964844,53.36000061035156,52.720001220703125,53.33000183105469,47.672393798828125,1479100
2016-04-27,53.220001220703125,54.09000015258789,53.18000030517578,54.060001373291016,48.324951171875,1701100
2016-04-28,53.599998474121094,54.08000183105469,53.2599983215332,53.400001525878906,47.734962463378906,1580800
2016-04-29,53.97999954223633,54.310001373291016,53.59000015258789,54.040000915527344,48.30707550048828,2040700
2016-05-02,54.33000183105469,54.33000183105469,53.599998474121094,53.97999954223633,48.2534294128418,1429400
2016-05-03,52.95000076293945,53.09000015258789,52.310001373291016,52.5,46.93044662475586,2641400
2016-05-04,51.720001220703125,51.900001525878906,51.380001068115234,51.66999816894531,46.18849182128906,2643500
2016-05-05,52.15999984741211,52.189998626708984,51.13999938964844,51.220001220703125,45.78623962402344,3087700
2016-05-06,50.720001220703125,51.41999816894531,50.630001068115234,51.380001068115234,45.92926025390625,2261300
2016-05-09,50.779998779296875,50.869998931884766,49.95000076293945,50.43000030517578,45.080047607421875,2752000
2016-05-10,50.7599983215332,51.560001373291016,50.63999938964844,51.529998779296875,46.0633430480957,1810300
2016-05-11,51.040000915527344,51.720001220703125,51.029998779296875,51.310001373291016,45.8666877746582,1420600
2016-05-12,51.779998779296875,52.02000045776367,51.130001068115234,51.5,46.03653335571289,1914700
2016-05-13,51.150001525878906,51.380001068115234,50.540000915527344,50.61000061035156,45.24094772338867,1829200
2016-05-16,50.68000030517578,51.25,50.68000030517578,50.959999084472656,45.55381393432617,1451600
2016-05-17,50.540000915527344,50.88999938964844,50.290000915527344,50.79999923706055,45.41079330444336,2060600
2016-05-18,50.310001373291016,50.619998931884766,49.75,50.0099983215332,44.70460510253906,2865400
2016-05-19,49.58000183105469,49.79999923706055,49.040000915527344,49.4900016784668,44.239768981933594,2150200
2016-05-20,49.84000015258789,50.11000061035156,49.7599983215332,49.959999084472656,44.65990447998047,1400100
2016-05-23,49.650001525878906,49.959999084472656,49.40999984741211,49.5099983215332,44.25764083862305,1701500
2016-05-24,49.88999938964844,49.97999954223633,49.58000183105469,49.84000015258789,44.552635192871094,1575800
2016-05-25,50.29999923706055,50.689998626708984,50.06999969482422,50.18000030517578,44.8565673828125,1843900
2016-05-26,50.43000030517578,50.630001068115234,50.119998931884766,50.52000045776367,45.16049575805664,1862800
2016-05-27,50.400001525878906,50.79999923706055,50.279998779296875,50.54999923706055,45.187313079833984,1397100
2016-05-31,50.5,50.709999084472656,49.75,49.880001068115234,44.58839416503906,2137400
2016-06-01,49.33000183105469,49.86000061035156,49.2400016784668,49.79999923706055,44.51688003540039,2131400
2016-06-02,49.33000183105469,49.77000045776367,49.290000915527344,49.36000061035156,44.123558044433594,2168700
2016-06-03,49.79999923706055,50.060001373291016,49.52000045776367,49.81999969482422,44.534751892089844,1951200
2016-06-06,50.04999923706055,50.27000045776367,49.709999084472656,49.810001373291016,44.525814056396484,1924100
2016-06-07,50.02000045776367,50.880001068115234,50.02000045776367,50.79999923706055,45.41079330444336,2083700
2016-06-08,51.63999938964844,51.970001220703125,51.47999954223633,51.720001220703125,46.23319625854492,2965900
2016-06-09,51.150001525878906,51.380001068115234,50.66999816894531,50.689998626708984,45.312461853027344,2263800
2016-06-10,49.7599983215332,49.959999084472656,48.90999984741211,49.11000061035156,43.90008544921875,3105600
2016-06-13,48.59000015258789,48.709999084472656,48.150001525878906,48.2599983215332,43.1402473449707,2318700
2016-06-14,47.709999084472656,48.06999969482422,47.34000015258789,47.63999938964844,42.586021423339844,3962000
2016-06-15,47.970001220703125,48.630001068115234,47.869998931884766,48.18000030517578,43.0687370300293,3038400
2016-06-16,47.849998474121094,48.380001068115234,47.290000915527344,48.349998474121094,43.220706939697266,2750300
2016-06-17,48.56999969482422,48.83000183105469,48.36000061035156,48.689998626708984,43.52463150024414,2370600
2016-06-20,49.75,49.90999984741211,49.41999816894531,49.529998779296875,44.27552032470703,2466900
2016-06-21,49.880001068115234,49.91999816894531,49.209999084472656,49.59000015258789,44.32915496826172,2730300
2016-06-22,49.279998779296875,49.61000061035156,49.029998779296875,49.56999969482422,44.83475112915039,2815400
2016-06-23,50.56999969482422,50.709999084472656,50.040000915527344,50.709999084472656,45.8658561706543,2207600
2016-06-24,47.529998779296875,48.56999969482422,47.25,47.33000183105469,42.80873489379883,5664100
2016-06-27,47.060001373291016,47.2599983215332,45.91999816894531,46.310001373291016,41.886173248291016,4732800
2016-06-28,47.33000183105469,47.79999923706055,47.290000915527344,47.65999984741211,43.107208251953125,3121100
2016-06-29,48.459999084472656,49.400001525878906,48.43000030517578,49.34000015258789,44.626731872558594,2708500
2016-06-30,49.40999984741211,50.400001525878906,49.29999923706055,50.369998931884766,45.5583381652832,3471100
2016-07-01,50.59000015258789,51.040000915527344,50.130001068115234,50.5099983215332,45.68496322631836,2269500
2016-07-05,49.630001068115234,49.91999816894531,48.790000915527344,48.79999923706055,44.1383171081543,2794700
2016-07-06,48.63999938964844,48.66999816894531,47.84000015258789,48.5,43.86697006225586,3433300
2016-07-07,48.77000045776367,48.90999984741211,48.099998474121094,48.40999984741211,43.78556442260742,1907100
2016-07-08,49.0,49.72999954223633,48.779998779296875,49.689998626708984,44.94328689575195,2097100
2016-07-11,50.290000915527344,50.540000915527344,49.880001068115234,50.060001373291016,45.27794647216797,2492600
2016-07-12,50.91999816894531,51.13999938964844,50.709999084472656,50.869998931884766,46.01057434082031,2145900
2016-07-13,51.06999969482422,51.13999938964844,50.400001525878906,50.52000045776367,45.69400405883789,2031400
2016-07-14,51.119998931884766,51.439998626708984,50.77000045776367,50.83000183105469,45.974388122558594,3542400
2016-07-15,50.66999816894531,50.91999816894531,50.41999816894531,50.650001525878906,45.81158447265625,1888200
2016-07-18,50.47999954223633,51.31999969482422,50.41999816894531,51.31999969482422,46.41758346557617,2063100
2016-07-19,50.75,51.029998779296875,50.65999984741211,50.90999984741211,46.0467529296875,1569100
2016-07-20,50.83000183105469,51.209999084472656,50.56999969482422,51.16999816894531,46.28190994262695,1872800
2016-07-21,50.9900016784668,51.38999938964844,50.849998474121094,51.060001373291016,46.18242645263672,1793300
2016-07-22,51.09000015258789,51.43000030517578,50.91999816894531,51.36000061035156,46.453765869140625,1072400
2016-07-25,51.0,51.119998931884766,50.13999938964844,50.189998626708984,45.395530700683594,1982400
2016-07-26,50.279998779296875,50.4900016784668,49.970001220703125,50.029998779296875,45.25081253051758,1275200
2016-07-27,50.20000076293945,50.56999969482422,49.279998779296875,49.7599983215332,45.00659942626953,2832400
2016-07-28,49.68000030517578,49.77000045776367,49.040000915527344,49.52000045776367,44.78954315185547,1913700
2016-07-29,49.59000015258789,49.790000915527344,49.220001220703125,49.68000030517578,44.93424987792969,3701500
2016-08-01,49.5,49.810001373291016,49.41999816894531,49.540000915527344,44.807621002197266,2109400
2016-08-02,49.65999984741211,49.810001373291016,48.7599983215332,49.15999984741211,44.463932037353516,3974000
2016-08-03,49.060001373291016,49.709999084472656,48.900001525878906,49.63999938964844,44.898067474365234,2308500
2016-08-04,49.79999923706055,49.939998626708984,49.47999954223633,49.61000061035156,44.870933532714844,1916600
2016-08-05,49.90999984741211,50.47999954223633,49.599998474121094,50.36000061035156,45.549285888671875,2168400
2016-08-08,50.720001220703125,51.380001068115234,50.709999084472656,51.02000045776367,46.146240234375,1798600
2016-08-09,51.45000076293945,52.0099983215332,51.38999938964844,51.7400016784668,46.79746627807617,3869200
2016-08-10,52.25,52.31999969482422,51.86000061035156,51.9900016784668,47.02358627319336,3043700
2016-08-11,52.45000076293945,53.220001220703125,52.349998474121094,52.97999954223633,47.919010162353516,4354300
2016-08-12,53.25,53.459999084472656,52.61000061035156,52.959999084472656,47.900917053222656,2869400
2016-08-15,53.470001220703125,54.25,53.470001220703125,53.79999923706055,48.66067886352539,4386100
2016-08-16,53.97999954223633,54.150001525878906,53.54999923706055,53.619998931884766,48.49787521362305,2901600
2016-08-17,53.22999954223633,53.27000045776367,52.54999923706055,53.04999923706055,47.98232650756836,2862100
2016-08-18,53.220001220703125,53.5,52.970001220703125,53.349998474121094,48.253665924072266,1932900
2016-08-19,52.86000061035156,53.11000061035156,52.560001373291016,52.90999984741211,47.85569381713867,2323600
2016-08-22,52.66999816894531,52.790000915527344,52.18000030517578,52.619998931884766,47.59339904785156,1708300
2016-08-23,52.900001525878906,53.11000061035156,51.279998779296875,51.36000061035156,46.453765869140625,5449000
2016-08-24,51.2599983215332,51.810001373291016,51.18000030517578,51.70000076293945,46.76128387451172,2868900
2016-08-25,51.63999938964844,51.970001220703125,51.56999969482422,51.95000076293945,46.987403869628906,1899500
2016-08-26,52.16999816894531,52.900001525878906,50.77000045776367,51.06999969482422,46.19146728515625,4499800
2016-08-29,51.04999923706055,51.380001068115234,50.959999084472656,51.2599983215332,46.36331558227539,2122600
2016-08-30,51.150001525878906,51.36000061035156,50.400001525878906,50.7400016784668,45.89299011230469,2174100
2016-08-31,50.45000076293945,50.689998626708984,50.119998931884766,50.470001220703125,45.648780822753906,2729300
2016-09-01,50.27000045776367,50.7400016784668,50.04999923706055,50.720001220703125,45.874900817871094,2670600
2016-09-02,51.43000030517578,51.810001373291016,51.06999969482422,51.47999954223633,46.56230545043945,5192500
2016-09-06,51.88999938964844,52.040000915527344,51.560001373291016,52.0099983215332,47.04166793823242,5188400
2016-09-07,52.0,52.060001373291016,51.349998474121094,51.529998779296875,46.607521057128906,3308300
2016-09-08,51.650001525878906,51.91999816894531,50.65999984741211,50.72999954223633,45.88394546508789,2967000
2016-09-09,50.02000045776367,50.220001220703125,49.18000030517578,49.189998626708984,44.491058349609375,3479200
2016-09-12,48.470001220703125,49.66999816894531,48.060001373291016,49.459999084472656,44.735267639160156,5069100
2016-09-13,48.66999816894531,48.81999969482422,47.91999816894531,48.310001373291016,43.69512176513672,6052400
2016-09-14,48.029998779296875,48.38999938964844,47.529998779296875,47.68000030517578,43.12529754638672,5613200
2016-09-15,47.68000030517578,47.849998474121094,47.29999923706055,47.43000030517578,42.899173736572266,6066900
2016-09-16,46.97999954223633,46.9900016784668,46.220001220703125,46.77000045776367,42.30223846435547,4777200
2016-09-19,46.959999084472656,46.970001220703125,46.599998474121094,46.720001220703125,42.25701141357422,4103100
2016-09-20,46.939998626708984,47.0,46.56999969482422,46.650001525878906,42.193687438964844,3570100
2016-09-21,46.84000015258789,47.70000076293945,46.7400016784668,47.61000061035156,43.061988830566406,5730900
2016-09-22,48.400001525878906,48.86000061035156,48.15999984741211,48.70000076293945,44.04785919189453,6549600
2016-09-23,48.529998779296875,48.529998779296875,47.7599983215332,47.900001525878906,43.32429122924805,5038200
2016-09-26,47.84000015258789,47.97999954223633,47.130001068115234,47.15999984741211,42.65497589111328,5140300
2016-09-27,47.869998931884766,49.029998779296875,47.5,48.95000076293945,44.27397918701172,4722500
2016-09-28,48.95000076293945,49.599998474121094,48.52000045776367,49.470001220703125,44.74431610107422,3865700
2016-09-29,49.2400016784668,49.869998931884766,48.47999954223633,48.650001525878906,44.00264358520508,5855400
2016-09-30,49.09000015258789,49.220001220703125,48.45000076293945,48.47999954223633,43.848880767822266,4054800
2016-10-03,48.810001373291016,49.29999923706055,48.529998779296875,49.15999984741211,44.463932037353516,3148800
2016-10-04,49.189998626708984,49.79999923706055,49.06999969482422,49.400001525878906,44.680999755859375,5285300
2016-10-05,49.7599983215332,50.060001373291016,49.5099983215332,49.93000030517578,45.160362243652344,3795600
2016-10-06,49.72999954223633,49.900001525878906,49.439998626708984,49.540000915527344,44.807621002197266,2723600
2016-10-07,49.75,49.7599983215332,48.81999969482422,49.189998626708984,44.491058349609375,3357300
2016-10-10,50.400001525878906,51.2599983215332,50.31999969482422,50.91999816894531,46.0557975769043,5274600
2016-10-11,51.02000045776367,51.13999938964844,50.529998779296875,50.630001068115234,45.79349899291992,3708400
2016-10-12,50.529998779296875,50.79999923706055,50.29999923706055,50.47999954223633,45.65782928466797,2589500
2016-10-13,49.970001220703125,50.31999969482422,49.59000015258789,50.130001068115234,45.34125900268555,3904000
2016-10-14,50.650001525878906,50.84000015258789,49.91999816894531,49.97999954223633,45.20558166503906,4149100
2016-10-17,50.13999938964844,50.66999816894531,50.13999938964844,50.209999084472656,45.413612365722656,2828000
2016-10-18,51.040000915527344,51.599998474121094,50.880001068115234,51.540000915527344,46.616573333740234,4785200
2016-10-19,51.75,52.38999938964844,51.52000045776367,52.36000061035156,47.358238220214844,6514300
2016-10-20,52.0099983215332,52.29999923706055,51.7400016784668,51.7599983215332,46.8155517578125,3423500
2016-10-21,51.31999969482422,52.119998931884766,51.290000915527344,51.95000076293945,46.987403869628906,3455800
2016-10-24,52.400001525878906,52.4900016784668,51.91999816894531,52.130001068115234,47.150211334228516,1717600
2016-10-25,52.04999923706055,52.29999923706055,51.81999969482422,51.86000061035156,46.906005859375,2690800
2016-10-26,51.45000076293945,51.68000030517578,51.029998779296875,51.08000183105469,46.20051193237305,2682700
2016-10-27,51.290000915527344,51.369998931884766,50.66999816894531,51.029998779296875,46.1552848815918,2949200
2016-10-28,51.119998931884766,51.88999938964844,49.689998626708984,50.63999938964844,45.80254364013672,13096100
2016-10-31,50.77000045776367,51.040000915527344,50.59000015258789,50.83000183105469,45.974388122558594,3523600
2016-11-01,50.869998931884766,50.880001068115234,49.0099983215332,49.38999938964844,44.67195129394531,10856600
2016-11-02,48.869998931884766,49.2400016784668,48.150001525878906,48.650001525878906,44.00264358520508,8250400
2016-11-03,48.880001068115234,49.400001525878906,48.66999816894531,48.849998474121094,44.18353271484375,8103900
2016-11-04,48.86000061035156,49.9900016784668,48.540000915527344,49.349998474121094,44.635772705078125,10954600
2016-11-07,51.400001525878906,52.130001068115234,51.25,51.880001068115234,46.92409133911133,12045200
2016-11-08,51.9900016784668,53.13999938964844,51.790000915527344,52.790000915527344,47.74715805053711,7823400
2016-11-09,47.540000915527344,48.689998626708984,46.34000015258789,48.290000915527344,43.677032470703125,17605500
2016-11-10,46.65999984741211,46.83000183105469,43.91999816894531,44.20000076293945,39.97773361206055,13357100
2016-11-11,43.290000915527344,44.06999969482422,42.439998626708984,43.34000015258789,39.19988250732422,16624600
2016-11-14,43.58000183105469,44.369998931884766,43.400001525878906,44.119998931884766,39.90537643432617,12066100
2016-11-15,44.66999816894531,45.72999954223633,44.540000915527344,44.7400016784668,40.466148376464844,8374200
2016-11-16,44.4900016784668,45.09000015258789,44.2400016784668,44.560001373291016,40.3033447265625,6568000
2016-11-17,44.72999954223633,45.18000030517578,43.95000076293945,44.209999084472656,39.98677444458008,9857600
2016-11-18,44.29999923706055,44.40999984741211,42.86000061035156,42.970001220703125,38.865230560302734,6811200
2016-11-21,43.4900016784668,43.91999816894531,43.470001220703125,43.61000061035156,39.444095611572266,3150700
2016-11-22,44.060001373291016,44.099998474121094,43.33000183105469,43.4900016784668,39.33555603027344,7973600
2016-11-23,43.029998779296875,43.689998626708984,42.900001525878906,43.66999816894531,39.49835968017578,5825200
2016-11-25,43.77000045776367,44.150001525878906,43.7400016784668,44.08000183105469,39.86920166015625,1962100
2016-11-28,44.150001525878906,44.20000076293945,43.970001220703125,44.0,39.79684066772461,3428700
2016-11-29,43.90999984741211,44.20000076293945,43.81999969482422,44.04999923706055,39.84206008911133,3487600
2016-11-30,44.310001373291016,44.439998626708984,43.97999954223633,44.119998931884766,39.90537643432617,5035300
2016-12-01,43.95000076293945,44.09000015258789,43.060001373291016,43.27000045776367,39.136573791503906,7382300
2016-12-02,43.400001525878906,43.849998474121094,43.150001525878906,43.220001220703125,39.09135055541992,4777600
2016-12-05,43.47999954223633,43.95000076293945,43.470001220703125,43.70000076293945,39.52549743652344,4181900
2016-12-06,44.06999969482422,44.4900016784668,44.04999923706055,44.34000015258789,40.1043586730957,4101200
2016-12-07,44.66999816894531,45.2400016784668,44.58000183105469,45.0,40.70131301879883,4365600
2016-12-08,45.0,45.709999084472656,44.779998779296875,45.54999923706055,41.198768615722656,3323700
2016-12-09,45.540000915527344,46.0,45.29999923706055,45.84000015258789,41.4610710144043,3934900
2016-12-12,46.31999969482422,46.439998626708984,45.9900016784668,46.209999084472656,41.795719146728516,3464900
2016-12-13,46.209999084472656,46.689998626708984,45.93000030517578,46.2599983215332,41.840946197509766,3595800
2016-12-14,46.33000183105469,46.38999938964844,45.0,45.13999938964844,40.82793426513672,4426200
2016-12-15,44.790000915527344,45.220001220703125,44.52000045776367,45.09000015258789,40.78271484375,4729800
2016-12-16,45.119998931884766,45.20000076293945,44.119998931884766,44.369998931884766,40.131492614746094,4420700
2016-12-19,44.290000915527344,44.58000183105469,44.20000076293945,44.2599983215332,40.03199768066406,2108700
2016-12-20,44.20000076293945,44.4900016784668,43.939998626708984,44.060001373291016,39.851104736328125,2212900
2016-12-21,43.849998474121094,43.939998626708984,43.5099983215332,43.52000045776367,39.54128646850586,1949700
2016-12-22,43.06999969482422,43.34000015258789,42.650001525878906,43.2599983215332,39.30504608154297,4933400
2016-12-23,43.2599983215332,43.779998779296875,43.130001068115234,43.70000076293945,39.70482635498047,1671800
2016-12-27,43.63999938964844,43.88999938964844,43.369998931884766,43.439998626708984,39.468597412109375,1857300
2016-12-28,43.709999084472656,43.77000045776367,43.470001220703125,43.720001220703125,39.72299575805664,2511600
2016-12-29,43.90999984741211,44.4900016784668,43.790000915527344,44.209999084472656,40.1682014465332,2476800
2016-12-30,44.36000061035156,44.4900016784668,43.86000061035156,43.970001220703125,39.950138092041016,3463300
2017-01-03,44.279998779296875,44.7599983215332,43.4900016784668,43.630001068115234,39.6412239074707,4291400
2017-01-04,43.560001373291016,43.72999954223633,42.7599983215332,43.099998474121094,39.159671783447266,5214800
2017-01-05,43.59000015258789,43.86000061035156,43.130001068115234,43.43000030517578,39.459503173828125,4554200
2017-01-06,43.459999084472656,43.790000915527344,43.099998474121094,43.119998931884766,39.1778450012207,3309700
2017-01-09,43.040000915527344,43.11000061035156,42.13999938964844,42.34000015258789,38.46916198730469,4228000
2017-01-10,42.11000061035156,42.459999084472656,41.90999984741211,41.959999084472656,38.12389373779297,5766300
2017-01-11,41.939998626708984,42.130001068115234,41.22999954223633,41.83000183105469,38.00578308105469,6790100
2017-01-12,42.119998931884766,42.459999084472656,41.93000030517578,42.029998779296875,38.187496185302734,3127200
2017-01-13,42.150001525878906,42.959999084472656,42.150001525878906,42.650001525878906,38.750816345214844,5271900
2017-01-17,42.560001373291016,42.70000076293945,42.2400016784668,42.45000076293945,38.56909942626953,2973800
2017-01-18,42.189998626708984,42.349998474121094,41.68000030517578,41.970001220703125,38.13298797607422,3174900
2017-01-19,42.060001373291016,42.09000015258789,41.54999923706055,41.7400016784668,37.924015045166016,3033700
2017-01-20,42.279998779296875,42.810001373291016,41.849998474121094,42.63999938964844,38.74172592163086,6741800
2017-01-23,42.880001068115234,43.91999816894531,42.75,43.83000183105469,39.82294464111328,5667700
2017-01-24,44.04999923706055,44.86000061035156,44.0099983215332,44.459999084472656,40.39533996582031,4442900
2017-01-25,44.79999923706055,45.790000915527344,44.619998931884766,45.459999084472656,41.303916931152344,8789800
2017-01-26,45.459999084472656,45.459999084472656,44.029998779296875,44.40999984741211,40.34991455078125,11917000
2017-01-27,44.65999984741211,45.41999816894531,44.529998779296875,45.099998474121094,40.97682571411133,6837500
2017-01-30,45.22999954223633,45.349998474121094,44.709999084472656,45.08000183105469,40.95866394042969,3082200
2017-01-31,45.060001373291016,45.43000030517578,44.66999816894531,44.810001373291016,40.71335220336914,3443200
2017-02-01,45.290000915527344,45.290000915527344,44.599998474121094,44.90999984741211,40.80420684814453,3774500
2017-02-02,45.189998626708984,45.689998626708984,45.119998931884766,45.630001068115234,41.4583740234375,4581500
2017-02-03,46.0,46.13999938964844,45.61000061035156,46.02000045776367,41.81272888183594,2679400
2017-02-06,45.7400016784668,45.88999938964844,45.119998931884766,45.380001068115234,41.23123550415039,2297500
2017-02-07,45.369998931884766,45.59000015258789,44.86000061035156,45.04999923706055,40.9314079284668,2129200
2017-02-08,45.09000015258789,45.61000061035156,45.060001373291016,45.470001220703125,41.31300354003906,1918200
2017-02-09,45.470001220703125,46.27000045776367,45.470001220703125,45.900001525878906,41.70369338989258,2642000
2017-02-10,45.9900016784668,47.02000045776367,45.900001525878906,46.619998931884766,42.35786819458008,5632200
2017-02-13,46.720001220703125,46.81999969482422,46.18000030517578,46.4900016784668,42.2397575378418,4368200
2017-02-14,46.540000915527344,46.66999816894531,45.93000030517578,46.36000061035156,42.121639251708984,2620100
2017-02-15,46.040000915527344,46.34000015258789,45.970001220703125,46.189998626708984,41.96718215942383,2896900
2017-02-16,46.130001068115234,46.400001525878906,45.86000061035156,45.970001220703125,41.76729202270508,2308900
2017-02-17,45.709999084472656,45.869998931884766,45.459999084472656,45.720001220703125,41.5401496887207,2962500
2017-02-21,45.7400016784668,47.279998779296875,45.7400016784668,47.11000061035156,42.803070068359375,4580600
2017-02-22,47.150001525878906,47.36000061035156,46.75,46.9900016784668,42.69404602050781,3180200
2017-02-23,47.560001373291016,47.869998931884766,47.0,47.310001373291016,42.98479461669922,3517000
2017-02-24,46.9900016784668,47.0,46.40999984741211,46.68000030517578,42.412384033203125,3128100
2017-02-27,46.90999984741211,47.18000030517578,46.72999954223633,46.869998931884766,42.58500671386719,3041000
2017-02-28,46.900001525878906,47.029998779296875,45.95000076293945,46.08000183105469,41.86724090576172,3868000
2017-03-01,46.540000915527344,47.5099983215332,46.400001525878906,47.279998779296875,42.9575309753418,5898100
2017-03-02,47.0,47.11000061035156,46.540000915527344,46.66999816894531,42.403297424316406,2182600
2017-03-03,47.58000183105469,48.16999816894531,47.34000015258789,47.959999084472656,43.57536315917969,5095700
2017-03-06,48.06999969482422,48.38999938964844,47.63999938964844,48.33000183105469,43.911537170410156,2447300
2017-03-07,48.529998779296875,48.650001525878906,48.040000915527344,48.209999084472656,43.80250930786133,2256900
2017-03-08,47.83000183105469,48.2599983215332,47.599998474121094,47.65999984741211,43.30278778076172,1968100
2017-03-09,47.189998626708984,47.2400016784668,46.7400016784668,47.029998779296875,42.73038864135742,3215000
2017-03-10,47.66999816894531,47.88999938964844,47.43000030517578,47.54999923706055,43.20284652709961,2639600
2017-03-13,47.599998474121094,47.779998779296875,47.310001373291016,47.459999084472656,43.12107467651367,2875600
2017-03-14,47.279998779296875,47.34000015258789,46.75,47.22999954223633,42.912105560302734,2730200
2017-03-15,47.439998626708984,48.849998474121094,47.18000030517578,48.7599983215332,44.302223205566406,7509200
2017-03-16,49.36000061035156,49.83000183105469,49.06999969482422,49.33000183105469,44.82011032104492,4190100
2017-03-17,49.59000015258789,50.2599983215332,49.439998626708984,50.06999969482422,45.492462158203125,5376800
2017-03-20,50.22999954223633,50.790000915527344,50.06999969482422,50.400001525878906,45.792293548583984,2533000
2017-03-21,50.68000030517578,51.209999084472656,50.06999969482422,50.13999938964844,45.556060791015625,5215600
2017-03-22,49.959999084472656,50.439998626708984,49.849998474121094,50.209999084472656,45.619667053222656,3479300
2017-03-23,50.040000915527344,51.0,50.040000915527344,50.75,46.110294342041016,2964500
2017-03-24,50.95000076293945,51.7400016784668,50.91999816894531,51.560001373291016,46.84624099731445,2845100
2017-03-27,50.88999938964844,51.59000015258789,50.790000915527344,51.5,46.79172897338867,2214400
2017-03-28,51.650001525878906,51.900001525878906,51.209999084472656,51.2599983215332,46.573673248291016,2290300
2017-03-29,51.470001220703125,52.0099983215332,51.18000030517578,51.79999923706055,47.06430435180664,2981100
2017-03-30,51.95000076293945,52.060001373291016,51.470001220703125,51.630001068115234,46.90983581542969,3555100
2017-03-31,51.47999954223633,51.54999923706055,51.0,51.16999816894531,46.49188995361328,2502000
2017-04-03,51.2400016784668,51.77000045776367,51.2400016784668,51.63999938964844,46.91893005371094,2768000
2017-04-04,51.11000061035156,51.709999084472656,51.09000015258789,51.66999816894531,46.94618225097656,2065000
2017-04-05,52.04999923706055,52.25,51.619998931884766,51.66999816894531,46.94618225097656,3047700
2017-04-06,51.599998474121094,51.66999816894531,51.310001373291016,51.470001220703125,46.764469146728516,2165700
2017-04-07,51.75,52.2599983215332,51.63999938964844,52.06999969482422,47.30961227416992,3361500
2017-04-10,52.0,52.2400016784668,51.66999816894531,52.08000183105469,47.318702697753906,1910500
2017-04-11,52.08000183105469,52.15999984741211,51.290000915527344,51.900001525878906,47.15515899658203,4454000
2017-04-12,51.84000015258789,51.869998931884766,51.04999923706055,51.38999938964844,46.691776275634766,4475000
2017-04-13,51.52000045776367,51.88999938964844,51.09000015258789,51.189998626708984,46.510066986083984,2296800
2017-04-17,51.43000030517578,51.79999923706055,51.33000183105469,51.790000915527344,47.055213928222656,2073600
2017-04-18,51.650001525878906,51.939998626708984,51.41999816894531,51.54999923706055,46.837154388427734,2237200
2017-04-19,51.36000061035156,51.38999938964844,50.709999084472656,50.93000030517578,46.273841857910156,3343600
2017-04-20,51.209999084472656,51.529998779296875,50.95000076293945,51.470001220703125,46.764469146728516,1741600
2017-04-21,51.310001373291016,51.45000076293945,51.04999923706055,51.369998931884766,46.673606872558594,1861400
2017-04-24,52.349998474121094,52.58000183105469,52.189998626708984,52.22999954223633,47.454986572265625,2316100
2017-04-25,51.72999954223633,52.130001068115234,51.709999084472656,52.040000915527344,47.2823600769043,2625400
2017-04-26,51.7599983215332,51.95000076293945,50.41999816894531,50.9900016784668,46.32835388183594,8222400
2017-04-27,51.61000061035156,51.63999938964844,51.209999084472656,51.439998626708984,46.737213134765625,3252400
2017-04-28,51.529998779296875,51.849998474121094,51.20000076293945,51.7599983215332,47.027957916259766,1852400
2017-05-01,51.95000076293945,52.31999969482422,51.63999938964844,52.06999969482422,47.30961227416992,858300
2017-05-02,51.970001220703125,52.380001068115234,51.939998626708984,52.349998474121094,47.56401062011719,2490300
2017-05-03,52.13999938964844,52.189998626708984,51.5099983215332,51.59000015258789,46.873497009277344,2020800
2017-05-04,51.380001068115234,51.689998626708984,50.61000061035156,50.81999969482422,46.173885345458984,4369500
2017-05-05,50.86000061035156,51.56999969482422,50.79999923706055,51.529998779296875,46.81898498535156,1849200
2017-05-08,51.470001220703125,51.58000183105469,50.83000183105469,51.0099983215332,46.34652328491211,2162400
2017-05-09,51.11000061035156,51.72999954223633,51.060001373291016,51.439998626708984,46.737213134765625,2327700
2017-05-10,51.91999816894531,52.31999969482422,51.849998474121094,52.029998779296875,47.27326965332031,1904800
2017-05-11,52.09000015258789,52.119998931884766,51.779998779296875,52.02000045776367,47.264190673828125,1279600
2017-05-12,52.150001525878906,52.29999923706055,51.86000061035156,52.08000183105469,47.318702697753906,1257000
2017-05-15,52.560001373291016,52.869998931884766,52.5099983215332,52.720001220703125,47.90019226074219,2153000
2017-05-16,52.689998626708984,52.95000076293945,52.540000915527344,52.540000915527344,47.73664855957031,1250300
2017-05-17,51.9900016784668,52.09000015258789,51.52000045776367,51.529998779296875,46.81898498535156,2772700
2017-05-18,50.5,51.220001220703125,50.13999938964844,50.72999954223633,46.09211730957031,5491800
2017-05-19,51.5099983215332,52.2400016784668,51.439998626708984,52.0099983215332,47.255104064941406,3883500
2017-05-22,52.400001525878906,52.75,51.709999084472656,51.849998474121094,47.10972213745117,1936600
2017-05-23,52.0099983215332,52.2400016784668,51.7599983215332,52.099998474121094,47.33686828613281,1256600
2017-05-24,52.41999816894531,53.13999938964844,52.34000015258789,53.099998474121094,48.245445251464844,2221200
2017-05-25,53.43000030517578,53.58000183105469,52.599998474121094,52.63999938964844,47.8275032043457,2254000
2017-05-26,52.880001068115234,53.2599983215332,52.709999084472656,53.060001373291016,48.2091064453125,1314700
2017-05-30,52.58000183105469,52.68000030517578,51.939998626708984,52.04999923706055,47.291446685791016,2567800
2017-05-31,52.09000015258789,52.09000015258789,51.5099983215332,51.619998931884766,46.900753021240234,3323000
2017-06-01,51.72999954223633,52.31999969482422,51.689998626708984,52.119998931884766,47.35504150390625,2957700
2017-06-02,52.25,52.470001220703125,51.880001068115234,52.0,47.24601364135742,2710600
2017-06-05,52.52000045776367,53.52000045776367,52.52000045776367,53.45000076293945,48.56345748901367,4395500
2017-06-06,53.380001068115234,53.72999954223633,53.20000076293945,53.2400016784668,48.37264633178711,1685500
2017-06-07,53.439998626708984,53.599998474121094,53.0,53.40999984741211,48.52711486816406,1578200
2017-06-08,53.7599983215332,53.7599983215332,53.29999923706055,53.34000015258789,48.4635009765625,1362100
2017-06-09,53.220001220703125,53.619998931884766,53.150001525878906,53.36000061035156,48.4816780090332,2214900
2017-06-12,53.34000015258789,53.59000015258789,53.060001373291016,53.59000015258789,48.69065475463867,1788000
2017-06-13,53.709999084472656,53.79999923706055,53.5099983215332,53.720001220703125,48.80876922607422,1683200
2017-06-14,53.97999954223633,54.52000045776367,53.84000015258789,54.16999816894531,49.21762466430664,4028400
2017-06-15,53.5099983215332,53.880001068115234,53.22999954223633,53.779998779296875,48.863285064697266,2883200
2017-06-16,53.959999084472656,54.54999923706055,53.66999816894531,54.459999084472656,49.481117248535156,3127200
2017-06-19,54.43000030517578,54.650001525878906,53.959999084472656,54.189998626708984,49.23579406738281,2716100
2017-06-20,53.4900016784668,53.4900016784668,52.83000183105469,52.83000183105469,48.52215576171875,2458500
2017-06-21,52.91999816894531,53.15999984741211,52.560001373291016,52.61000061035156,48.320098876953125,1995600
2017-06-22,53.0099983215332,53.380001068115234,52.7400016784668,53.11000061035156,48.77933120727539,1138600
2017-06-23,53.279998779296875,53.720001220703125,53.099998474121094,53.560001373291016,49.192630767822266,1300300
2017-06-26,54.08000183105469,54.310001373291016,54.0,54.2400016784668,49.81718444824219,2355100
2017-06-27,53.84000015258789,53.90999984741211,53.38999938964844,53.61000061035156,49.238555908203125,1675100
2017-06-28,53.97999954223633,54.45000076293945,53.7599983215332,54.36000061035156,49.927398681640625,1707500
2017-06-29,53.81999969482422,53.95000076293945,53.119998931884766,53.599998474121094,49.2293701171875,2448700
2017-06-30,53.81999969482422,54.09000015258789,53.779998779296875,53.939998626708984,49.54164505004883,1948500
2017-07-03,54.11000061035156,54.36000061035156,53.83000183105469,53.900001525878906,49.504913330078125,1376300
2017-07-05,53.56999969482422,54.08000183105469,53.45000076293945,53.849998474121094,49.458988189697266,1765400
2017-07-06,53.689998626708984,53.709999084472656,53.27000045776367,53.470001220703125,49.1099739074707,2114900
2017-07-07,54.0099983215332,54.22999954223633,53.5099983215332,54.13999938964844,49.725345611572266,2054300
2017-07-10,54.5,55.29999923706055,54.43000030517578,55.25,50.74483108520508,2974300
2017-07-11,55.029998779296875,55.5,55.02000045776367,55.11000061035156,50.61625289916992,1981100
2017-07-12,56.20000076293945,56.38999938964844,55.68000030517578,56.02000045776367,51.45204162597656,2639800
2017-07-13,56.16999816894531,56.380001068115234,55.959999084472656,56.349998474121094,51.755126953125,1303600
2017-07-14,56.72999954223633,57.27000045776367,56.5099983215332,57.04999923706055,52.39805221557617,2283000
2017-07-17,56.959999084472656,57.40999984741211,56.7599983215332,57.20000076293945,52.53582763671875,3076700
2017-07-18,57.34000015258789,57.439998626708984,57.119998931884766,57.27000045776367,52.60011672973633,1679600
2017-07-19,57.380001068115234,57.56999969482422,57.0099983215332,57.150001525878906,52.489898681640625,1618900
2017-07-20,57.15999984741211,57.43000030517578,57.099998474121094,57.25,52.58174514770508,1596400
2017-07-21,57.31999969482422,57.459999084472656,57.16999816894531,57.31999969482422,52.64603805541992,1226100
2017-07-24,57.22999954223633,57.290000915527344,56.7400016784668,57.18000030517578,52.5174560546875,1603300
2017-07-25,57.470001220703125,57.470001220703125,56.970001220703125,57.029998779296875,52.37968826293945,1765900
2017-07-26,57.11000061035156,57.619998931884766,56.88999938964844,57.54999923706055,52.857276916503906,1921500
2017-07-27,57.619998931884766,57.720001220703125,56.5,56.630001068115234,52.012306213378906,2391600
2017-07-28,56.58000183105469,56.689998626708984,56.16999816894531,56.68000030517578,52.05821990966797,1738400
2017-07-31,56.599998474121094,56.599998474121094,56.02000045776367,56.29999923706055,51.709205627441406,2268700
2017-08-01,56.4900016784668,56.91999816894531,56.15999984741211,56.2400016784668,51.65410232543945,3422200
2017-08-02,56.08000183105469,56.66999816894531,56.0,56.38999938964844,51.79187774658203,1508400
2017-08-03,56.459999084472656,56.470001220703125,56.18000030517578,56.369998931884766,51.77349853515625,1685000
2017-08-04,56.630001068115234,56.66999816894531,56.220001220703125,56.470001220703125,51.86534881591797,1581800
2017-08-07,56.380001068115234,56.439998626708984,56.20000076293945,56.38999938964844,51.79187774658203,1688800
2017-08-08,56.54999923706055,56.86000061035156,56.40999984741211,56.5099983215332,51.90208435058594,1529300
2017-08-09,55.75,56.130001068115234,55.61000061035156,56.060001373291016,51.48877716064453,1523700
2017-08-10,56.0099983215332,56.06999969482422,55.470001220703125,55.58000183105469,51.04792022705078,3133700
2017-08-11,55.599998474121094,56.209999084472656,55.4900016784668,56.0099983215332,51.4428596496582,1591300
2017-08-14,56.5,56.88999938964844,56.40999984741211,56.709999084472656,52.08578109741211,2123600
2017-08-15,56.599998474121094,56.79999923706055,56.459999084472656,56.7400016784668,52.11333084106445,724900
2017-08-16,57.189998626708984,57.209999084472656,56.65999984741211,57.11000061035156,52.453163146972656,2745300
2017-08-17,56.9900016784668,57.20000076293945,56.220001220703125,56.220001220703125,51.63572692871094,1858400
2017-08-18,56.2599983215332,57.04999923706055,56.029998779296875,56.86000061035156,52.22354507446289,1828200
2017-08-21,57.119998931884766,57.45000076293945,57.02000045776367,57.33000183105469,52.65522003173828,1146200
2017-08-22,57.619998931884766,57.63999938964844,57.369998931884766,57.43000030517578,52.74706268310547,1418100
2017-08-23,56.83000183105469,57.31999969482422,56.81999969482422,57.27000045776367,52.60011672973633,1306200
2017-08-24,57.470001220703125,57.58000183105469,57.220001220703125,57.290000915527344,52.61848068237305,1651200
2017-08-25,57.61000061035156,57.81999969482422,57.380001068115234,57.619998931884766,52.92156982421875,1150300
2017-08-28,57.31999969482422,57.349998474121094,56.5099983215332,56.619998931884766,52.003116607666016,1527300
2017-08-29,56.33000183105469,56.650001525878906,56.16999816894531,56.59000015258789,51.97555923461914,1362100
2017-08-30,56.630001068115234,56.91999816894531,56.4900016784668,56.849998474121094,52.214359283447266,1225800
2017-08-31,56.81999969482422,56.869998931884766,56.400001525878906,56.470001220703125,51.86534881591797,1510800
2017-09-01,56.75,57.0099983215332,56.540000915527344,56.7599983215332,52.13169860839844,1719400
2017-09-05,56.45000076293945,56.61000061035156,55.439998626708984,55.560001373291016,51.0295524597168,3026100
2017-09-06,55.66999816894531,56.349998474121094,55.630001068115234,56.18000030517578,51.598995208740234,3236300
2017-09-07,56.540000915527344,56.72999954223633,56.18000030517578,56.40999984741211,51.810237884521484,1571600
2017-09-08,56.209999084472656,56.279998779296875,55.720001220703125,55.86000061035156,51.305084228515625,1743900
2017-09-11,55.970001220703125,56.47999954223633,55.970001220703125,56.43000030517578,51.8286018371582,1329900
2017-09-12,56.20000076293945,56.38999938964844,56.099998474121094,56.2400016784668,51.65410232543945,1541900
2017-09-13,55.9900016784668,56.060001373291016,55.650001525878906,55.88999938964844,51.3326416015625,1980500
2017-09-14,55.599998474121094,56.130001068115234,55.349998474121094,56.130001068115234,51.553070068359375,1943600
2017-09-15,56.060001373291016,56.11000061035156,55.810001373291016,56.060001373291016,51.48877716064453,2198000
2017-09-18,55.779998779296875,56.189998626708984,55.7599983215332,55.90999984741211,51.35101318359375,2214700
2017-09-19,55.93000030517578,56.209999084472656,55.31999969482422,55.650001525878906,51.11220932006836,3835500
2017-09-20,55.869998931884766,56.40999984741211,55.47999954223633,55.86000061035156,51.305084228515625,2404100
2017-09-21,55.7400016784668,55.95000076293945,55.36000061035156,55.72999954223633,51.18568420410156,1503700
2017-09-22,55.779998779296875,56.20000076293945,55.779998779296875,55.9900016784668,51.42449188232422,1636600
2017-09-25,55.61000061035156,55.83000183105469,55.38999938964844,55.59000015258789,51.057106018066406,1472000
2017-09-26,55.5,56.0,55.11000061035156,55.40999984741211,50.89177703857422,1425200
2017-09-27,54.84000015258789,55.04999923706055,54.25,54.41999816894531,49.98250198364258,2952900
2017-09-28,54.220001220703125,54.54999923706055,54.09000015258789,54.439998626708984,50.00087356567383,2700200
2017-09-29,54.5,54.84000015258789,54.36000061035156,54.61000061035156,50.157012939453125,2924800
2017-10-02,54.459999084472656,54.83000183105469,54.38999938964844,54.66999816894531,50.21211242675781,1982800
2017-10-03,54.59000015258789,54.9900016784668,54.5099983215332,54.84000015258789,50.36825942993164,2318700
2017-10-04,54.7400016784668,54.9900016784668,54.56999969482422,54.63999938964844,50.184566497802734,2381300
2017-10-05,54.7400016784668,55.02000045776367,53.84000015258789,54.0,49.59674835205078,3997300
2017-10-06,53.70000076293945,53.790000915527344,53.279998779296875,53.56999969482422,49.20181655883789,2269300
2017-10-09,53.52000045776367,53.54999923706055,52.90999984741211,53.04999923706055,48.724220275878906,1922900
2017-10-10,53.529998779296875,53.650001525878906,52.529998779296875,52.59000015258789,48.30172348022461,3228500
2017-10-11,52.72999954223633,53.08000183105469,52.59000015258789,52.93000030517578,48.6140022277832,2668000
2017-10-12,52.7400016784668,52.91999816894531,52.34000015258789,52.439998626708984,48.163963317871094,3771200
2017-10-13,52.529998779296875,52.779998779296875,51.9900016784668,52.119998931884766,47.870052337646484,3346900
2017-10-16,51.939998626708984,52.349998474121094,51.47999954223633,51.47999954223633,47.28224563598633,4804700
2017-10-17,51.77000045776367,52.95000076293945,51.150001525878906,52.81999969482422,48.51297378540039,10412000
2017-10-18,52.790000915527344,52.790000915527344,52.18000030517578,52.27000045776367,48.00782012939453,2868600
2017-10-19,52.34000015258789,52.599998474121094,52.15999984741211,52.560001373291016,48.2741813659668,2714700
2017-10-20,52.61000061035156,52.689998626708984,51.90999984741211,51.970001220703125,47.73228454589844,4912900
2017-10-23,52.04999923706055,52.189998626708984,51.310001373291016,51.349998474121094,47.162837982177734,3039200
2017-10-24,51.34000015258789,51.75,51.27000045776367,51.650001525878906,47.43837356567383,4144000
2017-10-25,51.970001220703125,52.0,50.619998931884766,50.68000030517578,46.54747772216797,4421700
2017-10-26,50.83000183105469,51.25,50.189998626708984,50.22999954223633,46.1341667175293,3062500
2017-10-27,50.470001220703125,50.869998931884766,50.13999938964844,50.68000030517578,46.54747772216797,3860300
2017-10-30,50.849998474121094,50.97999954223633,49.959999084472656,50.150001525878906,46.060691833496094,2624000
2017-10-31,50.459999084472656,50.630001068115234,50.15999984741211,50.33000183105469,46.22601318359375,3540800
2017-11-01,50.38999938964844,50.63999938964844,49.970001220703125,50.08000183105469,45.996402740478516,2293500
2017-11-02,50.0,50.459999084472656,49.88999938964844,50.310001373291016,46.20764923095703,1571000
2017-11-03,50.36000061035156,50.439998626708984,49.18000030517578,50.130001068115234,46.042327880859375,3641700
2017-11-06,50.470001220703125,51.130001068115234,50.130001068115234,51.060001373291016,46.896488189697266,4606900
2017-11-07,51.04999923706055,51.2400016784668,50.54999923706055,50.75,46.61177062988281,3469700
2017-11-08,50.900001525878906,51.08000183105469,50.61000061035156,50.65999984741211,46.52910232543945,1239100
2017-11-09,50.33000183105469,50.90999984741211,50.13999938964844,50.77000045776367,46.63013458251953,2518100
2017-11-10,50.619998931884766,50.790000915527344,49.7400016784668,49.75,45.693302154541016,4266900
2017-11-13,49.529998779296875,49.849998474121094,49.279998779296875,49.7400016784668,45.68412399291992,4794200
2017-11-14,49.75,49.869998931884766,49.2599983215332,49.400001525878906,45.37185287475586,3364000
2017-11-15,49.22999954223633,49.400001525878906,48.0099983215332,49.15999984741211,45.15141677856445,4174400
2017-11-16,49.45000076293945,49.959999084472656,49.290000915527344,49.779998779296875,45.72085952758789,2923000
2017-11-17,49.95000076293945,50.560001373291016,49.7599983215332,50.2599983215332,46.16171646118164,4389200
2017-11-20,49.939998626708984,50.279998779296875,49.790000915527344,50.0,45.92292022705078,1818300
2017-11-21,50.4900016784668,51.220001220703125,50.45000076293945,51.029998779296875,46.868927001953125,3532200
2017-11-22,51.29999923706055,51.58000183105469,50.9900016784668,51.43000030517578,47.23631286621094,2841000
2017-11-24,51.709999084472656,51.880001068115234,51.220001220703125,51.2599983215332,47.080177307128906,1023800
2017-11-27,51.529998779296875,51.529998779296875,50.68000030517578,50.70000076293945,46.56584548950195,2026200
2017-11-28,50.81999969482422,51.02000045776367,50.54999923706055,51.0,46.84138107299805,3009500
2017-11-29,50.84000015258789,51.209999084472656,50.4900016784668,51.18000030517578,47.0067024230957,3158800
2017-11-30,50.900001525878906,51.540000915527344,50.11000061035156,50.189998626708984,46.09743118286133,5040300
2017-12-01,50.16999816894531,50.810001373291016,49.810001373291016,50.459999084472656,46.34540939331055,3916100
2017-12-04,50.7400016784668,50.81999969482422,50.099998474121094,50.36000061035156,46.253562927246094,2560600
2017-12-05,50.04999923706055,50.5099983215332,49.93000030517578,50.36000061035156,46.253562927246094,3715900
2017-12-06,49.90999984741211,50.099998474121094,49.40999984741211,49.56999969482422,45.52798080444336,2527700
2017-12-07,49.209999084472656,49.65999984741211,49.18000030517578,49.34000015258789,45.31673812866211,2729800
2017-12-08,49.75,50.08000183105469,49.4900016784668,50.029998779296875,45.95047378540039,1868600
2017-12-11,50.0099983215332,50.13999938964844,49.689998626708984,49.70000076293945,45.64738082885742,1257500
2017-12-12,49.529998779296875,49.599998474121094,48.93000030517578,49.45000076293945,45.41776657104492,1812600
2017-12-13,49.5,50.4900016784668,49.349998474121094,50.38999938964844,46.2811164855957,3102600
2017-12-14,50.439998626708984,50.540000915527344,50.02000045776367,50.02000045776367,45.941287994384766,1523400
2017-12-15,50.13999938964844,50.34000015258789,49.72999954223633,50.0,45.92292022705078,3991400
2017-12-18,50.470001220703125,50.97999954223633,50.22999954223633,50.779998779296875,46.63931655883789,2909000
2017-12-19,50.91999816894531,50.91999816894531,49.45000076293945,49.4900016784668,45.91474151611328,2813800
2017-12-20,49.470001220703125,49.66999816894531,49.16999816894531,49.310001373291016,45.74774169921875,1498200
2017-12-21,49.31999969482422,49.40999984741211,48.66999816894531,48.709999084472656,45.19108963012695,2090500
2017-12-22,48.66999816894531,48.869998931884766,47.83000183105469,48.15999984741211,44.68082046508789,2786800
2017-12-26,48.5,48.63999938964844,47.790000915527344,47.869998931884766,44.411773681640625,1438500
2017-12-27,48.099998474121094,48.54999923706055,48.099998474121094,48.5,44.99626922607422,1759600
2017-12-28,48.5,48.7599983215332,48.400001525878906,48.56999969482422,45.06120300292969,1427900
2017-12-29,48.70000076293945,49.36000061035156,48.70000076293945,49.290000915527344,45.72918701171875,4134400
2018-01-02,49.84000015258789,50.400001525878906,49.529998779296875,50.380001068115234,46.74044418334961,3233000
2018-01-03,50.779998779296875,50.939998626708984,50.27000045776367,50.369998931884766,46.731170654296875,3567900
2018-01-04,50.72999954223633,50.970001220703125,50.40999984741211,50.45000076293945,46.80539321899414,2525000
2018-01-05,50.65999984741211,51.02000045776367,50.459999084472656,50.97999954223633,47.29710006713867,2740200
2018-01-08,50.849998474121094,51.209999084472656,50.779998779296875,50.97999954223633,47.29710006713867,2978600
2018-01-09,50.93000030517578,50.97999954223633,50.279998779296875,50.59000015258789,46.93527603149414,3475200
2018-01-10,50.5,50.540000915527344,49.27000045776367,49.47999954223633,45.905460357666016,6989200
2018-01-11,49.369998931884766,49.70000076293945,49.220001220703125,49.70000076293945,46.109561920166016,2818400
2018-01-12,50.15999984741211,50.97999954223633,49.7400016784668,50.689998626708984,47.02804946899414,5344500
2018-01-16,51.630001068115234,51.79999923706055,51.43000030517578,51.66999816894531,47.93724822998047,4161600
2018-01-17,51.79999923706055,52.54999923706055,51.77000045776367,52.2400016784668,48.4660758972168,3409900
2018-01-18,52.45000076293945,52.65999984741211,52.25,52.619998931884766,48.818626403808594,2586300
2018-01-19,53.0,53.08000183105469,52.349998474121094,52.47999954223633,48.68873596191406,2717300
2018-01-22,52.41999816894531,52.54999923706055,52.22999954223633,52.54999923706055,48.75368118286133,1805600
2018-01-23,52.119998931884766,52.63999938964844,51.900001525878906,52.52000045776367,48.7258415222168,2833300
2018-01-24,53.040000915527344,54.04999923706055,53.029998779296875,53.91999816894531,50.02471160888672,5558800
2018-01-25,54.290000915527344,54.650001525878906,53.459999084472656,53.47999954223633,49.616493225097656,6075200
2018-01-26,53.88999938964844,54.150001525878906,53.56999969482422,54.06999969482422,50.163875579833984,2154900
2018-01-29,53.77000045776367,53.880001068115234,53.209999084472656,53.31999969482422,49.46804428100586,3231300
2018-01-30,52.9900016784668,53.25,52.290000915527344,52.63999938964844,48.83717727661133,2912400
2018-01-31,53.2400016784668,53.310001373291016,52.790000915527344,53.11000061035156,49.27322769165039,2519900
2018-02-01,53.25,54.40999984741211,53.20000076293945,54.060001373291016,50.15460205078125,3879300
2018-02-02,53.209999084472656,53.58000183105469,52.65999984741211,52.880001068115234,49.059837341308594,4424900
2018-02-05,52.689998626708984,53.38999938964844,50.0,50.68000030517578,47.018775939941406,5603700
2018-02-06,50.459999084472656,52.27000045776367,50.380001068115234,52.040000915527344,48.28052520751953,6870600
2018-02-07,51.599998474121094,52.15999984741211,51.0099983215332,51.040000915527344,47.35276794433594,4721700
2018-02-08,51.20000076293945,51.20000076293945,49.470001220703125,49.540000915527344,45.96112823486328,7413600
2018-02-09,50.2599983215332,50.5,48.77000045776367,50.34000015258789,46.703330993652344,7976300
2018-02-12,50.560001373291016,51.220001220703125,49.91999816894531,50.619998931884766,46.96310806274414,5970900
2018-02-13,50.439998626708984,50.900001525878906,50.40999984741211,50.75,47.083717346191406,2578600
2018-02-14,50.29999923706055,51.75,50.22999954223633,51.52000045776367,47.79808807373047,3532400
2018-02-15,52.06999969482422,52.41999816894531,51.90999984741211,52.16999816894531,48.40113067626953,3639500
2018-02-16,52.20000076293945,52.810001373291016,52.04999923706055,52.099998474121094,48.33618927001953,4516400
2018-02-20,51.650001525878906,52.0099983215332,51.25,51.45000076293945,47.7331428527832,4609100
2018-02-21,51.599998474121094,51.91999816894531,50.849998474121094,50.869998931884766,47.195045471191406,3637200
2018-02-22,51.34000015258789,52.130001068115234,51.34000015258789,51.88999938964844,48.141357421875,3054800
2018-02-23,52.16999816894531,52.439998626708984,51.66999816894531,51.779998779296875,48.039306640625,2696800
2018-02-26,51.70000076293945,51.81999969482422,51.27000045776367,51.63999938964844,47.909420013427734,2645700
2018-02-27,51.349998474121094,51.65999984741211,50.47999954223633,50.54999923706055,46.898162841796875,4019300
2018-02-28,50.79999923706055,50.849998474121094,49.77000045776367,49.90999984741211,46.30440139770508,3821700
2018-03-01,49.810001373291016,50.630001068115234,49.5099983215332,50.16999816894531,46.54561233520508,4938700
2018-03-02,49.59000015258789,50.2400016784668,49.27000045776367,50.11000061035156,46.489952087402344,3612300
2018-03-05,49.59000015258789,50.34000015258789,49.349998474121094,50.27000045776367,46.638397216796875,4615600
2018-03-06,50.939998626708984,51.099998474121094,50.52000045776367,50.619998931884766,46.96310806274414,3359100
2018-03-07,50.18000030517578,50.58000183105469,50.040000915527344,50.4900016784668,46.84250259399414,2636600
2018-03-08,50.83000183105469,51.41999816894531,50.5099983215332,51.369998931884766,47.6589241027832,6432700
2018-03-09,51.880001068115234,52.279998779296875,51.689998626708984,51.869998931884766,48.122798919677734,3854800
2018-03-12,51.900001525878906,52.2599983215332,51.75,52.060001373291016,48.299076080322266,2515100
2018-03-13,52.20000076293945,52.439998626708984,51.689998626708984,51.86000061035156,48.113525390625,2768000
2018-03-14,52.119998931884766,52.15999984741211,51.349998474121094,51.599998474121094,47.87230682373047,3244400
2018-03-15,51.36000061035156,51.40999984741211,50.81999969482422,50.86000061035156,47.18577194213867,2300200
2018-03-16,50.65999984741211,50.900001525878906,50.349998474121094,50.43000030517578,46.78683853149414,2440300
2018-03-19,50.06999969482422,50.2400016784668,49.439998626708984,49.81999969482422,46.22089767456055,3382800
2018-03-20,50.0,50.2400016784668,49.93000030517578,50.02000045776367,46.40645217895508,2114900
2018-03-21,50.619998931884766,51.63999938964844,50.529998779296875,51.5099983215332,47.7888069152832,7326300
2018-03-22,50.84000015258789,51.38999938964844,50.59000015258789,50.7599983215332,47.09299087524414,5159700
2018-03-23,50.900001525878906,51.31999969482422,49.93000030517578,49.95000076293945,46.34151077270508,3826800
2018-03-26,50.880001068115234,51.189998626708984,49.79999923706055,51.150001525878906,47.45481872558594,3115500
2018-03-27,51.04999923706055,51.33000183105469,50.630001068115234,50.650001525878906,46.99094009399414,2753000
2018-03-28,50.630001068115234,50.79999923706055,50.11000061035156,50.22999954223633,46.601280212402344,3062600
2018-03-29,50.68000030517578,51.849998474121094,50.58000183105469,51.52000045776367,47.79808807373047,2980300
2018-04-02,50.970001220703125,51.310001373291016,49.810001373291016,50.150001525878906,46.52706527709961,4123300
2018-04-03,50.619998931884766,51.290000915527344,50.34000015258789,51.27000045776367,47.5661506652832,4936400
2018-04-04,50.47999954223633,52.70000076293945,50.369998931884766,52.619998931884766,48.818626403808594,6285500
2018-04-05,52.81999969482422,53.20000076293945,52.650001525878906,52.689998626708984,48.883567810058594,5188000
2018-04-06,52.279998779296875,52.70000076293945,52.02000045776367,52.34000015258789,48.55885314941406,3597200
2018-04-09,52.52000045776367,52.880001068115234,52.18000030517578,52.20000076293945,48.42896270751953,2297100
2018-04-10,52.79999923706055,52.97999954223633,52.34000015258789,52.939998626708984,49.11550521850586,5137600
2018-04-11,52.66999816894531,53.16999816894531,52.63999938964844,53.02000045776367,49.189727783203125,2086600
2018-04-12,53.45000076293945,53.7400016784668,53.13999938964844,53.40999984741211,49.55155563354492,3883400
2018-04-13,53.900001525878906,53.91999816894531,53.38999938964844,53.869998931884766,49.97831726074219,2458000
2018-04-16,54.04999923706055,54.04999923706055,53.63999938964844,53.75,49.86698913574219,1891200
2018-04-17,54.11000061035156,54.33000183105469,53.880001068115234,54.15999984741211,50.247371673583984,3188900
2018-04-18,54.4900016784668,54.650001525878906,54.11000061035156,54.11000061035156,50.20098114013672,3408300
2018-04-19,53.97999954223633,54.0099983215332,52.43000030517578,52.529998779296875,48.73512649536133,5110400
2018-04-20,52.2400016784668,52.29999923706055,51.619998931884766,52.209999084472656,48.43824005126953,5586700
2018-04-23,51.599998474121094,51.91999816894531,51.0,51.11000061035156,47.41770935058594,3979100
2018-04-24,51.529998779296875,51.650001525878906,50.810001373291016,50.959999084472656,47.27853775024414,3244900
2018-04-25,50.470001220703125,51.029998779296875,50.20000076293945,51.0099983215332,47.324928283691406,2793000
2018-04-26,51.0,51.369998931884766,50.72999954223633,51.2599983215332,47.55686950683594,3887700
2018-04-27,51.529998779296875,51.709999084472656,51.279998779296875,51.66999816894531,47.93724822998047,2061300
2018-04-30,51.66999816894531,51.689998626708984,51.31999969482422,51.599998474121094,47.87230682373047,2281000
2018-05-01,51.33000183105469,51.380001068115234,49.88999938964844,50.90999984741211,47.23215103149414,3627100
2018-05-02,50.65999984741211,50.91999816894531,49.90999984741211,50.099998474121094,46.48067092895508,4861400
2018-05-03,50.02000045776367,50.380001068115234,49.11000061035156,49.380001068115234,45.81268310546875,5215300
2018-05-04,48.75,49.119998931884766,48.59000015258789,48.790000915527344,45.26531219482422,3764900
2018-05-07,48.619998931884766,48.779998779296875,47.54999923706055,47.58000183105469,44.14271926879883,6093400
2018-05-08,47.54999923706055,47.7400016784668,47.060001373291016,47.540000915527344,44.105613708496094,3774200
2018-05-09,47.68000030517578,47.709999084472656,47.119998931884766,47.29999923706055,43.88294982910156,4141700
2018-05-10,48.15999984741211,48.72999954223633,48.119998931884766,48.560001373291016,45.05192947387695,6323400
2018-05-11,48.66999816894531,49.029998779296875,47.77000045776367,48.06999969482422,44.59732437133789,3248200
2018-05-14,48.31999969482422,48.33000183105469,47.369998931884766,47.38999938964844,43.96644592285156,2841400
2018-05-15,46.599998474121094,47.0099983215332,46.25,46.959999084472656,43.5675048828125,4299700
2018-05-16,47.029998779296875,47.40999984741211,46.84000015258789,47.27000045776367,43.85511779785156,3764700
2018-05-17,46.7599983215332,47.16999816894531,46.279998779296875,46.310001373291016,42.964473724365234,5934000
2018-05-18,45.84000015258789,46.0,45.29999923706055,45.54999923706055,42.259376525878906,5867100
2018-05-21,45.810001373291016,45.97999954223633,45.33000183105469,45.380001068115234,42.10165786743164,4239700
2018-05-22,45.529998779296875,46.06999969482422,45.47999954223633,46.02000045776367,42.6954231262207,2683400
2018-05-23,45.65999984741211,46.86000061035156,45.470001220703125,46.720001220703125,43.3448486328125,5039300
2018-05-24,46.380001068115234,46.5,45.849998474121094,46.06999969482422,42.74180603027344,3625700
2018-05-25,46.15999984741211,46.45000076293945,45.95000076293945,46.0,42.67686462402344,4217200
2018-05-29,45.2599983215332,45.709999084472656,44.630001068115234,44.709999084472656,41.48005294799805,5737100
2018-05-30,45.0,45.29999923706055,44.83000183105469,45.15999984741211,41.89754867553711,3719000
2018-05-31,44.93000030517578,45.04999923706055,44.279998779296875,44.68000030517578,41.45222854614258,4897100
2018-06-01,45.15999984741211,45.540000915527344,44.79999923706055,44.97999954223633,41.730552673339844,3650600
2018-06-04,45.040000915527344,45.209999084472656,44.84000015258789,44.970001220703125,41.72127914428711,2757800
2018-06-05,44.22999954223633,44.439998626708984,43.7599983215332,43.779998779296875,40.617244720458984,5160100
2018-06-06,44.40999984741211,44.540000915527344,44.06999969482422,44.209999084472656,41.01617431640625,4246200
2018-06-07,44.22999954223633,44.22999954223633,43.54999923706055,43.86000061035156,40.691463470458984,5869500
2018-06-08,44.08000183105469,44.95000076293945,43.650001525878906,44.91999816894531,41.67488479614258,3970000
2018-06-11,44.619998931884766,44.779998779296875,44.36000061035156,44.630001068115234,41.40583801269531,4142800
2018-06-12,44.540000915527344,44.880001068115234,44.4900016784668,44.77000045776367,41.53572463989258,4311100
2018-06-13,44.79999923706055,45.33000183105469,44.52000045776367,44.66999816894531,41.44295120239258,3862200
2018-06-14,45.119998931884766,45.310001373291016,44.7400016784668,44.86000061035156,41.61922073364258,3423900
2018-06-15,44.90999984741211,45.09000015258789,44.470001220703125,45.060001373291016,41.80477523803711,4172500
2018-06-18,44.630001068115234,45.18000030517578,44.2599983215332,45.16999816894531,41.90682601928711,5584900
2018-06-19,44.02000045776367,44.54999923706055,43.959999084472656,44.400001525878906,41.7226448059082,4529900
2018-06-20,44.88999938964844,45.20000076293945,44.72999954223633,45.09000015258789,42.37104034423828,3425400
2018-06-21,45.06999969482422,45.290000915527344,44.779998779296875,44.97999954223633,42.26767349243164,4134900
2018-06-22,45.470001220703125,45.83000183105469,44.95000076293945,45.779998779296875,43.01942825317383,3560700
2018-06-25,45.54999923706055,46.2599983215332,45.36000061035156,46.130001068115234,43.348323822021484,5736300
2018-06-26,46.2400016784668,46.40999984741211,46.0099983215332,46.20000076293945,43.41410446166992,2774900
2018-06-27,46.06999969482422,46.2599983215332,45.5,45.61000061035156,42.85968017578125,4796100
2018-06-28,46.2599983215332,46.9900016784668,45.84000015258789,46.91999816894531,44.0906867980957,5469100
2018-06-29,47.2400016784668,47.439998626708984,46.66999816894531,47.13999938964844,44.297420501708984,5249000
2018-07-02,46.349998474121094,46.38999938964844,45.619998931884766,45.95000076293945,43.17918395996094,5225500
2018-07-03,46.88999938964844,47.54999923706055,46.779998779296875,47.36000061035156,44.504150390625,3898600
2018-07-05,47.9900016784668,49.63999938964844,47.86000061035156,49.619998931884766,46.62787628173828,6476200
2018-07-06,49.810001373291016,50.790000915527344,49.650001525878906,50.43000030517578,47.3890380859375,10182100
2018-07-09,50.47999954223633,50.79999923706055,50.29999923706055,50.40999984741211,47.370235443115234,6501300
2018-07-10,50.779998779296875,50.939998626708984,50.400001525878906,50.90999984741211,47.84008026123047,5024100
2018-07-11,50.400001525878906,50.88999938964844,50.189998626708984,50.400001525878906,47.360836029052734,6180700
2018-07-12,51.16999816894531,51.36000061035156,50.439998626708984,50.439998626708984,47.3984260559082,3007700
2018-07-13,50.400001525878906,50.5,50.060001373291016,50.25,47.219886779785156,3481800
2018-07-16,50.380001068115234,50.70000076293945,50.18000030517578,50.5,47.454811096191406,2917600
2018-07-17,50.310001373291016,50.70000076293945,50.130001068115234,50.599998474121094,47.54877853393555,2798000
2018-07-18,50.33000183105469,51.25,50.2599983215332,50.7599983215332,47.69913101196289,4824400
2018-07-19,50.25,50.400001525878906,49.88999938964844,50.099998474121094,47.07892608642578,3716100
2018-07-20,50.290000915527344,50.58000183105469,50.0,50.47999954223633,47.43600845336914,2628100
2018-07-23,50.34000015258789,50.84000015258789,50.02000045776367,50.77000045776367,47.708526611328125,4717100
2018-07-24,51.09000015258789,51.41999816894531,50.790000915527344,51.220001220703125,48.13139724731445,3772600
2018-07-25,51.5,52.209999084472656,51.5,51.880001068115234,48.75159454345703,5725800
2018-07-26,51.79999923706055,52.33000183105469,51.56999969482422,51.72999954223633,48.610633850097656,6046800
2018-07-27,52.029998779296875,52.34000015258789,51.5,51.869998931884766,48.742191314697266,3631900
2018-07-30,52.310001373291016,52.619998931884766,51.970001220703125,52.18000030517578,49.03350830078125,1915300
2018-07-31,51.959999084472656,52.38999938964844,51.779998779296875,51.97999954223633,48.84556579589844,3985700
2018-08-01,52.0,52.18000030517578,51.65999984741211,51.720001220703125,48.60124588012695,3428900
2018-08-02,51.220001220703125,51.36000061035156,50.97999954223633,51.150001525878906,48.06561279296875,3173500
2018-08-03,51.18000030517578,51.88999938964844,51.18000030517578,51.88999938964844,48.760990142822266,3320500
2018-08-06,51.63999938964844,52.099998474121094,51.459999084472656,51.91999816894531,48.789180755615234,2039000
2018-08-07,52.310001373291016,53.060001373291016,52.220001220703125,52.900001525878906,49.71009063720703,6275200
2018-08-08,52.7400016784668,52.91999816894531,52.529998779296875,52.7400016784668,49.55973815917969,2404100
2018-08-09,52.27000045776367,52.5099983215332,51.400001525878906,51.400001525878906,48.300540924072266,4536700
2018-08-10,50.20000076293945,50.34000015258789,49.369998931884766,49.619998931884766,46.62787628173828,6530200
2018-08-13,49.349998474121094,49.779998779296875,49.11000061035156,49.54999923706055,46.56209182739258,3856900
2018-08-14,50.310001373291016,50.7599983215332,50.060001373291016,50.689998626708984,47.63334655761719,3214600
2018-08-15,49.41999816894531,49.939998626708984,49.04999923706055,49.209999084472656,46.242591857910156,5355800
2018-08-16,49.86000061035156,50.09000015258789,49.04999923706055,49.25,46.280181884765625,4478500
2018-08-17,49.06999969482422,49.869998931884766,48.91999816894531,49.810001373291016,46.806419372558594,5985600
2018-08-20,49.52000045776367,50.08000183105469,49.47999954223633,50.02000045776367,47.00375747680664,3179800
2018-08-21,50.25,51.189998626708984,50.11000061035156,50.83000183105469,47.76491165161133,5385100
2018-08-22,50.81999969482422,51.91999816894531,50.72999954223633,51.86000061035156,48.7327995300293,5753000
2018-08-23,51.56999969482422,51.970001220703125,51.0099983215332,51.02000045776367,47.943450927734375,4988700
2018-08-24,51.77000045776367,52.02000045776367,50.63999938964844,51.189998626708984,48.10320281982422,4937300
2018-08-27,52.18000030517578,52.810001373291016,52.0,52.220001220703125,49.07109451293945,6364400
2018-08-28,52.43000030517578,52.599998474121094,50.93000030517578,50.95000076293945,47.87767791748047,6279200
2018-08-29,51.040000915527344,51.65999984741211,50.720001220703125,51.59000015258789,48.47908401489258,2760300
2018-08-30,50.90999984741211,51.08000183105469,50.02000045776367,50.43000030517578,47.3890380859375,5655300
2018-08-31,50.470001220703125,50.900001525878906,49.939998626708984,50.34000015258789,47.30445861816406,5209400
2018-09-04,49.63999938964844,49.650001525878906,48.900001525878906,49.029998779296875,46.073448181152344,3727400
2018-09-05,48.72999954223633,49.209999084472656,48.400001525878906,48.84000015258789,45.8949089050293,3941800
2018-09-06,48.959999084472656,49.33000183105469,48.72999954223633,49.33000183105469,46.35536193847656,3539200
2018-09-07,49.22999954223633,49.31999969482422,48.54999923706055,49.279998779296875,46.30837631225586,3173400
2018-09-10,49.54999923706055,49.54999923706055,48.849998474121094,49.29999923706055,46.327171325683594,2696000
2018-09-11,48.77000045776367,49.4900016784668,48.65999984741211,49.470001220703125,46.48692321777344,2381400
2018-09-12,49.56999969482422,50.560001373291016,49.369998931884766,50.38999938964844,47.3514404296875,4556400
2018-09-13,51.27000045776367,51.4900016784668,50.869998931884766,51.369998931884766,48.27234649658203,4152700
2018-09-14,51.41999816894531,51.58000183105469,50.65999984741211,51.02000045776367,47.943450927734375,2829900
2018-09-17,51.150001525878906,51.369998931884766,50.849998474121094,50.88999938964844,47.821292877197266,2312700
2018-09-18,51.15999984741211,51.63999938964844,51.119998931884766,51.22999954223633,48.14078903198242,2353000
2018-09-19,51.5,51.72999954223633,51.279998779296875,51.31999969482422,48.225364685058594,3045500
2018-09-20,51.59000015258789,51.95000076293945,50.97999954223633,51.13999938964844,48.05622100830078,2762400
2018-09-21,50.970001220703125,51.349998474121094,50.689998626708984,50.9900016784668,47.91526412963867,3600900
2018-09-24,50.72999954223633,50.93000030517578,50.41999816894531,50.5,47.454811096191406,2968100
2018-09-25,50.5,50.84000015258789,50.43000030517578,50.689998626708984,47.63334655761719,2281700
2018-09-26,50.7400016784668,51.5,50.720001220703125,51.0,47.924659729003906,4207200
2018-09-27,51.20000076293945,51.63999938964844,51.0099983215332,51.130001068115234,48.04682159423828,2431800
2018-09-28,51.09000015258789,51.470001220703125,50.97999954223633,51.22999954223633,48.14078903198242,2583600
2018-10-01,51.95000076293945,52.16999816894531,51.439998626708984,51.61000061035156,48.49787521362305,2415900
2018-10-02,51.2599983215332,51.59000015258789,50.779998779296875,50.83000183105469,47.76491165161133,3127300
2018-10-03,51.36000061035156,51.36000061035156,49.810001373291016,49.9900016784668,46.97557067871094,4061200
2018-10-04,49.56999969482422,50.040000915527344,48.81999969482422,49.31999969482422,46.34596633911133,4235100
2018-10-05,49.70000076293945,50.150001525878906,49.189998626708984,49.58000183105469,46.59028625488281,3761900
2018-10-08,49.04999923706055,49.540000915527344,49.04999923706055,49.33000183105469,46.35536193847656,3526700
2018-10-09,49.02000045776367,49.54999923706055,48.59000015258789,49.47999954223633,46.49631881713867,3555000
2018-10-10,49.04999923706055,49.29999923706055,48.61000061035156,48.65999984741211,45.72576904296875,4300700
2018-10-11,48.5,49.189998626708984,48.279998779296875,48.52000045776367,45.59421157836914,5325100
2018-10-12,49.5099983215332,49.5099983215332,48.31999969482422,48.709999084472656,45.77274703979492,3808400
2018-10-15,48.72999954223633,49.470001220703125,48.61000061035156,49.06999969482422,46.11103439331055,2829000
2018-10-16,49.689998626708984,50.040000915527344,49.459999084472656,49.790000915527344,46.787620544433594,2888500
2018-10-17,49.63999938964844,49.689998626708984,49.150001525878906,49.150001525878906,46.18621063232422,2568200
2018-10-18,48.79999923706055,48.97999954223633,47.439998626708984,47.52000045776367,44.654510498046875,6576500
2018-10-19,47.790000915527344,48.290000915527344,47.22999954223633,47.630001068115234,44.75787353515625,3794600
2018-10-22,47.72999954223633,47.970001220703125,46.56999969482422,46.83000183105469,44.00611114501953,3632100
2018-10-23,46.04999923706055,46.75,46.0099983215332,46.529998779296875,43.72419738769531,4570300
2018-10-24,46.5,46.61000061035156,45.209999084472656,45.2599983215332,42.53078079223633,3917500
2018-10-25,45.77000045776367,46.470001220703125,45.560001373291016,46.040000915527344,43.26375198364258,3565200
2018-10-26,45.380001068115234,45.970001220703125,45.209999084472656,45.880001068115234,43.113399505615234,4224800
2018-10-29,44.880001068115234,45.16999816894531,42.31999969482422,42.599998474121094,40.031185150146484,8547800
2018-10-30,42.869998931884766,42.869998931884766,42.11000061035156,42.439998626708984,39.88083267211914,7580800
2018-10-31,42.630001068115234,42.65999984741211,41.630001068115234,42.08000183105469,39.54254150390625,5138300
2018-11-01,42.7400016784668,44.189998626708984,42.40999984741211,43.84000015258789,41.196414947509766,5787100
2018-11-02,44.56999969482422,44.9900016784668,43.560001373291016,44.18000030517578,41.51591873168945,4421000
2018-11-05,44.18000030517578,45.560001373291016,44.150001525878906,45.45000076293945,42.70933151245117,4961500
2018-11-06,45.5099983215332,45.900001525878906,45.2599983215332,45.540000915527344,42.79389953613281,2805500
2018-11-07,45.90999984741211,46.130001068115234,45.470001220703125,45.70000076293945,42.944252014160156,3536700
2018-11-08,45.439998626708984,45.54999923706055,42.310001373291016,42.61000061035156,40.040584564208984,13740800
2018-11-09,42.220001220703125,43.619998931884766,40.66999816894531,42.7400016784668,40.16274642944336,18100000
2018-11-12,42.279998779296875,42.41999816894531,41.43000030517578,41.5,38.99751663208008,4396000
2018-11-13,41.33000183105469,41.400001525878906,40.41999816894531,40.58000183105469,38.132991790771484,6743900
2018-11-14,40.779998779296875,41.599998474121094,40.470001220703125,40.720001220703125,38.26455307006836,6567000
2018-11-15,40.72999954223633,40.88999938964844,40.0,40.2400016784668,37.81349563598633,6447400
2018-11-16,40.099998474121094,41.66999816894531,40.099998474121094,41.380001068115234,38.8847541809082,10368700
2018-11-19,41.0,41.439998626708984,40.66999816894531,41.18000030517578,38.696815490722656,7551500
2018-11-20,40.47999954223633,40.9900016784668,40.18000030517578,40.29999923706055,37.869876861572266,3587500
2018-11-21,40.59000015258789,41.18000030517578,40.25,40.36000061035156,37.92626190185547,3204800
2018-11-23,39.97999954223633,40.08000183105469,39.58000183105469,39.720001220703125,37.324851989746094,2420900
2018-11-26,39.68000030517578,39.91999816894531,37.5,37.7599983215332,35.48303985595703,6855100
2018-11-27,38.33000183105469,38.79999923706055,38.11000061035156,38.38999938964844,36.07504653930664,4730400
2018-11-28,38.83000183105469,40.11000061035156,38.4900016784668,40.099998474121094,37.68193435668945,7729600
2018-11-29,40.150001525878906,40.93000030517578,40.040000915527344,40.7400016784668,38.28335189819336,5831100
2018-11-30,40.59000015258789,40.790000915527344,39.91999816894531,40.33000183105469,37.8980712890625,6689800
2018-12-03,41.5099983215332,41.959999084472656,40.369998931884766,40.56999969482422,38.12359619140625,6279100
2018-12-04,40.529998779296875,40.61000061035156,39.88999938964844,39.88999938964844,37.484596252441406,4771100
2018-12-06,39.33000183105469,40.66999816894531,39.16999816894531,40.619998931884766,38.17057800292969,4514300
2018-12-07,40.91999816894531,41.290000915527344,40.4900016784668,40.599998474121094,38.15178680419922,3882800
2018-12-10,40.5,40.720001220703125,39.630001068115234,40.16999816894531,37.747718811035156,3325500
2018-12-11,40.61000061035156,40.689998626708984,39.86000061035156,40.08000183105469,37.663143157958984,3354800
2018-12-12,40.61000061035156,41.189998626708984,40.459999084472656,40.68000030517578,38.226966857910156,4443900
2018-12-13,40.470001220703125,40.869998931884766,40.16999816894531,40.36000061035156,37.92626190185547,4297400
2018-12-14,39.88999938964844,40.619998931884766,39.88999938964844,40.27000045776367,37.8416862487793,4445400
2018-12-17,40.540000915527344,40.939998626708984,39.56999969482422,39.65999984741211,37.268470764160156,4848800
2018-12-18,39.38999938964844,40.2599983215332,39.290000915527344,39.9900016784668,37.93438720703125,4725000
2018-12-19,40.119998931884766,41.25,39.75,40.119998931884766,38.057701110839844,7527500
2018-12-20,40.59000015258789,41.040000915527344,40.45000076293945,41.0,38.8924674987793,4893400
2018-12-21,41.0,41.099998474121094,40.380001068115234,40.41999816894531,38.342281341552734,4056800
2018-12-24,40.400001525878906,40.93000030517578,40.400001525878906,40.599998474121094,38.51302719116211,2033500
2018-12-26,40.529998779296875,41.0,40.290000915527344,41.0,38.8924674987793,3294700
2018-12-27,40.58000183105469,41.13999938964844,40.4900016784668,41.040000915527344,38.93041229248047,3022000
2018-12-28,41.290000915527344,41.45000076293945,40.83000183105469,41.13999938964844,39.025272369384766,2259000
2018-12-31,41.189998626708984,41.5,40.90999984741211,41.18000030517578,39.06321716308594,1356300
2019-01-02,41.18000030517578,42.33000183105469,41.09000015258789,42.31999969482422,40.14461898803711,3084300
2019-01-03,41.779998779296875,42.20000076293945,41.5,41.790000915527344,39.6418571472168,2337100
2019-01-04,41.95000076293945,42.88999938964844,41.88999938964844,42.650001525878906,40.45765686035156,3504400
2019-01-07,43.0099983215332,43.290000915527344,42.709999084472656,43.150001525878906,40.93195724487305,3077500
2019-01-08,43.38999938964844,44.099998474121094,43.38999938964844,43.86000061035156,41.60544967651367,4019500
2019-01-09,44.2599983215332,44.83000183105469,44.060001373291016,44.349998474121094,42.07026672363281,5579400
2019-01-10,44.310001373291016,44.709999084472656,44.20000076293945,44.45000076293945,42.165130615234375,2922900
2019-01-11,44.349998474121094,44.59000015258789,44.15999984741211,44.2599983215332,41.984893798828125,3783100
2019-01-14,44.150001525878906,44.880001068115234,44.04999923706055,44.470001220703125,42.18410110473633,4122200
2019-01-15,44.61000061035156,44.88999938964844,44.41999816894531,44.720001220703125,42.42124938964844,5059400
2019-01-16,44.83000183105469,45.2400016784668,44.810001373291016,45.209999084472656,42.88606262207031,3976900
2019-01-17,44.72999954223633,45.4900016784668,44.58000183105469,45.09000015258789,42.77223205566406,3346100
2019-01-18,45.189998626708984,45.560001373291016,45.060001373291016,45.06999969482422,42.753257751464844,2980300
2019-01-22,44.58000183105469,44.869998931884766,44.150001525878906,44.34000015258789,42.0607795715332,3637400
2019-01-23,44.61000061035156,44.810001373291016,44.220001220703125,44.68000030517578,42.383304595947266,2661200
2019-01-24,44.7400016784668,45.0099983215332,44.400001525878906,44.61000061035156,42.3169059753418,2852800
2019-01-25,45.130001068115234,45.459999084472656,44.560001373291016,44.810001373291016,42.506622314453125,6095000
2019-01-28,44.060001373291016,44.9900016784668,44.02000045776367,44.61000061035156,42.3169059753418,5898700
2019-01-29,44.79999923706055,45.11000061035156,44.560001373291016,44.810001373291016,42.506622314453125,3086500
2019-01-30,44.43000030517578,44.709999084472656,43.83000183105469,44.61000061035156,42.3169059753418,5077900
2019-01-31,44.939998626708984,45.40999984741211,44.79999923706055,45.0,42.68685531616211,2859400
2019-02-01,44.900001525878906,45.380001068115234,44.720001220703125,44.849998474121094,42.54456329345703,4764800
2019-02-04,44.81999969482422,45.5,44.790000915527344,45.09000015258789,42.77223205566406,2323600
2019-02-05,45.09000015258789,45.7599983215332,45.029998779296875,45.58000183105469,43.2370491027832,3030200
2019-02-06,45.279998779296875,45.560001373291016,45.06999969482422,45.22999954223633,42.90503692626953,3467100
2019-02-07,44.7599983215332,45.43000030517578,44.720001220703125,45.0,42.68685531616211,3038600
2019-02-08,44.81999969482422,44.95000076293945,44.349998474121094,44.43000030517578,42.146156311035156,3608100
2019-02-11,44.33000183105469,44.47999954223633,43.90999984741211,43.93000030517578,41.671852111816406,2591500
2019-02-12,44.290000915527344,44.54999923706055,43.790000915527344,43.97999954223633,41.71928787231445,2463700
2019-02-13,43.59000015258789,43.849998474121094,42.470001220703125,42.630001068115234,40.438682556152344,8319700
2019-02-14,42.56999969482422,43.41999816894531,42.41999816894531,43.36000061035156,41.13115692138672,6294300
2019-02-15,43.2599983215332,43.81999969482422,42.9900016784668,43.790000915527344,41.5390510559082,3717400
2019-02-19,43.68000030517578,44.27000045776367,43.65999984741211,43.959999084472656,41.700313568115234,3181000
2019-02-20,43.959999084472656,44.25,43.869998931884766,43.90999984741211,41.65288543701172,2873600
2019-02-21,43.97999954223633,44.220001220703125,43.68000030517578,44.16999816894531,41.89952087402344,2700200
2019-02-22,44.54999923706055,45.09000015258789,44.38999938964844,44.650001525878906,42.35485076904297,3648000
2019-02-25,45.06999969482422,45.27000045776367,44.630001068115234,44.77000045776367,42.46868133544922,5526700
2019-02-26,44.810001373291016,44.810001373291016,44.36000061035156,44.5099983215332,42.22203826904297,4362100
2019-02-27,44.41999816894531,44.5,43.83000183105469,44.09000015258789,41.823631286621094,2392700
2019-02-28,44.0,44.09000015258789,43.27000045776367,43.560001373291016,41.32087326049805,3426600
2019-03-01,43.7400016784668,43.790000915527344,42.91999816894531,43.290000915527344,41.06475830078125,3929200
2019-03-04,43.31999969482422,43.400001525878906,42.7599983215332,43.060001373291016,40.846580505371094,2736800
2019-03-05,43.16999816894531,43.220001220703125,42.810001373291016,42.86000061035156,40.656856536865234,3621500
2019-03-06,42.61000061035156,43.0,42.209999084472656,42.349998474121094,40.17306900024414,3892600
2019-03-07,42.38999938964844,42.41999816894531,41.65999984741211,41.77000045776367,39.62289047241211,4319400
2019-03-08,41.70000076293945,42.09000015258789,41.369998931884766,41.970001220703125,39.8126106262207,4536100
2019-03-11,42.22999954223633,42.630001068115234,42.22999954223633,42.45000076293945,40.2679328918457,2588700
2019-03-12,42.75,43.15999984741211,42.459999084472656,42.560001373291016,40.37228012084961,3439700
2019-03-13,42.83000183105469,42.869998931884766,42.349998474121094,42.66999816894531,40.47662353515625,3042200
2019-03-14,42.43000030517578,42.689998626708984,42.099998474121094,42.540000915527344,40.353309631347656,3595800
2019-03-15,42.779998779296875,43.279998779296875,42.779998779296875,43.15999984741211,40.941436767578125,4289200
2019-03-18,43.41999816894531,44.09000015258789,43.41999816894531,43.88999938964844,41.6339111328125,4170000
2019-03-19,44.04999923706055,44.18000030517578,43.650001525878906,43.81999969482422,41.56751251220703,3399100
2019-03-20,44.08000183105469,45.18000030517578,43.880001068115234,44.939998626708984,42.62993621826172,7376400
2019-03-21,44.939998626708984,45.33000183105469,44.79999923706055,45.06999969482422,42.753257751464844,5576000
2019-03-22,44.38999938964844,44.75,43.279998779296875,43.29999923706055,41.074241638183594,5378500
2019-03-25,43.36000061035156,44.099998474121094,43.36000061035156,43.91999816894531,41.66236877441406,3253700
2019-03-26,44.0,44.209999084472656,43.779998779296875,43.97999954223633,41.71928787231445,2613600
2019-03-27,43.5099983215332,43.84000015258789,43.27000045776367,43.4900016784668,41.25447463989258,3727300
2019-03-28,43.470001220703125,43.54999923706055,42.91999816894531,43.400001525878906,41.169105529785156,3893500
2019-03-29,43.650001525878906,43.84000015258789,43.220001220703125,43.59000015258789,41.34933853149414,4726900
2019-04-01,44.0099983215332,44.790000915527344,43.93000030517578,44.58000183105469,42.288448333740234,5325100
2019-04-02,44.869998931884766,44.93000030517578,43.91999816894531,44.15999984741211,41.89003372192383,2769300
2019-04-03,44.349998474121094,44.63999938964844,44.02000045776367,44.22999954223633,41.9564323425293,4998700
2019-04-04,44.060001373291016,44.939998626708984,44.060001373291016,44.91999816894531,42.610965728759766,4931500
2019-04-05,45.13999938964844,46.150001525878906,45.13999938964844,46.040000915527344,43.67340087890625,6259800
2019-04-08,46.09000015258789,46.970001220703125,46.060001373291016,46.75,44.346900939941406,3429200
2019-04-09,46.81999969482422,46.90999984741211,46.41999816894531,46.56999969482422,44.176151275634766,3725000
2019-04-10,46.849998474121094,46.970001220703125,46.54999923706055,46.61000061035156,44.2140998840332,2507300
2019-04-11,46.439998626708984,46.54999923706055,46.029998779296875,46.34000015258789,43.957977294921875,3046500
2019-04-12,46.54999923706055,46.869998931884766,46.34000015258789,46.5099983215332,44.11923599243164,3350800
2019-04-15,46.34000015258789,46.47999954223633,45.959999084472656,46.27000045776367,43.891571044921875,3566600
2019-04-16,46.13999938964844,46.720001220703125,46.06999969482422,46.63999938964844,44.242557525634766,3261300
2019-04-17,46.93000030517578,47.31999969482422,46.529998779296875,47.18000030517578,44.754798889160156,3635100
2019-04-18,47.16999816894531,47.41999816894531,46.849998474121094,47.130001068115234,44.707366943359375,1691100
2019-04-22,47.0099983215332,47.20000076293945,46.91999816894531,47.06999969482422,44.65045166015625,1308000
2019-04-23,46.7599983215332,46.90999984741211,46.27000045776367,46.63999938964844,44.242557525634766,3109600
2019-04-24,46.31999969482422,46.540000915527344,45.810001373291016,46.15999984741211,43.787227630615234,3362400
2019-04-25,45.849998474121094,46.439998626708984,45.61000061035156,46.40999984741211,44.024375915527344,2600600
2019-04-26,46.4900016784668,46.900001525878906,46.31999969482422,46.52000045776367,44.128719329833984,1978200
2019-04-29,46.58000183105469,46.58000183105469,46.04999923706055,46.220001220703125,43.844146728515625,2345400
2019-04-30,46.0,46.33000183105469,45.58000183105469,46.150001525878906,43.777740478515625,3169100
2019-05-01,46.29999923706055,46.66999816894531,45.560001373291016,45.689998626708984,43.34138488769531,3426100
2019-05-02,45.68000030517578,45.84000015258789,45.29999923706055,45.45000076293945,43.11372756958008,3197000
2019-05-03,45.790000915527344,46.13999938964844,45.65999984741211,46.0,43.63545608520508,3002200
2019-05-06,44.88999938964844,45.7599983215332,44.88999938964844,45.70000076293945,43.35087203979492,3017800
2019-05-07,45.099998474121094,45.43000030517578,44.619998931884766,44.959999084472656,42.64890670776367,3422000
2019-05-08,44.650001525878906,44.900001525878906,44.40999984741211,44.43000030517578,42.146156311035156,3739300
2019-05-09,43.900001525878906,44.380001068115234,43.279998779296875,44.13999938964844,41.871063232421875,5522800
2019-05-10,44.029998779296875,44.75,43.439998626708984,44.59000015258789,42.29793167114258,4061700
2019-05-13,43.779998779296875,44.04999923706055,43.38999938964844,43.93000030517578,41.671852111816406,4582300
2019-05-14,44.15999984741211,44.59000015258789,43.91999816894531,44.45000076293945,42.165130615234375,3564200
2019-05-15,44.08000183105469,44.720001220703125,43.90999984741211,44.529998779296875,42.24100875854492,3075600
2019-05-16,44.52000045776367,44.790000915527344,44.2599983215332,44.470001220703125,42.18410110473633,2703800
2019-05-17,43.90999984741211,44.709999084472656,43.81999969482422,44.22999954223633,41.9564323425293,3115500
2019-05-20,44.29999923706055,44.880001068115234,44.22999954223633,44.630001068115234,42.335872650146484,2145900
2019-05-21,44.66999816894531,44.810001373291016,44.040000915527344,44.58000183105469,42.288448333740234,5303700
2019-05-22,44.540000915527344,44.689998626708984,44.099998474121094,44.290000915527344,42.01335144042969,1996900
2019-05-23,43.86000061035156,44.209999084472656,43.650001525878906,43.97999954223633,41.71928787231445,2797800
2019-05-24,44.2599983215332,44.2599983215332,43.33000183105469,43.79999923706055,41.54853820800781,4092200
2019-05-28,43.630001068115234,43.83000183105469,43.099998474121094,43.29999923706055,41.074241638183594,3758500
2019-05-29,43.02000045776367,43.970001220703125,42.880001068115234,43.90999984741211,41.65288543701172,3597700
2019-05-30,44.0,44.84000015258789,44.0,44.540000915527344,42.25050354003906,3901400
2019-05-31,42.36000061035156,43.04999923706055,42.13999938964844,42.91999816894531,40.71377182006836,7783000
2019-06-03,42.560001373291016,42.9900016784668,42.52000045776367,42.66999816894531,40.47662353515625,4612800
2019-06-04,43.220001220703125,43.7599983215332,42.959999084472656,43.459999084472656,41.226016998291016,5233300
2019-06-05,43.72999954223633,43.939998626708984,43.2400016784668,43.7400016784668,41.49162673950195,4577900
2019-06-06,43.45000076293945,45.619998931884766,42.79999923706055,43.40999984741211,41.1785888671875,7818400
2019-06-07,43.209999084472656,43.709999084472656,43.20000076293945,43.56999969482422,41.33036422729492,4462300
2019-06-10,44.93000030517578,45.25,44.470001220703125,44.86000061035156,42.554054260253906,7111900
2019-06-11,45.209999084472656,45.38999938964844,45.0099983215332,45.099998474121094,42.781715393066406,3431000
2019-06-12,45.060001373291016,45.290000915527344,44.83000183105469,44.91999816894531,42.610965728759766,4418200
2019-06-13,44.93000030517578,45.11000061035156,44.52000045776367,44.66999816894531,42.373817443847656,5763400
2019-06-14,44.779998779296875,44.779998779296875,44.25,44.34000015258789,42.0607795715332,3012100
2019-06-17,43.5099983215332,43.72999954223633,43.11000061035156,43.279998779296875,41.88850784301758,3694600
2019-06-18,43.709999084472656,44.130001068115234,43.400001525878906,43.65999984741211,42.256282806396484,3822800
2019-06-19,43.66999816894531,44.130001068115234,43.5099983215332,44.029998779296875,42.61438751220703,3137400
2019-06-20,45.0099983215332,45.08000183105469,44.400001525878906,44.56999969482422,43.13703536987305,3610300
2019-06-21,44.369998931884766,44.689998626708984,43.959999084472656,44.06999969482422,42.653106689453125,3623400
2019-06-24,44.029998779296875,44.22999954223633,43.939998626708984,44.08000183105469,42.662784576416016,2536700
2019-06-25,43.900001525878906,44.209999084472656,43.849998474121094,43.959999084472656,42.5466423034668,3639700
2019-06-26,44.16999816894531,44.349998474121094,44.04999923706055,44.220001220703125,42.798282623291016,3895900
2019-06-27,44.2599983215332,44.349998474121094,43.52000045776367,43.54999923706055,42.14982223510742,3750900
2019-06-28,43.810001373291016,43.810001373291016,43.189998626708984,43.380001068115234,41.98529052734375,3436500
2019-07-01,44.0099983215332,44.36000061035156,43.5099983215332,43.86000061035156,42.449859619140625,4002400
2019-07-02,43.900001525878906,44.27000045776367,43.86000061035156,43.88999938964844,42.4788932800293,2115600
2019-07-03,44.099998474121094,44.13999938964844,43.849998474121094,43.97999954223633,42.56599807739258,1202600
2019-07-05,43.900001525878906,44.29999923706055,43.650001525878906,44.099998474121094,42.6821403503418,2901800
2019-07-08,44.099998474121094,44.790000915527344,43.959999084472656,44.540000915527344,43.10799789428711,2943100
2019-07-09,44.29999923706055,44.630001068115234,42.880001068115234,43.15999984741211,41.772361755371094,12860000
2019-07-10,43.15999984741211,43.369998931884766,42.790000915527344,43.15999984741211,41.772361755371094,4025300
2019-07-11,43.380001068115234,43.720001220703125,43.099998474121094,43.560001373291016,42.15950012207031,3550800
2019-07-12,43.869998931884766,43.869998931884766,43.209999084472656,43.5099983215332,42.111106872558594,2344800
2019-07-15,43.54999923706055,44.16999816894531,43.5099983215332,44.06999969482422,42.653106689453125,2731800
2019-07-16,43.810001373291016,44.029998779296875,43.349998474121094,43.650001525878906,42.246612548828125,2906200
2019-07-17,43.720001220703125,43.93000030517578,43.2599983215332,43.2599983215332,41.869144439697266,2658100
2019-07-18,43.349998474121094,43.459999084472656,42.540000915527344,42.83000183105469,41.45297622680664,5878400
2019-07-19,42.869998931884766,42.93000030517578,42.38999938964844,42.459999084472656,41.09486389160156,3372500
2019-07-22,42.33000183105469,42.619998931884766,41.880001068115234,42.02000045776367,40.66901779174805,4236000
2019-07-23,41.97999954223633,42.02000045776367,41.209999084472656,41.38999938964844,40.059268951416016,4022800
2019-07-24,41.529998779296875,42.060001373291016,41.529998779296875,41.91999816894531,40.572227478027344,2431800
2019-07-25,41.86000061035156,41.970001220703125,41.459999084472656,41.720001220703125,40.378658294677734,2711500
2019-07-26,41.90999984741211,42.0099983215332,41.33000183105469,41.4900016784668,40.15605545043945,2687600
2019-07-29,41.470001220703125,42.619998931884766,41.310001373291016,42.16999816894531,40.814186096191406,3799900
2019-07-30,42.06999969482422,42.06999969482422,41.56999969482422,41.849998474121094,40.50448226928711,1884700
2019-07-31,41.939998626708984,41.95000076293945,41.0099983215332,41.27000045776367,39.94313049316406,3531000
2019-08-01,41.20000076293945,41.5099983215332,40.61000061035156,40.75,39.43984603881836,5003700
2019-08-02,40.540000915527344,40.61000061035156,39.810001373291016,40.22999954223633,38.93656539916992,4968400
2019-08-05,39.29999923706055,39.40999984741211,38.84000015258789,39.15999984741211,37.900970458984375,4680600
2019-08-06,39.380001068115234,39.709999084472656,39.099998474121094,39.58000183105469,38.30746078491211,3150400
2019-08-07,39.06999969482422,40.16999816894531,38.880001068115234,40.130001068115234,38.83978271484375,4862500
2019-08-08,40.2599983215332,40.72999954223633,40.119998931884766,40.560001373291016,39.25596237182617,2908800
2019-08-09,40.47999954223633,40.66999816894531,40.040000915527344,40.5099983215332,39.20756149291992,2580300
2019-08-12,39.810001373291016,39.810001373291016,39.29999923706055,39.4900016784668,38.220359802246094,3139100
2019-08-13,39.2599983215332,39.939998626708984,39.06999969482422,39.61000061035156,38.33649826049805,3681000
2019-08-14,38.83000183105469,39.25,38.11000061035156,38.22999954223633,37.0008659362793,5047100
2019-08-15,38.27000045776367,38.689998626708984,37.86000061035156,38.43000030517578,37.19443893432617,4506000
2019-08-16,38.66999816894531,39.20000076293945,38.52000045776367,39.119998931884766,37.86225509643555,3057400
2019-08-19,39.209999084472656,39.54999923706055,38.7400016784668,38.81999969482422,37.5718994140625,2625100
2019-08-20,38.7400016784668,39.310001373291016,38.720001220703125,39.06999969482422,37.81385803222656,2471200
2019-08-21,39.439998626708984,39.72999954223633,39.13999938964844,39.72999954223633,38.45263671875,2254300
2019-08-22,39.41999816894531,39.810001373291016,39.31999969482422,39.33000183105469,38.06550216674805,2669200
2019-08-23,39.22999954223633,39.52000045776367,38.869998931884766,38.970001220703125,37.717079162597656,5016500
2019-08-26,39.290000915527344,39.369998931884766,39.0099983215332,39.29999923706055,38.03646469116211,1871700
2019-08-27,39.40999984741211,39.720001220703125,39.400001525878906,39.529998779296875,38.25906753540039,3010600
2019-08-28,39.869998931884766,39.9900016784668,39.529998779296875,39.79999923706055,38.520389556884766,3262600
2019-08-29,40.0,40.72999954223633,39.810001373291016,40.619998931884766,39.31402587890625,2770800
2019-08-30,40.79999923706055,41.54999923706055,40.619998931884766,41.5099983215332,40.175411224365234,2908700
2019-09-03,41.13999938964844,41.13999938964844,40.720001220703125,40.959999084472656,39.64309310913086,2305900
2019-09-04,41.650001525878906,41.95000076293945,41.290000915527344,41.86000061035156,40.51416015625,3496400
2019-09-05,42.18000030517578,42.61000061035156,42.150001525878906,42.29999923706055,40.94001007080078,2660100
2019-09-06,42.72999954223633,43.02000045776367,42.5,42.70000076293945,41.327152252197266,4021900
2019-09-09,43.060001373291016,43.34000015258789,42.5,42.58000183105469,41.21101379394531,3688600
2019-09-10,42.56999969482422,42.959999084472656,42.38999938964844,42.4900016784668,41.123905181884766,3734400
2019-09-11,42.400001525878906,42.77000045776367,42.400001525878906,42.689998626708984,41.317474365234375,2365800
2019-09-12,42.97999954223633,43.25,42.619998931884766,42.79999923706055,41.42393493652344,2638800
2019-09-13,42.9900016784668,43.380001068115234,42.97999954223633,43.150001525878906,41.76268768310547,2765600
2019-09-16,43.09000015258789,43.56999969482422,42.709999084472656,43.04999923706055,41.665897369384766,2622600
2019-09-17,42.86000061035156,43.86000061035156,42.72999954223633,43.810001373291016,42.40146255493164,4281200
2019-09-18,43.84000015258789,43.880001068115234,43.099998474121094,43.369998931884766,41.975608825683594,3398800
2019-09-19,43.630001068115234,43.72999954223633,43.150001525878906,43.290000915527344,41.89818572998047,2047100
2019-09-20,43.54999923706055,43.790000915527344,43.22999954223633,43.72999954223633,42.324031829833984,3181300
2019-09-23,43.459999084472656,43.88999938964844,43.29999923706055,43.599998474121094,42.19821548461914,2641400
2019-09-24,43.810001373291016,43.869998931884766,43.15999984741211,43.15999984741211,41.772361755371094,2645100
2019-09-25,42.810001373291016,43.08000183105469,42.45000076293945,43.0099983215332,41.62717819213867,2679100
2019-09-26,42.97999954223633,43.130001068115234,42.650001525878906,42.849998474121094,41.47233200073242,2763600
2019-09-27,42.790000915527344,42.869998931884766,42.380001068115234,42.529998779296875,41.16261672973633,1850800
2019-09-30,42.529998779296875,42.90999984741211,42.33000183105469,42.720001220703125,41.34651184082031,1737100
2019-10-01,42.52000045776367,42.72999954223633,42.33000183105469,42.36000061035156,40.99808120727539,2443800
2019-10-02,42.27000045776367,42.36000061035156,41.70000076293945,41.7599983215332,40.41737365722656,3542800
2019-10-03,41.65999984741211,42.36000061035156,41.61000061035156,42.34000015258789,40.978721618652344,2089700
2019-10-04,42.47999954223633,43.68000030517578,42.47999954223633,43.63999938964844,42.23693084716797,4779100
2019-10-07,43.54999923706055,43.619998931884766,42.9900016784668,43.0,41.61750793457031,2519800
2019-10-08,42.93000030517578,43.11000061035156,42.47999954223633,42.4900016784668,41.123905181884766,2930000
2019-10-09,42.95000076293945,43.130001068115234,42.59000015258789,42.619998931884766,41.249725341796875,1641500
2019-10-10,42.75,43.52000045776367,42.689998626708984,43.4900016784668,42.09175109863281,4546700
2019-10-11,44.0,44.41999816894531,43.900001525878906,44.119998931884766,42.701499938964844,4286300
2019-10-14,44.220001220703125,44.400001525878906,44.13999938964844,44.16999816894531,42.7498893737793,1767000
2019-10-15,44.38999938964844,44.4900016784668,44.20000076293945,44.2400016784668,42.81764221191406,1856700
2019-10-16,44.15999984741211,44.63999938964844,44.15999984741211,44.56999969482422,43.13703536987305,2610900
2019-10-17,44.81999969482422,45.0,44.439998626708984,44.439998626708984,43.011207580566406,1617500
2019-10-18,44.630001068115234,44.779998779296875,44.310001373291016,44.33000183105469,42.904747009277344,2449300
2019-10-21,44.54999923706055,44.79999923706055,44.369998931884766,44.79999923706055,43.35963439941406,2244400
2019-10-22,44.939998626708984,45.04999923706055,44.540000915527344,44.66999816894531,43.23381805419922,2351700
2019-10-23,44.5,44.81999969482422,44.5,44.779998779296875,43.34027099609375,1553800
2019-10-24,44.900001525878906,45.0,44.68000030517578,44.79999923706055,43.35963439941406,1962500
2019-10-25,44.970001220703125,45.0099983215332,44.709999084472656,44.7599983215332,43.320919036865234,1700500
2019-10-28,44.95000076293945,45.25,44.709999084472656,45.130001068115234,43.67902374267578,2853100
2019-10-29,45.36000061035156,45.38999938964844,44.95000076293945,44.970001220703125,43.524169921875,1797200
2019-10-30,44.900001525878906,45.0099983215332,44.599998474121094,44.880001068115234,43.43706512451172,2180900
2019-10-31,45.0,45.0099983215332,44.220001220703125,44.310001373291016,42.88539123535156,2215700
2019-11-01,44.83000183105469,45.220001220703125,44.470001220703125,45.13999938964844,43.688697814941406,4123300
2019-11-04,45.5099983215332,45.56999969482422,44.90999984741211,45.029998779296875,43.582237243652344,1849400
2019-11-05,45.0,45.060001373291016,44.45000076293945,44.59000015258789,43.15638732910156,1931000
2019-11-06,44.54999923706055,45.099998474121094,44.369998931884766,45.09000015258789,43.64031219482422,2110800
2019-11-07,45.2400016784668,45.65999984741211,45.189998626708984,45.45000076293945,43.98873519897461,2596200
2019-11-08,45.27000045776367,45.599998474121094,44.939998626708984,45.02000045776367,43.57255935668945,1814600
2019-11-11,44.880001068115234,45.15999984741211,44.65999984741211,44.97999954223633,43.53384780883789,1597200
2019-11-12,44.88999938964844,44.900001525878906,43.95000076293945,43.9900016784668,42.57567596435547,2362600
2019-11-13,43.75,43.95000076293945,43.5,43.779998779296875,42.37242126464844,2066400
2019-11-14,43.470001220703125,44.09000015258789,43.290000915527344,44.08000183105469,42.662784576416016,1637800
2019-11-15,44.5099983215332,44.70000076293945,44.40999984741211,44.70000076293945,43.26285171508789,1501800
2019-11-18,44.599998474121094,44.709999084472656,44.279998779296875,44.349998474121094,42.92409896850586,1085400
2019-11-19,44.470001220703125,44.689998626708984,44.189998626708984,44.36000061035156,42.93378448486328,1177800
2019-11-20,44.25,44.52000045776367,43.959999084472656,44.189998626708984,42.769248962402344,2768100
2019-11-21,43.95000076293945,44.29999923706055,43.880001068115234,44.13999938964844,42.720855712890625,2192200
2019-11-22,44.31999969482422,44.540000915527344,44.060001373291016,44.470001220703125,43.04024124145508,1811000
2019-11-25,44.43000030517578,44.790000915527344,44.2599983215332,44.40999984741211,42.98217010498047,1234400
2019-11-26,44.29999923706055,44.29999923706055,43.470001220703125,43.72999954223633,42.324031829833984,3649900
2019-11-27,43.61000061035156,43.779998779296875,43.47999954223633,43.77000045776367,42.36275100708008,1578100
2019-11-29,43.45000076293945,43.880001068115234,43.38999938964844,43.52000045776367,42.120792388916016,1304400
2019-12-02,43.34000015258789,43.5,43.040000915527344,43.099998474121094,41.714290618896484,2095100
2019-12-03,42.7599983215332,43.060001373291016,42.61000061035156,42.81999969482422,41.44329071044922,2092400
2019-12-04,43.11000061035156,43.220001220703125,42.95000076293945,43.06999969482422,41.68525314331055,2085600
2019-12-05,43.220001220703125,43.5099983215332,43.08000183105469,43.209999084472656,41.82075881958008,2484900
2019-12-06,43.38999938964844,43.43000030517578,42.88999938964844,43.0,41.61750793457031,2657900
2019-12-09,43.27000045776367,43.630001068115234,43.040000915527344,43.119998931884766,41.733646392822266,2972300
2019-12-10,43.04999923706055,43.869998931884766,43.04999923706055,43.849998474121094,42.44017791748047,2975600
2019-12-11,43.900001525878906,44.65999984741211,43.86000061035156,44.619998931884766,43.1854248046875,2639900
2019-12-12,44.779998779296875,45.27000045776367,44.66999816894531,45.150001525878906,43.69838333129883,3461300
2019-12-13,45.31999969482422,45.93000030517578,45.2400016784668,45.75,44.27908706665039,3739100
2019-12-16,46.02000045776367,46.06999969482422,45.099998474121094,45.68000030517578,44.63475799560547,2663600
2019-12-17,45.88999938964844,45.9900016784668,45.52000045776367,45.709999084472656,44.66407775878906,3327900
2019-12-18,45.79999923706055,46.400001525878906,45.75,46.310001373291016,45.25034713745117,2510300
2019-12-19,46.400001525878906,46.45000076293945,45.88999938964844,46.060001373291016,45.00606918334961,2921000
2019-12-20,46.29999923706055,46.34000015258789,45.84000015258789,45.84000015258789,44.791099548339844,2298600
2019-12-23,45.810001373291016,45.939998626708984,45.540000915527344,45.66999816894531,44.6249885559082,2113500
2019-12-24,45.7400016784668,45.7400016784668,45.43000030517578,45.5099983215332,44.46864700317383,445500
2019-12-26,45.619998931884766,45.810001373291016,45.41999816894531,45.79999923706055,44.75201416015625,1047500
2019-12-27,45.81999969482422,46.20000076293945,45.75,45.900001525878906,44.849727630615234,1427300
2019-12-30,46.0,46.0,44.84000015258789,44.97999954223633,43.95077896118164,2625400
2019-12-31,45.040000915527344,45.400001525878906,44.97999954223633,45.029998779296875,43.9996337890625,1720000
2020-01-02,45.41999816894531,46.2599983215332,45.099998474121094,46.2599983215332,45.20148849487305,2929900
2020-01-03,45.63999938964844,46.279998779296875,45.599998474121094,45.91999816894531,44.86927032470703,2355500
2020-01-06,45.900001525878906,46.400001525878906,45.900001525878906,46.130001068115234,45.074466705322266,4428100
2020-01-07,46.06999969482422,46.209999084472656,45.619998931884766,45.70000076293945,44.65430450439453,5687600
2020-01-08,46.0,46.380001068115234,45.619998931884766,46.11000061035156,45.0549201965332,2457400
2020-01-09,46.400001525878906,46.40999984741211,45.91999816894531,46.13999938964844,45.0842399597168,3019800
2020-01-10,46.4900016784668,46.84000015258789,46.290000915527344,46.38999938964844,45.32851791381836,3744800
2020-01-13,46.4900016784668,46.77000045776367,46.310001373291016,46.709999084472656,45.64119338989258,2413800
2020-01-14,46.77000045776367,46.77000045776367,46.09000015258789,46.41999816894531,45.35782241821289,4313400
2020-01-15,46.220001220703125,46.650001525878906,46.16999816894531,46.279998779296875,45.221031188964844,2630500
2020-01-16,46.529998779296875,47.209999084472656,46.349998474121094,47.20000076293945,46.11997985839844,3597000
2020-01-17,47.29999923706055,48.119998931884766,47.20000076293945,48.0099983215332,46.91144943237305,5405100
2020-01-21,47.83000183105469,47.90999984741211,47.470001220703125,47.61000061035156,46.520599365234375,3565700
2020-01-22,47.88999938964844,48.189998626708984,47.709999084472656,47.77000045776367,46.676937103271484,3409200
2020-01-23,47.400001525878906,47.52000045776367,46.869998931884766,47.400001525878906,46.315406799316406,3234900
2020-01-24,47.4900016784668,47.540000915527344,46.7599983215332,46.880001068115234,45.80730438232422,4711500
2020-01-27,45.880001068115234,46.060001373291016,45.369998931884766,45.560001373291016,44.51750564575195,4915200
2020-01-28,45.9900016784668,46.869998931884766,45.84000015258789,46.7400016784668,45.670509338378906,2654800
2020-01-29,46.88999938964844,47.43000030517578,46.63999938964844,47.22999954223633,46.149295806884766,3814300
2020-01-30,46.810001373291016,47.04999923706055,46.33000183105469,46.77000045776367,45.6998176574707,2384400
2020-01-31,46.2599983215332,46.54999923706055,45.75,45.86000061035156,44.81064224243164,3785100
2020-02-03,46.189998626708984,47.13999938964844,46.11000061035156,46.75,45.680274963378906,3666000
2020-02-04,47.529998779296875,47.529998779296875,46.970001220703125,47.2400016784668,46.1590690612793,4188000
2020-02-05,47.93000030517578,48.06999969482422,47.02000045776367,47.150001525878906,46.071128845214844,4228000
2020-02-06,47.290000915527344,47.38999938964844,46.5099983215332,46.52000045776367,45.455535888671875,4842600
2020-02-07,46.33000183105469,46.380001068115234,45.790000915527344,46.22999954223633,45.172176361083984,3240600
2020-02-10,46.099998474121094,46.290000915527344,45.84000015258789,46.189998626708984,45.133094787597656,3540800
2020-02-11,46.61000061035156,47.45000076293945,46.5,47.189998626708984,46.11021041870117,4575800
2020-02-12,47.369998931884766,48.060001373291016,47.369998931884766,47.86000061035156,46.7648811340332,3118800
2020-02-13,47.40999984741211,47.68000030517578,47.150001525878906,47.54999923706055,46.461971282958984,2060600
2020-02-14,47.56999969482422,47.79999923706055,47.4900016784668,47.709999084472656,46.61831283569336,1771400
2020-02-18,47.529998779296875,47.779998779296875,47.369998931884766,47.47999954223633,46.393577575683594,1513600
2020-02-19,47.7599983215332,47.7599983215332,47.27000045776367,47.560001373291016,46.471744537353516,1722800
2020-02-20,47.06999969482422,47.209999084472656,46.5,46.79999923706055,45.72913360595703,2004700
2020-02-21,46.08000183105469,46.959999084472656,45.97999954223633,46.61000061035156,45.54348373413086,2393400
2020-02-24,44.66999816894531,45.279998779296875,43.90999984741211,45.029998779296875,43.9996337890625,5173200
2020-02-25,45.38999938964844,45.459999084472656,44.09000015258789,44.29999923706055,43.28634262084961,3950200
2020-02-26,44.20000076293945,44.63999938964844,43.790000915527344,43.86000061035156,42.85640335083008,2516600
2020-02-27,42.689998626708984,42.959999084472656,41.9900016784668,42.130001068115234,41.165992736816406,4669600
2020-02-28,40.369998931884766,41.75,39.119998931884766,41.619998931884766,40.667659759521484,5934000
2020-03-02,41.5,43.02000045776367,41.29999923706055,43.0,42.01608657836914,3790100
2020-03-03,42.84000015258789,44.22999954223633,42.56999969482422,43.029998779296875,42.0453987121582,5444900
2020-03-04,43.720001220703125,43.939998626708984,43.25,43.88999938964844,42.885719299316406,2700300
2020-03-05,42.83000183105469,43.25,41.77000045776367,42.130001068115234,41.165992736816406,4670300
2020-03-06,40.540000915527344,40.97999954223633,40.13999938964844,40.58000183105469,39.651458740234375,4376200
2020-03-09,35.369998931884766,37.2400016784668,34.939998626708984,36.150001525878906,35.32282638549805,4328700
2020-03-10,37.29999923706055,38.0,36.459999084472656,37.720001220703125,36.85689926147461,3823200
2020-03-11,36.79999923706055,36.83000183105469,35.29999923706055,35.81999969482422,35.0003776550293,5588900
2020-03-12,32.20000076293945,34.02000045776367,31.06999969482422,33.130001068115234,32.37192916870117,4670400
2020-03-13,35.45000076293945,35.45000076293945,33.59000015258789,34.36000061035156,33.57378387451172,2853700
2020-03-16,30.100000381469727,32.0,28.510000228881836,29.1200008392334,28.453683853149414,3423900
2020-03-17,29.84000015258789,31.489999771118164,29.450000762939453,31.389999389648438,30.671743392944336,3994700
2020-03-18,28.59000015258789,30.450000762939453,28.100000381469727,28.75,28.09214973449707,3844500
2020-03-19,28.260000228881836,28.770000457763672,27.149999618530273,28.600000381469727,27.94558334350586,4147700
2020-03-20,29.1200008392334,29.209999084472656,27.0,27.040000915527344,26.421279907226562,3758100
2020-03-23,26.479999542236328,26.829999923706055,25.030000686645508,25.1200008392334,24.545209884643555,4433700
2020-03-24,26.530000686645508,27.100000381469727,26.329999923706055,26.709999084472656,26.098827362060547,4198300
2020-03-25,27.489999771118164,29.600000381469727,26.989999771118164,28.90999984741211,28.24848747253418,4781800
2020-03-26,29.0,30.809999465942383,29.0,30.350000381469727,29.65553855895996,3803800
2020-03-27,28.6200008392334,28.989999771118164,27.8799991607666,27.920000076293945,27.28114128112793,3301800
2020-03-30,27.579999923706055,27.84000015258789,27.030000686645508,27.68000030517578,27.046634674072266,3216200
2020-03-31,28.0,29.1299991607666,27.829999923706055,28.350000381469727,27.701303482055664,3730600
2020-04-01,27.049999237060547,27.139999389648438,26.229999542236328,26.68000030517578,26.069515228271484,3670900
2020-04-02,26.600000381469727,27.899999618530273,26.43000030517578,26.610000610351562,26.001115798950195,5665400
2020-04-03,26.600000381469727,26.6299991607666,25.229999542236328,25.600000381469727,25.01422691345215,4909500
2020-04-06,26.6299991607666,27.18000030517578,26.440000534057617,27.06999969482422,26.450593948364258,3397700
2020-04-07,28.399999618530273,28.43000030517578,27.389999389648438,27.450000762939453,26.821895599365234,4412800
2020-04-08,27.850000381469727,28.15999984741211,27.270000457763672,27.90999984741211,27.2713680267334,3181700
2020-04-09,28.829999923706055,28.889999389648438,27.940000534057617,28.260000228881836,27.613361358642578,2606200
2020-04-13,28.399999618530273,28.540000915527344,27.8799991607666,28.25,27.60359001159668,2456800
2020-04-14,28.829999923706055,29.100000381469727,28.25,28.739999771118164,28.08237648010254,2837700
2020-04-15,27.59000015258789,27.729999542236328,27.15999984741211,27.219999313354492,26.59716033935547,3025900
2020-04-16,27.079999923706055,27.239999771118164,26.309999465942383,27.030000686645508,26.41150665283203,2803300
2020-04-17,28.299999237060547,28.350000381469727,27.809999465942383,28.209999084472656,27.564504623413086,3850700
2020-04-20,27.440000534057617,27.790000915527344,27.280000686645508,27.600000381469727,26.968463897705078,1885400
2020-04-21,27.0,27.06999969482422,26.610000610351562,26.760000228881836,26.147682189941406,2737400
2020-04-22,27.200000762939453,27.34000015258789,26.829999923706055,27.0,26.382190704345703,3375600
2020-04-23,27.200000762939453,27.239999771118164,26.579999923706055,26.639999389648438,26.03042984008789,2570800
2020-04-24,26.850000381469727,26.950000762939453,26.489999771118164,26.709999084472656,26.098827362060547,3264200
2020-04-27,26.950000762939453,27.459999084472656,26.84000015258789,27.420000076293945,26.79258155822754,1897400
2020-04-28,28.010000228881836,28.6299991607666,27.81999969482422,28.610000610351562,27.955352783203125,4746800
2020-04-29,29.25,30.3700008392334,29.079999923706055,30.329999923706055,29.635995864868164,5140800
2020-04-30,30.06999969482422,30.06999969482422,29.15999984741211,29.270000457763672,28.600252151489258,3486700
2020-05-01,28.690000534057617,28.75,27.68000030517578,28.100000381469727,27.45702362060547,3325700
2020-05-04,27.850000381469727,29.31999969482422,27.850000381469727,29.299999237060547,28.62956428527832,2512000
2020-05-05,29.799999237060547,30.1299991607666,29.6200008392334,29.700000762939453,29.02041244506836,3831000
2020-05-06,29.670000076293945,29.760000228881836,29.139999389648438,29.360000610351562,28.68819236755371,2461800
2020-05-07,29.8700008392334,30.06999969482422,29.479999542236328,29.65999984741211,28.981327056884766,4877100
2020-05-08,30.329999923706055,31.110000610351562,30.260000228881836,30.860000610351562,30.153867721557617,3204700
2020-05-11,30.549999237060547,30.780000686645508,30.25,30.489999771118164,29.792333602905273,2442400
2020-05-12,30.670000076293945,30.799999237060547,29.8700008392334,29.8799991607666,29.196292877197266,1976200
2020-05-13,30.219999313354492,30.219999313354492,29.100000381469727,29.190000534057617,28.52208137512207,4535500
2020-05-14,28.719999313354492,29.59000015258789,28.420000076293945,29.559999465942383,28.883617401123047,2957400
2020-05-15,29.15999984741211,29.610000610351562,28.81999969482422,28.899999618530273,28.238718032836914,2086200
2020-05-18,29.84000015258789,30.56999969482422,29.84000015258789,30.43000030517578,29.733707427978516,4035500
2020-05-19,30.600000381469727,30.639999389648438,29.270000457763672,29.270000457763672,28.600252151489258,4296500
2020-05-20,29.979999542236328,30.520000457763672,29.6200008392334,30.3700008392334,29.67508316040039,4229900
2020-05-21,30.489999771118164,30.81999969482422,29.989999771118164,30.3799991607666,29.684852600097656,3517800
2020-05-22,30.059999465942383,30.68000030517578,29.809999465942383,30.59000015258789,29.890047073364258,2023700
2020-05-26,31.860000610351562,32.4900016784668,31.559999465942383,31.809999465942383,31.08213233947754,3764200
2020-05-27,31.959999084472656,32.40999984741211,31.579999923706055,32.25,31.51206398010254,4182600
2020-05-28,32.47999954223633,32.5,31.799999237060547,31.93000030517578,31.199384689331055,2695800
2020-05-29,32.16999816894531,32.16999816894531,31.079999923706055,31.889999389648438,31.160301208496094,4109600
2020-06-01,31.93000030517578,32.97999954223633,31.670000076293945,32.81999969482422,32.06902313232422,3267100
2020-06-02,33.290000915527344,34.279998779296875,33.04999923706055,33.72999954223633,32.95819854736328,5510900
2020-06-03,34.29999923706055,34.77000045776367,34.130001068115234,34.439998626708984,33.65195083618164,5013000
2020-06-04,34.25,34.40999984741211,33.52000045776367,33.70000076293945,32.92888259887695,3348100
2020-06-05,35.0,35.630001068115234,34.83000183105469,35.2400016784668,34.43364715576172,5121200
2020-06-08,35.470001220703125,36.279998779296875,35.04999923706055,36.27000045776367,35.4400749206543,3870300
2020-06-09,35.08000183105469,35.369998931884766,34.63999938964844,34.849998474121094,34.05257034301758,3566600
2020-06-10,34.9900016784668,34.9900016784668,33.93000030517578,34.279998779296875,33.49561309814453,3342400
2020-06-11,32.61000061035156,33.029998779296875,31.389999389648438,31.440000534057617,30.720600128173828,5965900
2020-06-12,32.75,33.13999938964844,32.150001525878906,33.04999923706055,32.29375457763672,4446700
2020-06-15,32.0,33.13999938964844,31.610000610351562,32.75,32.12113952636719,3246500
2020-06-16,33.810001373291016,34.0,32.59000015258789,32.970001220703125,32.3369140625,4218700
2020-06-17,33.220001220703125,33.439998626708984,32.779998779296875,32.939998626708984,32.307491302490234,2086200
2020-06-18,32.66999816894531,32.70000076293945,31.989999771118164,32.099998474121094,31.48361587524414,2102200
2020-06-19,32.77000045776367,33.2599983215332,32.41999816894531,33.06999969482422,32.43498992919922,5312000
2020-06-22,33.310001373291016,33.369998931884766,32.880001068115234,32.939998626708984,32.307491302490234,2829500
2020-06-23,33.529998779296875,33.7599983215332,33.119998931884766,33.2400016784668,32.60173034667969,4594900
2020-06-24,32.79999923706055,32.90999984741211,32.29999923706055,32.380001068115234,31.758241653442383,2262200
2020-06-25,32.0099983215332,32.529998779296875,31.959999084472656,32.4900016784668,31.86612892150879,1991700
2020-06-26,32.150001525878906,32.400001525878906,31.520000457763672,31.559999465942383,30.95398712158203,2344300
2020-06-29,31.549999237060547,31.940000534057617,31.350000381469727,31.940000534057617,31.326690673828125,4752100
2020-06-30,31.65999984741211,32.0,31.360000610351562,31.8799991607666,31.267841339111328,2713300
2020-07-01,32.06999969482422,32.470001220703125,31.899999618530273,32.189998626708984,31.571887969970703,2393700
2020-07-02,32.90999984741211,33.38999938964844,32.58000183105469,32.70000076293945,32.07209777832031,2527300
2020-07-06,33.349998474121094,33.7599983215332,32.900001525878906,33.029998779296875,32.395755767822266,2606700
2020-07-07,32.56999969482422,32.849998474121094,32.16999816894531,32.22999954223633,31.611122131347656,2959600
2020-07-08,32.36000061035156,32.470001220703125,31.700000762939453,32.029998779296875,31.414960861206055,4172800
2020-07-09,32.31999969482422,32.34000015258789,31.459999084472656,31.530000686645508,30.924564361572266,2143300
2020-07-10,31.520000457763672,31.700000762939453,31.34000015258789,31.559999465942383,30.95398712158203,2069400
2020-07-13,31.84000015258789,32.099998474121094,30.979999542236328,31.020000457763672,30.42435646057129,2698400
2020-07-14,30.889999389648438,31.420000076293945,30.719999313354492,31.350000381469727,30.74802017211914,3438200
2020-07-15,31.959999084472656,32.189998626708984,31.770000457763672,32.08000183105469,31.46400260925293,2448300
2020-07-16,31.690000534057617,32.099998474121094,31.639999389648438,31.81999969482422,31.208993911743164,2266600
2020-07-17,31.90999984741211,31.90999984741211,31.399999618530273,31.459999084472656,30.855907440185547,2295500
2020-07-20,31.600000381469727,31.65999984741211,31.229999542236328,31.610000610351562,31.003026962280273,1553600
2020-07-21,32.0,32.650001525878906,31.920000076293945,32.43000030517578,31.807281494140625,2483800
2020-07-22,32.369998931884766,32.91999816894531,32.369998931884766,32.91999816894531,32.287872314453125,1709900
2020-07-23,32.650001525878906,32.79999923706055,32.41999816894531,32.560001373291016,31.934785842895508,2252800
2020-07-24,32.52000045776367,32.86000061035156,32.349998474121094,32.7599983215332,32.13093948364258,2693300
2020-07-27,33.119998931884766,33.599998474121094,32.88999938964844,33.58000183105469,32.935203552246094,2189800
2020-07-28,33.45000076293945,33.63999938964844,33.29999923706055,33.529998779296875,32.88615798950195,1935700
2020-07-29,33.619998931884766,33.84000015258789,33.189998626708984,33.54999923706055,32.9057731628418,2419900
2020-07-30,32.939998626708984,33.18000030517578,32.7400016784668,32.91999816894531,32.287872314453125,2630200
2020-07-31,33.0,33.0,32.15999984741211,32.529998779296875,31.905359268188477,2739800
2020-08-03,32.619998931884766,32.650001525878906,32.09000015258789,32.4900016784668,31.86612892150879,1806000
2020-08-04,32.2400016784668,32.459999084472656,32.029998779296875,32.29999923706055,31.67977523803711,1724300
2020-08-05,32.68000030517578,33.619998931884766,32.65999984741211,33.27000045776367,32.63115310668945,3199900
2020-08-06,33.11000061035156,33.380001068115234,32.959999084472656,33.2599983215332,32.621341705322266,1803700
2020-08-07,32.970001220703125,33.349998474121094,32.880001068115234,33.279998779296875,32.640960693359375,1886200
2020-08-10,33.459999084472656,33.560001373291016,33.290000915527344,33.52000045776367,32.87635040283203,1616800
2020-08-11,33.7599983215332,34.290000915527344,33.7599983215332,33.81999969482422,33.170589447021484,2337400
2020-08-12,34.130001068115234,34.20000076293945,33.84000015258789,33.90999984741211,33.25886154174805,1759500
2020-08-13,33.9900016784668,34.33000183105469,33.72999954223633,34.13999938964844,33.48444747924805,1728700
2020-08-14,34.5099983215332,34.900001525878906,34.349998474121094,34.68000030517578,34.014076232910156,4430600
2020-08-17,34.83000183105469,34.970001220703125,34.560001373291016,34.66999816894531,34.004268646240234,2073600
2020-08-18,35.029998779296875,35.060001373291016,34.34000015258789,34.54999923706055,33.886573791503906,1498900
2020-08-19,34.5,34.91999816894531,34.349998474121094,34.38999938964844,33.729644775390625,1821400
2020-08-20,34.13999938964844,34.279998779296875,33.779998779296875,34.279998779296875,33.62175369262695,2411800
2020-08-21,34.290000915527344,34.31999969482422,33.900001525878906,33.970001220703125,33.317710876464844,1784500
2020-08-24,34.27000045776367,34.290000915527344,33.849998474121094,33.90999984741211,33.25886154174805,1819100
2020-08-25,34.06999969482422,34.279998779296875,33.880001068115234,34.2599983215332,33.60213851928711,2279900
2020-08-26,34.29999923706055,34.31999969482422,33.599998474121094,33.75,33.10193634033203,2081100
2020-08-27,33.91999816894531,33.959999084472656,33.060001373291016,33.290000915527344,32.6507682800293,3010000
2020-08-28,33.650001525878906,34.20000076293945,33.459999084472656,34.189998626708984,33.533485412597656,3044300
2020-08-31,33.93000030517578,33.970001220703125,32.88999938964844,32.90999984741211,32.2780647277832,4643700
2020-09-01,33.279998779296875,33.79999923706055,33.119998931884766,33.70000076293945,33.052894592285156,3727400
2020-09-02,33.630001068115234,33.779998779296875,33.15999984741211,33.43000030517578,32.788082122802734,3072400
2020-09-03,33.45000076293945,33.56999969482422,32.83000183105469,32.88999938964844,32.25844955444336,3495000
2020-09-04,33.119998931884766,33.29999923706055,32.40999984741211,33.18000030517578,32.54288101196289,4172700
2020-09-08,32.5,32.790000915527344,32.27000045776367,32.470001220703125,31.846515655517578,3179600
2020-09-09,33.02000045776367,33.34000015258789,32.709999084472656,33.220001220703125,32.58211135864258,3181900
2020-09-10,33.599998474121094,33.65999984741211,32.849998474121094,32.939998626708984,32.307491302490234,3167100
2020-09-11,33.40999984741211,33.59000015258789,33.130001068115234,33.560001373291016,32.915584564208984,3331300
2020-09-14,34.099998474121094,34.47999954223633,33.91999816894531,34.41999816894531,33.75906753540039,5550700
2020-09-15,34.59000015258789,34.65999984741211,34.08000183105469,34.119998931884766,33.46482849121094,2277700
2020-09-16,34.43000030517578,34.720001220703125,34.15999984741211,34.33000183105469,33.670799255371094,3184200
2020-09-17,34.13999938964844,34.27000045776367,33.7400016784668,33.93000030517578,33.27847671508789,4631100
2020-09-18,33.880001068115234,34.09000015258789,33.31999969482422,33.349998474121094,32.709617614746094,3159500
2020-09-21,32.52000045776367,32.709999084472656,32.11000061035156,32.689998626708984,32.06229019165039,4000500
2020-09-22,32.63999938964844,32.75,32.130001068115234,32.310001373291016,31.68958854675293,3030800
2020-09-23,32.04999923706055,32.2400016784668,31.25,31.260000228881836,30.65974998474121,2797200
2020-09-24,30.93000030517578,32.5,30.81999969482422,32.16999816894531,31.55227279663086,3742000
2020-09-25,31.43000030517578,32.279998779296875,31.209999084472656,32.220001220703125,31.601316452026367,2702700
2020-09-28,32.599998474121094,32.86000061035156,32.16999816894531,32.650001525878906,32.02305603027344,2105600
2020-09-29,32.810001373291016,32.91999816894531,32.41999816894531,32.59000015258789,31.964210510253906,1904800
2020-09-30,32.880001068115234,33.709999084472656,32.790000915527344,33.36000061035156,32.71942138671875,2983200
2020-10-01,33.810001373291016,33.90999984741211,32.959999084472656,33.099998474121094,32.464412689208984,3101200
2020-10-02,32.54999923706055,33.52000045776367,32.5,33.2599983215332,32.621341705322266,2395600
2020-10-05,33.68000030517578,34.27000045776367,33.68000030517578,33.97999954223633,33.327518463134766,2388600
2020-10-06,34.15999984741211,34.27000045776367,33.400001525878906,33.58000183105469,32.935203552246094,3108600
2020-10-07,34.22999954223633,34.38999938964844,34.130001068115234,34.29999923706055,33.6413688659668,2315400
2020-10-08,34.52000045776367,35.380001068115234,34.310001373291016,35.349998474121094,34.67121124267578,4811000
2020-10-09,35.619998931884766,36.029998779296875,35.369998931884766,35.81999969482422,35.13218688964844,4227100
2020-10-12,35.91999816894531,35.95000076293945,35.54999923706055,35.560001373291016,34.87718200683594,2664000
2020-10-13,35.4900016784668,35.4900016784668,34.959999084472656,35.09000015258789,34.416202545166016,2374500
2020-10-14,35.20000076293945,35.47999954223633,35.0,35.09000015258789,34.416202545166016,2063600
2020-10-15,34.65999984741211,35.25,34.58000183105469,35.16999816894531,34.494667053222656,1823200
2020-10-16,35.43000030517578,35.56999969482422,35.0099983215332,35.2599983215332,34.58293914794922,1983200
2020-10-19,35.36000061035156,35.470001220703125,34.7599983215332,34.810001373291016,34.14158248901367,2144500
2020-10-20,34.93000030517578,35.79999923706055,34.86000061035156,35.650001525878906,34.9654541015625,3035700
2020-10-21,35.70000076293945,36.25,35.70000076293945,35.9900016784668,35.29892349243164,2201500
2020-10-22,36.119998931884766,36.279998779296875,35.810001373291016,36.209999084472656,35.51469802856445,2111200
2020-10-23,36.61000061035156,36.720001220703125,36.33000183105469,36.47999954223633,35.779510498046875,2311000
2020-10-26,36.189998626708984,36.25,35.66999816894531,35.790000915527344,35.10276412963867,2317300
2020-10-27,35.91999816894531,35.91999816894531,35.38999938964844,35.439998626708984,34.759483337402344,1585300
2020-10-28,34.5099983215332,34.619998931884766,33.95000076293945,34.29999923706055,33.6413688659668,3323900
2020-10-29,34.2400016784668,34.2400016784668,33.41999816894531,33.720001220703125,33.072513580322266,3419200
2020-10-30,33.7599983215332,34.220001220703125,33.720001220703125,34.15999984741211,33.50406265258789,2468400
2020-11-02,34.310001373291016,34.310001373291016,33.439998626708984,34.09000015258789,33.43540954589844,3012800
2020-11-03,34.650001525878906,35.38999938964844,34.43000030517578,34.599998474121094,33.93560791015625,2916500
2020-11-04,34.939998626708984,35.45000076293945,34.4900016784668,34.939998626708984,34.269081115722656,3873400
2020-11-05,36.13999938964844,36.5099983215332,35.560001373291016,36.459999084472656,35.75989532470703,3583300
2020-11-06,36.43000030517578,36.9900016784668,36.380001068115234,36.7599983215332,36.05413818359375,3337600
2020-11-09,38.91999816894531,39.31999969482422,38.04999923706055,38.189998626708984,37.4566764831543,5450000
2020-11-10,38.040000915527344,38.970001220703125,38.040000915527344,38.88999938964844,38.14323425292969,3229100
2020-11-11,38.900001525878906,39.130001068115234,38.58000183105469,39.08000183105469,38.32958984375,2588800
2020-11-12,38.959999084472656,39.099998474121094,38.099998474121094,38.189998626708984,37.4566764831543,2438800
2020-11-13,38.70000076293945,39.209999084472656,38.470001220703125,39.16999816894531,38.41786193847656,3644000
2020-11-16,39.779998779296875,40.72999954223633,39.70000076293945,40.5099983215332,39.73212432861328,4781600
2020-11-17,39.95000076293945,40.75,39.880001068115234,40.72999954223633,39.94790267944336,3713800
2020-11-18,40.91999816894531,41.43000030517578,40.540000915527344,40.84000015258789,40.05579376220703,6026700
2020-11-19,40.68000030517578,41.04999923706055,40.349998474121094,40.720001220703125,39.9380989074707,2566300
2020-11-20,40.79999923706055,41.15999984741211,40.619998931884766,40.939998626708984,40.153873443603516,2417600
2020-11-23,41.34000015258789,41.349998474121094,40.790000915527344,41.060001373291016,40.27157211303711,1930200
2020-11-24,41.52000045776367,42.0099983215332,41.380001068115234,41.849998474121094,41.0463981628418,2928200
2020-11-25,41.970001220703125,42.0099983215332,41.2599983215332,41.560001373291016,40.761966705322266,2107600
2020-11-27,41.810001373291016,41.869998931884766,41.099998474121094,41.400001525878906,40.605045318603516,1721800
2020-11-30,41.029998779296875,41.06999969482422,40.33000183105469,40.56999969482422,39.79098129272461,3559500
2020-12-01,41.31999969482422,42.310001373291016,41.119998931884766,42.04999923706055,41.242557525634766,4061700
2020-12-02,41.95000076293945,42.709999084472656,41.869998931884766,42.619998931884766,41.801612854003906,2611400
2020-12-03,42.90999984741211,43.20000076293945,42.86000061035156,43.0,42.17431640625,4008400
2020-12-04,43.290000915527344,43.970001220703125,43.02000045776367,43.099998474121094,42.272396087646484,2664300
2020-12-07,43.099998474121094,43.189998626708984,42.34000015258789,42.529998779296875,41.713340759277344,2241000
2020-12-08,42.77000045776367,43.189998626708984,42.459999084472656,42.7400016784668,41.9193115234375,3582100
2020-12-09,42.84000015258789,42.84000015258789,41.720001220703125,42.060001373291016,41.25236892700195,2439200
2020-12-10,41.65999984741211,42.939998626708984,41.61000061035156,42.63999938964844,41.821231842041016,2703000
2020-12-11,42.29999923706055,42.720001220703125,42.0,42.29999923706055,41.48775863647461,2978800
2020-12-14,42.400001525878906,42.61000061035156,41.720001220703125,41.84000015258789,41.376014709472656,2412200
2020-12-15,42.06999969482422,42.849998474121094,41.83000183105469,42.41999816894531,41.94957733154297,2381700
2020-12-16,42.459999084472656,42.849998474121094,42.33000183105469,42.75,42.27592086791992,2507000
2020-12-17,43.0,43.720001220703125,42.72999954223633,43.4900016784668,43.00771713256836,2642700
2020-12-18,43.5,43.779998779296875,42.18000030517578,42.59000015258789,42.11769485473633,3419300
2020-12-21,41.45000076293945,42.220001220703125,41.29999923706055,41.880001068115234,41.41556930541992,2276100
2020-12-22,41.81999969482422,41.81999969482422,40.88999938964844,40.97999954223633,40.525550842285156,2205200
2020-12-23,41.11000061035156,42.279998779296875,41.11000061035156,42.209999084472656,41.74190902709961,2167500
2020-12-24,42.41999816894531,42.720001220703125,42.16999816894531,42.380001068115234,41.91002655029297,946300
2020-12-28,42.40999984741211,42.54999923706055,42.04999923706055,42.52000045776367,42.04846954345703,1534500
2020-12-29,43.02000045776367,43.619998931884766,42.849998474121094,43.59000015258789,43.106605529785156,2342100
2020-12-30,43.810001373291016,43.970001220703125,43.2599983215332,43.5099983215332,43.17010498046875,2637700
2020-12-31,43.779998779296875,43.779998779296875,42.900001525878906,42.9900016784668,42.654170989990234,1463800
2021-01-04,43.5,44.4900016784668,43.2599983215332,43.33000183105469,42.99151611328125,3205800
2021-01-05,43.29999923706055,43.720001220703125,43.15999984741211,43.56999969482422,43.229637145996094,1877200
2021-01-06,43.5,45.470001220703125,43.5,44.91999816894531,44.569091796875,6545600
2021-01-07,44.900001525878906,44.93000030517578,44.279998779296875,44.560001373291016,44.21190643310547,3032000
2021-01-08,45.22999954223633,45.41999816894531,44.650001525878906,45.09000015258789,44.737762451171875,3251700
2021-01-11,44.130001068115234,44.779998779296875,43.939998626708984,44.529998779296875,44.18213653564453,1882400
2021-01-12,44.75,45.0,44.40999984741211,44.599998474121094,44.251590728759766,2017100
2021-01-13,44.63999938964844,44.63999938964844,44.099998474121094,44.119998931884766,43.77534103393555,2076200
2021-01-14,44.15999984741211,44.9900016784668,44.08000183105469,44.83000183105469,44.47979736328125,2391600
2021-01-15,44.060001373291016,44.599998474121094,44.060001373291016,44.47999954223633,44.132530212402344,1961200
2021-01-19,45.33000183105469,45.349998474121094,44.08000183105469,44.15999984741211,43.81502914428711,2153700
2021-01-20,44.459999084472656,44.54999923706055,43.84000015258789,44.15999984741211,43.81502914428711,1974200
2021-01-21,44.029998779296875,44.16999816894531,43.310001373291016,43.599998474121094,43.259403228759766,1646700
2021-01-22,42.93000030517578,43.130001068115234,42.380001068115234,42.959999084472656,42.6244010925293,2671900
2021-01-25,42.880001068115234,43.16999816894531,41.810001373291016,43.130001068115234,42.79307556152344,3125800
2021-01-26,43.16999816894531,43.27000045776367,42.439998626708984,43.189998626708984,42.852603912353516,2894200
2021-01-27,42.09000015258789,42.34000015258789,41.36000061035156,41.72999954223633,41.40401077270508,5426600
2021-01-28,41.7400016784668,42.11000061035156,41.400001525878906,41.970001220703125,41.64213943481445,4044500
2021-01-29,41.7400016784668,41.84000015258789,40.09000015258789,40.189998626708984,39.876041412353516,6361600
2021-02-01,41.0,41.95000076293945,40.41999816894531,41.77000045776367,41.44369888305664,3632200
2021-02-02,42.08000183105469,42.18000030517578,41.189998626708984,41.61000061035156,41.284950256347656,5118500
2021-02-03,41.95000076293945,41.97999954223633,41.09000015258789,41.45000076293945,41.12620162963867,4506400
2021-02-04,41.400001525878906,41.650001525878906,41.0099983215332,41.5099983215332,41.18572998046875,2498600
2021-02-05,41.900001525878906,42.59000015258789,41.81999969482422,42.099998474121094,41.7711181640625,2216300
2021-02-08,41.970001220703125,42.369998931884766,41.75,42.150001525878906,41.82073211669922,1398800
2021-02-09,42.150001525878906,43.02000045776367,42.150001525878906,42.91999816894531,42.584712982177734,2284200
2021-02-10,43.209999084472656,43.349998474121094,42.630001068115234,42.70000076293945,42.36643600463867,1486500
2021-02-11,42.97999954223633,43.369998931884766,42.150001525878906,42.22999954223633,41.90010452270508,2885300
2021-02-12,41.90999984741211,42.599998474121094,41.810001373291016,42.5099983215332,42.17791748046875,1148700
2021-02-16,42.13999938964844,42.599998474121094,42.13999938964844,42.41999816894531,42.088619232177734,1354900
2021-02-17,42.06999969482422,42.79999923706055,41.720001220703125,42.790000915527344,42.45573043823242,3195500
2021-02-18,42.20000076293945,42.45000076293945,41.779998779296875,41.90999984741211,41.58260726928711,1959700
2021-02-19,41.77000045776367,42.290000915527344,41.70000076293945,41.709999084472656,41.3841667175293,1679200
2021-02-22,41.0,41.619998931884766,40.90999984741211,40.9900016784668,40.669795989990234,3108600
2021-02-23,40.900001525878906,42.16999816894531,40.68000030517578,41.90999984741211,41.58260726928711,3030800
2021-02-24,41.7400016784668,42.38999938964844,41.61000061035156,42.2400016784668,41.910030364990234,3127800
2021-02-25,41.81999969482422,42.13999938964844,40.349998474121094,40.41999816894531,40.104244232177734,3652400
2021-02-26,40.59000015258789,40.970001220703125,40.20000076293945,40.65999984741211,40.342369079589844,3587500
2021-03-01,41.52000045776367,41.9900016784668,41.2599983215332,41.470001220703125,41.14604568481445,2907500
2021-03-02,41.369998931884766,42.38999938964844,41.369998931884766,42.20000076293945,41.87034225463867,2156500
2021-03-03,42.209999084472656,42.27000045776367,41.86000061035156,42.09000015258789,41.761199951171875,1730000
2021-03-04,42.380001068115234,42.939998626708984,41.54999923706055,41.70000076293945,41.37424850463867,3071400
2021-03-05,41.959999084472656,42.18000030517578,41.36000061035156,41.599998474121094,41.2750244140625,3091000
2021-03-08,41.16999816894531,42.119998931884766,41.02000045776367,41.86000061035156,41.532997131347656,3256400
2021-03-09,42.599998474121094,42.72999954223633,42.029998779296875,42.34000015258789,42.009246826171875,2121100
2021-03-10,42.869998931884766,43.470001220703125,42.54999923706055,43.459999084472656,43.1204948425293,2418800
2021-03-11,43.900001525878906,44.16999816894531,43.560001373291016,44.029998779296875,43.68604278564453,2434300
2021-03-12,43.400001525878906,43.90999984741211,43.2599983215332,43.83000183105469,43.48760986328125,2415000
2021-03-15,43.81999969482422,44.540000915527344,43.66999816894531,44.31999969482422,43.973777770996094,1702800
2021-03-16,44.380001068115234,44.72999954223633,43.83000183105469,44.709999084472656,44.36073303222656,1766600
2021-03-17,44.5,44.90999984741211,44.099998474121094,44.63999938964844,44.29127883911133,2601900
2021-03-18,44.099998474121094,44.869998931884766,44.0,44.34000015258789,43.993621826171875,1871000
2021-03-19,44.63999938964844,44.63999938964844,43.779998779296875,43.81999969482422,43.477684020996094,2535900
2021-03-22,43.52000045776367,44.25,43.33000183105469,43.81999969482422,43.477684020996094,1961700
2021-03-23,43.209999084472656,43.77000045776367,42.869998931884766,42.88999938964844,42.55495071411133,2486800
2021-03-24,43.04999923706055,43.2400016784668,42.599998474121094,42.619998931884766,42.28705978393555,1972800
2021-03-25,42.63999938964844,43.459999084472656,42.52000045776367,43.380001068115234,43.04112243652344,2174500
2021-03-26,43.88999938964844,44.060001373291016,43.16999816894531,44.029998779296875,43.68604278564453,1747700
2021-03-29,43.619998931884766,44.220001220703125,43.40999984741211,44.189998626708984,43.844791412353516,1979100
2021-03-30,44.15999984741211,44.36000061035156,43.619998931884766,44.2599983215332,43.91424560546875,1385800
2021-03-31,44.459999084472656,44.61000061035156,43.7599983215332,43.83000183105469,43.48760986328125,2705300
2021-04-01,44.560001373291016,44.900001525878906,44.25,44.56999969482422,44.221824645996094,2071300
2021-04-05,44.83000183105469,45.369998931884766,44.459999084472656,45.22999954223633,44.876670837402344,1439000
2021-04-06,45.279998779296875,45.41999816894531,45.04999923706055,45.36000061035156,45.00565719604492,3023300
2021-04-07,45.380001068115234,45.40999984741211,44.849998474121094,45.220001220703125,44.86674880981445,2221800
2021-04-08,45.630001068115234,46.099998474121094,45.41999816894531,45.81999969482422,45.46206283569336,2069700
2021-04-09,45.380001068115234,45.70000076293945,45.08000183105469,45.130001068115234,44.7774543762207,1351800
2021-04-12,45.119998931884766,45.52000045776367,44.81999969482422,44.959999084472656,44.60877990722656,1661900
2021-04-13,44.900001525878906,45.380001068115234,44.560001373291016,45.27000045776367,44.916358947753906,1444200
2021-04-14,45.459999084472656,46.119998931884766,45.33000183105469,45.9900016784668,45.630733489990234,3260200
2021-04-15,46.380001068115234,46.59000015258789,46.04999923706055,46.40999984741211,46.04745101928711,2072100
2021-04-16,46.5099983215332,46.939998626708984,46.18000030517578,46.59000015258789,46.22604751586914,1326100
2021-04-19,46.7599983215332,46.97999954223633,46.220001220703125,46.279998779296875,45.9184684753418,1568400
2021-04-20,46.06999969482422,46.369998931884766,45.81999969482422,46.2400016784668,45.878780364990234,2268400
2021-04-21,46.2599983215332,46.959999084472656,46.2599983215332,46.869998931884766,46.50385665893555,1348500
2021-04-22,46.83000183105469,47.08000183105469,46.58000183105469,46.95000076293945,46.58323287963867,1911700
2021-04-23,47.290000915527344,47.38999938964844,46.790000915527344,47.279998779296875,46.9106559753418,1537000
2021-04-26,47.279998779296875,47.310001373291016,46.81999969482422,46.97999954223633,46.612998962402344,1595000
2021-04-27,46.70000076293945,47.13999938964844,46.29999923706055,46.369998931884766,46.00776290893555,3287500
2021-04-28,46.5,46.720001220703125,46.209999084472656,46.470001220703125,46.10698318481445,2391700
2021-04-29,46.349998474121094,46.7599983215332,46.189998626708984,46.689998626708984,46.32526397705078,1752700
2021-04-30,46.2400016784668,46.81999969482422,45.290000915527344,45.459999084472656,45.10487365722656,2845700
2021-05-03,45.61000061035156,46.20000076293945,45.470001220703125,46.150001525878906,45.789485931396484,1771100
2021-05-04,45.689998626708984,45.9900016784668,45.439998626708984,45.83000183105469,45.47198486328125,2049300
2021-05-05,46.08000183105469,46.310001373291016,45.599998474121094,45.72999954223633,45.372764587402344,1527800
2021-05-06,45.81999969482422,46.540000915527344,45.75,46.5,46.136749267578125,2689000
2021-05-07,46.84000015258789,47.38999938964844,46.709999084472656,47.04999923706055,46.68245315551758,2429100
2021-05-10,47.119998931884766,47.79999923706055,47.119998931884766,47.5,47.128936767578125,1655600
2021-05-11,46.939998626708984,47.349998474121094,46.880001068115234,47.04999923706055,46.68245315551758,2381700
2021-05-12,46.4900016784668,47.0,45.970001220703125,46.0099983215332,45.65057373046875,2616700
2021-05-13,46.20000076293945,46.93000030517578,46.11000061035156,46.63999938964844,46.27565383911133,2361300
2021-05-14,47.22999954223633,47.400001525878906,47.04999923706055,47.11000061035156,46.74198532104492,1766900
2021-05-17,46.959999084472656,47.66999816894531,46.91999816894531,47.560001373291016,47.18846893310547,1372500
2021-05-18,47.88999938964844,48.11000061035156,47.61000061035156,47.880001068115234,47.5059700012207,1813900
2021-05-19,47.470001220703125,47.7400016784668,47.0,47.349998474121094,46.980106353759766,2493400
2021-05-20,47.380001068115234,48.2599983215332,47.2400016784668,48.06999969482422,47.69448471069336,2702900
2021-05-21,48.02000045776367,48.08000183105469,47.25,47.779998779296875,47.4067497253418,2255200
2021-05-24,47.93000030517578,48.0099983215332,47.5,47.65999984741211,47.287689208984375,1989200
2021-05-25,47.880001068115234,47.9900016784668,47.029998779296875,47.15999984741211,46.79159164428711,1910900
2021-05-26,47.2400016784668,47.529998779296875,47.099998474121094,47.380001068115234,47.0098762512207,1477100
2021-05-27,47.529998779296875,47.75,47.31999969482422,47.66999816894531,47.297607421875,2196700
2021-05-28,47.900001525878906,48.22999954223633,47.439998626708984,48.11000061035156,47.73417282104492,1689600
2021-06-01,49.150001525878906,49.25,48.560001373291016,48.66999816894531,48.289794921875,2709400
2021-06-02,48.66999816894531,49.06999969482422,48.63999938964844,48.7599983215332,48.379093170166016,2686300
2021-06-03,48.27000045776367,48.56999969482422,47.779998779296875,48.08000183105469,47.70440673828125,1467500
2021-06-04,48.599998474121094,48.619998931884766,48.220001220703125,48.459999084472656,48.08143615722656,1654400
2021-06-07,48.86000061035156,50.209999084472656,48.86000061035156,49.939998626708984,49.54987335205078,3635100
2021-06-08,50.099998474121094,50.099998474121094,49.380001068115234,49.709999084472656,49.32167053222656,2707800
2021-06-09,50.119998931884766,50.119998931884766,49.45000076293945,49.540000915527344,49.15300369262695,2368500
2021-06-10,49.13999938964844,49.7599983215332,49.13999938964844,49.38999938964844,49.38999938964844,1617100
2021-06-11,49.33000183105469,49.689998626708984,48.970001220703125,49.34000015258789,49.34000015258789,1969700
2021-06-14,49.29999923706055,49.349998474121094,48.86000061035156,48.970001220703125,48.970001220703125,1274100
2021-06-15,48.77000045776367,49.029998779296875,48.15999984741211,48.68000030517578,48.68000030517578,1924400
2021-06-16,48.63999938964844,48.70000076293945,47.470001220703125,47.689998626708984,47.689998626708984,3245400
2021-06-17,47.43000030517578,47.869998931884766,47.06999969482422,47.2599983215332,47.2599983215332,2870500
2021-06-18,46.72999954223633,47.06999969482422,46.189998626708984,46.81999969482422,46.81999969482422,3541600
2021-06-21,47.0099983215332,47.349998474121094,46.689998626708984,47.15999984741211,47.15999984741211,2116500
2021-06-22,46.77000045776367,47.25,46.380001068115234,47.130001068115234,47.130001068115234,1466600
2021-06-23,47.709999084472656,47.84000015258789,47.22999954223633,47.45000076293945,47.45000076293945,1669800
2021-06-24,47.79999923706055,48.880001068115234,47.619998931884766,48.31999969482422,48.31999969482422,2816800
2021-06-25,48.81999969482422,48.83000183105469,48.25,48.560001373291016,48.560001373291016,1792800
2021-06-28,48.5,48.540000915527344,48.02000045776367,48.27000045776367,48.27000045776367,1483500
2021-06-29,48.150001525878906,48.41999816894531,48.02000045776367,48.279998779296875,48.279998779296875,1194300
2021-06-30,47.95000076293945,48.279998779296875,47.689998626708984,47.9900016784668,47.9900016784668,1499200
2021-07-01,48.130001068115234,48.220001220703125,47.47999954223633,47.970001220703125,47.970001220703125,1967600
2021-07-02,48.20000076293945,48.47999954223633,47.970001220703125,48.400001525878906,48.400001525878906,1227800
2021-07-06,48.38999938964844,48.38999938964844,47.209999084472656,47.650001525878906,47.650001525878906,1906000
2021-07-07,47.83000183105469,48.040000915527344,47.099998474121094,47.86000061035156,47.86000061035156,2104500
2021-07-08,47.0,47.56999969482422,46.970001220703125,47.220001220703125,47.220001220703125,1869100
2021-07-09,47.7400016784668,48.029998779296875,47.529998779296875,47.849998474121094,47.849998474121094,914200
2021-07-12,47.650001525878906,47.97999954223633,47.40999984741211,47.849998474121094,47.849998474121094,879100
2021-07-13,47.52000045776367,47.709999084472656,46.939998626708984,46.959999084472656,46.959999084472656,1401100
2021-07-14,47.52000045776367,47.97999954223633,47.31999969482422,47.880001068115234,47.880001068115234,1724100
2021-07-15,47.689998626708984,48.459999084472656,47.68000030517578,48.400001525878906,48.400001525878906,1189900
2021-07-16,48.720001220703125,48.77000045776367,48.16999816894531,48.45000076293945,48.45000076293945,1820900
2021-07-19,47.75,47.849998474121094,46.54999923706055,46.93000030517578,46.93000030517578,2782200
2021-07-20,46.709999084472656,47.27000045776367,46.650001525878906,46.869998931884766,46.869998931884766,1662400
2021-07-21,46.689998626708984,47.58000183105469,46.689998626708984,47.41999816894531,47.41999816894531,1887600
2021-07-22,47.540000915527344,47.959999084472656,47.2599983215332,47.810001373291016,47.810001373291016,1035800
2021-07-23,48.119998931884766,48.13999938964844,47.7599983215332,47.9900016784668,47.9900016784668,1265500
2021-07-26,47.470001220703125,48.91999816894531,47.119998931884766,48.7400016784668,48.7400016784668,2009200
2021-07-27,48.5099983215332,48.939998626708984,48.43000030517578,48.91999816894531,48.91999816894531,2621500
2021-07-28,48.88999938964844,49.369998931884766,48.54999923706055,49.310001373291016,49.310001373291016,1486100
2021-07-29,49.599998474121094,49.90999984741211,49.38999938964844,49.7400016784668,49.7400016784668,1808700
2021-07-30,49.5,49.81999969482422,48.97999954223633,49.02000045776367,49.02000045776367,1986900
2021-08-02,49.43000030517578,49.59000015258789,48.84000015258789,48.880001068115234,48.880001068115234,2303000
2021-08-03,49.099998474121094,49.86000061035156,48.86000061035156,49.84000015258789,49.84000015258789,2630800
2021-08-04,49.869998931884766,49.869998931884766,48.83000183105469,49.04999923706055,49.04999923706055,1511000
2021-08-05,49.18000030517578,49.470001220703125,49.099998474121094,49.189998626708984,49.189998626708984,1082400
2021-08-06,49.2400016784668,49.2599983215332,48.7400016784668,48.84000015258789,48.84000015258789,1184200
2021-08-09,48.939998626708984,48.939998626708984,48.36000061035156,48.43000030517578,48.43000030517578,1383400
2021-08-10,48.369998931884766,48.849998474121094,48.150001525878906,48.7599983215332,48.7599983215332,915300
2021-08-11,49.220001220703125,49.349998474121094,48.790000915527344,49.310001373291016,49.310001373291016,889600
2021-08-12,49.150001525878906,49.369998931884766,48.97999954223633,49.08000183105469,49.08000183105469,1168900
2021-08-13,49.369998931884766,49.619998931884766,49.189998626708984,49.619998931884766,49.619998931884766,1437500
2021-08-16,49.25,49.790000915527344,49.150001525878906,49.540000915527344,49.540000915527344,1313600
2021-08-17,48.7599983215332,49.529998779296875,48.720001220703125,49.5,49.5,1814100
2021-08-18,49.4900016784668,50.18000030517578,49.34000015258789,49.90999984741211,49.90999984741211,3126900
2021-08-19,49.150001525878906,49.470001220703125,48.439998626708984,48.81999969482422,48.81999969482422,2450400
2021-08-20,48.189998626708984,48.810001373291016,48.189998626708984,48.54999923706055,48.54999923706055,1448300
2021-08-23,48.81999969482422,49.36000061035156,48.5099983215332,49.25,49.25,1035400
2021-08-24,49.400001525878906,49.7599983215332,49.09000015258789,49.38999938964844,49.38999938964844,2473700
2021-08-25,49.34000015258789,49.61000061035156,48.970001220703125,49.56999969482422,49.56999969482422,1130600
2021-08-26,49.400001525878906,49.439998626708984,48.970001220703125,49.310001373291016,49.310001373291016,2404800
2021-08-27,49.56999969482422,49.9900016784668,49.2599983215332,49.970001220703125,49.970001220703125,1805500
2021-08-30,50.0,50.41999816894531,49.63999938964844,50.29999923706055,50.29999923706055,1459500
2021-08-31,50.540000915527344,51.290000915527344,50.38999938964844,51.11000061035156,51.11000061035156,2803200
2021-09-01,51.45000076293945,51.4900016784668,50.31999969482422,50.34000015258789,50.34000015258789,1995500
2021-09-02,50.380001068115234,50.63999938964844,50.25,50.4900016784668,50.4900016784668,1463500
2021-09-03,50.720001220703125,50.81999969482422,50.25,50.31999969482422,50.31999969482422,1534700
2021-09-07,50.34000015258789,50.84000015258789,50.34000015258789,50.43000030517578,50.43000030517578,1528500
2021-09-08,50.43000030517578,50.529998779296875,49.849998474121094,49.86000061035156,49.86000061035156,1928300
2021-09-09,49.7599983215332,50.02000045776367,49.66999816894531,49.869998931884766,49.869998931884766,1447600
2021-09-10,50.189998626708984,50.470001220703125,49.9900016784668,50.0099983215332,50.0099983215332,3150600
2021-09-13,50.33000183105469,51.040000915527344,50.08000183105469,50.16999816894531,50.16999816894531,2088700
2021-09-14,50.25,50.650001525878906,49.790000915527344,50.41999816894531,50.41999816894531,1944100
2021-09-15,50.36000061035156,51.0,50.310001373291016,51.0,51.0,1775100
2021-09-16,50.52000045776367,50.90999984741211,50.310001373291016,50.81999969482422,50.81999969482422,2866200
2021-09-17,50.75,50.86000061035156,49.65999984741211,49.70000076293945,49.70000076293945,2713900
2021-09-20,48.869998931884766,49.04999923706055,48.439998626708984,48.790000915527344,48.790000915527344,2267000
2021-09-21,48.939998626708984,49.18000030517578,48.58000183105469,48.880001068115234,48.880001068115234,1926100
2021-09-22,49.15999984741211,50.150001525878906,49.15999984741211,49.56999969482422,49.56999969482422,2448900
2021-09-23,49.880001068115234,50.040000915527344,49.66999816894531,49.779998779296875,49.779998779296875,1458400
2021-09-24,49.400001525878906,49.65999984741211,49.25,49.27000045776367,49.27000045776367,1908500
2021-09-27,49.11000061035156,49.790000915527344,49.11000061035156,49.72999954223633,49.72999954223633,1239100
2021-09-28,49.27000045776367,49.34000015258789,48.459999084472656,48.560001373291016,48.560001373291016,2127700
2021-09-29,48.380001068115234,48.66999816894531,47.91999816894531,48.16999816894531,48.16999816894531,2123600
2021-09-30,48.459999084472656,48.619998931884766,47.939998626708984,48.2599983215332,48.2599983215332,2068000
2021-10-01,48.7599983215332,48.7599983215332,48.119998931884766,48.529998779296875,48.529998779296875,1926200
2021-10-04,48.209999084472656,48.45000076293945,47.86000061035156,48.099998474121094,48.099998474121094,1606200
2021-10-05,48.130001068115234,48.34000015258789,47.939998626708984,48.130001068115234,48.130001068115234,1365400
2021-10-06,47.25,48.119998931884766,47.150001525878906,48.029998779296875,48.029998779296875,2049700
2021-10-07,48.209999084472656,48.45000076293945,47.790000915527344,47.849998474121094,47.849998474121094,1758100
2021-10-08,48.099998474121094,48.18000030517578,47.720001220703125,48.04999923706055,48.04999923706055,1020800
2021-10-11,47.959999084472656,48.33000183105469,47.90999984741211,47.90999984741211,47.90999984741211,890200
2021-10-12,48.18000030517578,48.689998626708984,48.02000045776367,48.31999969482422,48.31999969482422,1279200
2021-10-13,48.5099983215332,48.849998474121094,48.20000076293945,48.79999923706055,48.79999923706055,2136000
2021-10-14,49.029998779296875,49.18000030517578,48.689998626708984,48.959999084472656,48.959999084472656,1229000
2021-10-15,49.18000030517578,50.20000076293945,49.08000183105469,50.08000183105469,50.08000183105469,2305500
2021-10-18,49.7400016784668,50.0,49.65999984741211,49.81999969482422,49.81999969482422,1080500
2021-10-19,50.189998626708984,50.279998779296875,49.66999816894531,49.88999938964844,49.88999938964844,1425100
2021-10-20,49.90999984741211,50.369998931884766,49.7400016784668,50.08000183105469,50.08000183105469,961700
2021-10-21,49.81999969482422,49.849998474121094,49.15999984741211,49.41999816894531,49.41999816894531,1308300
2021-10-22,49.66999816894531,50.130001068115234,49.38999938964844,49.529998779296875,49.529998779296875,2598400
2021-10-25,49.72999954223633,49.84000015258789,49.33000183105469,49.56999969482422,49.56999969482422,1209700
2021-10-26,49.66999816894531,49.86000061035156,49.439998626708984,49.75,49.75,1248100
2021-10-27,49.75,49.77000045776367,49.060001373291016,49.13999938964844,49.13999938964844,1357100
2021-10-28,49.040000915527344,49.29999923706055,48.709999084472656,48.790000915527344,48.790000915527344,1212200
2021-10-29,48.34000015258789,48.599998474121094,48.040000915527344,48.349998474121094,48.349998474121094,1977300
2021-11-01,48.15999984741211,48.52000045776367,47.970001220703125,48.189998626708984,48.189998626708984,1249800
2021-11-02,48.150001525878906,48.529998779296875,47.86000061035156,48.029998779296875,48.029998779296875,1698900
2021-11-03,48.04999923706055,48.86000061035156,47.779998779296875,48.83000183105469,48.83000183105469,3036500
2021-11-04,48.869998931884766,49.04999923706055,48.29999923706055,49.0099983215332,49.0099983215332,1342500
2021-11-05,49.439998626708984,49.88999938964844,49.150001525878906,49.66999816894531,49.66999816894531,1891500
2021-11-08,49.91999816894531,50.2400016784668,49.7400016784668,49.90999984741211,49.90999984741211,1152600
2021-11-09,49.90999984741211,50.130001068115234,49.56999969482422,49.84000015258789,49.84000015258789,1224800
2021-11-10,49.619998931884766,49.93000030517578,48.72999954223633,48.75,48.75,1819300
2021-11-11,49.220001220703125,49.2599983215332,48.369998931884766,48.66999816894531,48.66999816894531,3849200
2021-11-12,48.91999816894531,49.20000076293945,48.72999954223633,48.779998779296875,48.779998779296875,1505400
2021-11-15,48.790000915527344,48.86000061035156,48.43000030517578,48.5099983215332,48.5099983215332,1481900
2021-11-16,48.380001068115234,48.5099983215332,47.810001373291016,48.0099983215332,48.0099983215332,2287800
2021-11-17,48.08000183105469,48.11000061035156,47.59000015258789,48.0099983215332,48.0099983215332,1820100
2021-11-18,47.59000015258789,47.77000045776367,47.22999954223633,47.540000915527344,47.540000915527344,2079100
2021-11-19,47.58000183105469,47.61000061035156,47.16999816894531,47.27000045776367,47.27000045776367,1328100
2021-11-22,47.20000076293945,47.27000045776367,46.61000061035156,46.65999984741211,46.65999984741211,1813600
2021-11-23,46.58000183105469,46.81999969482422,46.2400016784668,46.650001525878906,46.650001525878906,3104100
2021-11-24,45.779998779296875,46.18000030517578,45.5099983215332,46.029998779296875,46.029998779296875,2605700
2021-11-26,44.869998931884766,44.869998931884766,43.66999816894531,44.22999954223633,44.22999954223633,3006300
2021-11-29,44.810001373291016,45.16999816894531,44.2599983215332,44.66999816894531,44.66999816894531,2300400
2021-11-30,45.209999084472656,45.470001220703125,44.75,45.310001373291016,45.310001373291016,3449400
2021-12-01,46.2599983215332,46.720001220703125,45.52000045776367,45.560001373291016,45.560001373291016,3252300
2021-12-02,45.900001525878906,46.900001525878906,45.79999923706055,46.86000061035156,46.86000061035156,2009100
2021-12-03,47.0099983215332,47.27000045776367,46.380001068115234,46.70000076293945,46.70000076293945,2404100
2021-12-06,46.900001525878906,47.029998779296875,46.54999923706055,46.599998474121094,46.599998474121094,1381200
2021-12-07,47.029998779296875,47.560001373291016,46.709999084472656,47.52000045776367,47.52000045776367,2322600
2021-12-08,47.790000915527344,47.91999816894531,47.4900016784668,47.869998931884766,47.869998931884766,982500
2021-12-09,47.63999938964844,47.9900016784668,47.41999816894531,47.939998626708984,47.939998626708984,952500
2021-12-10,48.18000030517578,48.18000030517578,47.7599983215332,48.08000183105469,48.08000183105469,1027400
2021-12-13,47.33000183105469,47.470001220703125,46.43000030517578,46.43000030517578,46.43000030517578,1733500
2021-12-14,46.04999923706055,46.97999954223633,46.04999923706055,46.849998474121094,46.849998474121094,3070800
2021-12-15,46.599998474121094,47.38999938964844,46.36000061035156,47.34000015258789,47.34000015258789,2875300
2021-12-16,47.709999084472656,48.290000915527344,47.54999923706055,47.93000030517578,47.93000030517578,2188200
2021-12-17,47.95000076293945,49.0099983215332,47.88999938964844,48.83000183105469,48.83000183105469,2222000
2021-12-20,48.56999969482422,48.65999984741211,48.099998474121094,48.380001068115234,48.380001068115234,1622300
2021-12-21,48.59000015258789,48.88999938964844,48.470001220703125,48.68000030517578,48.68000030517578,1484300
2021-12-22,48.72999954223633,49.349998474121094,48.599998474121094,49.34000015258789,49.34000015258789,2440900
2021-12-23,49.349998474121094,49.81999969482422,49.279998779296875,49.720001220703125,49.720001220703125,1853200
2021-12-27,50.20000076293945,50.279998779296875,49.709999084472656,50.279998779296875,50.279998779296875,1132400
2021-12-28,50.54999923706055,50.849998474121094,50.16999816894531,50.34000015258789,50.34000015258789,1142400
2021-12-29,50.470001220703125,50.83000183105469,50.040000915527344,50.189998626708984,50.189998626708984,1725500
2021-12-30,50.119998931884766,50.720001220703125,50.119998931884766,50.68000030517578,50.68000030517578,1169100
2021-12-31,50.900001525878906,51.060001373291016,50.54999923706055,50.599998474121094,50.599998474121094,628500
2022-01-03,50.599998474121094,51.0099983215332,50.31999969482422,50.41999816894531,50.41999816894531,2372500
2022-01-04,50.369998931884766,51.029998779296875,50.290000915527344,50.540000915527344,50.540000915527344,1547400
2022-01-05,50.68000030517578,51.040000915527344,50.16999816894531,50.2400016784668,50.2400016784668,1337900
2022-01-06,50.34000015258789,50.7599983215332,50.20000076293945,50.45000076293945,50.45000076293945,2050400
2022-01-07,50.689998626708984,50.81999969482422,50.2599983215332,50.7599983215332,50.7599983215332,1019300
2022-01-10,50.56999969482422,50.66999816894531,50.20000076293945,50.439998626708984,50.439998626708984,1830600
2022-01-11,50.439998626708984,50.66999816894531,50.18000030517578,50.52000045776367,50.52000045776367,2670500
2022-01-12,50.84000015258789,51.43000030517578,50.720001220703125,51.38999938964844,51.38999938964844,1756500
2022-01-13,51.41999816894531,51.58000183105469,51.20000076293945,51.290000915527344,51.290000915527344,2757000
2022-01-14,51.209999084472656,51.5,50.97999954223633,51.27000045776367,51.27000045776367,1657900
2022-01-18,51.02000045776367,51.2400016784668,50.45000076293945,50.529998779296875,50.529998779296875,2242300
2022-01-19,50.72999954223633,50.88999938964844,49.83000183105469,49.91999816894531,49.91999816894531,1443100
2022-01-20,50.060001373291016,50.459999084472656,49.61000061035156,49.630001068115234,49.630001068115234,1777100
2022-01-21,49.81999969482422,49.900001525878906,48.86000061035156,49.09000015258789,49.09000015258789,2363900
2022-01-24,48.41999816894531,48.58000183105469,46.72999954223633,48.290000915527344,48.290000915527344,3770100
2022-01-25,47.7400016784668,48.34000015258789,47.08000183105469,48.04999923706055,48.04999923706055,2597500
2022-01-26,48.459999084472656,48.65999984741211,47.709999084472656,47.83000183105469,47.83000183105469,2205100
2022-01-27,48.060001373291016,48.310001373291016,47.130001068115234,47.25,47.25,2861000
2022-01-28,47.33000183105469,47.459999084472656,46.560001373291016,47.36000061035156,47.36000061035156,2428900
2022-01-31,47.790000915527344,48.84000015258789,47.599998474121094,48.54999923706055,48.54999923706055,3637600
2022-02-01,48.790000915527344,49.2400016784668,48.63999938964844,49.18000030517578,49.18000030517578,2523600
2022-02-02,49.279998779296875,49.40999984741211,48.970001220703125,49.380001068115234,49.380001068115234,1633600
2022-02-03,48.849998474121094,49.2400016784668,48.470001220703125,48.4900016784668,48.4900016784668,2189100
2022-02-04,48.09000015258789,48.709999084472656,47.869998931884766,48.27000045776367,48.27000045776367,2246200
2022-02-07,48.25,48.68000030517578,48.08000183105469,48.290000915527344,48.290000915527344,1175900
2022-02-08,48.310001373291016,49.45000076293945,48.2599983215332,49.400001525878906,49.400001525878906,1684100
2022-02-09,49.7400016784668,50.2599983215332,49.58000183105469,50.2400016784668,50.2400016784668,1658900
2022-02-10,49.83000183105469,50.439998626708984,49.709999084472656,49.7400016784668,49.7400016784668,2093100
2022-02-11,49.939998626708984,51.13999938964844,49.939998626708984,50.31999969482422,50.31999969482422,2943000
2022-02-14,50.34000015258789,50.400001525878906,49.5099983215332,49.7599983215332,49.7599983215332,2650000
2022-02-15,50.16999816894531,50.95000076293945,49.939998626708984,50.720001220703125,50.720001220703125,2004000
2022-02-16,50.560001373291016,51.650001525878906,50.47999954223633,51.33000183105469,51.33000183105469,2350700
2022-02-17,51.33000183105469,51.380001068115234,50.36000061035156,50.47999954223633,50.47999954223633,2139900
2022-02-18,50.529998779296875,50.72999954223633,50.11000061035156,50.209999084472656,50.209999084472656,1822900
2022-02-22,49.7599983215332,50.58000183105469,49.709999084472656,50.459999084472656,50.459999084472656,2271800
2022-02-23,50.7400016784668,50.77000045776367,49.150001525878906,49.2599983215332,49.2599983215332,4184300
2022-02-24,47.779998779296875,48.4900016784668,47.150001525878906,48.40999984741211,48.40999984741211,7765500
2022-02-25,48.689998626708984,50.099998474121094,48.54999923706055,50.06999969482422,50.06999969482422,1813600
2022-02-28,49.459999084472656,50.47999954223633,49.16999816894531,50.34000015258789,50.34000015258789,3157600
2022-03-01,50.099998474121094,50.75,49.400001525878906,49.72999954223633,49.72999954223633,2212900
2022-03-02,49.689998626708984,50.16999816894531,49.400001525878906,49.959999084472656,49.959999084472656,2550700
2022-03-03,49.939998626708984,50.54999923706055,49.58000183105469,49.93000030517578,49.93000030517578,2923800
2022-03-04,48.9900016784668,49.349998474121094,48.540000915527344,49.06999969482422,49.06999969482422,2253700
2022-03-07,48.540000915527344,48.689998626708984,46.95000076293945,46.9900016784668,46.9900016784668,2605600
2022-03-08,47.0,48.41999816894531,46.58000183105469,47.880001068115234,47.880001068115234,3332700
2022-03-09,48.79999923706055,49.83000183105469,48.59000015258789,49.68000030517578,49.68000030517578,2020000
2022-03-10,49.4900016784668,49.7400016784668,48.7599983215332,49.220001220703125,49.220001220703125,1931200
2022-03-11,49.560001373291016,49.7599983215332,48.880001068115234,49.150001525878906,49.150001525878906,1699500
2022-03-14,49.40999984741211,49.54999923706055,48.540000915527344,48.77000045776367,48.77000045776367,2298700
2022-03-15,48.869998931884766,49.459999084472656,48.619998931884766,49.43000030517578,49.43000030517578,4284400
2022-03-16,49.970001220703125,50.619998931884766,49.630001068115234,50.349998474121094,50.349998474121094,3100800
2022-03-17,50.369998931884766,51.4900016784668,50.189998626708984,51.459999084472656,51.459999084472656,2279900
2022-03-18,51.43000030517578,52.650001525878906,50.83000183105469,52.59000015258789,52.59000015258789,4103300
2022-03-21,52.560001373291016,52.88999938964844,51.91999816894531,52.20000076293945,52.20000076293945,2286100
2022-03-22,52.72999954223633,53.2400016784668,52.56999969482422,53.09000015258789,53.09000015258789,2567300
2022-03-23,53.20000076293945,53.33000183105469,52.66999816894531,52.7599983215332,52.7599983215332,1978000
2022-03-24,52.7599983215332,53.650001525878906,52.529998779296875,53.61000061035156,53.61000061035156,1748700
2022-03-25,53.900001525878906,53.93000030517578,53.2599983215332,53.58000183105469,53.58000183105469,2375600
2022-03-28,53.400001525878906,53.689998626708984,53.2400016784668,53.650001525878906,53.650001525878906,1119500
2022-03-29,54.290000915527344,54.619998931884766,53.810001373291016,54.540000915527344,54.540000915527344,2311200
2022-03-30,54.540000915527344,54.869998931884766,54.18000030517578,54.54999923706055,54.54999923706055,2982700
2022-03-31,54.380001068115234,55.18000030517578,54.31999969482422,54.970001220703125,54.970001220703125,2232000
2022-04-01,55.47999954223633,55.790000915527344,54.91999816894531,55.36000061035156,55.36000061035156,1788100
2022-04-04,55.630001068115234,55.83000183105469,55.02000045776367,55.06999969482422,55.06999969482422,3203600
2022-04-05,55.20000076293945,55.22999954223633,54.029998779296875,54.13999938964844,54.13999938964844,2254300
2022-04-06,53.810001373291016,54.34000015258789,53.40999984741211,53.61000061035156,53.61000061035156,3024700
2022-04-07,53.5,53.90999984741211,53.369998931884766,53.43000030517578,53.43000030517578,1786400
2022-04-08,53.5,53.54999923706055,52.900001525878906,53.15999984741211,53.15999984741211,1698900
2022-04-11,52.79999923706055,53.470001220703125,52.779998779296875,53.2400016784668,53.2400016784668,1656200
2022-04-12,53.630001068115234,53.869998931884766,52.959999084472656,53.119998931884766,53.119998931884766,1786600
2022-04-13,53.290000915527344,53.65999984741211,53.040000915527344,53.5,53.5,1414300
2022-04-14,53.369998931884766,53.380001068115234,52.599998474121094,52.65999984741211,52.65999984741211,1689700
2022-04-18,52.630001068115234,53.540000915527344,52.61000061035156,53.41999816894531,53.41999816894531,1287200
2022-04-19,52.95000076293945,53.34000015258789,52.83000183105469,53.18000030517578,53.18000030517578,1451800
2022-04-20,53.45000076293945,53.45000076293945,52.61000061035156,52.77000045776367,52.77000045776367,2264800
2022-04-21,52.650001525878906,52.91999816894531,51.4900016784668,51.7400016784668,51.7400016784668,2008100
2022-04-22,51.41999816894531,51.88999938964844,51.13999938964844,51.47999954223633,51.47999954223633,2062100
2022-04-25,50.91999816894531,51.43000030517578,50.560001373291016,51.279998779296875,51.279998779296875,2474700
2022-04-26,51.209999084472656,51.209999084472656,50.369998931884766,50.40999984741211,50.40999984741211,2205000
2022-04-27,50.279998779296875,50.59000015258789,49.91999816894531,50.150001525878906,50.150001525878906,2257900
2022-04-28,50.22999954223633,50.5099983215332,49.040000915527344,50.5099983215332,50.5099983215332,2986500
2022-04-29,50.66999816894531,51.0099983215332,49.310001373291016,49.43000030517578,49.43000030517578,2411900
2022-05-02,49.43000030517578,49.83000183105469,49.060001373291016,49.70000076293945,49.70000076293945,3552700
2022-05-03,49.95000076293945,49.95000076293945,49.20000076293945,49.400001525878906,49.400001525878906,2046600
2022-05-04,49.45000076293945,50.560001373291016,48.959999084472656,50.4900016784668,50.4900016784668,2502300
2022-05-05,49.91999816894531,50.040000915527344,48.83000183105469,49.099998474121094,49.099998474121094,3084600
2022-05-06,48.79999923706055,49.36000061035156,48.27000045776367,48.43000030517578,48.43000030517578,3355600
2022-05-09,47.79999923706055,48.11000061035156,47.20000076293945,47.540000915527344,47.540000915527344,2783200
2022-05-10,47.95000076293945,48.119998931884766,47.369998931884766,47.630001068115234,47.630001068115234,2373200
2022-05-11,47.630001068115234,48.349998474121094,47.54999923706055,47.95000076293945,47.95000076293945,3156300
2022-05-12,47.45000076293945,48.61000061035156,47.18000030517578,48.150001525878906,48.150001525878906,3253100
2022-05-13,48.33000183105469,48.970001220703125,48.119998931884766,48.900001525878906,48.900001525878906,2410800
2022-05-16,48.75,49.91999816894531,48.650001525878906,49.779998779296875,49.779998779296875,2013500
2022-05-17,50.369998931884766,51.119998931884766,50.029998779296875,50.900001525878906,50.900001525878906,3655900
2022-05-18,50.790000915527344,50.93000030517578,49.40999984741211,49.65999984741211,49.65999984741211,2218700
2022-05-19,49.86000061035156,51.09000015258789,49.709999084472656,50.75,50.75,1988300
2022-05-20,51.38999938964844,51.540000915527344,50.790000915527344,51.11000061035156,51.11000061035156,2586500
2022-05-23,51.40999984741211,51.77000045776367,50.959999084472656,51.02000045776367,51.02000045776367,3387300
2022-05-24,50.869998931884766,51.2599983215332,50.470001220703125,51.20000076293945,51.20000076293945,2091000
2022-05-25,50.88999938964844,51.9900016784668,50.7400016784668,51.599998474121094,51.599998474121094,2247400
2022-05-26,51.720001220703125,52.20000076293945,51.66999816894531,51.970001220703125,51.970001220703125,2427900
2022-05-27,52.400001525878906,53.33000183105469,52.400001525878906,53.15999984741211,53.15999984741211,4116600
2022-05-31,53.0,53.099998474121094,51.720001220703125,52.06999969482422,52.06999969482422,4658100
2022-06-01,52.310001373291016,52.38999938964844,51.41999816894531,51.650001525878906,51.650001525878906,2133700
2022-06-02,51.86000061035156,51.9900016784668,51.279998779296875,51.5,51.5,2356600
2022-06-03,51.22999954223633,51.5,51.0099983215332,51.22999954223633,51.22999954223633,1353700
2022-06-06,51.709999084472656,51.72999954223633,50.47999954223633,50.4900016784668,50.4900016784668,2834900
2022-06-07,50.369998931884766,50.70000076293945,49.880001068115234,50.66999816894531,50.66999816894531,2806600
2022-06-08,50.470001220703125,50.720001220703125,50.11000061035156,50.47999954223633,50.47999954223633,4067600
2022-06-09,49.779998779296875,49.939998626708984,49.029998779296875,49.119998931884766,49.119998931884766,2996300
2022-06-10,48.45000076293945,48.5,47.34000015258789,47.40999984741211,47.40999984741211,3729000
2022-06-13,45.529998779296875,46.369998931884766,45.529998779296875,46.040000915527344,46.040000915527344,4835600
2022-06-14,45.97999954223633,46.130001068115234,45.43000030517578,45.5,45.5,2898900
2022-06-15,45.7599983215332,46.779998779296875,45.310001373291016,46.31999969482422,46.31999969482422,2042000
2022-06-16,45.41999816894531,45.540000915527344,44.66999816894531,45.27000045776367,45.27000045776367,2848900
2022-06-17,45.099998474121094,45.939998626708984,44.970001220703125,45.810001373291016,45.810001373291016,3798900
2022-06-21,46.33000183105469,46.68000030517578,45.84000015258789,46.380001068115234,46.380001068115234,2514000
2022-06-22,45.97999954223633,46.43000030517578,45.86000061035156,45.95000076293945,45.95000076293945,2507000
2022-06-23,46.04999923706055,46.119998931884766,45.65999984741211,45.689998626708984,45.689998626708984,2336300
2022-06-24,46.16999816894531,47.41999816894531,45.869998931884766,47.33000183105469,47.33000183105469,2664800
2022-06-27,47.22999954223633,47.70000076293945,47.04999923706055,47.560001373291016,47.560001373291016,1433000
2022-06-28,47.529998779296875,47.970001220703125,47.060001373291016,47.11000061035156,47.11000061035156,1833900
2022-06-29,47.290000915527344,47.290000915527344,46.5099983215332,46.7599983215332,46.7599983215332,2231500
2022-06-30,46.5,46.84000015258789,45.970001220703125,46.59000015258789,46.59000015258789,1904100
2022-07-01,46.13999938964844,46.560001373291016,45.63999938964844,46.459999084472656,46.459999084472656,2364200
2022-07-05,45.7599983215332,45.93000030517578,45.02000045776367,45.68000030517578,45.68000030517578,1702900
2022-07-06,45.36000061035156,45.75,45.11000061035156,45.65999984741211,45.65999984741211,1225500
2022-07-07,46.130001068115234,46.220001220703125,45.529998779296875,45.54999923706055,45.54999923706055,1673500
2022-07-08,45.790000915527344,46.029998779296875,45.31999969482422,45.959999084472656,45.959999084472656,2035700
2022-07-11,45.279998779296875,45.45000076293945,44.93000030517578,45.189998626708984,45.189998626708984,1697700
2022-07-12,44.77000045776367,45.619998931884766,44.77000045776367,45.13999938964844,45.13999938964844,2134300
2022-07-13,44.7400016784668,45.58000183105469,44.38999938964844,45.119998931884766,45.119998931884766,2633000
2022-07-14,44.63999938964844,44.63999938964844,43.81999969482422,44.400001525878906,44.400001525878906,3167600
2022-07-15,44.7400016784668,45.47999954223633,44.599998474121094,45.45000076293945,45.45000076293945,2095700
2022-07-18,45.970001220703125,46.27000045776367,45.439998626708984,45.560001373291016,45.560001373291016,1586000
2022-07-19,45.970001220703125,46.29999923706055,45.43000030517578,45.65999984741211,45.65999984741211,1600300
2022-07-20,45.7400016784668,45.900001525878906,45.279998779296875,45.47999954223633,45.47999954223633,1350600
2022-07-21,45.369998931884766,45.560001373291016,44.72999954223633,45.349998474121094,45.349998474121094,1729900
2022-07-22,45.599998474121094,45.81999969482422,45.369998931884766,45.54999923706055,45.54999923706055,1087700
2022-07-25,45.75,46.099998474121094,45.61000061035156,45.70000076293945,45.70000076293945,1362200
2022-07-26,45.689998626708984,45.88999938964844,45.060001373291016,45.209999084472656,45.209999084472656,1506000
2022-07-27,45.36000061035156,45.77000045776367,44.630001068115234,45.709999084472656,45.709999084472656,1583800
2022-07-28,45.900001525878906,47.029998779296875,45.59000015258789,46.90999984741211,46.90999984741211,1776500
2022-07-29,46.790000915527344,47.099998474121094,46.70000076293945,46.79999923706055,46.79999923706055,1555100
2022-08-01,46.70000076293945,47.369998931884766,46.0099983215332,46.04999923706055,46.04999923706055,2854100
2022-08-02,45.77000045776367,45.939998626708984,44.560001373291016,44.599998474121094,44.599998474121094,2755700
2022-08-03,44.93000030517578,45.54999923706055,44.650001525878906,45.5,45.5,2266600
2022-08-04,45.70000076293945,46.810001373291016,45.5,45.83000183105469,45.83000183105469,2470700
2022-08-05,45.52000045776367,45.810001373291016,45.0099983215332,45.34000015258789,45.34000015258789,1489400
2022-08-08,45.65999984741211,46.43000030517578,45.650001525878906,46.38999938964844,46.38999938964844,1944700
2022-08-09,46.45000076293945,46.4900016784668,46.06999969482422,46.290000915527344,46.290000915527344,941500
2022-08-10,47.11000061035156,48.029998779296875,47.060001373291016,47.15999984741211,47.15999984741211,1685100
2022-08-11,47.70000076293945,47.93000030517578,47.25,47.79999923706055,47.79999923706055,3081800
2022-08-12,48.13999938964844,48.689998626708984,48.040000915527344,48.65999984741211,48.65999984741211,2283400
2022-08-15,48.34000015258789,48.7400016784668,48.060001373291016,48.40999984741211,48.40999984741211,1430600
2022-08-16,48.150001525878906,48.65999984741211,48.150001525878906,48.45000076293945,48.45000076293945,1618300
2022-08-17,47.779998779296875,48.2400016784668,47.709999084472656,48.13999938964844,48.13999938964844,1337700
2022-08-18,48.150001525878906,48.279998779296875,47.369998931884766,47.849998474121094,47.849998474121094,1896600
2022-08-19,47.040000915527344,47.56999969482422,47.040000915527344,47.5,47.5,912100
2022-08-22,47.20000076293945,47.400001525878906,46.79999923706055,47.06999969482422,47.06999969482422,1448700
2022-08-23,47.22999954223633,47.61000061035156,46.959999084472656,47.369998931884766,47.369998931884766,1364900
2022-08-24,47.369998931884766,47.66999816894531,47.060001373291016,47.119998931884766,47.119998931884766,1531700
2022-08-25,47.2400016784668,47.630001068115234,47.099998474121094,47.630001068115234,47.630001068115234,1010800
2022-08-26,47.61000061035156,47.7599983215332,46.400001525878906,46.540000915527344,46.540000915527344,3032400
2022-08-29,46.41999816894531,46.58000183105469,45.88999938964844,45.91999816894531,45.91999816894531,2129400
2022-08-30,46.099998474121094,46.099998474121094,44.869998931884766,45.16999816894531,45.16999816894531,2013500
2022-08-31,45.15999984741211,45.470001220703125,44.209999084472656,44.25,44.25,4167200
2022-09-01,43.939998626708984,44.84000015258789,43.650001525878906,44.68000030517578,44.68000030517578,2591800
2022-09-02,45.08000183105469,45.95000076293945,45.060001373291016,45.58000183105469,45.58000183105469,2058800
2022-09-06,45.41999816894531,45.689998626708984,44.810001373291016,45.0,45.0,2101300
2022-09-07,44.95000076293945,45.65999984741211,44.2599983215332,45.4900016784668,45.4900016784668,3735100
2022-09-08,45.31999969482422,45.95000076293945,45.130001068115234,45.880001068115234,45.880001068115234,1122500
2022-09-09,46.029998779296875,46.68000030517578,45.959999084472656,46.65999984741211,46.65999984741211,868000
2022-09-12,47.040000915527344,47.84000015258789,46.93000030517578,47.75,47.75,1543200
2022-09-13,46.93000030517578,47.220001220703125,46.25,46.310001373291016,46.310001373291016,2533400
2022-09-14,46.4900016784668,46.93000030517578,46.220001220703125,46.459999084472656,46.459999084472656,1912100
2022-09-15,46.119998931884766,46.56999969482422,45.939998626708984,46.20000076293945,46.20000076293945,2998900
2022-09-16,45.93000030517578,46.16999816894531,45.52000045776367,45.959999084472656,45.959999084472656,1684700
2022-09-19,45.59000015258789,46.63999938964844,45.58000183105469,46.599998474121094,46.599998474121094,2013600
2022-09-20,46.20000076293945,46.9900016784668,45.86000061035156,46.869998931884766,46.869998931884766,2872800
2022-09-21,46.77000045776367,47.529998779296875,46.61000061035156,46.81999969482422,46.81999969482422,2468500
2022-09-22,46.959999084472656,46.970001220703125,46.099998474121094,46.29999923706055,46.29999923706055,1636900
2022-09-23,45.689998626708984,45.779998779296875,44.65999984741211,44.91999816894531,44.91999816894531,3380400
2022-09-26,44.529998779296875,44.9900016784668,43.779998779296875,43.810001373291016,43.810001373291016,1627900
2022-09-27,44.279998779296875,44.56999969482422,43.939998626708984,44.220001220703125,44.220001220703125,2427400
2022-09-28,44.279998779296875,45.43000030517578,44.16999816894531,45.27000045776367,45.27000045776367,2611600
2022-09-29,44.9900016784668,45.290000915527344,44.43000030517578,44.84000015258789,44.84000015258789,2375300
2022-09-30,44.880001068115234,45.11000061035156,44.15999984741211,44.22999954223633,44.22999954223633,2636000
2022-10-03,44.720001220703125,45.34000015258789,44.470001220703125,45.2599983215332,45.2599983215332,2860000
2022-10-04,45.810001373291016,46.04999923706055,45.40999984741211,46.0,46.0,2466100
2022-10-05,45.61000061035156,45.72999954223633,44.93000030517578,45.369998931884766,45.369998931884766,1474100
2022-10-06,45.189998626708984,46.189998626708984,45.16999816894531,45.7599983215332,45.7599983215332,1761400
2022-10-07,45.54999923706055,45.84000015258789,45.31999969482422,45.43000030517578,45.43000030517578,1511900
2022-10-10,45.599998474121094,46.060001373291016,45.369998931884766,45.40999984741211,45.40999984741211,1253700
2022-10-11,45.38999938964844,46.04999923706055,44.970001220703125,45.52000045776367,45.52000045776367,1574400
2022-10-12,45.529998779296875,45.97999954223633,45.20000076293945,45.63999938964844,45.63999938964844,4388300
2022-10-13,44.72999954223633,46.18000030517578,44.63999938964844,45.77000045776367,45.77000045776367,2318400
2022-10-14,45.91999816894531,45.9900016784668,45.130001068115234,45.209999084472656,45.209999084472656,1466300
2022-10-17,45.7400016784668,46.54999923706055,45.720001220703125,46.25,46.25,1669600
2022-10-18,46.66999816894531,46.86000061035156,45.90999984741211,46.27000045776367,46.27000045776367,1631100
2022-10-19,45.880001068115234,46.25,45.70000076293945,46.02000045776367,46.02000045776367,1334300
2022-10-20,46.119998931884766,46.650001525878906,45.880001068115234,46.279998779296875,46.279998779296875,1962100
2022-10-21,46.310001373291016,47.52000045776367,46.150001525878906,47.43000030517578,47.43000030517578,2310700
2022-10-24,47.209999084472656,48.25,47.0,48.060001373291016,48.060001373291016,3107700
2022-10-25,48.18000030517578,49.04999923706055,48.02000045776367,49.040000915527344,49.040000915527344,3423200
2022-10-26,49.209999084472656,49.599998474121094,48.970001220703125,49.43000030517578,49.43000030517578,3277300
2022-10-27,49.52000045776367,49.849998474121094,49.209999084472656,49.2599983215332,49.2599983215332,1747800
2022-10-28,49.34000015258789,49.779998779296875,49.0099983215332,49.779998779296875,49.779998779296875,3201200
2022-10-31,49.25,50.619998931884766,49.25,50.56999969482422,50.56999969482422,2452200
2022-11-01,51.36000061035156,51.72999954223633,50.86000061035156,51.59000015258789,51.59000015258789,3649700
2022-11-02,51.790000915527344,52.27000045776367,50.65999984741211,50.720001220703125,50.720001220703125,1865900
2022-11-03,50.68000030517578,51.599998474121094,50.349998474121094,51.33000183105469,51.33000183105469,2210900
2022-11-04,52.560001373291016,52.86000061035156,51.939998626708984,52.81999969482422,52.81999969482422,3011000
2022-11-07,52.97999954223633,53.209999084472656,52.41999816894531,52.45000076293945,52.45000076293945,2437100
2022-11-08,52.75,52.93000030517578,51.970001220703125,52.310001373291016,52.310001373291016,2479200
2022-11-09,52.20000076293945,52.72999954223633,51.7599983215332,51.880001068115234,51.880001068115234,1962300
2022-11-10,53.4900016784668,53.59000015258789,52.81999969482422,53.130001068115234,53.130001068115234,2144000
2022-11-11,52.81999969482422,53.81999969482422,52.63999938964844,53.61000061035156,53.61000061035156,4262600
2022-11-14,53.630001068115234,54.11000061035156,53.27000045776367,53.58000183105469,53.58000183105469,1591300
2022-11-15,54.45000076293945,54.54999923706055,53.310001373291016,53.599998474121094,53.599998474121094,2020300
2022-11-16,53.849998474121094,54.0,53.540000915527344,53.65999984741211,53.65999984741211,1662700
2022-11-17,52.959999084472656,53.54999923706055,52.869998931884766,53.31999969482422,53.31999969482422,1569800
2022-11-18,53.5,53.75,53.13999938964844,53.349998474121094,53.349998474121094,2407300
2022-11-21,52.91999816894531,53.43000030517578,52.77000045776367,53.029998779296875,53.029998779296875,986300
2022-11-22,53.22999954223633,54.189998626708984,53.09000015258789,53.70000076293945,53.70000076293945,3571400
2022-11-23,53.72999954223633,54.529998779296875,53.72999954223633,54.27000045776367,54.27000045776367,2261100
2022-11-25,54.369998931884766,54.400001525878906,53.720001220703125,54.0,54.0,636700
2022-11-28,54.029998779296875,54.560001373291016,53.400001525878906,53.40999984741211,53.40999984741211,2040500
2022-11-29,54.2599983215332,54.2599983215332,52.66999816894531,52.79999923706055,52.79999923706055,4259300
2022-11-30,52.7599983215332,54.040000915527344,52.09000015258789,53.900001525878906,53.900001525878906,5072300
2022-12-01,54.209999084472656,54.59000015258789,53.61000061035156,54.220001220703125,54.220001220703125,3188000
2022-12-02,53.84000015258789,53.86000061035156,53.119998931884766,53.189998626708984,53.189998626708984,1761800
2022-12-05,52.349998474121094,52.439998626708984,51.5099983215332,51.779998779296875,51.779998779296875,2265800
2022-12-06,51.779998779296875,52.52000045776367,51.599998474121094,52.060001373291016,52.060001373291016,1668200
2022-12-07,52.25,52.84000015258789,52.130001068115234,52.16999816894531,52.16999816894531,1082000
2022-12-08,52.209999084472656,52.84000015258789,52.18000030517578,52.56999969482422,52.56999969482422,1109500
2022-12-09,52.27000045776367,52.290000915527344,51.459999084472656,51.52000045776367,51.52000045776367,2730100
2022-12-12,51.63999938964844,52.09000015258789,51.220001220703125,52.04999923706055,52.04999923706055,1238200
2022-12-13,52.459999084472656,52.459999084472656,50.86000061035156,51.0,51.0,3330100
2022-12-14,50.7400016784668,50.95000076293945,50.11000061035156,50.630001068115234,50.630001068115234,2582800
2022-12-15,50.08000183105469,50.91999816894531,49.54999923706055,49.599998474121094,49.599998474121094,1675600
2022-12-16,49.599998474121094,49.75,49.189998626708984,49.65999984741211,49.65999984741211,1682100
2022-12-19,49.900001525878906,50.16999816894531,49.66999816894531,50.11000061035156,50.11000061035156,1595800
2022-12-20,50.220001220703125,50.619998931884766,50.0,50.33000183105469,50.33000183105469,1262700
2022-12-21,50.400001525878906,51.119998931884766,50.25,50.91999816894531,50.91999816894531,1278800
2022-12-22,50.849998474121094,51.119998931884766,50.11000061035156,50.790000915527344,50.790000915527344,927700
2022-12-23,51.11000061035156,52.02000045776367,50.79999923706055,51.93000030517578,51.93000030517578,1760400
2022-12-27,51.380001068115234,52.0,51.310001373291016,51.41999816894531,51.41999816894531,998400
2022-12-28,51.58000183105469,51.689998626708984,50.63999938964844,50.709999084472656,50.709999084472656,951300
2022-12-29,51.119998931884766,51.630001068115234,50.45000076293945,50.470001220703125,50.470001220703125,1009000
2022-12-30,50.380001068115234,50.70000076293945,49.369998931884766,49.45000076293945,49.45000076293945,1383200
2023-01-03,50.5,50.5,49.959999084472656,50.34000015258789,50.34000015258789,1714400
2023-01-04,50.75,51.77000045776367,50.560001373291016,51.560001373291016,51.560001373291016,1841200
2023-01-05,51.47999954223633,52.43000030517578,51.34000015258789,52.22999954223633,52.22999954223633,1610800
2023-01-06,52.7400016784668,54.04999923706055,52.41999816894531,53.70000076293945,53.70000076293945,2470300
2023-01-09,53.93000030517578,54.54999923706055,53.709999084472656,54.150001525878906,54.150001525878906,1931000
2023-01-10,54.209999084472656,54.689998626708984,53.81999969482422,54.4900016784668,54.4900016784668,1300200
2023-01-11,54.529998779296875,56.02000045776367,54.52000045776367,55.689998626708984,55.689998626708984,2737000
2023-01-12,55.93000030517578,56.790000915527344,55.75,56.4900016784668,56.4900016784668,3310200
2023-01-13,56.36000061035156,57.09000015258789,56.25,56.68000030517578,56.68000030517578,2807700
2023-01-17,56.08000183105469,56.86000061035156,56.06999969482422,56.54999923706055,56.54999923706055,1756100
2023-01-18,57.0,57.27000045776367,56.04999923706055,56.04999923706055,56.04999923706055,1896000
2023-01-19,55.970001220703125,56.439998626708984,55.650001525878906,56.0099983215332,56.0099983215332,1688500
2023-01-20,56.439998626708984,57.08000183105469,55.9900016784668,56.869998931884766,56.869998931884766,2023800
2023-01-23,57.09000015258789,58.06999969482422,56.91999816894531,57.63999938964844,57.63999938964844,2786800
2023-01-24,57.41999816894531,58.2400016784668,57.400001525878906,58.029998779296875,58.029998779296875,1513600
2023-01-25,57.79999923706055,58.130001068115234,57.560001373291016,58.130001068115234,58.130001068115234,1610200
2023-01-26,58.279998779296875,58.5,57.86000061035156,58.459999084472656,58.459999084472656,1504900
2023-01-27,58.59000015258789,58.68000030517578,58.0099983215332,58.04999923706055,58.04999923706055,1795900
2023-01-30,57.939998626708984,58.099998474121094,57.619998931884766,57.619998931884766,57.619998931884766,1265200
2023-01-31,57.68000030517578,57.900001525878906,57.4900016784668,57.650001525878906,57.650001525878906,1911800
2023-02-01,57.70000076293945,59.0,57.630001068115234,58.939998626708984,58.939998626708984,3348200
2023-02-02,59.130001068115234,59.45000076293945,57.459999084472656,57.61000061035156,57.61000061035156,2292000
2023-02-03,57.0099983215332,57.36000061035156,56.650001525878906,56.959999084472656,56.959999084472656,2032400
2023-02-06,56.33000183105469,56.810001373291016,56.06999969482422,56.45000076293945,56.45000076293945,1927200
2023-02-07,56.560001373291016,56.68000030517578,55.619998931884766,56.290000915527344,56.290000915527344,2366400
2023-02-08,56.20000076293945,56.38999938964844,55.29999923706055,55.849998474121094,55.849998474121094,1520800
2023-02-09,56.31999969482422,56.459999084472656,55.689998626708984,56.09000015258789,56.09000015258789,1570100
2023-02-10,56.150001525878906,56.43000030517578,55.75,56.310001373291016,56.310001373291016,993600
2023-02-13,56.33000183105469,57.25,56.290000915527344,57.08000183105469,57.08000183105469,1748600
2023-02-14,56.81999969482422,57.72999954223633,56.77000045776367,57.099998474121094,57.099998474121094,2035000
2023-02-15,56.58000183105469,57.439998626708984,56.33000183105469,57.439998626708984,57.439998626708984,1655600
2023-02-16,57.099998474121094,58.61000061035156,57.060001373291016,58.29999923706055,58.29999923706055,2261100
2023-02-17,58.09000015258789,58.59000015258789,57.72999954223633,58.540000915527344,58.540000915527344,1114100
2023-02-21,58.56999969482422,58.939998626708984,57.279998779296875,57.43000030517578,57.43000030517578,1393800
2023-02-22,57.59000015258789,58.209999084472656,57.41999816894531,57.86000061035156,57.86000061035156,882700
2023-02-23,58.130001068115234,58.220001220703125,57.2400016784668,57.7400016784668,57.7400016784668,1148900
2023-02-24,56.93000030517578,57.45000076293945,56.880001068115234,57.209999084472656,57.209999084472656,934700
2023-02-27,57.380001068115234,57.880001068115234,57.099998474121094,57.54999923706055,57.54999923706055,1311100
2023-02-28,57.810001373291016,57.88999938964844,57.22999954223633,57.63999938964844,57.63999938964844,1503100
2023-03-01,57.79999923706055,59.290000915527344,57.7599983215332,59.099998474121094,59.099998474121094,2462900
2023-03-02,58.880001068115234,59.18000030517578,58.310001373291016,58.7599983215332,58.7599983215332,1292900
2023-03-03,59.099998474121094,60.380001068115234,59.060001373291016,60.310001373291016,60.310001373291016,1958300
2023-03-06,60.2400016784668,60.400001525878906,59.79999923706055,59.79999923706055,59.79999923706055,3301900
2023-03-07,59.81999969482422,59.869998931884766,58.4900016784668,58.5,58.5,1672200
2023-03-08,58.91999816894531,59.529998779296875,58.81999969482422,59.40999984741211,59.40999984741211,1197600
2023-03-09,59.560001373291016,59.689998626708984,58.310001373291016,58.38999938964844,58.38999938964844,3176700
2023-03-10,57.88999938964844,57.91999816894531,56.86000061035156,56.97999954223633,56.97999954223633,3845500
2023-03-13,55.5099983215332,56.65999984741211,55.27000045776367,55.540000915527344,55.540000915527344,5350700
2023-03-14,56.33000183105469,57.13999938964844,56.290000915527344,56.599998474121094,56.599998474121094,2788000
2023-03-15,55.099998474121094,55.369998931884766,54.59000015258789,54.779998779296875,54.779998779296875,3436900
2023-03-16,54.380001068115234,56.15999984741211,54.2400016784668,55.90999984741211,55.90999984741211,2676300
2023-03-17,55.75,55.90999984741211,54.5,54.59000015258789,54.59000015258789,2324200
2023-03-20,54.66999816894531,55.66999816894531,54.459999084472656,55.18000030517578,55.18000030517578,1643400
2023-03-21,55.86000061035156,56.380001068115234,55.400001525878906,56.22999954223633,56.22999954223633,2058500
2023-03-22,56.619998931884766,57.310001373291016,56.2599983215332,56.31999969482422,56.31999969482422,1769100
2023-03-23,56.70000076293945,57.2599983215332,56.209999084472656,56.54999923706055,56.54999923706055,2082400
2023-03-24,56.27000045776367,57.209999084472656,55.939998626708984,57.040000915527344,57.040000915527344,1333100
2023-03-27,57.41999816894531,57.72999954223633,57.310001373291016,57.529998779296875,57.529998779296875,1481900
2023-03-28,57.70000076293945,58.75,57.689998626708984,58.34000015258789,58.34000015258789,1691700
2023-03-29,58.790000915527344,59.43000030517578,58.40999984741211,59.290000915527344,59.290000915527344,1884600
2023-03-30,59.5099983215332,59.900001525878906,59.119998931884766,59.54999923706055,59.54999923706055,1977600
2023-03-31,59.90999984741211,60.27000045776367,59.380001068115234,59.529998779296875,59.529998779296875,1163200
2023-04-03,59.5,59.77000045776367,58.779998779296875,59.27000045776367,59.27000045776367,1606800
2023-04-04,59.29999923706055,59.810001373291016,58.869998931884766,59.4900016784668,59.4900016784668,1667100
2023-04-05,59.29999923706055,59.400001525878906,57.81999969482422,58.06999969482422,58.06999969482422,2082500
2023-04-06,58.15999984741211,59.09000015258789,57.810001373291016,58.630001068115234,58.630001068115234,1571700
2023-04-10,58.5,59.470001220703125,58.34000015258789,59.09000015258789,59.09000015258789,1469500
2023-04-11,59.58000183105469,59.880001068115234,59.220001220703125,59.470001220703125,59.470001220703125,1673400
2023-04-12,59.939998626708984,60.2599983215332,59.31999969482422,59.61000061035156,59.61000061035156,2153600
2023-04-13,59.790000915527344,60.52000045776367,59.7400016784668,60.43000030517578,60.43000030517578,1764000
2023-04-14,60.119998931884766,60.310001373291016,59.400001525878906,59.849998474121094,59.849998474121094,1863300
2023-04-17,59.90999984741211,60.33000183105469,59.66999816894531,60.31999969482422,60.31999969482422,1149200
2023-04-18,60.43000030517578,60.5,59.599998474121094,59.709999084472656,59.709999084472656,1483800
2023-04-19,59.349998474121094,60.040000915527344,59.290000915527344,59.63999938964844,59.63999938964844,1187800
2023-04-20,59.33000183105469,60.220001220703125,59.220001220703125,59.97999954223633,59.97999954223633,1473400
2023-04-21,59.7599983215332,59.9900016784668,59.209999084472656,59.95000076293945,59.95000076293945,1932200
2023-04-24,59.84000015258789,60.459999084472656,59.779998779296875,60.369998931884766,60.369998931884766,1117500
2023-04-25,60.20000076293945,60.459999084472656,59.459999084472656,59.58000183105469,59.58000183105469,1775000
2023-04-26,59.5,59.880001068115234,58.900001525878906,58.91999816894531,58.91999816894531,1578500
2023-04-27,59.15999984741211,59.88999938964844,59.15999984741211,59.810001373291016,59.810001373291016,1264600
2023-04-28,59.95000076293945,60.90999984741211,59.939998626708984,60.880001068115234,60.880001068115234,2104000
2023-05-01,60.939998626708984,61.619998931884766,60.779998779296875,61.08000183105469,61.08000183105469,2060700
2023-05-02,60.91999816894531,61.040000915527344,60.189998626708984,60.72999954223633,60.72999954223633,2898700
2023-05-03,60.939998626708984,61.400001525878906,60.630001068115234,60.7599983215332,60.7599983215332,2303500
2023-05-04,60.95000076293945,61.459999084472656,60.400001525878906,60.56999969482422,60.56999969482422,1640500
2023-05-05,60.849998474121094,61.45000076293945,60.779998779296875,61.25,61.25,1482500
2023-05-08,61.16999816894531,61.470001220703125,61.0099983215332,61.290000915527344,61.290000915527344,1075100
2023-05-09,61.150001525878906,61.91999816894531,61.06999969482422,61.86000061035156,61.86000061035156,1384100
2023-05-10,62.45000076293945,62.95000076293945,62.06999969482422,62.88999938964844,62.88999938964844,3280500
2023-05-11,62.650001525878906,62.65999984741211,61.709999084472656,62.209999084472656,62.209999084472656,3548400
2023-05-12,62.209999084472656,62.459999084472656,61.72999954223633,62.119998931884766,62.119998931884766,1605000
2023-05-15,62.27000045776367,63.189998626708984,61.91999816894531,63.130001068115234,63.130001068115234,2036900
2023-05-16,62.810001373291016,63.33000183105469,62.72999954223633,62.75,62.75,1183100
2023-05-17,62.279998779296875,62.70000076293945,61.97999954223633,62.349998474121094,62.349998474121094,1987900
2023-05-18,62.040000915527344,62.209999084472656,61.66999816894531,62.15999984741211,62.15999984741211,2068700
2023-05-19,62.2599983215332,62.52000045776367,60.790000915527344,60.939998626708984,60.939998626708984,1814100
2023-05-22,60.5099983215332,61.02000045776367,59.56999969482422,59.599998474121094,59.599998474121094,3495100
2023-05-23,59.34000015258789,59.7400016784668,58.77000045776367,58.88999938964844,58.88999938964844,3062200
2023-05-24,59.61000061035156,59.86000061035156,59.310001373291016,59.720001220703125,59.720001220703125,3461300
2023-05-25,59.880001068115234,60.13999938964844,59.25,60.0,60.0,2314000
2023-05-26,60.52000045776367,61.279998779296875,60.310001373291016,61.220001220703125,61.220001220703125,2099700
2023-05-30,61.689998626708984,61.79999923706055,59.91999816894531,60.2400016784668,60.2400016784668,3680700
2023-05-31,59.91999816894531,60.369998931884766,59.29999923706055,59.849998474121094,59.849998474121094,3365700
2023-06-01,59.88999938964844,60.43000030517578,59.790000915527344,60.15999984741211,60.15999984741211,1801700
2023-06-02,60.599998474121094,61.119998931884766,60.459999084472656,60.65999984741211,60.65999984741211,2644000
2023-06-05,60.81999969482422,61.380001068115234,60.65999984741211,61.25,61.25,1841500
2023-06-06,61.150001525878906,62.439998626708984,61.130001068115234,62.38999938964844,62.38999938964844,2251400
2023-06-07,62.20000076293945,62.63999938964844,61.86000061035156,61.93000030517578,61.93000030517578,2294500
2023-06-08,61.93000030517578,62.29999923706055,61.5099983215332,62.20000076293945,62.20000076293945,1502000
2023-06-09,62.5099983215332,63.20000076293945,62.47999954223633,62.91999816894531,62.91999816894531,2124500
2023-06-12,62.900001525878906,62.939998626708984,62.38999938964844,62.619998931884766,62.619998931884766,1185300
2023-06-13,62.709999084472656,63.189998626708984,62.459999084472656,63.09000015258789,63.09000015258789,1788200
2023-06-14,63.31999969482422,64.22000122070312,63.2599983215332,64.08000183105469,64.08000183105469,2193600
2023-06-15,64.11000061035156,64.4000015258789,63.709999084472656,64.33999633789062,64.33999633789062,2482100
2023-06-16,64.26000213623047,64.31999969482422,63.869998931884766,64.0999984741211,64.0999984741211,1845400
2023-06-20,63.70000076293945,64.0,62.79999923706055,62.869998931884766,62.869998931884766,2214300
2023-06-21,62.90999984741211,62.970001220703125,62.33000183105469,62.77000045776367,62.77000045776367,1988500
2023-06-22,62.66999816894531,62.66999816894531,61.900001525878906,62.0099983215332,62.0099983215332,2744300
2023-06-23,61.70000076293945,61.84000015258789,61.380001068115234,61.65999984741211,61.65999984741211,1613000
2023-06-26,61.79999923706055,62.0099983215332,61.58000183105469,61.75,61.75,1613600
2023-06-27,62.20000076293945,62.93000030517578,61.91999816894531,62.810001373291016,62.810001373291016,3258500
2023-06-28,62.75,62.90999984741211,61.970001220703125,62.36000061035156,62.36000061035156,2615600
2023-06-29,62.25,62.63999938964844,62.0099983215332,62.529998779296875,62.529998779296875,1784800
2023-06-30,61.97999954223633,62.869998931884766,61.88999938964844,62.18000030517578,62.18000030517578,3645400
2023-07-03,62.41999816894531,63.2599983215332,62.40999984741211,63.09000015258789,63.09000015258789,1583000
2023-07-05,62.84000015258789,63.40999984741211,62.81999969482422,63.209999084472656,63.209999084472656,1512500
2023-07-06,62.4900016784668,62.95000076293945,61.060001373291016,61.66999816894531,61.66999816894531,2812900
2023-07-07,61.90999984741211,63.130001068115234,61.75,62.61000061035156,62.61000061035156,2247300
2023-07-10,62.599998474121094,62.939998626708984,62.40999984741211,62.619998931884766,62.619998931884766,1494600
2023-07-11,62.72999954223633,63.29999923706055,62.15999984741211,63.20000076293945,63.20000076293945,1936400
2023-07-12,64.11000061035156,64.29000091552734,63.52000045776367,63.54999923706055,63.54999923706055,2743000
2023-07-13,63.630001068115234,64.56999969482422,63.630001068115234,64.2300033569336,64.2300033569336,3270800
2023-07-14,64.13999938964844,64.2699966430664,63.58000183105469,63.90999984741211,63.90999984741211,1416600
2023-07-17,63.54999923706055,63.90999984741211,62.9900016784668,63.880001068115234,63.880001068115234,1628400
2023-07-18,63.880001068115234,64.44000244140625,63.59000015258789,64.22000122070312,64.22000122070312,1137300
2023-07-19,64.33000183105469,64.63999938964844,63.83000183105469,63.959999084472656,63.959999084472656,1380200
2023-07-20,63.79999923706055,63.880001068115234,63.0,63.130001068115234,63.130001068115234,1542100
2023-07-21,63.130001068115234,63.40999984741211,62.65999984741211,62.900001525878906,62.900001525878906,1326700
2023-07-24,63.16999816894531,63.560001373291016,62.70000076293945,63.369998931884766,63.369998931884766,1556700
2023-07-25,63.40999984741211,63.63999938964844,63.16999816894531,63.400001525878906,63.400001525878906,1342000
2023-07-26,63.5,64.36000061035156,63.2599983215332,64.33000183105469,64.33000183105469,1374600
2023-07-27,64.83999633789062,65.08000183105469,64.2699966430664,64.33000183105469,64.33000183105469,2969100
2023-07-28,65.43000030517578,65.7300033569336,64.91000366210938,65.36000061035156,65.36000061035156,1570800
