Date,Open,High,Low,Close,Adj Close,Volume
1978-04-12,0.9492189884185791,0.9804689884185791,0.9492189884185791,0.9492189884185791,0.8275843262672424,11657600
1978-04-13,0.9882810115814209,1.019531011581421,0.9882810115814209,0.9882810115814209,0.8616406917572021,7366400
1978-04-14,1.050781011581421,1.089843988418579,1.050781011581421,1.050781011581421,0.9161317944526672,6771200
1978-04-17,1.050781011581421,1.050781011581421,1.019531011581421,1.019531011581421,0.8888862729072571,4076800
1978-04-18,1.019531011581421,1.0390629768371582,1.011718988418579,1.011718988418579,0.8820752501487732,2966400
1978-04-19,1.03125,1.058593988418579,1.03125,1.03125,0.8991037607192993,2272000
1978-04-20,1.058593988418579,1.089843988418579,1.058593988418579,1.058593988418579,0.9229438900947571,1699200
1978-04-21,1.058593988418579,1.078125,1.050781011581421,1.050781011581421,0.9161317944526672,1046400
1978-04-24,1.050781011581421,1.058593988418579,1.03125,1.03125,0.8991037607192993,931200
1978-04-25,1.078125,1.109375,1.078125,1.078125,0.9399723410606384,2256000
1978-04-26,1.128906011581421,1.160156011581421,1.128906011581421,1.128906011581421,0.9842455387115479,1264000
1978-04-27,1.128906011581421,1.160156011581421,1.128906011581421,1.128906011581421,0.9842455387115479,1075200
1978-04-28,1.199218988418579,1.230468988418579,1.199218988418579,1.199218988418579,1.0455491542816162,1971200
1978-05-01,1.1796879768371582,1.1796879768371582,1.1484379768371582,1.1484379768371582,1.0012750625610352,1500800
1978-05-02,1.160156011581421,1.191406011581421,1.160156011581421,1.160156011581421,1.0114915370941162,816000
1978-05-03,1.160156011581421,1.160156011581421,1.128906011581421,1.128906011581421,0.9842455387115479,627200
1978-05-04,1.1484379768371582,1.1796879768371582,1.1484379768371582,1.1484379768371582,1.0012750625610352,1046400
1978-05-05,1.160156011581421,1.191406011581421,1.160156011581421,1.160156011581421,1.0114915370941162,681600
1978-05-08,1.171875,1.199218988418579,1.171875,1.171875,1.0217084884643555,918400
1978-05-09,1.1796879768371582,1.2109379768371582,1.1796879768371582,1.1796879768371582,1.0285203456878662,694400
1978-05-10,1.191406011581421,1.21875,1.191406011581421,1.191406011581421,1.0387364625930786,774400
1978-05-11,1.230468988418579,1.269531011581421,1.230468988418579,1.230468988418579,1.072794795036316,1449600
1978-05-12,1.25,1.28125,1.25,1.25,1.0898220539093018,627200
1978-05-15,1.25,1.269531011581421,1.238281011581421,1.238281011581421,1.079605221748352,307200
1978-05-16,1.3203129768371582,1.3515629768371582,1.3203129768371582,1.3203129768371582,1.151125431060791,1225600
1978-05-17,1.3203129768371582,1.339843988418579,1.308593988418579,1.308593988418579,1.1409084796905518,534400
1978-05-18,1.308593988418579,1.328125,1.300781011581421,1.300781011581421,1.1340962648391724,633600
1978-05-19,1.261718988418579,1.261718988418579,1.230468988418579,1.230468988418579,1.072794795036316,1040000
1978-05-22,1.230468988418579,1.25,1.21875,1.21875,1.062577247619629,451200
1978-05-23,1.199218988418579,1.199218988418579,1.171875,1.171875,1.0217084884643555,656000
1978-05-24,1.160156011581421,1.160156011581421,1.128906011581421,1.128906011581421,0.9842455387115479,912000
1978-05-25,1.160156011581421,1.199218988418579,1.160156011581421,1.160156011581421,1.0114915370941162,1171200
1978-05-26,1.1796879768371582,1.2109379768371582,1.1796879768371582,1.1796879768371582,1.0285203456878662,499200
1978-05-30,1.230468988418579,1.261718988418579,1.230468988418579,1.230468988418579,1.072794795036316,355200
1978-05-31,1.230468988418579,1.261718988418579,1.230468988418579,1.230468988418579,1.072794795036316,870400
1978-06-01,1.230468988418579,1.25,1.21875,1.21875,1.062577247619629,230400
1978-06-02,1.21875,1.238281011581421,1.2109379768371582,1.2109379768371582,1.0557658672332764,272000
1978-06-05,1.230468988418579,1.261718988418579,1.230468988418579,1.230468988418579,1.072794795036316,332800
1978-06-06,1.25,1.28125,1.25,1.25,1.0898220539093018,1222400
1978-06-07,1.25,1.269531011581421,1.230468988418579,1.230468988418579,1.072794795036316,576000
1978-06-08,1.25,1.28125,1.25,1.25,1.0898220539093018,569600
1978-06-09,1.25,1.269531011581421,1.238281011581421,1.238281011581421,1.079605221748352,339200
1978-06-12,1.269531011581421,1.300781011581421,1.269531011581421,1.269531011581421,1.106850504875183,774400
1978-06-13,1.339843988418579,1.371093988418579,1.339843988418579,1.339843988418579,1.1681537628173828,1721600
1978-06-14,1.359375,1.390625,1.359375,1.359375,1.1851822137832642,646400
1978-06-15,1.359375,1.390625,1.359375,1.359375,1.1851822137832642,691200
1978-06-16,1.3515629768371582,1.3515629768371582,1.3203129768371582,1.3203129768371582,1.151125431060791,643200
1978-06-19,1.308593988418579,1.308593988418579,1.28125,1.28125,1.1170680522918701,1452800
1978-06-20,1.261718988418579,1.261718988418579,1.230468988418579,1.230468988418579,1.072794795036316,502400
1978-06-21,1.230468988418579,1.230468988418579,1.199218988418579,1.199218988418579,1.0455491542816162,521600
1978-06-22,1.21875,1.25,1.21875,1.21875,1.062577247619629,742400
1978-06-23,1.21875,1.230468988418579,1.199218988418579,1.199218988418579,1.0455491542816162,412800
1978-06-26,1.199218988418579,1.199218988418579,1.160156011581421,1.160156011581421,1.0114915370941162,348800
1978-06-27,1.160156011581421,1.1796879768371582,1.1484379768371582,1.1484379768371582,1.0012750625610352,822400
1978-06-28,1.160156011581421,1.199218988418579,1.160156011581421,1.160156011581421,1.0114915370941162,656000
1978-06-29,1.199218988418579,1.230468988418579,1.199218988418579,1.199218988418579,1.0455491542816162,598400
1978-06-30,1.25,1.28125,1.25,1.25,1.0898220539093018,550400
1978-07-03,1.261718988418579,1.2890629768371582,1.261718988418579,1.261718988418579,1.1000396013259888,176000
1978-07-05,1.261718988418579,1.269531011581421,1.238281011581421,1.238281011581421,1.079605221748352,499200
1978-07-06,1.308593988418579,1.339843988418579,1.308593988418579,1.308593988418579,1.1409084796905518,1104000
1978-07-07,1.328125,1.359375,1.328125,1.328125,1.1579365730285645,777600
1978-07-10,1.3515629768371582,1.378906011581421,1.3515629768371582,1.3515629768371582,1.1783711910247803,339200
1978-07-11,1.378906011581421,1.410156011581421,1.378906011581421,1.378906011581421,1.2022106647491455,1475200
1978-07-12,1.378906011581421,1.390625,1.359375,1.359375,1.1851822137832642,700800
1978-07-13,1.359375,1.378906011581421,1.3515629768371582,1.3515629768371582,1.1783711910247803,323200
1978-07-14,1.371093988418579,1.3984379768371582,1.371093988418579,1.371093988418579,1.1953994035720825,201600
1978-07-17,1.4296879768371582,1.4609379768371582,1.4296879768371582,1.4296879768371582,1.2464851140975952,1248000
1978-07-18,1.4296879768371582,1.4609379768371582,1.4296879768371582,1.4296879768371582,1.2464851140975952,1075200
1978-07-19,1.480468988418579,1.519531011581421,1.480468988418579,1.480468988418579,1.2907586097717285,947200
1978-07-20,1.480468988418579,1.511718988418579,1.480468988418579,1.480468988418579,1.2907586097717285,784000
1978-07-21,1.46875,1.46875,1.441406011581421,1.441406011581421,1.2567014694213867,441600
1978-07-24,1.441406011581421,1.46875,1.441406011581421,1.441406011581421,1.2567014694213867,646400
1978-07-25,1.441406011581421,1.4609379768371582,1.4296879768371582,1.4296879768371582,1.2464851140975952,1161600
1978-07-26,1.4296879768371582,1.4609379768371582,1.4296879768371582,1.4296879768371582,1.2464851140975952,675200
1978-07-27,1.449218988418579,1.480468988418579,1.449218988418579,1.449218988418579,1.263513445854187,508800
1978-07-28,1.449218988418579,1.480468988418579,1.449218988418579,1.449218988418579,1.263513445854187,304000
1978-07-31,1.449218988418579,1.46875,1.441406011581421,1.441406011581421,1.2567014694213867,192000
1978-08-01,1.46875,1.5,1.46875,1.46875,1.2805415391921997,390400
1978-08-02,1.488281011581421,1.519531011581421,1.488281011581421,1.488281011581421,1.297569751739502,416000
1978-08-03,1.558593988418579,1.589843988418579,1.558593988418579,1.558593988418579,1.358872652053833,1081600
1978-08-04,1.640625,1.671875,1.640625,1.640625,1.4303922653198242,972800
1978-08-07,1.699218988418579,1.730468988418579,1.699218988418579,1.699218988418579,1.4814777374267578,1008000
1978-08-08,1.738281011581421,1.769531011581421,1.738281011581421,1.738281011581421,1.5155348777770996,1068800
1978-08-09,1.738281011581421,1.761718988418579,1.730468988418579,1.730468988418579,1.5087233781814575,636800
1978-08-10,1.730468988418579,1.75,1.71875,1.71875,1.4985055923461914,595200
1978-08-11,1.71875,1.75,1.71875,1.71875,1.4985055923461914,268800
1978-08-14,1.730468988418579,1.761718988418579,1.730468988418579,1.730468988418579,1.5087233781814575,563200
1978-08-15,1.769531011581421,1.800781011581421,1.769531011581421,1.769531011581421,1.5427801609039307,710400
1978-08-16,1.839843988418579,1.878906011581421,1.839843988418579,1.839843988418579,1.6040828227996826,611200
1978-08-17,1.910156011581421,1.949218988418579,1.910156011581421,1.910156011581421,1.6653844118118286,1126400
1978-08-18,1.910156011581421,1.910156011581421,1.878906011581421,1.878906011581421,1.6381397247314453,550400
1978-08-21,1.78125,1.78125,1.75,1.75,1.5257518291473389,918400
1978-08-22,1.761718988418579,1.7890629768371582,1.761718988418579,1.761718988418579,1.5359691381454468,1011200
1978-08-23,1.8515629768371582,1.878906011581421,1.8515629768371582,1.8515629768371582,1.6142994165420532,1174400
1978-08-24,1.96875,2.0,1.96875,1.96875,1.7164708375930786,1219200
1978-08-25,2.058593988418579,2.089843988418579,2.058593988418579,2.058593988418579,1.7948020696640015,1484800
1978-08-28,2.019531011581421,2.019531011581421,1.988281011581421,1.988281011581421,1.7334991693496704,790400
1978-08-29,1.949218988418579,1.949218988418579,1.921875,1.921875,1.6756024360656738,816000
1978-08-30,1.890625,1.890625,1.859375,1.859375,1.6211110353469849,736000
1978-08-31,1.839843988418579,1.839843988418579,1.808593988418579,1.808593988418579,1.576837420463562,387200
1978-09-01,1.839843988418579,1.878906011581421,1.839843988418579,1.839843988418579,1.6040828227996826,182400
1978-09-05,1.921875,1.949218988418579,1.921875,1.921875,1.6756024360656738,528000
1978-09-06,1.949218988418579,1.980468988418579,1.949218988418579,1.949218988418579,1.69944167137146,608000
1978-09-07,1.949218988418579,1.980468988418579,1.949218988418579,1.949218988418579,1.69944167137146,518400
1978-09-08,2.050781011581421,2.089843988418579,2.050781011581421,2.050781011581421,1.7879903316497803,649600
1978-09-11,2.089843988418579,2.128906011581421,2.089843988418579,2.089843988418579,1.8220467567443848,752000
1978-09-12,2.121093988418579,2.148437976837158,2.121093988418579,2.121093988418579,1.8492927551269531,416000
1978-09-13,2.121093988418579,2.128906011581421,2.089843988418579,2.089843988418579,1.8220467567443848,681600
1978-09-14,2.089843988418579,2.089843988418579,2.058593988418579,2.058593988418579,1.7948020696640015,566400
1978-09-15,2.058593988418579,2.089843988418579,2.058593988418579,2.058593988418579,1.7948020696640015,867200
1978-09-18,1.988281011581421,1.988281011581421,1.9609379768371582,1.9609379768371582,1.709659457206726,729600
1978-09-19,1.9296879768371582,1.9296879768371582,1.8984379768371582,1.8984379768371582,1.6551686525344849,611200
1978-09-20,1.8515629768371582,1.8515629768371582,1.8203129768371582,1.8203129768371582,1.5870540142059326,748800
1978-09-21,1.78125,1.78125,1.75,1.75,1.5257518291473389,1222400
1978-09-22,1.6796879768371582,1.6796879768371582,1.6484379768371582,1.6484379768371582,1.4372042417526245,1737600
1978-09-25,1.660156011581421,1.691406011581421,1.660156011581421,1.660156011581421,1.4474208354949951,1126400
1978-09-26,1.78125,1.828125,1.78125,1.78125,1.5529972314834595,1835200
1978-09-27,1.84375,1.890625,1.84375,1.84375,1.6074879169464111,1366400
1978-09-28,1.953125,2.0,1.953125,1.953125,1.7028483152389526,696000
1978-09-29,2.0,2.046875,2.0,2.0,1.7437167167663574,1027200
1978-10-02,2.0625,2.109375,2.0625,2.0625,1.7982075214385986,505600
1978-10-03,2.0625,2.078125,2.03125,2.03125,1.770961880683899,652800
1978-10-04,2.03125,2.046875,2.0,2.0,1.7437167167663574,483200
1978-10-05,2.023437976837158,2.0625,2.023437976837158,2.023437976837158,1.7641505002975464,414400
1978-10-06,2.046875,2.09375,2.046875,2.046875,1.7845842838287354,110400
1978-10-09,2.109375,2.15625,2.109375,2.109375,1.8390756845474243,283200
1978-10-10,2.109375,2.132812976837158,2.078125,2.078125,1.8118302822113037,296000
1978-10-11,2.132812976837158,2.171875,2.132812976837158,2.132812976837158,1.8595105409622192,174400
1978-10-12,2.140625,2.1875,2.140625,2.140625,1.8663214445114136,771200
1978-10-13,2.140625,2.15625,2.109375,2.109375,1.8390756845474243,264000
1978-10-16,1.9765629768371582,1.9765629768371582,1.9375,1.9375,1.6892250776290894,332800
1978-10-17,1.90625,1.90625,1.859375,1.859375,1.6211110353469849,913600
1978-10-18,1.859375,1.859375,1.8125,1.8125,1.5802425146102905,339200
1978-10-19,1.7734379768371582,1.7734379768371582,1.71875,1.71875,1.4985055923461914,388800
1978-10-20,1.671875,1.671875,1.6328129768371582,1.6328129768371582,1.4235813617706299,576000
1978-10-23,1.609375,1.609375,1.5625,1.5625,1.3622783422470093,814400
1978-10-24,1.5625,1.578125,1.53125,1.53125,1.33503258228302,499200
1978-10-25,1.53125,1.546875,1.5,1.5,1.3077867031097412,761600
1978-10-26,1.359375,1.359375,1.3125,1.3125,1.1443134546279907,1131200
1978-10-27,1.3125,1.359375,1.3125,1.3125,1.1443134546279907,672000
1978-10-30,1.203125,1.203125,1.15625,1.15625,1.0080856084823608,1032000
1978-10-31,1.25,1.296875,1.25,1.25,1.0898220539093018,814400
1978-11-01,1.4375,1.4765629768371582,1.4375,1.4375,1.2532958984375,884800
1978-11-02,1.46875,1.5234379768371582,1.46875,1.46875,1.2805415391921997,905600
1978-11-03,1.5,1.546875,1.5,1.5,1.3077867031097412,672000
1978-11-06,1.5,1.53125,1.4765629768371582,1.4765629768371582,1.2873528003692627,390400
1978-11-07,1.4375,1.4375,1.390625,1.390625,1.2124278545379639,416000
1978-11-08,1.390625,1.390625,1.34375,1.34375,1.1715589761734009,451200
1978-11-09,1.359375,1.40625,1.359375,1.359375,1.1851822137832642,680000
1978-11-10,1.421875,1.46875,1.421875,1.421875,1.239673137664795,390400
1978-11-13,1.390625,1.390625,1.34375,1.34375,1.1715589761734009,177600
1978-11-14,1.3125,1.3125,1.2734379768371582,1.2734379768371582,1.1102569103240967,534400
1978-11-15,1.296875,1.34375,1.296875,1.296875,1.1306906938552856,324800
1978-11-16,1.359375,1.40625,1.359375,1.359375,1.1851822137832642,188800
1978-11-17,1.46875,1.5234379768371582,1.46875,1.46875,1.2805415391921997,537600
1978-11-20,1.4765629768371582,1.53125,1.4765629768371582,1.4765629768371582,1.2873528003692627,400000
1978-11-21,1.4765629768371582,1.5,1.453125,1.453125,1.2669187784194946,444800
1978-11-22,1.453125,1.5,1.453125,1.453125,1.2669187784194946,235200
1978-11-24,1.4765629768371582,1.53125,1.4765629768371582,1.4765629768371582,1.2873528003692627,372800
1978-11-27,1.4765629768371582,1.5,1.453125,1.453125,1.2669187784194946,158400
1978-11-28,1.453125,1.4765629768371582,1.4375,1.4375,1.2532958984375,246400
1978-11-29,1.421875,1.421875,1.3828129768371582,1.3828129768371582,1.2056162357330322,198400
1978-11-30,1.453125,1.5,1.453125,1.453125,1.2669187784194946,379200
1978-12-01,1.5,1.546875,1.5,1.5,1.3077867031097412,520000
1978-12-04,1.609375,1.65625,1.609375,1.609375,1.403146505355835,843200
1978-12-05,1.671875,1.71875,1.671875,1.671875,1.4576376676559448,521600
1978-12-06,1.703125,1.75,1.703125,1.703125,1.484883427619934,502400
1978-12-07,1.6875,1.6875,1.640625,1.640625,1.4303922653198242,252800
1978-12-08,1.640625,1.671875,1.6328129768371582,1.6328129768371582,1.4235813617706299,252800
1978-12-11,1.671875,1.71875,1.671875,1.671875,1.4576376676559448,214400
1978-12-12,1.671875,1.6875,1.640625,1.640625,1.4303922653198242,355200
1978-12-13,1.640625,1.671875,1.6328129768371582,1.6328129768371582,1.4235813617706299,300800
1978-12-14,1.65625,1.703125,1.65625,1.65625,1.4440151453018188,104000
1978-12-15,1.65625,1.671875,1.6328129768371582,1.6328129768371582,1.4235813617706299,91200
1978-12-18,1.578125,1.578125,1.53125,1.53125,1.33503258228302,427200
1978-12-19,1.546875,1.59375,1.546875,1.546875,1.348655104637146,248000
1978-12-20,1.5625,1.609375,1.5625,1.5625,1.3622783422470093,1600
1978-12-21,1.5625,1.578125,1.53125,1.53125,1.33503258228302,508800
1978-12-22,1.59375,1.640625,1.59375,1.59375,1.389523983001709,422400
1978-12-26,1.65625,1.703125,1.65625,1.65625,1.4440151453018188,348800
1978-12-27,1.6328129768371582,1.6328129768371582,1.578125,1.578125,1.3759005069732666,484800
1978-12-28,1.578125,1.6328129768371582,1.578125,1.578125,1.3759005069732666,257600
1978-12-29,1.578125,1.640625,1.5703129768371582,1.640625,1.4303922653198242,384000
1979-01-02,1.640625,1.640625,1.59375,1.6015629768371582,1.396335244178772,384000
1979-01-03,1.6328129768371582,1.6875,1.6328129768371582,1.6875,1.471260666847229,372800
1979-01-04,1.703125,1.796875,1.703125,1.7734379768371582,1.5461865663528442,633600
1979-01-05,1.796875,1.859375,1.796875,1.859375,1.6211110353469849,603200
1979-01-08,1.859375,1.859375,1.7578129768371582,1.7890629768371582,1.5598090887069702,457600
1979-01-09,1.7890629768371582,1.84375,1.65625,1.65625,1.4440151453018188,793600
1979-01-10,1.6796879768371582,1.7421879768371582,1.6796879768371582,1.703125,1.484883427619934,491200
1979-01-11,1.7109379768371582,1.75,1.7109379768371582,1.75,1.5257518291473389,840000
1979-01-12,1.75,1.796875,1.75,1.75,1.5257518291473389,513600
1979-01-15,1.75,1.78125,1.7265629768371582,1.75,1.5257518291473389,284800
1979-01-16,1.75,1.7734379768371582,1.6875,1.6875,1.471260666847229,113600
1979-01-17,1.6875,1.71875,1.671875,1.71875,1.4985055923461914,75200
1979-01-18,1.71875,1.75,1.703125,1.703125,1.484883427619934,105600
1979-01-19,1.71875,1.7421879768371582,1.71875,1.71875,1.4985055923461914,107200
1979-01-22,1.703125,1.703125,1.6796879768371582,1.6875,1.471260666847229,59200
1979-01-23,1.703125,1.7265629768371582,1.703125,1.703125,1.484883427619934,97600
1979-01-24,1.703125,1.7109379768371582,1.65625,1.671875,1.4576376676559448,241600
1979-01-25,1.671875,1.6796879768371582,1.6328129768371582,1.6328129768371582,1.4235813617706299,198400
1979-01-26,1.6328129768371582,1.65625,1.53125,1.5625,1.3622783422470093,510400
1979-01-29,1.5625,1.578125,1.546875,1.578125,1.3759005069732666,278400
1979-01-30,1.578125,1.609375,1.5625,1.59375,1.389523983001709,196800
1979-01-31,1.59375,1.59375,1.5625,1.5703129768371582,1.36909019947052,123200
1979-02-01,1.5703129768371582,1.578125,1.53125,1.578125,1.3759005069732666,92800
1979-02-02,1.578125,1.59375,1.5625,1.5625,1.3622783422470093,75200
1979-02-05,1.546875,1.546875,1.4765629768371582,1.4765629768371582,1.2873528003692627,244800
1979-02-06,1.4765629768371582,1.5234379768371582,1.46875,1.5,1.3077867031097412,156800
1979-02-07,1.4765629768371582,1.4765629768371582,1.421875,1.4375,1.2532958984375,222400
1979-02-08,1.4375,1.46875,1.40625,1.46875,1.2805415391921997,251200
1979-02-09,1.46875,1.53125,1.46875,1.53125,1.33503258228302,588800
1979-02-12,1.53125,1.546875,1.5234379768371582,1.546875,1.348655104637146,30400
1979-02-13,1.5703129768371582,1.6171879768371582,1.5703129768371582,1.6171879768371582,1.4099582433700562,116800
1979-02-14,1.6171879768371582,1.6328129768371582,1.6015629768371582,1.6015629768371582,1.396335244178772,337600
1979-02-15,1.6015629768371582,1.640625,1.59375,1.640625,1.4303922653198242,68800
1979-02-16,1.640625,1.65625,1.6328129768371582,1.6328129768371582,1.4235813617706299,49600
1979-02-20,1.6328129768371582,1.640625,1.6171879768371582,1.6328129768371582,1.4235813617706299,94400
1979-02-21,1.6328129768371582,1.640625,1.6015629768371582,1.6015629768371582,1.396335244178772,356800
1979-02-22,1.6015629768371582,1.6171879768371582,1.59375,1.59375,1.389523983001709,158400
1979-02-23,1.59375,1.609375,1.5625,1.609375,1.403146505355835,92800
1979-02-26,1.609375,1.6171879768371582,1.5234379768371582,1.5234379768371582,1.3282216787338257,188800
1979-02-27,1.5234379768371582,1.53125,1.46875,1.46875,1.2805415391921997,246400
1979-02-28,1.46875,1.53125,1.46875,1.5234379768371582,1.3282216787338257,88000
1979-03-01,1.5234379768371582,1.5234379768371582,1.4921879768371582,1.5234379768371582,1.3282216787338257,110400
1979-03-02,1.53125,1.5703129768371582,1.53125,1.5703129768371582,1.36909019947052,107200
1979-03-05,1.5703129768371582,1.609375,1.5703129768371582,1.6015629768371582,1.396335244178772,126400
1979-03-06,1.6015629768371582,1.6015629768371582,1.5625,1.5625,1.3622783422470093,102400
1979-03-07,1.578125,1.6328129768371582,1.578125,1.609375,1.403146505355835,364800
1979-03-08,1.6015629768371582,1.6015629768371582,1.578125,1.59375,1.389523983001709,296000
1979-03-09,1.59375,1.59375,1.5390629768371582,1.546875,1.348655104637146,198400
1979-03-12,1.546875,1.578125,1.546875,1.5625,1.3622783422470093,72000
1979-03-13,1.5625,1.578125,1.5625,1.578125,1.3759005069732666,150400
1979-03-14,1.578125,1.59375,1.578125,1.59375,1.389523983001709,337600
1979-03-15,1.59375,1.640625,1.578125,1.6328129768371582,1.4235813617706299,2288000
1979-03-16,1.640625,1.703125,1.640625,1.703125,1.484883427619934,1656000
1979-03-19,1.703125,1.7421879768371582,1.6875,1.703125,1.484883427619934,937600
1979-03-20,1.703125,1.703125,1.6796879768371582,1.6796879768371582,1.4644496440887451,793600
1979-03-21,1.6796879768371582,1.71875,1.671875,1.71875,1.4985055923461914,326400
1979-03-22,1.71875,1.7421879768371582,1.7109379768371582,1.7109379768371582,1.4916952848434448,958400
1979-03-23,1.7109379768371582,1.75,1.703125,1.75,1.5257518291473389,556800
1979-03-26,1.75,1.75,1.7109379768371582,1.7265629768371582,1.5053176879882812,955200
1979-03-27,1.7265629768371582,1.75,1.7109379768371582,1.7421879768371582,1.5189399719238281,1251200
1979-03-28,1.7421879768371582,1.78125,1.6875,1.6875,1.471260666847229,491200
1979-03-29,1.6875,1.7265629768371582,1.671875,1.703125,1.484883427619934,187200
1979-03-30,1.703125,1.7265629768371582,1.703125,1.703125,1.484883427619934,145600
1979-04-02,1.703125,1.703125,1.65625,1.671875,1.4576376676559448,142400
1979-04-03,1.6796879768371582,1.7421879768371582,1.6796879768371582,1.7421879768371582,1.5189399719238281,320000
1979-04-04,1.7421879768371582,1.7734379768371582,1.7265629768371582,1.7265629768371582,1.5053176879882812,320000
1979-04-05,1.7265629768371582,1.7421879768371582,1.7109379768371582,1.7421879768371582,1.5189399719238281,184000
1979-04-06,1.7421879768371582,1.7734379768371582,1.7265629768371582,1.7578129768371582,1.5325632095336914,275200
1979-04-09,1.7578129768371582,1.7578129768371582,1.71875,1.7265629768371582,1.5053176879882812,168000
1979-04-10,1.7265629768371582,1.7421879768371582,1.703125,1.71875,1.4985055923461914,116800
1979-04-11,1.71875,1.71875,1.65625,1.65625,1.4440151453018188,777600
1979-04-12,1.65625,1.703125,1.65625,1.6875,1.471260666847229,195200
1979-04-16,1.671875,1.671875,1.6328129768371582,1.6328129768371582,1.4235813617706299,424000
1979-04-17,1.6328129768371582,1.6484379768371582,1.609375,1.6328129768371582,1.4235813617706299,542400
1979-04-18,1.6328129768371582,1.640625,1.578125,1.59375,1.389523983001709,320000
1979-04-19,1.59375,1.6171879768371582,1.59375,1.59375,1.389523983001709,473600
1979-04-20,1.59375,1.609375,1.59375,1.59375,1.389523983001709,78400
1979-04-23,1.59375,1.6015629768371582,1.59375,1.59375,1.389523983001709,132800
1979-04-24,1.59375,1.65625,1.59375,1.6171879768371582,1.4099582433700562,286400
1979-04-25,1.609375,1.609375,1.59375,1.59375,1.389523983001709,94400
1979-04-26,1.59375,1.6328129768371582,1.59375,1.6328129768371582,1.4235813617706299,299200
1979-04-27,1.6328129768371582,1.6328129768371582,1.609375,1.6171879768371582,1.4099582433700562,225600
1979-04-30,1.609375,1.609375,1.59375,1.59375,1.389523983001709,108800
1979-05-01,1.59375,1.6328129768371582,1.59375,1.609375,1.403146505355835,169600
1979-05-02,1.6015629768371582,1.6015629768371582,1.6015629768371582,1.6015629768371582,1.396335244178772,88000
1979-05-03,1.6015629768371582,1.609375,1.59375,1.59375,1.389523983001709,104000
1979-05-04,1.59375,1.59375,1.5234379768371582,1.5234379768371582,1.3282216787338257,216000
1979-05-07,1.5,1.5,1.421875,1.453125,1.2669187784194946,412800
1979-05-08,1.453125,1.5,1.453125,1.5,1.3077867031097412,201600
1979-05-09,1.5078129768371582,1.546875,1.5078129768371582,1.5390629768371582,1.3418445587158203,302400
1979-05-10,1.5234379768371582,1.5234379768371582,1.4765629768371582,1.4765629768371582,1.2873528003692627,233600
1979-05-11,1.4765629768371582,1.5078129768371582,1.4765629768371582,1.5,1.3077867031097412,107200
1979-05-14,1.5,1.5,1.46875,1.46875,1.2805415391921997,116800
1979-05-15,1.46875,1.4765629768371582,1.46875,1.4765629768371582,1.2873528003692627,96000
1979-05-16,1.46875,1.46875,1.453125,1.453125,1.2669187784194946,201600
1979-05-17,1.453125,1.5,1.453125,1.4921879768371582,1.3009756803512573,348800
1979-05-18,1.4921879768371582,1.5078129768371582,1.4765629768371582,1.5,1.3077867031097412,76800
1979-05-21,1.4765629768371582,1.4765629768371582,1.4609379768371582,1.4609379768371582,1.273729920387268,100800
1979-05-22,1.4609379768371582,1.4921879768371582,1.453125,1.4765629768371582,1.2873528003692627,145600
1979-05-23,1.4765629768371582,1.53125,1.4765629768371582,1.5234379768371582,1.3282216787338257,155200
1979-05-24,1.5234379768371582,1.546875,1.5234379768371582,1.53125,1.33503258228302,148800
1979-05-25,1.546875,1.6015629768371582,1.546875,1.6015629768371582,1.396335244178772,230400
1979-05-29,1.6015629768371582,1.609375,1.546875,1.546875,1.348655104637146,88000
1979-05-30,1.546875,1.546875,1.453125,1.46875,1.2805415391921997,326400
1979-05-31,1.46875,1.4921879768371582,1.421875,1.46875,1.2805415391921997,441600
1979-06-01,1.46875,1.4765629768371582,1.4375,1.46875,1.2805415391921997,164800
1979-06-04,1.46875,1.46875,1.421875,1.453125,1.2669187784194946,166400
1979-06-05,1.453125,1.453125,1.4375,1.4375,1.2532958984375,128000
1979-06-06,1.4375,1.453125,1.390625,1.390625,1.2124278545379639,321600
1979-06-07,1.390625,1.421875,1.3125,1.390625,1.2124278545379639,796800
1979-06-08,1.3984379768371582,1.5,1.3984379768371582,1.46875,1.2805415391921997,516800
1979-06-11,1.46875,1.4765629768371582,1.4375,1.4375,1.2532958984375,56000
1979-06-12,1.5,1.53125,1.5,1.5234379768371582,1.3282216787338257,264000
1979-06-13,1.5234379768371582,1.5625,1.5234379768371582,1.5234379768371582,1.3282216787338257,228800
1979-06-14,1.5234379768371582,1.5234379768371582,1.4765629768371582,1.5234379768371582,1.3282216787338257,408000
1979-06-15,1.5,1.5,1.4921879768371582,1.5,1.3077867031097412,192000
1979-06-18,1.5,1.5,1.4765629768371582,1.4765629768371582,1.2873528003692627,68800
1979-06-19,1.4765629768371582,1.5,1.4609379768371582,1.5,1.3077867031097412,177600
1979-06-20,1.5,1.5234379768371582,1.4765629768371582,1.5,1.3077867031097412,209600
1979-06-21,1.5,1.5,1.46875,1.46875,1.2805415391921997,148800
1979-06-22,1.46875,1.4921879768371582,1.453125,1.453125,1.2669187784194946,107200
1979-06-25,1.453125,1.46875,1.453125,1.4609379768371582,1.273729920387268,134400
1979-06-26,1.4375,1.4375,1.3984379768371582,1.40625,1.2260504961013794,67200
1979-06-27,1.40625,1.4296879768371582,1.3828129768371582,1.3828129768371582,1.2056162357330322,393600
1979-06-28,1.3828129768371582,1.3828129768371582,1.328125,1.359375,1.1851822137832642,422400
1979-06-29,1.359375,1.359375,1.328125,1.328125,1.1579365730285645,254400
1979-07-02,1.328125,1.34375,1.3125,1.3125,1.1443134546279907,358400
1979-07-03,1.3125,1.3515629768371582,1.3125,1.34375,1.1715589761734009,60800
1979-07-05,1.34375,1.3984379768371582,1.34375,1.3984379768371582,1.2192394733428955,235200
1979-07-06,1.3984379768371582,1.4296879768371582,1.359375,1.3671879768371582,1.1919939517974854,230400
1979-07-09,1.3671879768371582,1.4609379768371582,1.3515629768371582,1.421875,1.239673137664795,152000
1979-07-10,1.421875,1.4609379768371582,1.421875,1.4375,1.2532958984375,273600
1979-07-11,1.4375,1.4609379768371582,1.4296879768371582,1.4609379768371582,1.273729920387268,224000
1979-07-12,1.4609379768371582,1.4765629768371582,1.453125,1.46875,1.2805415391921997,268800
1979-07-13,1.46875,1.4921879768371582,1.453125,1.4921879768371582,1.3009756803512573,267200
1979-07-16,1.4921879768371582,1.4921879768371582,1.4375,1.4609379768371582,1.273729920387268,342400
1979-07-17,1.4609379768371582,1.4765629768371582,1.4375,1.4375,1.2532958984375,270400
1979-07-18,1.4375,1.453125,1.4375,1.453125,1.2669187784194946,177600
1979-07-19,1.453125,1.453125,1.4296879768371582,1.4375,1.2532958984375,121600
1979-07-20,1.4375,1.4375,1.359375,1.359375,1.1851822137832642,1155200
1979-07-23,1.359375,1.3828129768371582,1.34375,1.3515629768371582,1.1783711910247803,414400
1979-07-24,1.3515629768371582,1.3828129768371582,1.3515629768371582,1.3515629768371582,1.1783711910247803,164800
1979-07-25,1.3671879768371582,1.4375,1.3671879768371582,1.4375,1.2532958984375,124800
1979-07-26,1.4375,1.453125,1.4296879768371582,1.4296879768371582,1.2464851140975952,376000
1979-07-27,1.4296879768371582,1.453125,1.421875,1.4375,1.2532958984375,113600
1979-07-30,1.4375,1.4375,1.40625,1.4296879768371582,1.2464851140975952,1190400
1979-07-31,1.4296879768371582,1.4375,1.40625,1.4296879768371582,1.2464851140975952,115200
1979-08-01,1.4296879768371582,1.5234379768371582,1.40625,1.5234379768371582,1.3282216787338257,4336000
1979-08-02,1.53125,1.6015629768371582,1.53125,1.5625,1.3622783422470093,1628800
1979-08-03,1.5625,1.5703129768371582,1.5390629768371582,1.546875,1.348655104637146,107200
1979-08-06,1.546875,1.5625,1.53125,1.546875,1.348655104637146,756800
1979-08-07,1.5625,1.6328129768371582,1.5625,1.59375,1.389523983001709,510400
1979-08-08,1.59375,1.6171879768371582,1.5703129768371582,1.59375,1.389523983001709,166400
1979-08-09,1.59375,1.609375,1.5625,1.5703129768371582,1.36909019947052,4875200
1979-08-10,1.5703129768371582,1.6015629768371582,1.53125,1.6015629768371582,1.396335244178772,336000
1979-08-13,1.6015629768371582,1.640625,1.6015629768371582,1.6328129768371582,1.4235813617706299,339200
1979-08-14,1.6328129768371582,1.6796879768371582,1.6171879768371582,1.6171879768371582,1.4099582433700562,1249600
1979-08-15,1.6171879768371582,1.71875,1.6171879768371582,1.71875,1.4985055923461914,1244800
1979-08-16,1.71875,1.78125,1.71875,1.71875,1.4985055923461914,867200
1979-08-17,1.71875,1.75,1.6875,1.75,1.5257518291473389,571200
1979-08-20,1.75,1.78125,1.75,1.78125,1.5529972314834595,500800
1979-08-21,1.78125,1.8125,1.75,1.75,1.5257518291473389,804800
1979-08-22,1.75,1.7890629768371582,1.75,1.7734379768371582,1.5461865663528442,211200
1979-08-23,1.7734379768371582,1.796875,1.75,1.796875,1.5666193962097168,489600
1979-08-24,1.7890629768371582,1.7890629768371582,1.7578129768371582,1.7734379768371582,1.5461865663528442,292800
1979-08-27,1.7734379768371582,1.8125,1.7734379768371582,1.8125,1.5802425146102905,752000
1979-08-28,1.796875,1.796875,1.78125,1.7890629768371582,1.5598090887069702,316800
1979-08-29,1.7890629768371582,1.796875,1.78125,1.78125,1.5529972314834595,168000
1979-08-30,1.78125,1.796875,1.7734379768371582,1.7890629768371582,1.5598090887069702,294400
1979-08-31,1.7890629768371582,1.796875,1.78125,1.796875,1.5666193962097168,169600
1979-09-04,1.796875,1.796875,1.7265629768371582,1.7265629768371582,1.5053176879882812,272000
1979-09-05,1.671875,1.671875,1.6171879768371582,1.6328129768371582,1.4235813617706299,577600
1979-09-06,1.640625,1.71875,1.640625,1.65625,1.4440151453018188,254400
1979-09-07,1.65625,1.75,1.65625,1.7265629768371582,1.5053176879882812,321600
1979-09-10,1.75,1.796875,1.75,1.78125,1.5529972314834595,1020800
1979-09-11,1.78125,1.796875,1.7265629768371582,1.7265629768371582,1.5053176879882812,224000
1979-09-12,1.7265629768371582,1.8828129768371582,1.7265629768371582,1.859375,1.6211110353469849,1182400
1979-09-13,1.8671879768371582,2.117187976837158,1.8671879768371582,2.03125,1.770961880683899,2723200
1979-09-14,2.03125,2.078125,2.023437976837158,2.0625,1.7982075214385986,2288000
1979-09-17,2.0625,2.078125,2.007812976837158,2.007812976837158,1.75052809715271,339200
1979-09-18,2.007812976837158,2.03125,1.9375,2.023437976837158,1.7641505002975464,544000
1979-09-19,2.023437976837158,2.078125,1.9765629768371582,2.0625,1.7982075214385986,881600
1979-09-20,2.046875,2.046875,2.023437976837158,2.039062976837158,1.777773380279541,356800
1979-09-21,2.023437976837158,2.023437976837158,1.9765629768371582,1.9765629768371582,1.7232823371887207,592000
1979-09-24,1.9765629768371582,2.046875,1.9765629768371582,2.023437976837158,1.7641505002975464,979200
1979-09-25,2.023437976837158,2.078125,1.9921879768371582,2.0625,1.7982075214385986,872000
1979-09-26,2.078125,2.210937976837158,2.078125,2.15625,1.8799446821212769,974400
1979-09-27,2.15625,2.226562976837158,2.15625,2.179687976837158,1.9003784656524658,435200
1979-09-28,2.210937976837158,2.273437976837158,2.210937976837158,2.21875,1.9344347715377808,1132800
1979-10-01,2.25,2.367187976837158,2.25,2.359375,2.057039737701416,1414400
1979-10-02,2.359375,2.476562976837158,2.3125,2.390625,2.0842854976654053,3646400
1979-10-03,2.390625,2.40625,2.28125,2.382812976837158,2.0774736404418945,1195200
1979-10-04,2.382812976837158,2.460937976837158,2.3125,2.34375,2.043416976928711,1326400
1979-10-05,2.34375,2.359375,2.25,2.25,1.9616810083389282,628800
1979-10-08,2.25,2.34375,2.25,2.25,1.9616810083389282,1011200
1979-10-09,2.226562976837158,2.226562976837158,2.109375,2.140625,1.8663214445114136,926400
1979-10-10,2.140625,2.171875,2.0,2.171875,1.8935661315917969,1872000
1979-10-11,2.171875,2.226562976837158,2.101562976837158,2.1875,1.9071892499923706,923200
1979-10-12,2.1875,2.210937976837158,2.101562976837158,2.117187976837158,1.8458877801895142,187200
1979-10-15,2.117187976837158,2.140625,2.023437976837158,2.0625,1.7982075214385986,420800
1979-10-16,2.0625,2.0625,2.023437976837158,2.0625,1.7982075214385986,332800
1979-10-17,2.078125,2.140625,2.078125,2.109375,1.8390756845474243,433600
1979-10-18,2.109375,2.132812976837158,2.078125,2.09375,1.8254528045654297,204800
1979-10-19,2.09375,2.101562976837158,2.007812976837158,2.03125,1.770961880683899,614400
1979-10-22,2.03125,2.039062976837158,1.9609379768371582,2.039062976837158,1.777773380279541,992000
1979-10-23,2.039062976837158,2.101562976837158,2.039062976837158,2.078125,1.8118302822113037,374400
1979-10-24,2.078125,2.09375,2.03125,2.078125,1.8118302822113037,211200
1979-10-25,2.078125,2.148437976837158,2.0625,2.0625,1.7982075214385986,526400
1979-10-26,2.101562976837158,2.132812976837158,2.101562976837158,2.132812976837158,1.8595105409622192,363200
1979-10-29,2.15625,2.226562976837158,2.15625,2.21875,1.9344347715377808,321600
1979-10-30,2.21875,2.257812976837158,2.21875,2.25,1.9616810083389282,305600
1979-10-31,2.25,2.273437976837158,2.140625,2.140625,1.8663214445114136,214400
1979-11-01,2.140625,2.210937976837158,2.09375,2.210937976837158,1.9276247024536133,1713600
1979-11-02,2.210937976837158,2.25,2.203125,2.226562976837158,1.9412471055984497,273600
1979-11-05,2.21875,2.21875,2.1875,2.203125,1.920812964439392,116800
1979-11-06,2.1875,2.1875,2.15625,2.1875,1.9071892499923706,142400
1979-11-07,2.179687976837158,2.179687976837158,2.15625,2.15625,1.8799446821212769,230400
1979-11-08,2.15625,2.296875,2.15625,2.273437976837158,1.9821155071258545,412800
1979-11-09,2.3125,2.382812976837158,2.3125,2.351562976837158,2.05022931098938,699200
1979-11-12,2.351562976837158,2.390625,2.34375,2.382812976837158,2.0774736404418945,280000
1979-11-13,2.382812976837158,2.421875,2.367187976837158,2.40625,2.0979089736938477,875200
1979-11-14,2.40625,2.5,2.367187976837158,2.46875,2.152400255203247,820800
1979-11-15,2.46875,2.59375,2.453125,2.578125,2.2477591037750244,998400
1979-11-16,2.5625,2.5625,2.5,2.546875,2.220512866973877,740800
1979-11-19,2.523437976837158,2.523437976837158,2.453125,2.460937976837158,2.145589590072632,659200
1979-11-20,2.460937976837158,2.46875,2.429687976837158,2.46875,2.152400255203247,515200
1979-11-21,2.453125,2.453125,2.421875,2.453125,2.1387765407562256,336000
1979-11-23,2.453125,2.453125,2.4375,2.453125,2.1387765407562256,105600
1979-11-26,2.453125,2.539062976837158,2.453125,2.539062976837158,2.2137017250061035,545600
1979-11-27,2.539062976837158,2.5625,2.476562976837158,2.5625,2.2341361045837402,1068800
1979-11-28,2.5625,2.59375,2.507812976837158,2.59375,2.2613813877105713,945600
1979-11-29,2.59375,2.601562976837158,2.546875,2.546875,2.220512866973877,358400
1979-11-30,2.546875,2.78125,2.546875,2.6875,2.3431179523468018,1912000
1979-12-03,2.6875,2.726562976837158,2.65625,2.710937976837158,2.363553762435913,1342400
1979-12-04,2.710937976837158,2.773437976837158,2.703125,2.703125,2.356741428375244,432000
1979-12-05,2.703125,2.726562976837158,2.671875,2.703125,2.356741428375244,339200
1979-12-06,2.703125,2.710937976837158,2.671875,2.671875,2.3294949531555176,224000
1979-12-07,2.671875,2.671875,2.546875,2.609375,2.2750048637390137,291200
1979-12-10,2.609375,2.632812976837158,2.578125,2.609375,2.2750048637390137,339200
1979-12-11,2.632812976837158,2.703125,2.632812976837158,2.679687976837158,2.3363075256347656,547200
1979-12-12,2.6875,2.773437976837158,2.6875,2.703125,2.356741428375244,625600
1979-12-13,2.703125,2.859375,2.6875,2.84375,2.47934627532959,355200
1979-12-14,2.882812976837158,3.0,2.882812976837158,3.0,2.6155734062194824,516800
1979-12-17,3.0,3.140625,2.976562976837158,3.140625,2.7381794452667236,435200
1979-12-18,3.140625,3.15625,3.0625,3.078125,2.683688163757324,673600
1979-12-19,3.078125,3.078125,3.039062976837158,3.078125,2.683688163757324,756800
1979-12-20,3.078125,3.1875,3.046875,3.0625,2.67006516456604,416000
1979-12-21,3.070312976837158,3.09375,3.070312976837158,3.070312976837158,2.6768763065338135,216000
1979-12-24,3.0625,3.0625,3.046875,3.0625,2.67006516456604,96000
1979-12-26,3.0625,3.0625,3.039062976837158,3.046875,2.656442642211914,369600
1979-12-27,3.046875,3.0625,3.007812976837158,3.007812976837158,2.622386932373047,136000
1979-12-28,3.0,3.0,2.90625,2.921875,2.5474588871002197,209600
1979-12-31,2.921875,2.9375,2.898437976837158,2.90625,2.5338375568389893,161600
1980-01-02,2.773437976837158,2.914062976837158,2.773437976837158,2.8125,2.452100992202759,369600
1980-01-03,2.8125,2.875,2.726562976837158,2.875,2.506591796875,1006400
1980-01-04,2.882812976837158,3.078125,2.882812976837158,3.046875,2.656442642211914,963200
1980-01-07,3.0625,3.109375,3.0625,3.078125,2.683688163757324,390400
1980-01-08,3.078125,3.1875,3.0625,3.1875,2.779047966003418,548800
1980-01-09,3.21875,3.429687976837158,3.21875,3.335937976837158,2.9084651470184326,979200
1980-01-10,3.335937976837158,3.421875,3.3125,3.367187976837158,2.9357094764709473,353600
1980-01-11,3.367187976837158,3.40625,3.28125,3.28125,2.8607845306396484,259200
1980-01-14,3.28125,3.5,3.234375,3.46875,3.0242578983306885,262400
1980-01-15,3.46875,3.515625,3.390625,3.390625,2.9561445713043213,201600
1980-01-16,3.375,3.375,3.25,3.25,2.8335392475128174,212800
1980-01-17,3.25,3.304687976837158,3.203125,3.273437976837158,2.853973627090454,438400
1980-01-18,3.273437976837158,3.421875,3.257812976837158,3.390625,2.9561445713043213,512000
1980-01-21,3.40625,3.460937976837158,3.40625,3.429687976837158,2.990201234817505,235200
1980-01-22,3.429687976837158,3.4375,3.390625,3.40625,2.969766855239868,123200
1980-01-23,3.40625,3.5625,3.40625,3.5625,3.105994462966919,776000
1980-01-24,3.609375,3.734375,3.609375,3.6875,3.2149758338928223,716800
1980-01-25,3.6875,3.71875,3.65625,3.710937976837158,3.2354116439819336,235200
1980-01-28,3.710937976837158,3.765625,3.6875,3.710937976837158,3.2354116439819336,2536000
1980-01-29,3.710937976837158,3.71875,3.671875,3.6875,3.2149758338928223,284800
1980-01-30,3.6875,3.695312976837158,3.6875,3.695312976837158,3.2217888832092285,2102400
1980-01-31,3.703125,3.757812976837158,3.703125,3.726562976837158,3.2490336894989014,2291200
1980-02-01,3.726562976837158,3.796875,3.671875,3.796875,3.3103363513946533,884800
1980-02-04,3.796875,3.914062976837158,3.734375,3.875,3.3784501552581787,1145600
1980-02-05,3.875,4.09375,3.859375,4.03125,3.514676570892334,780800
1980-02-06,4.03125,4.09375,3.820312976837158,3.859375,3.3648271560668945,1075200
1980-02-07,3.859375,3.90625,3.84375,3.84375,3.3512048721313477,1518400
1980-02-08,3.859375,3.898437976837158,3.859375,3.875,3.3784501552581787,443200
1980-02-11,3.875,3.875,3.664062976837158,3.734375,3.255845069885254,1051200
1980-02-12,3.734375,3.765625,3.671875,3.6875,3.2149758338928223,484800
1980-02-13,3.6875,3.710937976837158,3.664062976837158,3.671875,3.2013540267944336,433600
1980-02-14,3.671875,3.679687976837158,3.476562976837158,3.476562976837158,3.0310704708099365,961600
1980-02-15,3.476562976837158,3.5,3.359375,3.5,3.0515036582946777,1323200
1980-02-19,3.5,3.53125,3.375,3.40625,2.969766855239868,705600
1980-02-20,3.4375,3.5625,3.4375,3.5625,3.105994462966919,608000
1980-02-21,3.5625,3.609375,3.453125,3.46875,3.0242578983306885,320000
1980-02-22,3.46875,3.46875,3.390625,3.421875,2.9833898544311523,633600
1980-02-25,3.421875,3.429687976837158,3.3125,3.328125,2.9016530513763428,422400
1980-02-26,3.328125,3.367187976837158,3.320312976837158,3.34375,2.9152753353118896,492800
1980-02-27,3.34375,3.40625,3.34375,3.390625,2.9561445713043213,668800
1980-02-28,3.390625,3.617187976837158,3.390625,3.601562976837158,3.1400527954101562,513600
1980-02-29,3.625,3.75,3.625,3.671875,3.2013540267944336,950400
1980-03-03,3.671875,3.71875,3.578125,3.59375,3.1332387924194336,208000
1980-03-04,3.5625,3.5625,3.445312976837158,3.5,3.0515036582946777,419200
1980-03-05,3.484375,3.484375,3.375,3.375,2.942521333694458,145600
1980-03-06,3.375,3.40625,3.265625,3.328125,2.9016530513763428,627200
1980-03-07,3.328125,3.4375,3.226562976837158,3.328125,2.9016530513763428,731200
1980-03-10,3.351562976837158,3.429687976837158,3.351562976837158,3.375,2.942521333694458,280000
1980-03-11,3.421875,3.507812976837158,3.421875,3.453125,3.010634422302246,572800
1980-03-12,3.453125,3.460937976837158,3.296875,3.328125,2.9016530513763428,737600
1980-03-13,3.335937976837158,3.40625,3.335937976837158,3.359375,2.928898572921753,252800
1980-03-14,3.359375,3.375,3.328125,3.328125,2.9016530513763428,185600
1980-03-17,3.328125,3.328125,3.1875,3.1875,2.779047966003418,563200
1980-03-18,3.1875,3.234375,3.125,3.1875,2.779047966003418,464000
1980-03-19,3.1875,3.273437976837158,3.1875,3.234375,2.819915771484375,464000
1980-03-20,3.234375,3.234375,3.101562976837158,3.101562976837158,2.70412278175354,1830400
1980-03-21,3.101562976837158,3.148437976837158,3.09375,3.109375,2.710932731628418,524800
1980-03-24,3.09375,3.09375,2.890625,2.921875,2.5474588871002197,977600
1980-03-25,2.921875,2.960937976837158,2.765625,2.773437976837158,2.418044328689575,1350400
1980-03-26,2.78125,2.898437976837158,2.78125,2.789062976837158,2.431666374206543,680000
1980-03-27,2.757812976837158,2.757812976837158,2.5,2.671875,2.3294949531555176,4987200
1980-03-28,2.710937976837158,2.875,2.710937976837158,2.875,2.506591796875,1489600
1980-03-31,2.890625,3.015625,2.890625,2.953125,2.574704647064209,1297600
1980-04-01,2.953125,3.078125,2.921875,3.03125,2.642820358276367,740800
1980-04-02,3.03125,3.148437976837158,3.03125,3.085937976837158,2.690500259399414,648000
1980-04-03,3.085937976837158,3.09375,3.03125,3.078125,2.683688163757324,1417600
1980-04-07,3.070312976837158,3.070312976837158,2.96875,2.984375,2.6019508838653564,683200
1980-04-08,2.984375,3.039062976837158,2.953125,3.03125,2.642820358276367,430400
1980-04-09,3.0625,3.101562976837158,3.0625,3.085937976837158,2.690500259399414,328000
1980-04-10,3.09375,3.148437976837158,3.09375,3.148437976837158,2.7449917793273926,252800
1980-04-11,3.148437976837158,3.15625,3.109375,3.125,2.7245566844940186,512000
1980-04-14,3.115233898162842,3.115233898162842,3.046875,3.046875,2.656442642211914,316800
1980-04-15,3.046875,3.085937976837158,3.046875,3.0625,2.67006516456604,235200
1980-04-16,3.0625,3.109375,2.992187976837158,2.992187976837158,2.608764410018921,579200
1980-04-17,2.992187976837158,3.007812976837158,2.875,2.945312976837158,2.56789493560791,376000
1980-04-18,2.945312976837158,2.96875,2.820312976837158,2.820312976837158,2.4589128494262695,523200
1980-04-21,2.820312976837158,2.84375,2.75,2.757812976837158,2.4044220447540283,689600
1980-04-22,2.882812976837158,2.960937976837158,2.882812976837158,2.953125,2.574704647064209,752000
1980-04-23,2.984375,3.0625,2.984375,3.039062976837158,2.649632453918457,740800
1980-04-24,3.039062976837158,3.0625,3.0,3.0,2.6155734062194824,348800
1980-04-25,2.992187976837158,2.992187976837158,2.875,2.921875,2.5474588871002197,1702400
1980-04-28,2.921875,2.929687976837158,2.59375,2.609375,2.2750048637390137,2836800
1980-04-29,2.609375,2.734375,2.609375,2.609375,2.2750048637390137,2430400
1980-04-30,2.59375,2.59375,2.429687976837158,2.554687976837158,2.227325916290283,934400
1980-05-01,2.546875,2.546875,2.476562976837158,2.507812976837158,2.1864571571350098,841600
1980-05-02,2.507812976837158,2.640625,2.507812976837158,2.59375,2.2613813877105713,320000
1980-05-05,2.59375,2.59375,2.515625,2.523437976837158,2.2000792026519775,492800
1980-05-06,2.523437976837158,2.523437976837158,2.476562976837158,2.5,2.1796441078186035,571200
1980-05-07,2.5,2.671875,2.476562976837158,2.671875,2.3294949531555176,1416000
1980-05-08,2.671875,2.6875,2.5625,2.5625,2.2341361045837402,492800
1980-05-09,2.5625,2.585937976837158,2.546875,2.578125,2.2477591037750244,94400
1980-05-12,2.578125,2.640625,2.546875,2.625,2.2886269092559814,147200
1980-05-13,2.625,2.648437976837158,2.625,2.640625,2.3022501468658447,169600
1980-05-14,2.640625,2.742187976837158,2.640625,2.71875,2.3703644275665283,1030400
1980-05-15,2.71875,2.726562976837158,2.640625,2.671875,2.3294949531555176,264000
1980-05-16,2.671875,2.742187976837158,2.671875,2.734375,2.3839869499206543,190400
1980-05-19,2.734375,2.773437976837158,2.726562976837158,2.75,2.3976094722747803,168000
1980-05-20,2.78125,2.84375,2.78125,2.8125,2.452100992202759,491200
1980-05-21,2.828125,2.851562976837158,2.828125,2.84375,2.47934627532959,896000
1980-05-22,2.867187976837158,2.890625,2.867187976837158,2.890625,2.5202159881591797,264000
1980-05-23,2.890625,2.90625,2.851562976837158,2.875,2.506591796875,686400
1980-05-27,2.859375,2.859375,2.796875,2.8125,2.452100992202759,398400
1980-05-28,2.820312976837158,2.890625,2.820312976837158,2.875,2.506591796875,281600
1980-05-29,2.875,2.882812976837158,2.8125,2.8125,2.452100992202759,636800
1980-05-30,2.789062976837158,2.789062976837158,2.742187976837158,2.789062976837158,2.431666374206543,190400
1980-06-02,2.796875,2.890625,2.796875,2.859375,2.492969274520874,297600
1980-06-03,2.859375,2.867187976837158,2.828125,2.84375,2.47934627532959,113600
1980-06-04,2.84375,2.898437976837158,2.8125,2.8125,2.452100992202759,2425600
1980-06-05,2.804687976837158,2.804687976837158,2.671875,2.6875,2.3431179523468018,534400
1980-06-06,2.6875,2.703125,2.625,2.703125,2.356741428375244,1411200
1980-06-09,2.703125,2.742187976837158,2.695312976837158,2.703125,2.356741428375244,364800
1980-06-10,2.703125,2.84375,2.695312976837158,2.828125,2.4657230377197266,846400
1980-06-11,2.828125,2.96875,2.8125,2.96875,2.5883281230926514,592000
1980-06-12,2.96875,3.023437976837158,2.875,2.90625,2.5338375568389893,636800
1980-06-13,2.90625,2.96875,2.890625,2.96875,2.5883281230926514,164800
1980-06-16,2.953125,2.953125,2.882812976837158,2.898437976837158,2.527026891708374,171200
1980-06-17,2.914062976837158,2.960937976837158,2.914062976837158,2.921875,2.5474588871002197,284800
1980-06-18,2.921875,2.929687976837158,2.890625,2.914062976837158,2.5406501293182373,171200
1980-06-19,2.914062976837158,2.953125,2.890625,2.890625,2.5202159881591797,160000
1980-06-20,2.875,2.875,2.851562976837158,2.875,2.506591796875,160000
1980-06-23,2.875,2.890625,2.859375,2.859375,2.492969274520874,59200
1980-06-24,2.859375,2.890625,2.84375,2.851562976837158,2.4861574172973633,176000
1980-06-25,2.851562976837158,2.875,2.820312976837158,2.875,2.506591796875,152000
1980-06-26,2.914062976837158,2.960937976837158,2.914062976837158,2.914062976837158,2.5406501293182373,217600
1980-06-27,2.914062976837158,2.914062976837158,2.882812976837158,2.90625,2.5338375568389893,81600
1980-06-30,2.890625,2.890625,2.828125,2.875,2.506591796875,244800
1980-07-01,2.84375,2.84375,2.664062976837158,2.679687976837158,2.3363075256347656,1153600
1980-07-02,2.679687976837158,2.6875,2.59375,2.617187976837158,2.2818169593811035,1195200
1980-07-03,2.617187976837158,2.710937976837158,2.609375,2.703125,2.356741428375244,774400
1980-07-07,2.703125,2.71875,2.6875,2.710937976837158,2.363553762435913,635200
1980-07-08,2.710937976837158,2.796875,2.703125,2.703125,2.356741428375244,412800
1980-07-09,2.726562976837158,2.773437976837158,2.726562976837158,2.742187976837158,2.390798807144165,542400
1980-07-10,2.75,2.804687976837158,2.75,2.75,2.3976094722747803,164800
1980-07-11,2.75,2.8125,2.75,2.8125,2.452100992202759,662400
1980-07-14,2.84375,2.984375,2.84375,2.984375,2.6019508838653564,1001600
1980-07-15,2.984375,3.03125,2.890625,2.890625,2.5202159881591797,616000
1980-07-16,2.890625,2.96875,2.851562976837158,2.890625,2.5202159881591797,313600
1980-07-17,2.890625,3.0,2.890625,3.0,2.6155734062194824,435200
1980-07-18,3.0,3.148437976837158,3.0,3.101562976837158,2.70412278175354,1016000
1980-07-21,3.101562976837158,3.101562976837158,3.0625,3.0625,2.67006516456604,656000
1980-07-22,3.140625,3.226562976837158,3.140625,3.140625,2.7381794452667236,529600
1980-07-23,3.140625,3.15625,3.09375,3.09375,2.697310209274292,328000
1980-07-24,3.09375,3.109375,3.0625,3.078125,2.683688163757324,604800
1980-07-25,3.078125,3.085937976837158,3.0625,3.0625,2.67006516456604,80000
1980-07-28,3.070312976837158,3.140625,3.070312976837158,3.140625,2.7381794452667236,185600
1980-07-29,3.171875,3.390625,3.171875,3.390625,2.9561445713043213,390400
1980-07-30,3.390625,3.53125,3.390625,3.46875,3.0242578983306885,1004800
1980-07-31,3.46875,3.46875,3.28125,3.375,2.942521333694458,443200
1980-08-01,3.375,3.414062976837158,3.335937976837158,3.335937976837158,2.9084651470184326,516800
1980-08-04,3.335937976837158,3.351562976837158,3.289062976837158,3.320312976837158,2.8948423862457275,128000
1980-08-05,3.320312976837158,3.351562976837158,3.273437976837158,3.273437976837158,2.853973627090454,168000
1980-08-06,3.273437976837158,3.273437976837158,3.1875,3.242187976837158,2.8267273902893066,318400
1980-08-07,3.242187976837158,3.3125,3.234375,3.3125,2.8880302906036377,1016000
1980-08-08,3.3125,3.390625,3.3125,3.328125,2.9016530513763428,648000
1980-08-11,3.328125,3.398437976837158,3.320312976837158,3.382812976837158,2.9493327140808105,547200
1980-08-12,3.382812976837158,3.5,3.382812976837158,3.421875,2.9833898544311523,304000
1980-08-13,3.421875,3.476562976837158,3.414062976837158,3.4375,2.997011184692383,113600
1980-08-14,3.4375,3.484375,3.421875,3.484375,3.037879467010498,89600
1980-08-15,3.484375,3.515625,3.46875,3.492187976837158,3.0446925163269043,377600
1980-08-18,3.492187976837158,3.492187976837158,3.390625,3.421875,2.9833898544311523,323200
1980-08-19,3.40625,3.40625,3.328125,3.34375,2.9152753353118896,262400
1980-08-20,3.328125,3.328125,3.21875,3.296875,2.874408006668091,564800
1980-08-21,3.328125,3.546875,3.328125,3.546875,3.092372417449951,574400
1980-08-22,3.609375,3.703125,3.609375,3.65625,3.187729835510254,769600
1980-08-25,3.65625,3.703125,3.632812976837158,3.632812976837158,3.167297124862671,220800
1980-08-26,3.632812976837158,3.640625,3.601562976837158,3.609375,3.146862506866455,497600
1980-08-27,3.59375,3.59375,3.546875,3.546875,3.092372417449951,764800
1980-08-28,3.546875,3.554687976837158,3.507812976837158,3.515625,3.0651259422302246,318400
1980-08-29,3.515625,3.59375,3.515625,3.578125,3.119617462158203,440000
1980-09-02,3.578125,3.625,3.539062976837158,3.625,3.160485029220581,545600
1980-09-03,3.625,3.765625,3.625,3.734375,3.255845069885254,636800
1980-09-04,3.75,3.90625,3.75,3.8125,3.323958158493042,844800
1980-09-05,3.8125,3.867187976837158,3.78125,3.78125,3.29671311378479,1038400
1980-09-08,3.78125,3.796875,3.757812976837158,3.757812976837158,3.276279926300049,102400
1980-09-09,3.757812976837158,3.90625,3.71875,3.90625,3.4056966304779053,988800
1980-09-10,3.921875,4.125,3.921875,4.109375,3.5827910900115967,1088000
1980-09-11,4.109375,4.414062976837158,4.09375,4.328125,3.7735114097595215,1120000
1980-09-12,4.328125,4.375,4.3125,4.328125,3.7735114097595215,587200
1980-09-15,4.328125,4.390625,4.273437976837158,4.390625,3.8280017375946045,398400
1980-09-16,4.390625,4.546875,4.390625,4.5,3.9233620166778564,363200
1980-09-17,4.5,4.625,4.476562976837158,4.617187976837158,4.025533676147461,504000
1980-09-18,4.617187976837158,4.765625,4.5625,4.5625,3.9778521060943604,432000
1980-09-19,4.5625,4.6875,4.46875,4.679687976837158,4.080022811889648,462400
1980-09-22,4.679687976837158,4.703125,4.578125,4.679687976837158,4.080022811889648,339200
1980-09-23,4.65625,4.65625,4.296875,4.296875,3.746264696121216,668800
1980-09-24,4.296875,4.40625,4.0,4.390625,3.8280017375946045,1353600
1980-09-25,4.390625,4.4375,4.28125,4.28125,3.732642889022827,696000
1980-09-26,4.273437976837158,4.273437976837158,4.234375,4.257812976837158,3.712209463119507,1590400
1980-09-29,4.25,4.25,4.03125,4.046875,3.5283000469207764,2523200
1980-09-30,4.09375,4.203125,4.09375,4.148437976837158,3.616848945617676,1102400
1980-10-01,4.148437976837158,4.1875,4.125,4.171875,3.63728404045105,492800
1980-10-02,4.210937976837158,4.34375,4.210937976837158,4.335937976837158,3.7803213596343994,648000
1980-10-03,4.46875,4.617187976837158,4.46875,4.5625,3.9778521060943604,1542400
1980-10-06,4.570312976837158,4.890625,4.570312976837158,4.890625,4.263932704925537,526400
1980-10-07,4.890625,4.953125,4.859375,4.859375,4.2366862297058105,764800
1980-10-08,4.859375,5.078125,4.859375,5.0,4.359288215637207,833600
1980-10-09,5.0,5.023437976837158,4.8125,4.875,4.250308990478516,780800
1980-10-10,4.859375,4.859375,4.75,4.78125,4.1685709953308105,262400
1980-10-13,4.789062976837158,4.953125,4.789062976837158,4.929687976837158,4.2979888916015625,150400
1980-10-14,4.929687976837158,4.984375,4.84375,4.84375,4.223062038421631,182400
1980-10-15,4.84375,5.0,4.84375,4.921875,4.291178226470947,308800
1980-10-16,4.921875,4.953125,4.71875,4.734375,4.127702236175537,448000
1980-10-17,4.71875,4.71875,4.59375,4.703125,4.100457668304443,475200
1980-10-20,4.6875,4.6875,4.625,4.640625,4.045966625213623,203200
1980-10-21,4.640625,4.742187976837158,4.609375,4.625,4.032342433929443,411200
1980-10-22,4.625,4.75,4.617187976837158,4.75,4.141324520111084,152000
1980-10-23,4.742187976837158,4.742187976837158,4.648437976837158,4.65625,4.059588432312012,153600
1980-10-24,4.65625,4.6875,4.640625,4.664062976837158,4.066401958465576,112000
1980-10-27,4.640625,4.640625,4.523437976837158,4.546875,3.9642300605773926,568000
1980-10-28,4.546875,4.609375,4.523437976837158,4.609375,4.018722057342529,820800
1980-10-29,4.640625,4.703125,4.640625,4.679687976837158,4.080022811889648,168000
1980-10-30,4.679687976837158,4.703125,4.664062976837158,4.671875,4.073212623596191,150400
1980-10-31,4.671875,4.6875,4.546875,4.6875,4.086833953857422,249600
1980-11-03,5.046875,5.046875,4.75,4.921875,4.291178226470947,276800
1980-11-05,5.28125,5.46875,5.28125,5.359375,4.672614097595215,1028000
1980-11-06,5.359375,5.578125,5.359375,5.5,4.7952189445495605,1112000
1980-11-07,5.5,5.6875,5.40625,5.53125,4.822463512420654,1245600
1980-11-10,5.53125,5.5625,5.375,5.4375,4.740728855133057,428000
1980-11-11,5.46875,5.59375,5.46875,5.5,4.7952189445495605,445600
1980-11-12,5.53125,5.84375,5.53125,5.78125,5.040431976318359,663200
1980-11-13,5.78125,5.84375,5.625,5.734375,4.9995622634887695,396000
1980-11-14,5.734375,5.90625,5.734375,5.8125,5.0676751136779785,463200
1980-11-17,5.8125,5.875,5.734375,5.875,5.122166156768799,226400
1980-11-18,5.96875,6.09375,5.96875,6.015625,5.244772911071777,280800
1980-11-19,6.015625,6.015625,5.78125,5.78125,5.040431976318359,128800
1980-11-20,5.765625,5.765625,5.65625,5.734375,4.9995622634887695,204800
1980-11-21,5.734375,5.8125,5.5625,5.65625,4.931446075439453,283200
1980-11-24,5.578125,5.578125,5.40625,5.53125,4.822463512420654,764800
1980-11-25,5.53125,5.625,5.484375,5.59375,4.876956462860107,312000
1980-11-26,5.59375,5.625,5.5,5.546875,4.836088180541992,436000
1980-11-28,5.546875,5.546875,5.5,5.515625,4.808843612670898,161600
1980-12-01,5.453125,5.453125,5.3125,5.328125,4.6453680992126465,342400
1980-12-02,5.328125,5.359375,5.1875,5.3125,4.631746292114258,443200
1980-12-03,5.3125,5.4375,5.28125,5.359375,4.672614097595215,206400
1980-12-04,5.328125,5.328125,5.28125,5.28125,4.6045002937316895,72800
1980-12-05,5.25,5.25,5.15625,5.1875,4.522762775421143,128800
1980-12-08,5.140625,5.140625,4.90625,4.9375,4.304800510406494,597600
1980-12-09,4.9375,4.984375,4.734375,4.8125,4.195817947387695,531200
1980-12-10,4.8125,4.9375,4.75,4.75,4.141324520111084,268000
1980-12-11,4.75,4.875,4.71875,4.875,4.250308990478516,297600
1980-12-12,4.96875,5.0625,4.96875,4.96875,4.332045555114746,312800
1980-12-15,4.96875,4.96875,4.828125,4.921875,4.291178226470947,106400
1980-12-16,4.890625,4.890625,4.75,4.828125,4.209441184997559,365600
1980-12-17,4.890625,5.1875,4.890625,5.1875,4.522762775421143,320800
1980-12-18,5.21875,5.375,5.21875,5.25,4.577253818511963,528800
1980-12-19,5.25,5.328125,5.234375,5.3125,4.631746292114258,187200
1980-12-22,5.328125,5.46875,5.328125,5.46875,4.767973899841309,216800
1980-12-23,5.4375,5.4375,5.3125,5.3125,4.631746292114258,100000
1980-12-24,5.3125,5.328125,5.21875,5.28125,4.6045002937316895,139200
1980-12-26,5.28125,5.3125,5.25,5.3125,4.631746292114258,33600
1980-12-29,5.3125,5.421875,5.3125,5.328125,4.6453680992126465,147200
1980-12-30,5.328125,5.375,5.28125,5.34375,4.658989906311035,77600
1980-12-31,5.34375,5.53125,5.34375,5.53125,4.822463512420654,131200
1981-01-02,5.53125,5.671875,5.46875,5.671875,4.945068359375,243200
1981-01-05,5.671875,5.90625,5.671875,5.78125,5.040431976318359,247200
1981-01-06,5.78125,5.90625,5.5,5.5,4.7952189445495605,361600
1981-01-07,5.25,5.25,5.0625,5.1875,4.522762775421143,711200
1981-01-08,5.1875,5.28125,5.15625,5.171875,4.509137153625488,423200
1981-01-09,5.171875,5.5,5.15625,5.28125,4.6045002937316895,239200
1981-01-12,5.296875,5.40625,5.296875,5.3125,4.631746292114258,174400
1981-01-13,5.3125,5.34375,5.265625,5.265625,4.590877056121826,62400
1981-01-14,5.265625,5.28125,5.1875,5.1875,4.522762775421143,176800
1981-01-15,5.1875,5.21875,5.171875,5.21875,4.550009727478027,68000
1981-01-16,5.234375,5.578125,5.234375,5.578125,4.8633317947387695,273600
1981-01-19,5.578125,5.71875,5.578125,5.625,4.904201984405518,220800
1981-01-20,5.625,5.65625,5.625,5.625,4.904201984405518,260800
1981-01-21,5.625,5.625,5.625,5.625,4.904201984405518,2020800
1981-01-22,5.625,5.625,5.421875,5.53125,4.822463512420654,719200
1981-01-23,5.53125,5.5625,5.5,5.5625,4.8497114181518555,164800
1981-01-26,5.5625,5.5625,5.5,5.5625,4.8497114181518555,896800
1981-01-27,5.578125,5.6875,5.578125,5.6875,4.95869255065918,384800
1981-01-28,5.6875,5.71875,5.65625,5.65625,4.931446075439453,439200
1981-01-29,5.625,5.625,5.5625,5.59375,4.876956462860107,381600
1981-01-30,5.578125,5.578125,5.34375,5.34375,4.658989906311035,132800
1981-02-02,5.3125,5.3125,5.140625,5.25,4.577253818511963,310400
1981-02-03,5.25,5.3125,5.15625,5.3125,4.631746292114258,227200
1981-02-04,5.3125,5.375,5.3125,5.34375,4.658989906311035,248800
1981-02-05,5.375,5.53125,5.375,5.5,4.7952189445495605,199200
1981-02-06,5.5,5.515625,5.4375,5.46875,4.767973899841309,86400
1981-02-09,5.46875,5.5,5.3125,5.328125,4.6453680992126465,112000
1981-02-10,5.328125,5.40625,5.328125,5.359375,4.672614097595215,94400
1981-02-11,5.359375,5.375,5.28125,5.296875,4.618123531341553,160000
1981-02-12,5.296875,5.359375,5.28125,5.3125,4.631746292114258,165600
1981-02-13,5.3125,5.34375,5.296875,5.34375,4.658989906311035,59200
1981-02-17,5.328125,5.328125,5.265625,5.296875,4.618123531341553,76800
1981-02-18,5.28125,5.28125,5.234375,5.25,4.577253818511963,134400
1981-02-19,5.25,5.265625,5.171875,5.171875,4.509137153625488,278400
1981-02-20,5.171875,5.1875,5.15625,5.171875,4.509137153625488,420000
1981-02-23,5.171875,5.234375,5.15625,5.234375,4.563633441925049,152000
1981-02-24,5.28125,5.40625,5.28125,5.3125,4.631746292114258,233600
1981-02-25,5.3125,5.328125,5.203125,5.3125,4.631746292114258,253600
1981-02-26,5.375,5.65625,5.375,5.609375,4.8905768394470215,456000
1981-02-27,5.609375,5.6875,5.53125,5.53125,4.822463512420654,418400
1981-03-02,5.53125,5.640625,5.5,5.5625,4.8497114181518555,328800
1981-03-03,5.5625,5.609375,5.5,5.53125,4.822463512420654,189600
1981-03-04,5.53125,5.640625,5.5,5.578125,4.8633317947387695,659200
1981-03-05,5.578125,5.640625,5.578125,5.625,4.904201984405518,252000
1981-03-06,5.625,5.734375,5.609375,5.734375,4.9995622634887695,180800
1981-03-09,5.828125,5.9375,5.828125,5.890625,5.135789394378662,366400
1981-03-10,6.0,6.234375,6.0,6.0625,5.285640716552734,1008000
1981-03-11,6.0625,6.109375,5.96875,6.109375,5.326508045196533,387200
1981-03-12,6.125,6.46875,6.125,6.4375,5.61258602142334,921600
1981-03-13,6.4375,6.546875,6.375,6.4375,5.61258602142334,467200
1981-03-16,6.4375,6.5,6.359375,6.5,5.667078495025635,200000
1981-03-17,6.5,6.609375,6.390625,6.5,5.667078495025635,331200
1981-03-18,6.5,7.015625,6.5,6.921875,6.034892559051514,994400
1981-03-19,6.890625,6.890625,6.8125,6.875,5.994022369384766,702400
1981-03-20,6.875,6.96875,6.8125,6.9375,6.048515796661377,282400
1981-03-23,6.9375,7.359375,6.9375,7.359375,6.416330814361572,483200
1981-03-24,7.359375,7.421875,7.3125,7.34375,6.402708053588867,571200
1981-03-25,7.34375,7.46875,7.296875,7.4375,6.4844441413879395,606400
1981-03-26,7.4375,7.4375,7.1875,7.1875,6.266477584838867,494400
1981-03-27,7.140625,7.140625,7.0,7.015625,6.116629600524902,560000
1981-03-30,7.015625,7.125,6.96875,7.09375,6.184744834899902,504800
1981-03-31,7.15625,7.3125,7.15625,7.265625,6.334593296051025,828000
1981-04-01,7.265625,7.34375,7.21875,7.34375,6.402708053588867,398400
1981-04-02,7.390625,7.53125,7.390625,7.453125,6.498066425323486,760000
1981-04-03,7.453125,7.453125,7.375,7.40625,6.457196235656738,234400
1981-04-06,7.3125,7.3125,7.0625,7.28125,6.348215103149414,342400
1981-04-07,7.25,7.25,7.09375,7.09375,6.184744834899902,288800
1981-04-08,7.09375,7.1875,7.0,7.171875,6.252858638763428,133600
1981-04-09,7.171875,7.296875,7.15625,7.296875,6.36184024810791,330400
1981-04-10,7.296875,7.625,7.28125,7.625,6.647916316986084,588000
1981-04-13,7.625,7.828125,7.5,7.75,6.756900310516357,534400
1981-04-14,7.75,7.9375,7.75,7.796875,6.797765731811523,457600
1981-04-15,7.796875,8.0,7.75,7.96875,6.94761848449707,361600
1981-04-16,8.0,8.28125,8.0,8.21875,7.165582180023193,545600
1981-04-20,8.21875,8.71875,8.09375,8.703125,7.587889671325684,447200
1981-04-21,8.65625,8.65625,8.5,8.578125,7.478907585144043,460000
1981-04-22,8.53125,8.53125,8.1875,8.265625,7.2064528465271,724800
1981-04-23,8.265625,8.4375,8.203125,8.34375,7.2745680809021,276800
1981-04-24,8.34375,8.46875,8.25,8.453125,7.369926452636719,186400
1981-04-27,8.453125,8.46875,8.21875,8.25,7.1928300857543945,475200
1981-04-28,8.25,8.25,7.875,7.875,6.8658833503723145,968800
1981-04-29,7.859375,7.859375,7.65625,7.84375,6.8386359214782715,329600
1981-04-30,7.84375,7.9375,7.796875,7.84375,6.8386359214782715,227200
1981-05-01,7.84375,8.0,7.84375,7.90625,6.89312744140625,124800
1981-05-04,7.90625,8.0625,7.578125,7.671875,6.688783645629883,441600
1981-05-05,7.65625,7.65625,7.421875,7.4375,6.4844441413879395,443200
1981-05-06,7.4375,7.546875,7.4375,7.5,6.538934230804443,584800
1981-05-07,7.5,7.53125,7.46875,7.515625,6.5525593757629395,402400
1981-05-08,7.515625,7.53125,7.390625,7.421875,6.470822334289551,102400
1981-05-11,7.421875,7.4375,7.21875,7.21875,6.29372501373291,138400
1981-05-12,7.21875,7.21875,7.078125,7.203125,6.280104637145996,631200
1981-05-13,7.203125,7.46875,7.09375,7.40625,6.457196235656738,523200
1981-05-14,7.40625,7.484375,7.40625,7.46875,6.511690139770508,394400
1981-05-15,7.5,7.78125,7.5,7.78125,6.784148216247559,411200
1981-05-18,7.84375,8.09375,7.84375,8.046875,7.015732765197754,461600
1981-05-19,8.046875,8.046875,7.8125,7.8125,6.8113932609558105,279200
1981-05-20,7.84375,8.03125,7.84375,8.03125,7.002110958099365,232800
1981-05-21,8.03125,8.1875,7.9375,8.1875,7.138337135314941,295200
1981-05-22,8.28125,8.375,8.28125,8.359375,7.288186073303223,599200
1981-05-26,8.359375,8.796875,8.3125,8.75,7.628756999969482,316000
1981-05-27,8.75,8.75,8.53125,8.71875,7.6015119552612305,630400
1981-05-28,8.71875,8.78125,8.625,8.640625,7.533400058746338,387200
1981-05-29,8.640625,8.71875,8.5625,8.5625,7.465285778045654,240800
1981-06-01,8.5625,8.71875,8.21875,8.21875,7.165582180023193,367200
1981-06-02,8.21875,8.34375,8.0,8.03125,7.002110958099365,204000
1981-06-03,8.03125,8.25,7.90625,8.125,7.083847522735596,552000
1981-06-04,8.21875,8.4375,8.21875,8.375,7.301811218261719,2089600
1981-06-05,8.375,8.625,8.375,8.515625,7.424417972564697,606400
1981-06-08,8.515625,8.59375,8.5,8.53125,7.438040733337402,334400
1981-06-09,8.515625,8.515625,8.46875,8.5,7.410793781280518,547200
1981-06-10,8.5,8.59375,8.5,8.53125,7.438040733337402,242400
1981-06-11,8.53125,8.65625,8.515625,8.65625,7.547022819519043,362400
1981-06-12,8.65625,8.75,8.65625,8.75,7.628756999969482,479200
1981-06-15,8.875,9.03125,8.875,8.90625,7.764986991882324,481600
1981-06-16,8.890625,8.890625,8.625,8.625,7.519778728485107,393600
1981-06-17,8.625,8.625,8.34375,8.484375,7.397170066833496,734400
1981-06-18,8.484375,8.546875,8.46875,8.46875,7.383549690246582,524800
1981-06-19,8.375,8.375,8.25,8.328125,7.26094388961792,383200
1981-06-22,8.328125,8.4375,8.3125,8.3125,7.247321128845215,525600
1981-06-23,8.359375,8.421875,8.359375,8.421875,7.342677116394043,145600
1981-06-24,8.421875,8.4375,8.390625,8.421875,7.342677116394043,92000
1981-06-25,8.421875,8.4375,8.34375,8.359375,7.288186073303223,264000
1981-06-26,8.34375,8.34375,8.25,8.25,7.1928300857543945,47200
1981-06-29,8.25,8.28125,8.015625,8.015625,6.9884843826293945,465600
1981-06-30,8.0,8.0,7.6875,7.90625,6.89312744140625,375200
1981-07-01,7.90625,7.90625,7.78125,7.90625,6.89312744140625,384800
1981-07-02,7.890625,7.890625,7.75,7.859375,6.852260112762451,327200
1981-07-06,7.78125,7.78125,7.53125,7.5625,6.59342622756958,533600
1981-07-07,7.5625,7.625,7.1875,7.3125,6.375459671020508,1483200
1981-07-08,7.3125,7.359375,6.96875,7.28125,6.348215103149414,639200
1981-07-09,7.28125,7.484375,7.25,7.484375,6.525312900543213,668800
1981-07-10,7.484375,7.625,7.453125,7.625,6.647916316986084,979200
1981-07-13,7.625,7.703125,7.5,7.5,6.538934230804443,296800
1981-07-14,7.5,7.515625,7.28125,7.4375,6.4844441413879395,308800
1981-07-15,7.484375,7.609375,7.484375,7.5625,6.59342622756958,479200
1981-07-16,7.5625,7.78125,7.5625,7.71875,6.729654312133789,397600
1981-07-17,7.75,7.96875,7.75,7.953125,6.933997631072998,533600
1981-07-20,7.953125,7.953125,7.75,7.78125,6.784148216247559,604800
1981-07-21,7.78125,7.796875,7.65625,7.71875,6.729654312133789,402400
1981-07-22,7.71875,7.78125,7.59375,7.609375,6.634296417236328,360000
1981-07-23,7.59375,7.59375,7.515625,7.515625,6.5525593757629395,232800
1981-07-24,7.5625,7.65625,7.5625,7.609375,6.634296417236328,253600
1981-07-27,7.609375,7.6875,7.578125,7.59375,6.620672702789307,242400
1981-07-28,7.53125,7.53125,7.359375,7.375,6.4299516677856445,292000
1981-07-29,7.375,7.375,7.328125,7.34375,6.402708053588867,248000
1981-07-30,7.34375,7.375,7.21875,7.25,6.320970058441162,489600
1981-07-31,7.25,7.28125,7.03125,7.25,6.320970058441162,1177600
1981-08-03,7.25,7.59375,7.25,7.59375,6.620672702789307,447200
1981-08-04,7.59375,7.65625,7.59375,7.65625,6.675163269042969,358400
1981-08-05,7.65625,7.96875,7.65625,7.96875,6.94761848449707,244800
1981-08-06,7.96875,8.0,7.9375,8.0,6.97486686706543,684000
1981-08-07,8.0,8.0,7.875,7.890625,6.8795037269592285,419200
1981-08-10,7.890625,7.890625,7.78125,7.890625,6.8795037269592285,127200
1981-08-11,7.90625,7.96875,7.90625,7.96875,6.94761848449707,360000
1981-08-12,7.96875,8.0,7.84375,7.84375,6.8386359214782715,188800
1981-08-13,7.84375,7.84375,7.65625,7.65625,6.675163269042969,167200
1981-08-14,7.71875,7.8125,7.71875,7.796875,6.797765731811523,172000
1981-08-17,7.78125,7.78125,7.6875,7.6875,6.702409744262695,300800
1981-08-18,7.6875,7.703125,7.46875,7.609375,6.634296417236328,618400
1981-08-19,7.609375,7.65625,7.59375,7.625,6.647916316986084,552000
1981-08-20,7.65625,7.84375,7.65625,7.8125,6.8113932609558105,245600
1981-08-21,7.8125,7.921875,7.8125,7.828125,6.825011253356934,130400
1981-08-24,7.796875,7.796875,7.46875,7.5,6.538934230804443,356000
1981-08-25,7.5,7.546875,7.4375,7.515625,6.5525593757629395,427200
1981-08-26,7.515625,7.5625,7.4375,7.53125,6.56618070602417,239200
1981-08-27,7.5,7.5,7.375,7.4375,6.4844441413879395,334400
1981-08-28,7.4375,7.53125,7.375,7.484375,6.525312900543213,292800
1981-08-31,7.484375,7.5,7.21875,7.234375,6.307348728179932,380000
1981-09-01,7.21875,7.21875,7.078125,7.15625,6.239234924316406,752800
1981-09-02,7.140625,7.140625,6.9375,7.0,6.1030073165893555,1000000
1981-09-03,7.0,7.015625,6.5625,6.578125,5.735191345214844,1164000
1981-09-04,6.578125,6.640625,6.46875,6.609375,5.7624359130859375,640800
1981-09-08,6.59375,6.59375,6.328125,6.421875,5.598965644836426,824800
1981-09-09,6.4375,6.734375,6.4375,6.5625,5.721569061279297,780000
1981-09-10,6.609375,6.71875,6.609375,6.625,5.776060581207275,700800
1981-09-11,6.625,6.671875,6.546875,6.625,5.776060581207275,768800
1981-09-14,6.59375,6.59375,6.4375,6.46875,5.63983154296875,308000
1981-09-15,6.53125,6.65625,6.53125,6.5625,5.721569061279297,901600
1981-09-16,6.5625,6.671875,6.46875,6.640625,5.789684295654297,724800
1981-09-17,6.640625,6.734375,6.515625,6.5625,5.721569061279297,988000
1981-09-18,6.5625,6.609375,6.5,6.53125,5.694324016571045,684000
1981-09-21,6.53125,6.5625,6.375,6.53125,5.694324016571045,612000
1981-09-22,6.53125,6.578125,6.375,6.375,5.558095932006836,385600
1981-09-23,6.296875,6.296875,6.125,6.25,5.449113368988037,1125600
1981-09-24,6.25,6.421875,6.1875,6.25,5.449113368988037,1240000
1981-09-25,6.25,6.25,6.03125,6.09375,5.312885284423828,772000
1981-09-28,6.09375,6.53125,5.953125,6.53125,5.694324016571045,1393600
1981-09-29,6.546875,6.796875,6.546875,6.625,5.776060581207275,1276000
1981-09-30,6.625,6.671875,6.5,6.640625,5.789684295654297,1096000
1981-10-01,6.640625,6.796875,6.59375,6.796875,5.925909996032715,1176800
1981-10-02,6.875,7.125,6.875,7.125,6.211988925933838,1621600
1981-10-05,7.125,7.25,6.9375,6.96875,6.075758934020996,1159200
1981-10-06,6.96875,7.125,6.90625,7.0,6.1030073165893555,905600
1981-10-07,7.046875,7.15625,7.046875,7.15625,6.239234924316406,2150400
1981-10-08,7.15625,7.484375,7.09375,7.484375,6.525312900543213,1583200
1981-10-09,7.484375,7.5625,7.375,7.421875,6.470822334289551,1850400
1981-10-12,7.421875,7.578125,7.421875,7.578125,6.607048034667969,776800
1981-10-13,7.578125,7.96875,7.5625,7.671875,6.688783645629883,1416000
1981-10-14,7.671875,7.671875,7.421875,7.4375,6.4844441413879395,1056000
1981-10-15,7.4375,7.609375,7.40625,7.546875,6.579802989959717,724000
1981-10-16,7.546875,7.75,7.53125,7.75,6.756900310516357,1023200
1981-10-19,7.75,8.09375,7.65625,8.0,6.97486686706543,1237600
1981-10-20,8.0,8.3125,7.921875,8.109375,7.070223808288574,1391200
1981-10-21,8.125,8.5,8.125,8.1875,7.138337135314941,1671200
1981-10-22,8.1875,8.3125,7.9375,8.03125,7.002110958099365,884800
1981-10-23,8.0,8.0,7.90625,7.96875,6.94761848449707,482400
1981-10-26,7.96875,8.375,7.9375,8.375,7.301811218261719,836000
1981-10-27,8.375,8.4375,8.234375,8.3125,7.247321128845215,1006400
1981-10-28,8.3125,8.328125,8.15625,8.15625,7.111091613769531,369600
1981-10-29,8.15625,8.1875,7.984375,8.0,6.97486686706543,512800
1981-10-30,8.0,8.25,8.0,8.21875,7.165582180023193,473600
1981-11-02,8.21875,8.375,8.1875,8.28125,7.220075607299805,734400
1981-11-03,8.28125,8.3125,8.078125,8.1875,7.138337135314941,2373600
1981-11-04,8.1875,8.234375,8.09375,8.09375,7.056600093841553,630400
1981-11-05,8.09375,8.125,7.8125,7.828125,6.825011253356934,504000
1981-11-06,7.828125,7.9375,7.78125,7.890625,6.8795037269592285,250400
1981-11-09,7.890625,8.03125,7.875,8.0,6.97486686706543,772800
1981-11-10,8.03125,8.203125,8.03125,8.03125,7.002110958099365,602400
1981-11-11,8.03125,8.125,7.984375,8.125,7.083847522735596,332800
1981-11-12,8.125,8.15625,7.9375,7.9375,6.920372486114502,394400
1981-11-13,7.9375,7.9375,7.5,7.53125,6.56618070602417,856000
1981-11-16,7.53125,7.53125,7.40625,7.4375,6.4844441413879395,993600
1981-11-17,7.4375,7.515625,7.328125,7.328125,6.38908576965332,875200
1981-11-18,7.328125,7.40625,7.3125,7.328125,6.38908576965332,458400
1981-11-19,7.328125,7.359375,7.15625,7.3125,6.375459671020508,2322400
1981-11-20,7.328125,7.5,7.328125,7.453125,6.498066425323486,740000
1981-11-23,7.453125,7.53125,7.4375,7.5,6.538934230804443,665600
1981-11-24,7.5,7.5625,7.453125,7.546875,6.579802989959717,677600
1981-11-25,7.515625,7.515625,7.28125,7.328125,6.38908576965332,1202400
1981-11-27,7.328125,7.46875,7.28125,7.421875,6.470822334289551,527200
1981-11-30,7.421875,7.53125,7.328125,7.515625,6.5525593757629395,604000
1981-12-01,7.515625,7.546875,7.4375,7.546875,6.579802989959717,604800
1981-12-02,7.53125,7.53125,7.40625,7.421875,6.470822334289551,604800
1981-12-03,7.40625,7.40625,7.3125,7.34375,6.402708053588867,496800
1981-12-04,7.34375,7.4375,7.171875,7.234375,6.307348728179932,445600
1981-12-07,7.21875,7.21875,6.96875,7.0,6.1030073165893555,798400
1981-12-08,7.0,7.125,6.96875,7.0,6.1030073165893555,620000
1981-12-09,7.0625,7.265625,7.0625,7.265625,6.334593296051025,568000
1981-12-10,7.265625,7.3125,7.1875,7.203125,6.280104637145996,784800
1981-12-11,7.1875,7.1875,7.125,7.125,6.211988925933838,514400
1981-12-14,7.09375,7.09375,7.0,7.046875,6.143875598907471,485600
1981-12-15,7.0625,7.140625,7.0625,7.140625,6.225609302520752,454400
1981-12-16,7.140625,7.203125,7.03125,7.0625,6.157497406005859,754400
1981-12-17,7.078125,7.375,7.078125,7.375,6.4299516677856445,1156800
1981-12-18,7.421875,7.875,7.421875,7.75,6.756900310516357,1432800
1981-12-21,7.75,8.109375,7.6875,8.109375,7.070223808288574,880000
1981-12-22,8.09375,8.09375,7.765625,7.765625,6.770521640777588,1264800
1981-12-23,7.765625,7.78125,7.640625,7.671875,6.688783645629883,476800
1981-12-24,7.671875,8.0,7.5625,8.0,6.97486686706543,642400
1981-12-28,8.0,8.0625,7.875,7.9375,6.920372486114502,468800
1981-12-29,7.9375,7.9375,7.75,7.75,6.756900310516357,292800
1981-12-30,7.75,7.921875,7.65625,7.8125,6.8113932609558105,956800
1981-12-31,7.8125,7.9375,7.8125,7.8125,6.8113932609558105,377600
1982-01-04,7.9375,8.046875,7.8125,7.984375,6.961239814758301,626400
1982-01-05,7.765625,7.953125,7.5625,7.625,6.647916316986084,915200
1982-01-06,7.546875,7.734375,7.34375,7.453125,6.498066425323486,928800
1982-01-07,7.453125,7.5625,7.328125,7.46875,6.511690139770508,880800
1982-01-08,7.59375,7.6875,7.5,7.546875,6.579802989959717,895200
1982-01-11,7.3125,7.5625,7.046875,7.078125,6.171121597290039,916000
1982-01-12,7.03125,7.203125,6.84375,7.03125,6.130251884460449,2596800
1982-01-13,6.984375,7.15625,6.8125,6.921875,6.034892559051514,944000
1982-01-14,7.0625,7.15625,6.953125,7.15625,6.239234924316406,680000
1982-01-15,7.328125,7.46875,7.171875,7.375,6.4299516677856445,1436800
1982-01-18,7.484375,7.734375,7.234375,7.6875,6.702409744262695,1750400
1982-01-19,7.484375,7.671875,7.296875,7.3125,6.375459671020508,1005600
1982-01-20,7.3125,7.375,7.234375,7.3125,6.375459671020508,1074400
1982-01-21,7.375,7.46875,7.265625,7.28125,6.348215103149414,1560800
1982-01-22,7.140625,7.28125,7.0,7.046875,6.143875598907471,1108000
1982-01-25,7.015625,7.15625,6.875,7.125,6.211988925933838,680800
1982-01-26,7.0625,7.15625,6.96875,6.984375,6.089384078979492,958400
1982-01-27,7.0625,7.1875,6.9375,7.1875,6.266477584838867,979200
1982-01-28,7.375,7.546875,7.1875,7.5,6.538934230804443,1463200
1982-01-29,7.6875,7.78125,7.59375,7.671875,6.688783645629883,1530400
1982-02-01,7.546875,7.609375,7.46875,7.515625,6.5525593757629395,1230400
1982-02-02,7.59375,7.65625,7.515625,7.53125,6.56618070602417,376000
1982-02-03,7.375,7.546875,7.203125,7.28125,6.348215103149414,1015200
1982-02-04,7.21875,7.34375,7.078125,7.28125,6.348215103149414,1556800
1982-02-05,7.359375,7.5,7.203125,7.375,6.4299516677856445,596000
1982-02-08,7.109375,7.296875,6.90625,6.9375,6.048515796661377,1024000
1982-02-09,6.90625,7.109375,6.6875,6.8125,5.939533710479736,2523200
1982-02-10,6.84375,6.984375,6.703125,6.8125,5.939533710479736,1996800
1982-02-11,6.65625,6.796875,6.5,6.609375,5.7624359130859375,2580000
1982-02-12,6.515625,6.671875,6.34375,6.390625,5.571719169616699,2874400
1982-02-16,6.46875,6.703125,6.234375,6.59375,5.748816013336182,2279200
1982-02-17,6.53125,6.671875,6.375,6.40625,5.5853400230407715,1632800
1982-02-18,6.515625,6.59375,6.4375,6.515625,5.680698871612549,1081600
1982-02-19,6.46875,6.546875,6.375,6.46875,5.63983154296875,564000
1982-02-22,6.421875,6.609375,6.234375,6.234375,5.435489654541016,1901600
1982-02-23,6.34375,6.46875,6.21875,6.28125,5.476358890533447,1516000
1982-02-24,6.453125,6.6875,6.21875,6.5625,5.721569061279297,2351200
1982-02-25,6.546875,6.671875,6.421875,6.484375,5.653453826904297,1334400
1982-02-26,6.5,6.578125,6.40625,6.4375,5.61258602142334,605600
1982-03-01,6.46875,6.546875,6.375,6.453125,5.626206874847412,1108000
1982-03-02,6.328125,6.484375,6.15625,6.171875,5.380999565124512,1871200
1982-03-03,6.03125,6.125,5.9375,6.0,5.231146812438965,2380800
1982-03-04,5.96875,6.09375,5.84375,5.9375,5.176656246185303,1751200
1982-03-05,5.859375,5.953125,5.75,5.8125,5.0676751136779785,1059200
1982-03-08,5.75,5.90625,5.59375,5.59375,4.876956462860107,2364800
1982-03-09,5.71875,5.90625,5.53125,5.78125,5.040431976318359,2127200
1982-03-10,5.890625,6.03125,5.75,5.859375,5.108543395996094,1939200
1982-03-11,5.796875,5.90625,5.6875,5.734375,4.9995622634887695,2196800
1982-03-12,5.703125,5.78125,5.625,5.78125,5.040431976318359,975200
1982-03-15,5.84375,5.96875,5.703125,5.953125,5.190279960632324,884000
1982-03-16,6.0,6.15625,5.84375,5.90625,5.149409294128418,3348800
1982-03-17,5.78125,5.90625,5.640625,5.78125,5.040431976318359,1919200
1982-03-18,5.921875,6.015625,5.8125,6.015625,5.244772911071777,1444800
1982-03-19,6.0625,6.15625,5.96875,6.03125,5.258394718170166,1054400
1982-03-22,6.265625,6.390625,6.125,6.34375,5.530848026275635,1837600
1982-03-23,6.46875,6.546875,6.375,6.484375,5.653453826904297,2372800
1982-03-24,6.421875,6.484375,6.34375,6.359375,5.544469833374023,1230400
1982-03-25,6.375,6.4375,6.296875,6.359375,5.544469833374023,1881600
1982-03-26,6.328125,6.359375,6.28125,6.296875,5.489982604980469,1875200
1982-03-29,6.359375,6.46875,6.25,6.46875,5.63983154296875,751200
1982-03-30,6.46875,6.5625,6.375,6.53125,5.694324016571045,1067200
1982-03-31,6.625,6.703125,6.546875,6.59375,5.748816013336182,1943200
1982-04-01,6.625,6.671875,6.578125,6.609375,5.7624359130859375,744800
1982-04-02,6.625,6.703125,6.53125,6.625,5.776060581207275,1164000
1982-04-05,6.578125,6.609375,6.53125,6.609375,5.7624359130859375,776000
1982-04-06,6.6875,6.828125,6.53125,6.796875,5.925909996032715,704800
1982-04-07,6.875,6.984375,6.765625,6.90625,6.021268844604492,1370400
1982-04-08,6.90625,6.953125,6.84375,6.875,5.994022369384766,525600
1982-04-12,6.765625,6.859375,6.671875,6.734375,5.871418476104736,665600
1982-04-13,6.75,6.828125,6.65625,6.703125,5.844174385070801,708800
1982-04-14,6.78125,6.859375,6.6875,6.859375,5.980401515960693,1088000
1982-04-15,6.828125,6.859375,6.78125,6.84375,5.966779708862305,1228000
1982-04-16,6.90625,6.984375,6.828125,6.90625,6.021268844604492,1456800
1982-04-19,6.984375,7.046875,6.90625,6.9375,6.048515796661377,1817600
1982-04-20,6.8125,6.90625,6.71875,6.765625,5.898664474487305,1184800
1982-04-21,6.71875,6.796875,6.625,6.71875,5.857797145843506,1444800
1982-04-22,6.75,6.8125,6.6875,6.6875,5.830550670623779,904000
1982-04-23,6.6875,6.75,6.625,6.65625,5.8033061027526855,2096800
1982-04-26,6.6875,6.75,6.625,6.734375,5.871418476104736,925600
1982-04-27,6.453125,6.6875,6.21875,6.3125,5.503602027893066,3636000
1982-04-28,6.234375,6.3125,6.15625,6.234375,5.435489654541016,2720800
1982-04-29,6.109375,6.203125,6.0,6.0,5.231146812438965,3393600
1982-04-30,6.015625,6.09375,5.9375,6.0,5.231146812438965,2300800
1982-05-03,5.96875,6.015625,5.921875,5.96875,5.203901767730713,2288000
1982-05-04,6.09375,6.15625,6.03125,6.125,5.34013032913208,2820000
1982-05-05,6.109375,6.171875,6.046875,6.125,5.34013032913208,1154400
1982-05-06,6.0,6.171875,5.828125,5.890625,5.135789394378662,1472000
1982-05-07,5.78125,5.859375,5.6875,5.71875,4.985938549041748,2701600
1982-05-10,5.578125,5.671875,5.484375,5.65625,4.931446075439453,1849600
1982-05-11,5.71875,5.8125,5.625,5.796875,5.054052829742432,2610400
1982-05-12,5.765625,5.8125,5.703125,5.8125,5.0676751136779785,2396000
1982-05-13,5.859375,5.921875,5.78125,5.828125,5.081299304962158,1432800
1982-05-14,5.828125,5.859375,5.796875,5.8125,5.0676751136779785,528800
1982-05-17,5.78125,5.828125,5.71875,5.734375,4.9995622634887695,631200
1982-05-18,5.765625,5.8125,5.703125,5.703125,4.97231388092041,1856800
1982-05-19,5.6875,5.75,5.609375,5.625,4.904201984405518,975200
1982-05-20,5.59375,5.65625,5.53125,5.625,4.904201984405518,1504800
1982-05-21,5.609375,5.65625,5.5625,5.59375,4.876956462860107,460000
1982-05-24,5.578125,5.609375,5.546875,5.5625,4.8497114181518555,1013600
1982-05-25,5.4375,5.609375,5.25,5.296875,4.618123531341553,195200
1982-05-26,5.234375,5.265625,5.1875,5.265625,4.590877056121826,2644000
1982-05-27,5.3125,5.359375,5.25,5.34375,4.658989906311035,843200
1982-05-28,5.34375,5.40625,5.28125,5.40625,4.713482856750488,812000
1982-06-01,5.40625,5.453125,5.34375,5.453125,4.754351615905762,1244800
1982-06-02,5.484375,5.53125,5.4375,5.53125,4.822463512420654,1112000
1982-06-03,5.40625,5.53125,5.28125,5.359375,4.672614097595215,1114400
1982-06-04,5.328125,5.375,5.265625,5.28125,4.6045002937316895,811200
1982-06-07,5.34375,5.46875,5.21875,5.4375,4.740728855133057,1372800
1982-06-08,5.4375,5.484375,5.390625,5.40625,4.713482856750488,758400
1982-06-09,5.46875,5.59375,5.34375,5.53125,4.822463512420654,1087200
1982-06-10,5.625,5.75,5.5,5.75,5.01318359375,1828800
1982-06-11,5.875,5.90625,5.828125,5.84375,5.0949177742004395,2160800
1982-06-14,5.703125,5.796875,5.59375,5.671875,4.945068359375,1503200
1982-06-15,5.65625,5.71875,5.59375,5.640625,4.917824745178223,1830400
1982-06-16,5.609375,5.671875,5.53125,5.53125,4.822463512420654,1770400
1982-06-17,5.453125,5.515625,5.375,5.453125,4.754351615905762,882400
1982-06-18,5.5,5.5625,5.4375,5.515625,4.808843612670898,844800
1982-06-21,5.609375,5.71875,5.5,5.65625,4.931446075439453,1332800
1982-06-22,5.640625,5.6875,5.59375,5.6875,4.95869255065918,944800
1982-06-23,5.75,5.875,5.625,5.8125,5.0676751136779785,2209600
1982-06-24,5.765625,5.875,5.640625,5.71875,4.985938549041748,2207200
1982-06-25,5.671875,5.71875,5.625,5.65625,4.931446075439453,441600
1982-06-28,5.71875,5.78125,5.640625,5.671875,4.945068359375,1100800
1982-06-29,5.640625,5.703125,5.5625,5.609375,4.8905768394470215,802400
1982-06-30,5.65625,5.703125,5.59375,5.609375,4.8905768394470215,922400
1982-07-01,5.546875,5.609375,5.484375,5.515625,4.808843612670898,584000
1982-07-02,5.515625,5.53125,5.484375,5.515625,4.808843612670898,474400
1982-07-06,5.546875,5.625,5.453125,5.609375,4.8905768394470215,887200
1982-07-07,5.609375,5.65625,5.5625,5.59375,4.876956462860107,583200
1982-07-08,5.59375,5.75,5.421875,5.75,5.01318359375,1009600
1982-07-09,5.890625,6.03125,5.734375,5.9375,5.176656246185303,2767200
1982-07-12,5.90625,5.984375,5.828125,5.9375,5.176656246185303,1019200
1982-07-13,5.890625,6.015625,5.859375,5.90625,5.149409294128418,1329600
1982-07-14,5.921875,5.984375,5.828125,5.9375,5.176656246185303,1019200
1982-07-15,6.0,6.0625,5.921875,6.0,5.231146812438965,1356800
1982-07-16,6.078125,6.171875,5.96875,6.0625,5.285640716552734,1166400
1982-07-19,6.078125,6.15625,6.0,6.09375,5.312885284423828,1025600
1982-07-20,6.15625,6.21875,6.09375,6.15625,5.367376327514648,1581600
1982-07-21,6.09375,6.171875,6.0,6.015625,5.244772911071777,1440000
1982-07-22,5.984375,6.046875,5.90625,5.953125,5.190279960632324,1416800
1982-07-23,5.96875,6.0,5.9375,5.9375,5.176656246185303,977600
1982-07-26,5.90625,5.953125,5.84375,5.859375,5.108543395996094,982400
1982-07-27,5.875,5.90625,5.84375,5.84375,5.0949177742004395,454400
1982-07-28,5.8125,5.890625,5.78125,5.828125,5.081299304962158,558400
1982-07-29,5.71875,5.859375,5.5625,5.75,5.01318359375,2171200
1982-07-30,5.734375,5.796875,5.671875,5.765625,5.026806354522705,896000
1982-08-02,5.828125,5.875,5.78125,5.828125,5.081299304962158,898400
1982-08-03,5.671875,5.703125,5.640625,5.640625,4.917824745178223,1297600
1982-08-04,5.5,5.59375,5.40625,5.40625,4.713482856750488,975200
1982-08-05,5.453125,5.5625,5.34375,5.53125,4.822463512420654,1266400
1982-08-06,5.5,5.640625,5.34375,5.375,4.6862359046936035,1115200
1982-08-09,5.34375,5.46875,5.21875,5.390625,4.699859142303467,1444000
1982-08-10,5.40625,5.46875,5.328125,5.328125,4.6453680992126465,1259200
1982-08-11,5.359375,5.40625,5.296875,5.359375,4.672614097595215,972000
1982-08-12,5.375,5.40625,5.34375,5.34375,4.658989906311035,464000
1982-08-13,5.34375,5.359375,5.3125,5.328125,4.6453680992126465,519200
1982-08-16,5.421875,5.484375,5.34375,5.359375,4.672614097595215,1973600
1982-08-17,5.6875,5.984375,5.390625,5.875,5.122166156768799,2236800
1982-08-18,5.84375,6.0625,5.625,6.0625,5.285640716552734,2598400
1982-08-19,5.609375,5.734375,5.46875,5.5625,4.8497114181518555,1608800
1982-08-20,5.65625,5.9375,5.375,5.875,5.122166156768799,3462400
1982-08-23,5.890625,6.0625,5.71875,6.03125,5.258394718170166,3056800
1982-08-24,6.0625,6.15625,5.96875,6.125,5.34013032913208,4843200
1982-08-25,6.40625,6.65625,6.140625,6.484375,5.653453826904297,3385600
1982-08-26,6.609375,6.75,6.453125,6.5,5.667078495025635,2896000
1982-08-27,6.5,6.59375,6.40625,6.59375,5.748816013336182,1188000
1982-08-30,6.609375,6.75,6.46875,6.71875,5.857797145843506,1533600
1982-08-31,6.765625,6.84375,6.6875,6.703125,5.844174385070801,2727200
1982-09-01,6.625,6.71875,6.53125,6.5625,5.721569061279297,1773600
1982-09-02,6.640625,6.796875,6.46875,6.734375,5.871418476104736,2100000
1982-09-03,6.828125,6.90625,6.734375,6.765625,5.898664474487305,2108800
1982-09-07,6.6875,6.796875,6.578125,6.640625,5.789684295654297,895200
1982-09-08,6.734375,6.875,6.59375,6.765625,5.898664474487305,1407200
1982-09-09,6.640625,6.8125,6.453125,6.515625,5.680698871612549,1598400
1982-09-10,6.390625,6.46875,6.3125,6.4375,5.61258602142334,1390400
1982-09-13,6.375,6.421875,6.3125,6.421875,5.598965644836426,1223200
1982-09-14,6.3125,6.453125,6.15625,6.171875,5.380999565124512,3221600
1982-09-15,6.046875,6.15625,5.9375,6.125,5.34013032913208,1883200
1982-09-16,6.171875,6.296875,6.03125,6.140625,5.3537516593933105,1980800
1982-09-17,6.21875,6.296875,6.125,6.171875,5.380999565124512,1324000
1982-09-20,6.296875,6.484375,6.109375,6.453125,5.626206874847412,1433600
1982-09-21,6.390625,6.46875,6.3125,6.421875,5.598965644836426,1357600
1982-09-22,6.515625,6.65625,6.375,6.375,5.558095932006836,3076800
1982-09-23,6.15625,6.296875,6.0,6.0625,5.285640716552734,4048000
1982-09-24,5.984375,6.078125,5.875,5.875,5.122166156768799,2872800
1982-09-27,5.953125,6.078125,5.828125,6.0625,5.285640716552734,1144800
1982-09-28,6.15625,6.25,6.0625,6.125,5.34013032913208,2972000
1982-09-29,6.015625,6.09375,5.9375,5.953125,5.190279960632324,856800
1982-09-30,5.984375,6.046875,5.921875,6.015625,5.244772911071777,1869600
1982-10-01,6.125,6.1875,6.046875,6.171875,5.380999565124512,861600
1982-10-04,6.0625,6.109375,6.015625,6.078125,5.299264430999756,492000
1982-10-05,6.1875,6.28125,6.09375,6.140625,5.3537516593933105,1078400
1982-10-06,6.40625,6.65625,6.140625,6.65625,5.8033061027526855,1306400
1982-10-07,6.609375,6.765625,6.453125,6.5,5.667078495025635,2892000
1982-10-08,6.703125,6.890625,6.5,6.84375,5.966779708862305,2576800
1982-10-11,6.875,6.984375,6.75,6.828125,5.953152656555176,2321600
1982-10-12,6.953125,7.421875,6.859375,7.296875,6.36184024810791,3439200
1982-10-13,7.328125,7.5,7.15625,7.375,6.4299516677856445,2455200
1982-10-14,7.234375,7.390625,7.078125,7.21875,6.29372501373291,1382400
1982-10-15,7.1875,7.296875,7.078125,7.21875,6.29372501373291,1162400
1982-10-18,7.671875,7.78125,7.25,7.75,6.756900310516357,2105600
1982-10-19,7.59375,7.71875,7.46875,7.671875,6.688783645629883,1494400
1982-10-20,7.546875,7.609375,7.46875,7.53125,6.56618070602417,1993600
1982-10-21,7.671875,7.796875,7.53125,7.625,6.647916316986084,2011200
1982-10-22,7.734375,7.84375,7.625,7.71875,6.729654312133789,1138400
1982-10-25,7.5625,7.6875,7.421875,7.421875,6.470822334289551,2203200
1982-10-26,7.484375,7.703125,7.25,7.5,6.538934230804443,2532800
1982-10-27,7.5625,7.65625,7.46875,7.578125,6.607048034667969,1223200
1982-10-28,7.625,7.703125,7.546875,7.5625,6.59342622756958,766400
1982-10-29,7.546875,7.65625,7.421875,7.484375,6.525312900543213,338400
1982-11-01,7.5,7.5625,7.421875,7.5625,6.59342622756958,724800
1982-11-02,7.828125,7.984375,7.65625,7.6875,6.702409744262695,1449600
1982-11-03,7.9375,8.21875,7.65625,8.140625,7.097468376159668,2783200
1982-11-04,8.53125,8.75,8.3125,8.40625,7.329056262969971,2925600
1982-11-05,8.40625,8.53125,8.28125,8.28125,7.220075607299805,1724800
1982-11-08,8.140625,8.25,8.03125,8.1875,7.138337135314941,1444000
1982-11-09,8.34375,8.53125,8.15625,8.453125,7.369926452636719,1906400
1982-11-10,8.40625,8.625,8.1875,8.28125,7.220075607299805,1548800
1982-11-11,8.28125,8.4375,8.125,8.4375,7.356302738189697,600800
1982-11-12,8.4375,8.515625,8.34375,8.34375,7.2745680809021,996800
1982-11-15,8.1875,8.28125,8.078125,8.265625,7.2064528465271,458400
1982-11-16,8.171875,8.375,7.96875,8.15625,7.111091613769531,1135200
1982-11-17,8.34375,8.421875,8.265625,8.421875,7.342677116394043,714400
1982-11-18,8.546875,8.75,8.34375,8.71875,7.6015119552612305,1487200
1982-11-19,8.5625,8.703125,8.40625,8.40625,7.329056262969971,1396000
1982-11-22,8.28125,8.40625,8.140625,8.140625,7.097468376159668,1253600
1982-11-23,8.09375,8.15625,8.03125,8.046875,7.015732765197754,1526400
1982-11-24,8.28125,8.421875,8.125,8.375,7.301811218261719,1194400
1982-11-26,8.546875,8.65625,8.4375,8.640625,7.533400058746338,729600
1982-11-29,8.625,8.75,8.5,8.59375,7.492529392242432,1302400
1982-11-30,8.90625,9.1875,8.625,9.140625,7.969325542449951,2590400
1982-12-01,9.34375,9.59375,9.09375,9.3125,8.119176864624023,2317600
1982-12-02,9.375,9.53125,9.21875,9.28125,8.091933250427246,1102400
1982-12-03,9.109375,9.3125,8.90625,8.921875,7.778608798980713,594400
1982-12-06,9.1875,9.53125,8.84375,9.46875,8.255404472351074,1617600
1982-12-07,9.59375,9.84375,9.34375,9.59375,8.364391326904297,1853600
1982-12-08,9.609375,9.78125,9.4375,9.46875,8.255404472351074,1195200
1982-12-09,9.234375,9.40625,9.0625,9.078125,7.914833068847656,1143200
1982-12-10,9.09375,9.15625,9.015625,9.09375,7.928460121154785,1704800
1982-12-13,8.890625,9.21875,8.5625,8.71875,7.6015119552612305,1703200
1982-12-14,8.625,8.984375,8.25,8.28125,7.220075607299805,2608800
1982-12-15,8.40625,8.546875,8.25,8.46875,7.383549690246582,1568800
1982-12-16,8.640625,8.8125,8.46875,8.75,7.628756999969482,840800
1982-12-17,8.9375,9.09375,8.765625,9.03125,7.873966217041016,1104800
1982-12-20,8.828125,9.09375,8.5625,8.625,7.519778728485107,960000
1982-12-21,8.78125,9.03125,8.53125,9.0,7.846724033355713,815200
1982-12-22,9.1875,9.375,9.0,9.25,8.064684867858887,1827200
1982-12-23,9.3125,9.4375,9.1875,9.25,8.064684867858887,965600
1982-12-27,9.296875,9.46875,9.125,9.390625,8.187294006347656,634400
1982-12-28,9.28125,9.421875,9.125,9.171875,7.996572017669678,1975200
1982-12-29,9.25,9.3125,9.171875,9.25,8.064684867858887,554400
1982-12-30,9.265625,9.359375,9.15625,9.1875,8.010196685791016,582400
1982-12-31,9.21875,9.3125,9.125,9.28125,8.091933250427246,321600
1983-01-03,9.171875,9.46875,8.875,8.90625,7.764986991882324,1492800
1983-01-04,9.046875,9.21875,8.875,9.1875,8.010196685791016,1248800
1983-01-05,9.125,9.21875,9.03125,9.109375,7.942081451416016,1085600
1983-01-06,9.296875,9.5,9.078125,9.484375,8.269025802612305,1351200
1983-01-07,9.53125,9.65625,9.40625,9.5625,8.337141990661621,2407200
1983-01-10,9.640625,9.8125,9.453125,9.6875,8.446124076843262,1410400
1983-01-11,9.65625,9.78125,9.53125,9.75,8.500617980957031,734400
1983-01-12,9.953125,10.1875,9.703125,9.984375,8.704957962036133,1764000
1983-01-13,9.984375,10.0625,9.90625,9.9375,8.664091110229492,647200
1983-01-14,10.171875,10.34375,9.984375,10.234375,8.922921180725098,928000
1983-01-17,10.21875,10.359375,10.078125,10.125,8.827561378479004,453600
1983-01-18,10.109375,10.21875,10.0,10.109375,8.813942909240723,848000
1983-01-19,9.96875,10.046875,9.890625,9.96875,8.691337585449219,772000
1983-01-20,9.921875,10.03125,9.796875,9.9375,8.664091110229492,522400
1983-01-21,9.78125,9.875,9.6875,9.828125,8.568731307983398,1866400
1983-01-24,9.6875,9.8125,9.5625,9.8125,8.555106163024902,1886400
1983-01-25,9.84375,9.9375,9.75,9.875,8.609601020812988,982400
1983-01-26,9.8125,9.90625,9.71875,9.765625,8.514242172241211,1068000
1983-01-27,10.0,10.15625,9.828125,10.109375,8.813942909240723,776000
1983-01-28,10.03125,10.25,9.8125,9.921875,8.650468826293945,1174400
1983-01-31,9.890625,9.96875,9.8125,9.9375,8.664091110229492,565600
1983-02-01,9.859375,9.96875,9.75,9.75,8.500617980957031,776800
1983-02-02,9.734375,9.8125,9.640625,9.8125,8.555106163024902,892800
1983-02-03,10.03125,10.21875,9.84375,10.140625,8.84118366241455,815200
1983-02-04,10.140625,10.21875,10.0625,10.1875,8.882051467895508,644000
1983-02-07,10.171875,10.25,10.09375,10.203125,8.895671844482422,649600
1983-02-08,10.0625,10.171875,9.953125,10.0,8.718576431274414,728800
1983-02-09,10.0625,10.1875,9.921875,10.015625,8.73220157623291,534400
1983-02-10,10.125,10.1875,10.0625,10.109375,8.813942909240723,441600
1983-02-11,10.0625,10.140625,9.96875,10.03125,8.745826721191406,342400
1983-02-14,10.09375,10.171875,10.0,10.15625,8.854805946350098,303200
1983-02-15,10.078125,10.1875,9.953125,10.0,8.718576431274414,417600
1983-02-16,10.03125,10.0625,10.0,10.03125,8.745826721191406,332000
1983-02-17,9.84375,10.0625,9.625,9.6875,8.446124076843262,1650400
1983-02-18,9.75,9.828125,9.671875,9.71875,8.473372459411621,467200
1983-02-22,9.75,9.84375,9.65625,9.78125,8.527865409851074,672000
1983-02-23,9.796875,9.859375,9.734375,9.796875,8.541484832763672,740000
1983-02-24,9.96875,10.09375,9.828125,10.03125,8.745826721191406,1000800
1983-02-25,10.21875,10.3125,10.125,10.15625,8.854805946350098,1333600
1983-02-28,10.421875,10.59375,10.234375,10.453125,9.113643646240234,955200
1983-03-01,10.609375,10.703125,10.515625,10.578125,9.222622871398926,792000
1983-03-02,10.421875,10.546875,10.296875,10.375,9.045525550842285,887200
1983-03-03,10.375,10.46875,10.28125,10.28125,8.963790893554688,534400
1983-03-04,10.234375,10.34375,10.125,10.34375,9.018274307250977,684800
1983-03-07,10.21875,10.3125,10.109375,10.1875,8.882051467895508,762400
1983-03-08,10.109375,10.21875,10.0,10.0625,8.773073196411133,288800
1983-03-09,10.09375,10.21875,9.96875,10.1875,8.882051467895508,317600
1983-03-10,10.046875,10.203125,9.875,9.90625,8.636842727661133,564800
1983-03-11,9.796875,9.921875,9.65625,9.6875,8.446124076843262,1967200
1983-03-14,9.34375,9.59375,9.078125,9.28125,8.091933250427246,3501600
1983-03-15,9.53125,9.6875,9.359375,9.6875,8.446124076843262,3024000
1983-03-16,9.796875,9.921875,9.65625,9.75,8.500617980957031,1782400
1983-03-17,9.84375,9.921875,9.75,9.859375,8.595976829528809,902400
1983-03-18,9.890625,9.921875,9.84375,9.875,8.609601020812988,591200
1983-03-21,9.875,9.9375,9.8125,9.828125,8.568731307983398,1760800
1983-03-22,9.859375,9.90625,9.828125,9.84375,8.582356452941895,1179200
1983-03-23,9.875,10.09375,9.828125,9.953125,8.677713394165039,1573600
1983-03-24,9.984375,10.25,9.953125,10.15625,8.854805946350098,956000
1983-03-25,10.15625,10.296875,10.09375,10.15625,8.854805946350098,484000
1983-03-28,10.15625,10.21875,10.03125,10.03125,8.745826721191406,561600
1983-03-29,10.0625,10.15625,9.8125,9.859375,8.595976829528809,851200
1983-03-30,10.0,10.140625,9.890625,10.125,8.827561378479004,895200
1983-03-31,10.125,10.3125,9.75,9.75,8.500617980957031,1728800
1983-04-04,9.75,9.828125,9.65625,9.8125,8.555106163024902,675200
1983-04-05,9.9375,10.0,9.6875,9.6875,8.446124076843262,812000
1983-04-06,9.6875,9.6875,9.4375,9.5625,8.337141990661621,2085600
1983-04-07,9.59375,9.65625,9.375,9.546875,8.323522567749023,1997600
1983-04-08,9.5,9.5625,9.4375,9.53125,8.309893608093262,804800
1983-04-11,9.625,9.6875,9.5625,9.6875,8.446124076843262,414400
1983-04-12,9.6875,9.859375,9.65625,9.78125,8.527865409851074,1592800
1983-04-13,9.84375,9.921875,9.8125,9.875,8.609601020812988,1589600
1983-04-14,9.9375,10.25,9.875,10.234375,8.922921180725098,1493600
1983-04-15,10.234375,10.625,10.125,10.59375,9.236247062683105,1145600
1983-04-18,10.484375,10.578125,10.40625,10.453125,9.113643646240234,1365600
1983-04-19,10.265625,10.421875,10.15625,10.1875,8.882051467895508,1578400
1983-04-20,10.21875,10.3125,10.09375,10.15625,8.854805946350098,1780800
1983-04-21,10.125,10.15625,9.75,9.75,8.500617980957031,2044800
1983-04-22,9.625,9.8125,9.625,9.78125,8.527865409851074,1337600
1983-04-25,9.671875,9.8125,9.515625,9.53125,8.309893608093262,833600
1983-04-26,9.578125,9.6875,9.453125,9.6875,8.446124076843262,1499200
1983-04-27,9.71875,9.84375,9.59375,9.8125,8.555106163024902,1548000
1983-04-28,10.015625,10.171875,9.84375,10.0,8.718576431274414,784800
1983-04-29,9.9375,10.0625,9.8125,9.84375,8.582356452941895,1672800
1983-05-02,9.75,9.84375,9.65625,9.8125,8.555106163024902,765600
1983-05-03,9.78125,10.03125,9.75,9.96875,8.691337585449219,908800
1983-05-04,10.21875,10.4375,10.0,10.390625,9.059151649475098,1325600
1983-05-05,10.4375,10.53125,10.328125,10.515625,9.168133735656738,1035200
1983-05-06,10.546875,11.0625,10.546875,10.75,9.372471809387207,1144000
1983-05-09,10.625,10.6875,10.53125,10.59375,9.236247062683105,674400
1983-05-10,10.59375,10.59375,10.296875,10.34375,9.018274307250977,1135200
1983-05-11,10.3125,10.375,10.25,10.25,8.936544418334961,892000
1983-05-12,10.28125,10.296875,9.75,9.84375,8.582356452941895,2440000
1983-05-13,9.9375,10.125,9.9375,9.96875,8.691337585449219,1366400
1983-05-16,9.984375,9.984375,9.8125,9.9375,8.664091110229492,568000
1983-05-17,9.984375,10.0625,9.90625,9.9375,8.664091110229492,1075200
1983-05-18,9.96875,10.015625,9.875,9.875,8.609601020812988,1383200
1983-05-19,9.875,9.921875,9.796875,9.796875,8.541484832763672,420000
1983-05-20,9.78125,9.90625,9.703125,9.875,8.609601020812988,202400
1983-05-23,9.78125,10.0625,9.734375,10.0625,8.773073196411133,769600
1983-05-24,10.125,10.28125,10.09375,10.265625,8.95016860961914,316800
1983-05-25,10.265625,10.40625,10.265625,10.34375,9.018274307250977,1122400
1983-05-26,10.15625,10.25,10.03125,10.03125,8.745826721191406,480000
1983-05-27,9.96875,9.984375,9.78125,9.859375,8.595976829528809,472800
1983-05-31,9.828125,9.84375,9.6875,9.71875,8.473372459411621,557600
1983-06-01,9.640625,9.75,9.578125,9.75,8.500617980957031,1731200
1983-06-02,9.734375,9.84375,9.5625,9.84375,8.582356452941895,1527200
1983-06-03,9.84375,9.984375,9.8125,9.84375,8.582356452941895,435200
1983-06-06,9.859375,9.859375,9.6875,9.796875,8.541484832763672,628000
1983-06-07,9.796875,9.796875,9.5,9.5,8.282649040222168,457600
1983-06-08,9.46875,9.5625,9.4375,9.46875,8.255404472351074,1088800
1983-06-09,9.5,9.515625,9.3125,9.40625,8.200915336608887,707200
1983-06-10,9.421875,9.484375,9.375,9.390625,8.187294006347656,753600
1983-06-13,9.4375,9.65625,9.40625,9.625,8.39163589477539,542400
1983-06-14,9.65625,9.734375,9.640625,9.640625,8.405256271362305,776000
1983-06-15,9.59375,9.59375,9.28125,9.3125,8.119176864624023,2660000
1983-06-16,9.34375,9.359375,8.71875,9.0,7.846724033355713,3885600
1983-06-17,8.96875,8.96875,8.59375,8.71875,7.6015119552612305,2262400
1983-06-20,9.0,9.0,8.921875,8.921875,7.778608798980713,2926400
1983-06-21,8.921875,9.34375,8.90625,9.34375,8.146425247192383,1631200
1983-06-22,9.265625,9.4375,9.09375,9.28125,8.091933250427246,2243200
1983-06-23,9.25,9.25,9.0625,9.15625,7.982951641082764,1215200
1983-06-24,9.140625,9.15625,9.0625,9.09375,7.928460121154785,766400
1983-06-27,9.109375,9.109375,8.875,9.03125,7.873966217041016,857600
1983-06-28,8.921875,9.09375,8.765625,8.78125,7.656003475189209,1000000
1983-06-29,8.78125,8.9375,8.78125,8.875,7.737739086151123,1229600
1983-06-30,8.875,8.875,8.765625,8.78125,7.656003475189209,614400
1983-07-01,8.8125,9.15625,8.8125,9.078125,7.914833068847656,618400
1983-07-05,9.015625,9.015625,8.859375,8.9375,7.792232513427734,683200
1983-07-06,9.03125,9.1875,8.953125,9.140625,7.969325542449951,820800
1983-07-07,9.09375,9.21875,9.0625,9.09375,7.928460121154785,622400
1983-07-08,9.09375,9.09375,8.90625,8.984375,7.833098888397217,832000
1983-07-11,9.03125,9.03125,8.921875,8.9375,7.792232513427734,548000
1983-07-12,8.90625,8.90625,8.625,8.75,7.628756999969482,1284800
1983-07-13,8.71875,8.78125,8.578125,8.703125,7.587889671325684,1503200
1983-07-14,8.734375,8.875,8.6875,8.71875,7.6015119552612305,1732800
1983-07-15,8.765625,8.8125,8.6875,8.765625,7.642383098602295,1507200
1983-07-18,8.78125,8.78125,8.71875,8.75,7.628756999969482,1380800
1983-07-19,8.75,8.84375,8.75,8.765625,7.642383098602295,2096800
1983-07-20,8.96875,9.125,8.796875,9.09375,7.928460121154785,2116000
1983-07-21,9.15625,9.1875,9.09375,9.15625,7.982951641082764,748800
1983-07-22,9.296875,9.4375,9.15625,9.390625,8.187294006347656,1157600
1983-07-25,9.390625,9.5,9.34375,9.5,8.282649040222168,976000
1983-07-26,9.515625,9.625,9.5,9.546875,8.323522567749023,630400
1983-07-27,9.546875,9.5625,9.25,9.28125,8.091933250427246,1114400
1983-07-28,9.28125,9.34375,9.09375,9.09375,7.928460121154785,808000
1983-07-29,9.125,9.125,8.84375,8.984375,7.833098888397217,672800
1983-08-01,8.953125,9.03125,8.890625,9.0,7.846724033355713,372800
1983-08-02,9.046875,9.28125,9.046875,9.125,7.955704212188721,718400
1983-08-03,9.09375,9.109375,8.71875,8.8125,7.683251857757568,1121600
1983-08-04,8.78125,8.8125,8.5,8.5625,7.465285778045654,2458400
1983-08-05,8.5625,8.625,8.4375,8.5625,7.465285778045654,1294400
1983-08-08,8.53125,8.53125,8.25,8.265625,7.2064528465271,840000
1983-08-09,8.3125,8.40625,8.25,8.40625,7.329056262969971,874400
1983-08-10,8.375,8.75,8.34375,8.671875,7.560642719268799,1008800
1983-08-11,8.78125,8.84375,8.75,8.78125,7.656003475189209,2217600
1983-08-12,8.765625,8.796875,8.5,8.5625,7.465285778045654,352000
1983-08-15,8.65625,8.71875,8.5,8.515625,7.424417972564697,704000
1983-08-16,8.5,8.5,8.140625,8.265625,7.2064528465271,762400
1983-08-17,8.296875,8.5,8.296875,8.484375,7.397170066833496,704800
1983-08-18,8.453125,8.5,8.390625,8.390625,7.315429210662842,313600
1983-08-19,8.390625,8.4375,8.34375,8.390625,7.315429210662842,180800
1983-08-22,8.4375,8.53125,8.203125,8.25,7.1928300857543945,875200
1983-08-23,8.25,8.484375,8.25,8.375,7.301811218261719,629600
1983-08-24,8.40625,8.578125,8.34375,8.34375,7.2745680809021,538400
1983-08-25,8.359375,8.390625,8.28125,8.359375,7.288186073303223,1292800
1983-08-26,8.390625,8.59375,8.3125,8.5625,7.465285778045654,662400
1983-08-29,8.53125,8.71875,8.53125,8.65625,7.547022819519043,516000
1983-08-30,8.640625,8.828125,8.640625,8.71875,7.6015119552612305,948000
1983-08-31,8.984375,9.1875,8.71875,9.140625,7.969325542449951,1194400
1983-09-01,9.125,9.1875,9.078125,9.078125,7.914833068847656,346400
1983-09-02,9.09375,9.109375,9.03125,9.0625,7.901214599609375,212800
1983-09-06,9.25,9.4375,9.21875,9.34375,8.146425247192383,808000
1983-09-07,9.375,9.40625,9.25,9.25,8.064684867858887,697600
1983-09-08,9.265625,9.28125,9.09375,9.203125,8.023821830749512,203200
1983-09-09,9.203125,9.375,9.15625,9.265625,8.078307151794434,744000
1983-09-12,9.4375,9.46875,9.3125,9.375,8.173667907714844,901600
1983-09-13,9.4375,9.59375,9.40625,9.578125,8.350765228271484,1172000
1983-09-14,9.59375,9.59375,9.484375,9.5,8.282649040222168,790400
1983-09-15,9.5,9.53125,9.453125,9.515625,8.296273231506348,563200
1983-09-16,9.515625,9.875,9.515625,9.8125,8.555106163024902,1282400
1983-09-19,9.859375,10.25,9.859375,10.1875,8.882051467895508,1964800
1983-09-20,10.21875,10.265625,10.125,10.1875,8.882051467895508,1825600
1983-09-21,10.21875,10.78125,10.21875,10.5625,9.209000587463379,4767200
1983-09-22,10.546875,10.9375,10.546875,10.9375,9.535947799682617,3283200
1983-09-23,10.9375,10.9375,10.65625,10.71875,9.34522819519043,2524800
1983-09-26,10.71875,10.734375,10.46875,10.609375,9.249873161315918,1179200
1983-09-27,10.609375,10.609375,10.3125,10.375,9.045525550842285,1243200
1983-09-28,10.40625,10.578125,10.40625,10.578125,9.222622871398926,1360800
1983-09-29,10.609375,10.75,10.578125,10.59375,9.236247062683105,1062400
1983-09-30,10.625,10.625,10.53125,10.546875,9.195377349853516,807200
1983-10-03,10.53125,10.53125,10.25,10.28125,8.963790893554688,1977600
1983-10-04,10.3125,10.421875,10.3125,10.359375,9.031906127929688,1325600
1983-10-05,10.359375,10.40625,10.34375,10.375,9.045525550842285,1080800
1983-10-06,10.421875,10.71875,10.390625,10.6875,9.31797981262207,1324000
1983-10-07,10.6875,10.75,10.625,10.71875,9.34522819519043,1037600
1983-10-10,10.6875,10.734375,10.5625,10.734375,9.35884952545166,418400
1983-10-11,10.734375,10.734375,10.609375,10.625,9.263492584228516,1361600
1983-10-12,10.59375,10.625,10.53125,10.546875,9.195377349853516,546400
1983-10-13,10.578125,10.578125,10.453125,10.5625,9.209000587463379,806400
1983-10-14,10.609375,10.75,10.546875,10.75,9.372471809387207,1263200
1983-10-17,10.84375,10.9375,10.65625,10.703125,9.331608772277832,4137600
1983-10-18,10.671875,10.671875,10.375,10.421875,9.086395263671875,854400
1983-10-19,10.421875,10.546875,10.3125,10.4375,9.100019454956055,1102400
1983-10-20,10.453125,10.46875,10.09375,10.09375,8.800314903259277,3239200
1983-10-21,10.109375,10.125,9.890625,10.109375,8.813942909240723,1576000
1983-10-24,9.953125,10.40625,9.9375,10.375,9.045525550842285,1046400
1983-10-25,10.46875,10.5625,10.4375,10.4375,9.100019454956055,1833600
1983-10-26,10.46875,10.53125,10.265625,10.3125,8.991036415100098,808800
1983-10-27,10.25,10.328125,10.21875,10.328125,9.004654884338379,716000
1983-10-28,10.328125,10.453125,10.296875,10.40625,9.072772026062012,388000
1983-10-31,10.375,10.46875,10.28125,10.40625,9.072772026062012,764800
1983-11-01,10.46875,10.65625,10.40625,10.5625,9.209000587463379,635600
1983-11-02,10.59375,10.625,10.53125,10.59375,9.236247062683105,261600
1983-11-03,10.625,10.8125,10.53125,10.6875,9.31797981262207,803200
1983-11-04,10.5625,10.625,10.53125,10.59375,9.236247062683105,205600
1983-11-07,10.59375,10.875,10.5625,10.625,9.263492584228516,286400
1983-11-08,10.625,10.65625,10.09375,10.09375,8.800314903259277,2001200
1983-11-09,10.125,10.5625,10.125,10.53125,9.181754112243652,1080000
1983-11-10,10.75,10.75,10.3125,10.40625,9.072772026062012,1178800
1983-11-11,10.40625,10.40625,10.3125,10.34375,9.018274307250977,1018400
1983-11-14,10.34375,10.65625,10.34375,10.59375,9.236247062683105,1140400
1983-11-15,10.625,10.625,10.5,10.53125,9.181754112243652,670000
1983-11-16,10.5,11.1875,10.4375,11.03125,9.617687225341797,915600
1983-11-17,11.03125,11.4375,10.9375,11.1875,9.753912925720215,1293200
1983-11-18,11.125,11.59375,11.125,11.5,10.0263671875,1240400
1983-11-21,11.71875,11.9375,11.65625,11.6875,10.189835548400879,2049600
1983-11-22,11.6875,11.6875,11.59375,11.65625,10.162598609924316,1270400
1983-11-23,11.625,12.0,11.625,11.9375,10.407803535461426,1534000
1983-11-25,11.90625,12.125,11.90625,12.0625,10.516789436340332,494000
1983-11-28,11.96875,12.0,11.53125,11.625,10.135350227355957,704000
1983-11-29,11.625,11.71875,11.59375,11.71875,10.217086791992188,1050000
1983-11-30,11.59375,11.6875,11.21875,11.21875,9.781153678894043,716000
1983-12-01,11.15625,11.40625,11.15625,11.34375,9.89013671875,934000
1983-12-02,11.34375,11.34375,11.09375,11.09375,9.672176361083984,1010400
1983-12-05,10.9375,11.0,10.75,11.0,9.590437889099121,934000
1983-12-06,11.03125,11.1875,10.9375,11.15625,9.726663589477539,620800
1983-12-07,11.15625,11.46875,11.15625,11.40625,9.94462776184082,952000
1983-12-08,11.4375,11.4375,11.25,11.25,9.808403968811035,426000
1983-12-09,11.25,11.28125,11.25,11.28125,9.835649490356445,1070400
1983-12-12,11.5,11.75,11.34375,11.75,10.244332313537598,1894800
1983-12-13,11.75,12.0625,11.625,11.625,10.135350227355957,1252800
1983-12-14,11.6875,11.8125,11.625,11.6875,10.189835548400879,681200
1983-12-15,11.8125,11.8125,11.53125,11.5625,10.080863952636719,696800
1983-12-16,11.5,11.59375,11.5,11.5625,10.080863952636719,854800
1983-12-19,11.53125,11.6875,11.5,11.625,10.135350227355957,722000
1983-12-20,11.6875,11.71875,11.5,11.6875,10.189835548400879,896400
1983-12-21,11.75,11.90625,11.6875,11.875,10.353312492370605,1996000
1983-12-22,11.875,11.96875,11.75,11.8125,10.298818588256836,1580800
1983-12-23,11.78125,11.78125,11.4375,11.5,10.0263671875,796800
1983-12-27,11.4375,11.46875,11.25,11.4375,9.971877098083496,664400
1983-12-28,11.5,11.5625,11.46875,11.5,10.0263671875,2228800
1983-12-29,11.59375,11.625,11.40625,11.5,10.0263671875,1801600
1983-12-30,11.5,11.5625,11.5,11.5625,10.080863952636719,1272000
1984-01-03,11.59375,11.59375,11.3125,11.3125,9.862892150878906,437600
1984-01-04,11.25,11.28125,11.21875,11.28125,9.835649490356445,1686400
1984-01-05,11.375,11.5625,11.375,11.5625,10.080863952636719,2629200
1984-01-06,11.5625,11.6875,11.5625,11.625,10.135350227355957,2014800
1984-01-09,11.59375,11.71875,11.5625,11.65625,10.162598609924316,1556800
1984-01-10,11.6875,11.75,11.5625,11.625,10.135350227355957,1201600
1984-01-11,11.59375,11.65625,11.28125,11.375,9.91738510131836,908400
1984-01-12,11.40625,11.40625,11.25,11.25,9.808403968811035,612000
1984-01-13,11.375,11.375,11.0,11.09375,9.672176361083984,1268400
1984-01-16,11.125,11.25,11.09375,11.25,9.808403968811035,1676400
1984-01-17,11.3125,11.34375,11.21875,11.28125,9.835649490356445,686800
1984-01-18,11.28125,11.34375,11.15625,11.28125,9.835649490356445,1241200
1984-01-19,11.3125,11.3125,11.125,11.21875,9.781153678894043,776400
1984-01-20,11.1875,11.1875,11.0625,11.125,9.699422836303711,686000
1984-01-23,11.0625,11.09375,10.6875,10.75,9.372471809387207,461600
1984-01-24,10.8125,11.0,10.75,10.9375,9.535947799682617,972000
1984-01-25,10.9375,11.0,10.6875,10.71875,9.34522819519043,654800
1984-01-26,10.8125,10.8125,10.53125,10.65625,9.290736198425293,842000
1984-01-27,10.625,10.625,10.375,10.59375,9.236247062683105,466400
1984-01-30,10.65625,10.65625,9.65625,9.84375,8.582356452941895,2398400
1984-01-31,9.96875,9.96875,9.625,9.75,8.500617980957031,2819600
1984-02-01,9.78125,9.90625,9.5,9.59375,8.364391326904297,1451600
1984-02-02,9.65625,9.84375,9.53125,9.8125,8.555106163024902,1051600
1984-02-03,9.875,9.90625,9.34375,9.375,8.173667907714844,1016000
1984-02-06,8.875,9.28125,8.875,9.15625,7.982951641082764,1949600
1984-02-07,9.25,9.46875,9.15625,9.4375,8.228158950805664,2679200
1984-02-08,9.46875,9.5625,9.21875,9.28125,8.091933250427246,796800
1984-02-09,9.25,9.4375,9.125,9.25,8.064684867858887,1256800
1984-02-10,9.3125,9.3125,9.125,9.125,7.955704212188721,929200
1984-02-13,9.125,9.125,8.84375,9.0,7.846724033355713,1725200
1984-02-14,9.0625,9.15625,9.0,9.15625,7.982951641082764,1090000
1984-02-15,9.25,9.34375,9.09375,9.09375,7.928460121154785,696800
1984-02-16,9.15625,9.4375,8.96875,9.28125,8.091933250427246,990400
1984-02-17,9.21875,9.3125,9.125,9.15625,7.982951641082764,550800
1984-02-21,9.21875,9.40625,9.0625,9.1875,8.010196685791016,483200
1984-02-22,9.15625,9.34375,9.0625,9.28125,8.091933250427246,855200
1984-02-23,9.21875,9.46875,9.03125,9.46875,8.255404472351074,390400
1984-02-24,9.65625,9.9375,9.5625,9.875,8.609601020812988,610400
1984-02-27,9.84375,10.0,9.71875,9.96875,8.691337585449219,839200
1984-02-28,9.84375,9.84375,9.5625,9.625,8.39163589477539,479600
1984-02-29,9.6875,9.75,9.375,9.4375,8.228158950805664,412400
1984-03-01,9.4375,9.75,9.40625,9.75,8.500617980957031,304000
1984-03-02,9.9375,9.96875,9.875,9.9375,8.664091110229492,733200
1984-03-05,9.9375,9.96875,9.78125,9.96875,8.691337585449219,640400
1984-03-06,9.96875,10.0,9.65625,9.65625,8.418882369995117,462400
1984-03-07,9.4375,9.59375,9.3125,9.5625,8.337141990661621,403600
1984-03-08,9.53125,9.8125,9.53125,9.65625,8.418882369995117,255600
1984-03-09,9.71875,9.71875,9.4375,9.46875,8.255404472351074,236400
1984-03-12,9.46875,9.59375,9.375,9.5625,8.337141990661621,525600
1984-03-13,9.625,9.90625,9.625,9.75,8.500617980957031,804000
1984-03-14,9.6875,9.8125,9.59375,9.625,8.39163589477539,640800
1984-03-15,9.6875,9.71875,9.125,9.15625,7.982951641082764,1087600
1984-03-16,9.25,9.25,8.25,8.40625,7.329056262969971,6984000
1984-03-19,8.0625,8.21875,8.03125,8.1875,7.138337135314941,1625600
1984-03-20,8.375,8.59375,8.3125,8.5625,7.465285778045654,2446800
1984-03-21,8.59375,8.625,8.40625,8.4375,7.356302738189697,1490400
1984-03-22,8.375,8.40625,8.09375,8.125,7.083847522735596,1112000
1984-03-23,8.125,8.1875,7.625,7.875,6.8658833503723145,1991200
1984-03-26,7.9375,8.25,7.9375,8.125,7.083847522735596,1040800
1984-03-27,8.1875,8.3125,8.125,8.3125,7.247321128845215,1082000
1984-03-28,8.375,8.71875,8.375,8.65625,7.547022819519043,950400
1984-03-29,8.65625,8.6875,8.46875,8.5,7.410793781280518,602800
1984-03-30,8.46875,8.59375,8.4375,8.5,7.410793781280518,464400
1984-04-02,8.5625,8.5625,8.3125,8.4375,7.356302738189697,517200
1984-04-03,8.4375,8.4375,8.15625,8.375,7.301811218261719,563600
1984-04-04,8.3125,8.3125,8.0625,8.125,7.083847522735596,603200
1984-04-05,8.09375,8.09375,7.46875,7.71875,6.729654312133789,1554000
1984-04-06,7.5,7.65625,7.375,7.53125,6.56618070602417,2282400
1984-04-09,7.625,7.71875,7.5625,7.625,6.647916316986084,635200
1984-04-10,7.6875,7.8125,7.65625,7.71875,6.729654312133789,541600
1984-04-11,7.65625,7.71875,7.5,7.53125,6.56618070602417,1025600
1984-04-12,7.53125,7.65625,7.25,7.65625,6.675163269042969,1276000
1984-04-13,7.5625,7.8125,7.5625,7.6875,6.702409744262695,953600
1984-04-16,7.625,7.65625,7.53125,7.5625,6.59342622756958,835600
1984-04-17,7.5625,7.5625,7.375,7.375,6.4299516677856445,676400
1984-04-18,7.3125,7.34375,6.9375,7.21875,6.29372501373291,928400
1984-04-19,7.15625,7.34375,7.09375,7.3125,6.375459671020508,1176800
1984-04-23,7.3125,7.375,7.15625,7.1875,6.266477584838867,1280800
1984-04-24,7.1875,7.25,7.09375,7.21875,6.29372501373291,609200
1984-04-25,7.15625,7.21875,7.15625,7.1875,6.266477584838867,496400
1984-04-26,7.1875,7.21875,7.03125,7.15625,6.239234924316406,824000
1984-04-27,7.125,7.15625,7.0,7.0,6.1030073165893555,930000
1984-04-30,7.0,7.1875,7.0,7.125,6.211988925933838,617200
1984-05-01,7.125,7.5625,7.125,7.40625,6.457196235656738,4780000
1984-05-02,7.53125,7.96875,7.53125,7.96875,6.94761848449707,2421200
1984-05-03,8.125,8.125,7.9375,8.0,6.97486686706543,1781200
1984-05-04,8.0,8.03125,7.75,7.84375,6.8386359214782715,943200
1984-05-07,7.84375,8.125,7.75,8.03125,7.002110958099365,1008000
1984-05-08,8.0625,8.125,8.0,8.09375,7.056600093841553,629600
1984-05-09,8.125,8.25,8.0625,8.25,7.1928300857543945,1044000
1984-05-10,8.25,8.375,8.15625,8.15625,7.111091613769531,1324800
1984-05-11,8.125,8.125,7.8125,7.9375,6.920372486114502,641600
1984-05-14,7.90625,8.03125,7.875,8.03125,7.002110958099365,314400
1984-05-15,7.9375,8.25,7.9375,8.125,7.083847522735596,1592000
1984-05-16,8.21875,8.25,8.0,8.0,6.97486686706543,1081200
1984-05-17,8.0,8.0,7.75,7.78125,6.784148216247559,780000
1984-05-18,7.78125,7.84375,7.625,7.65625,6.675163269042969,364000
1984-05-21,7.6875,7.6875,7.34375,7.4375,6.4844441413879395,743200
1984-05-22,7.375,7.6875,7.3125,7.65625,6.675163269042969,362400
1984-05-23,7.6875,7.84375,7.65625,7.65625,6.675163269042969,647200
1984-05-24,7.71875,7.84375,7.65625,7.65625,6.675163269042969,1540000
1984-05-25,7.71875,8.0,7.71875,8.0,6.97486686706543,668400
1984-05-29,8.0,8.125,7.84375,7.9375,6.920372486114502,1749600
1984-05-30,7.9375,8.1875,7.9375,8.125,7.083847522735596,1100000
1984-05-31,8.1875,8.25,8.09375,8.1875,7.138337135314941,593200
1984-06-01,8.3125,8.3125,8.1875,8.25,7.1928300857543945,588800
1984-06-04,8.625,8.6875,8.46875,8.5625,7.465285778045654,1450800
1984-06-05,8.59375,8.8125,8.5625,8.6875,7.5742645263671875,1650000
1984-06-06,8.78125,8.90625,8.65625,8.90625,7.764986991882324,1890400
1984-06-07,8.875,8.875,8.53125,8.625,7.519778728485107,2304400
1984-06-08,8.59375,8.625,8.4375,8.46875,7.383549690246582,564000
1984-06-11,8.46875,8.5,8.40625,8.5,7.410793781280518,313600
1984-06-12,8.46875,8.46875,8.3125,8.4375,7.356302738189697,795600
1984-06-13,8.40625,8.4375,8.03125,8.21875,7.165582180023193,502800
1984-06-14,8.21875,8.34375,8.125,8.21875,7.165582180023193,948400
1984-06-15,8.21875,8.25,8.09375,8.25,7.1928300857543945,557600
1984-06-18,8.15625,8.4375,8.0625,8.375,7.301811218261719,1405200
1984-06-19,8.375,8.71875,8.375,8.625,7.519778728485107,1223600
1984-06-20,8.375,8.875,8.375,8.75,7.628756999969482,1469600
1984-06-21,8.78125,9.125,8.71875,8.875,7.737739086151123,1880000
1984-06-22,8.84375,8.875,8.8125,8.84375,7.71049690246582,1067600
1984-06-25,8.875,8.9375,8.75,8.84375,7.71049690246582,700800
1984-06-26,8.8125,8.8125,8.6875,8.6875,7.5742645263671875,406000
1984-06-27,8.65625,8.6875,8.5,8.5,7.410793781280518,456400
1984-06-28,8.5,8.6875,8.5,8.625,7.519778728485107,302800
1984-06-29,8.65625,8.875,8.65625,8.71875,7.6015119552612305,586400
1984-07-02,8.71875,8.75,8.53125,8.59375,7.492529392242432,788000
1984-07-03,8.59375,8.65625,8.4375,8.59375,7.492529392242432,1032800
1984-07-05,8.6875,8.6875,8.5,8.59375,7.492529392242432,430400
1984-07-06,8.53125,8.8125,8.53125,8.78125,7.656003475189209,249600
1984-07-09,8.8125,8.875,8.6875,8.84375,7.71049690246582,189600
1984-07-10,8.875,9.0,8.8125,8.9375,7.792232513427734,490400
1984-07-11,9.0,9.03125,8.84375,8.84375,7.71049690246582,498000
1984-07-12,8.8125,8.8125,8.46875,8.59375,7.492529392242432,708400
1984-07-13,8.59375,8.6875,8.5,8.53125,7.438040733337402,554000
1984-07-16,8.5,8.53125,8.375,8.40625,7.329056262969971,690800
1984-07-17,8.4375,8.84375,8.4375,8.75,7.628756999969482,1219200
1984-07-18,8.84375,8.84375,8.71875,8.78125,7.656003475189209,390400
1984-07-19,8.75,8.75,8.65625,8.6875,7.5742645263671875,842800
1984-07-20,8.6875,8.6875,8.5625,8.625,7.519778728485107,379600
1984-07-23,8.53125,8.53125,8.3125,8.4375,7.356302738189697,1026800
1984-07-24,8.4375,8.59375,8.4375,8.5,7.410793781280518,371200
1984-07-25,8.40625,8.5625,8.25,8.5625,7.465285778045654,760800
1984-07-26,8.59375,8.9375,8.59375,8.875,7.737739086151123,820800
1984-07-27,9.0,9.03125,8.875,9.0,7.846724033355713,1111200
1984-07-30,8.875,9.125,8.875,9.09375,7.928460121154785,1185600
1984-07-31,9.03125,9.25,9.0,9.21875,8.037444114685059,763600
1984-08-01,9.3125,9.5625,9.3125,9.5,8.282649040222168,1586800
1984-08-02,9.71875,10.1875,9.6875,10.125,8.827561378479004,1668800
1984-08-03,10.3125,10.8125,10.3125,10.71875,9.34522819519043,2252800
1984-08-06,10.75,11.25,10.5,10.5,9.154507637023926,1608400
1984-08-07,10.0,10.75,9.9375,10.53125,9.181754112243652,970400
1984-08-08,10.53125,10.6875,10.28125,10.53125,9.181754112243652,1226000
1984-08-09,10.4375,10.84375,10.4375,10.6875,9.31797981262207,981600
1984-08-10,11.0625,11.125,10.84375,10.84375,9.45421314239502,1013200
1984-08-13,10.75,10.84375,10.5,10.78125,9.399718284606934,1654400
1984-08-14,10.71875,10.8125,10.65625,10.6875,9.31797981262207,445600
1984-08-15,10.625,10.625,10.1875,10.25,8.936544418334961,1339200
1984-08-16,10.25,10.59375,10.21875,10.3125,8.991036415100098,2196000
1984-08-17,10.34375,10.5,10.3125,10.4375,9.100019454956055,897200
1984-08-20,10.46875,10.46875,9.9375,10.1875,8.882051467895508,972000
1984-08-21,10.21875,10.875,10.21875,10.6875,9.31797981262207,2572000
1984-08-22,10.6875,11.0,10.625,10.75,9.372471809387207,1832000
1984-08-23,10.71875,10.9375,10.71875,10.875,9.481457710266113,803200
1984-08-24,10.75,10.875,10.71875,10.875,9.481457710266113,323200
1984-08-27,10.8125,10.84375,10.65625,10.71875,9.34522819519043,283200
1984-08-28,10.71875,10.71875,10.5625,10.625,9.263492584228516,227200
1984-08-29,10.625,10.65625,10.53125,10.59375,9.236247062683105,445200
1984-08-30,10.625,10.625,10.53125,10.53125,9.181754112243652,482000
1984-08-31,10.46875,10.5,10.375,10.5,9.154507637023926,223600
1984-09-04,10.4375,10.4375,10.28125,10.3125,8.991036415100098,288400
1984-09-05,10.25,10.3125,10.1875,10.3125,8.991036415100098,572000
1984-09-06,10.5,10.8125,10.4375,10.71875,9.34522819519043,640400
1984-09-07,10.65625,10.75,10.5,10.59375,9.236247062683105,549600
1984-09-10,10.4375,10.6875,10.34375,10.65625,9.290736198425293,954800
1984-09-11,10.8125,10.84375,10.75,10.75,9.372471809387207,629600
1984-09-12,10.75,11.09375,10.75,11.0,9.590437889099121,936800
1984-09-13,10.9375,11.25,10.84375,11.1875,9.753912925720215,1225600
1984-09-14,11.3125,11.34375,11.0625,11.09375,9.672176361083984,1430000
1984-09-17,10.9375,11.03125,10.84375,10.875,9.481457710266113,1129600
1984-09-18,10.8125,10.8125,10.65625,10.75,9.372471809387207,856800
1984-09-19,10.8125,11.15625,10.75,10.75,9.372471809387207,1492400
1984-09-20,10.75,11.0,10.25,10.25,8.936544418334961,722000
1984-09-21,9.5,9.84375,9.34375,9.4375,8.228158950805664,7544000
1984-09-24,9.5625,9.75,9.53125,9.75,8.500617980957031,3768800
1984-09-25,9.875,9.9375,9.75,9.84375,8.582356452941895,2547200
1984-09-26,9.90625,10.125,9.84375,10.0,8.718576431274414,2346400
1984-09-27,10.0625,10.21875,10.0625,10.1875,8.882051467895508,1204000
1984-09-28,10.15625,10.21875,10.0,10.15625,8.854805946350098,1290400
1984-10-01,10.09375,10.09375,9.90625,9.90625,8.636842727661133,514000
1984-10-02,9.90625,9.96875,9.5,9.625,8.39163589477539,861200
1984-10-03,9.6875,9.875,9.5625,9.8125,8.555106163024902,1848400
1984-10-04,9.84375,9.96875,9.84375,9.9375,8.664091110229492,562800
1984-10-05,9.96875,9.96875,9.84375,9.90625,8.636842727661133,785600
1984-10-08,9.875,9.875,9.8125,9.84375,8.582356452941895,205200
1984-10-09,9.84375,9.90625,9.75,9.84375,8.582356452941895,550000
1984-10-10,9.8125,9.8125,9.59375,9.8125,8.555106163024902,1628400
1984-10-11,9.84375,9.84375,9.71875,9.78125,8.527865409851074,656400
1984-10-12,9.84375,10.0,9.78125,9.90625,8.636842727661133,910000
1984-10-15,9.9375,10.09375,9.90625,10.0,8.718576431274414,695600
1984-10-16,10.0625,10.09375,9.96875,10.0,8.718576431274414,677200
1984-10-17,9.9375,10.0,9.90625,9.96875,8.691337585449219,320800
1984-10-18,10.03125,10.53125,10.03125,10.53125,9.181754112243652,1516400
1984-10-19,10.78125,10.8125,10.40625,10.46875,9.127266883850098,1940400
1984-10-22,10.46875,10.5,10.34375,10.40625,9.072772026062012,301200
1984-10-23,10.4375,10.5625,10.28125,10.34375,9.018274307250977,649200
1984-10-24,10.28125,10.3125,10.0625,10.125,8.827561378479004,553200
1984-10-25,10.0625,10.0625,9.5625,9.625,8.39163589477539,1472400
1984-10-26,9.1875,9.375,9.15625,9.1875,8.010196685791016,2300000
1984-10-29,9.21875,9.4375,9.21875,9.28125,8.091933250427246,1614000
1984-10-30,9.34375,9.71875,9.34375,9.625,8.39163589477539,652400
1984-10-31,9.6875,9.6875,9.4375,9.5,8.282649040222168,794000
1984-11-01,9.5,9.65625,9.46875,9.625,8.39163589477539,1261600
1984-11-02,9.59375,9.78125,9.5625,9.59375,8.364391326904297,804800
1984-11-05,9.59375,9.6875,9.53125,9.65625,8.418882369995117,547200
1984-11-06,9.6875,9.71875,9.53125,9.625,8.39163589477539,450400
1984-11-07,9.5625,9.65625,9.34375,9.375,8.173667907714844,351600
1984-11-08,9.375,9.4375,9.34375,9.4375,8.228158950805664,775600
1984-11-09,9.5,9.625,9.4375,9.4375,8.228158950805664,410000
1984-11-12,9.4375,9.4375,8.25,8.71875,7.6015119552612305,2774000
1984-11-13,8.6875,8.78125,8.40625,8.46875,7.383549690246582,2614400
1984-11-14,8.4375,8.46875,8.3125,8.46875,7.383549690246582,2093600
1984-11-15,8.46875,8.46875,8.3125,8.3125,7.247321128845215,680400
1984-11-16,8.375,8.40625,7.8125,8.0625,7.029353141784668,1398800
1984-11-19,8.125,8.3125,8.125,8.25,7.1928300857543945,572400
1984-11-20,8.25,8.5,8.21875,8.46875,7.383549690246582,871600
1984-11-21,8.5,8.5,8.3125,8.4375,7.356302738189697,732800
1984-11-23,8.46875,8.65625,8.4375,8.625,7.519778728485107,424400
1984-11-26,8.65625,8.6875,8.5625,8.59375,7.492529392242432,906800
1984-11-27,8.59375,8.625,8.53125,8.625,7.519778728485107,604000
1984-11-28,8.625,8.71875,8.59375,8.625,7.519778728485107,943200
1984-11-29,8.59375,8.625,8.46875,8.5,7.410793781280518,455600
1984-11-30,8.4375,8.4375,8.34375,8.375,7.301811218261719,596000
1984-12-03,8.375,8.46875,8.375,8.375,7.301811218261719,466800
1984-12-04,8.46875,8.59375,8.4375,8.5625,7.465285778045654,582400
1984-12-05,8.625,8.625,8.4375,8.46875,7.383549690246582,472400
1984-12-06,8.46875,8.53125,8.40625,8.5,7.410793781280518,695200
1984-12-07,8.53125,8.53125,8.46875,8.53125,7.438040733337402,603600
1984-12-10,8.53125,8.5625,8.46875,8.53125,7.438040733337402,239600
1984-12-11,8.5,8.53125,8.4375,8.46875,7.383549690246582,1032400
1984-12-12,8.5625,8.65625,8.53125,8.65625,7.547022819519043,662000
1984-12-13,8.65625,8.65625,8.40625,8.4375,7.356302738189697,533200
1984-12-14,8.4375,8.59375,8.375,8.5625,7.465285778045654,860400
1984-12-17,8.625,8.6875,8.59375,8.625,7.519778728485107,1308400
1984-12-18,8.75,9.125,8.75,9.03125,7.873966217041016,2082800
1984-12-19,8.9375,9.1875,8.84375,8.90625,7.764986991882324,1990800
1984-12-20,8.875,8.9375,8.25,8.28125,7.220075607299805,2588000
1984-12-21,8.0,8.375,7.875,8.28125,7.220075607299805,2214400
1984-12-24,8.5,8.59375,8.4375,8.5625,7.465285778045654,524400
1984-12-26,8.5625,8.65625,8.5,8.625,7.519778728485107,157200
1984-12-27,8.625,8.625,8.40625,8.5625,7.465285778045654,672800
1984-12-28,8.5,8.59375,8.46875,8.59375,7.492529392242432,420000
1984-12-31,8.65625,8.6875,8.5625,8.625,7.519778728485107,453200
1985-01-02,8.59375,8.59375,8.375,8.4375,7.356302738189697,489600
1985-01-03,8.375,8.625,8.375,8.4375,7.356302738189697,842400
1985-01-04,8.4375,8.53125,8.40625,8.5,7.410793781280518,213600
1985-01-07,8.5,8.5625,8.46875,8.5,7.410793781280518,248000
1985-01-08,8.46875,8.53125,8.40625,8.40625,7.329056262969971,304400
1985-01-09,8.375,8.40625,8.15625,8.21875,7.165582180023193,1324000
1985-01-10,8.21875,8.71875,8.125,8.59375,7.492529392242432,1138000
1985-01-11,8.5,8.6875,8.5,8.65625,7.547022819519043,853600
1985-01-14,8.625,8.96875,8.59375,8.875,7.737739086151123,902400
1985-01-15,8.96875,9.0625,8.9375,8.9375,7.792232513427734,1172000
1985-01-16,8.96875,9.25,8.96875,9.15625,7.982951641082764,1544800
1985-01-17,9.21875,9.25,9.03125,9.125,7.955704212188721,614000
1985-01-18,8.40625,8.90625,8.40625,8.78125,7.656003475189209,3105200
1985-01-21,8.84375,9.0625,8.78125,9.0625,7.901214599609375,658800
1985-01-22,9.125,9.21875,8.875,8.875,7.737739086151123,1975200
1985-01-23,8.75,8.8125,8.625,8.8125,7.683251857757568,1872000
1985-01-24,8.5625,8.59375,8.25,8.375,7.301811218261719,3090800
1985-01-25,8.3125,8.3125,7.84375,8.0625,7.029353141784668,3038800
1985-01-28,8.0625,8.28125,8.0,8.15625,7.111091613769531,4332000
1985-01-29,8.15625,8.46875,8.125,8.46875,7.383549690246582,1534400
1985-01-30,8.5625,8.6875,8.5,8.53125,7.438040733337402,1903200
1985-01-31,8.53125,8.53125,8.1875,8.375,7.301811218261719,1273600
1985-02-01,8.75,9.0625,8.75,8.90625,7.764986991882324,5916000
1985-02-04,8.78125,9.03125,8.75,9.03125,7.873966217041016,2178800
1985-02-05,8.96875,9.1875,8.96875,9.15625,7.982951641082764,1501200
1985-02-06,9.125,9.1875,8.96875,9.03125,7.873966217041016,1139600
1985-02-07,9.09375,9.25,9.0625,9.21875,8.037444114685059,2281600
1985-02-08,9.25,9.3125,9.125,9.3125,8.119176864624023,1212800
1985-02-11,9.3125,9.3125,9.03125,9.125,7.955704212188721,1542800
1985-02-12,9.0625,9.21875,9.0,9.125,7.955704212188721,1166000
1985-02-13,9.09375,9.4375,9.09375,9.40625,8.200915336608887,1757200
1985-02-14,9.46875,9.46875,9.25,9.25,8.064684867858887,1188000
1985-02-15,9.25,9.375,9.21875,9.25,8.064684867858887,895200
1985-02-19,9.21875,9.25,9.15625,9.1875,8.010196685791016,1190800
1985-02-20,9.21875,9.6875,9.1875,9.53125,8.309893608093262,1904400
1985-02-21,9.53125,9.53125,9.375,9.375,8.173667907714844,1096800
1985-02-22,9.4375,9.4375,9.28125,9.375,8.173667907714844,1977600
1985-02-25,9.3125,9.375,9.25,9.28125,8.091933250427246,412800
1985-02-26,9.3125,9.71875,9.3125,9.6875,8.446124076843262,1184800
1985-02-27,9.65625,9.71875,9.375,9.40625,8.200915336608887,1496000
1985-02-28,9.1875,9.3125,9.09375,9.25,8.064684867858887,2387200
1985-03-01,9.25,9.28125,8.75,8.75,7.628756999969482,2731200
1985-03-04,8.75,8.875,8.5625,8.59375,7.492529392242432,1419200
1985-03-05,8.65625,8.75,8.5,8.5,7.410793781280518,1563200
1985-03-06,8.53125,8.53125,8.4375,8.4375,7.356302738189697,1112000
1985-03-07,8.375,8.4375,8.34375,8.375,7.301811218261719,644800
1985-03-08,8.40625,8.5,8.40625,8.46875,7.383549690246582,844400
1985-03-11,8.40625,8.53125,8.40625,8.5,7.410793781280518,710400
1985-03-12,8.5,8.5625,8.46875,8.53125,7.438040733337402,646800
1985-03-13,8.53125,8.5625,8.34375,8.34375,7.2745680809021,528800
1985-03-14,8.375,8.53125,8.375,8.4375,7.356302738189697,1245600
1985-03-15,8.46875,8.46875,8.40625,8.4375,7.356302738189697,1066800
1985-03-18,8.40625,8.8125,8.40625,8.75,7.628756999969482,1748800
1985-03-19,8.75,8.75,8.5,8.59375,7.492529392242432,1123600
1985-03-20,8.625,8.6875,8.46875,8.46875,7.383549690246582,1196000
1985-03-21,8.65625,8.71875,8.59375,8.6875,7.5742645263671875,937200
1985-03-22,8.625,9.0,8.625,8.96875,7.8194780349731445,1032000
1985-03-25,8.875,8.875,8.71875,8.78125,7.656003475189209,1060000
1985-03-26,8.78125,8.96875,8.78125,8.90625,7.764986991882324,584000
1985-03-27,8.84375,9.03125,8.84375,9.03125,7.873966217041016,830400
1985-03-28,9.0,9.09375,8.78125,8.8125,7.683251857757568,549600
1985-03-29,8.8125,9.03125,8.8125,8.96875,7.8194780349731445,1060000
1985-04-01,9.0625,9.125,9.0,9.125,7.955704212188721,2151200
1985-04-02,9.125,9.125,9.03125,9.03125,7.873966217041016,1080000
1985-04-03,9.0,9.0625,8.90625,8.90625,7.764986991882324,432800
1985-04-04,8.90625,8.96875,8.90625,8.90625,7.764986991882324,633600
1985-04-08,8.9375,8.96875,8.84375,8.84375,7.71049690246582,842400
1985-04-09,8.75,8.75,8.59375,8.625,7.519778728485107,705200
1985-04-10,8.625,8.75,8.59375,8.625,7.519778728485107,1483200
1985-04-11,8.625,8.75,8.625,8.6875,7.5742645263671875,708000
1985-04-12,8.71875,8.875,8.6875,8.8125,7.683251857757568,540400
1985-04-15,8.875,8.96875,8.875,8.96875,7.8194780349731445,1003600
1985-04-16,9.1875,9.25,9.0,9.1875,8.010196685791016,2025600
1985-04-17,9.1875,9.25,9.125,9.25,8.064684867858887,658400
1985-04-18,9.3125,9.375,9.3125,9.34375,8.146425247192383,1109200
1985-04-19,9.3125,9.34375,9.1875,9.28125,8.091933250427246,842400
1985-04-22,9.25,9.25,9.0,9.125,7.955704212188721,910800
1985-04-23,9.125,9.28125,9.0625,9.28125,8.091933250427246,946000
1985-04-24,9.375,9.59375,9.375,9.46875,8.255404472351074,1815200
1985-04-25,9.5,9.9375,9.46875,9.84375,8.582356452941895,2444400
1985-04-26,9.84375,9.84375,9.59375,9.71875,8.473372459411621,886400
1985-04-29,9.65625,9.75,9.375,9.40625,8.200915336608887,1047200
1985-04-30,9.40625,9.4375,9.25,9.28125,8.091933250427246,1190000
1985-05-01,9.28125,9.40625,9.25,9.25,8.064684867858887,943600
1985-05-02,9.28125,9.46875,9.28125,9.46875,8.255404472351074,1102400
1985-05-03,9.71875,9.875,9.6875,9.84375,8.582356452941895,1376000
1985-05-06,9.84375,10.125,9.84375,10.09375,8.800314903259277,1945200
1985-05-07,9.96875,10.125,9.90625,9.96875,8.691337585449219,1175600
1985-05-08,9.96875,10.125,9.9375,10.09375,8.800314903259277,555200
1985-05-09,10.03125,10.625,10.0,10.5,9.154507637023926,1644400
1985-05-10,10.6875,10.75,10.5,10.625,9.263492584228516,3365600
1985-05-13,10.59375,10.59375,10.21875,10.34375,9.018274307250977,1372400
1985-05-14,10.375,10.5,10.15625,10.15625,8.854805946350098,1496000
1985-05-15,10.15625,10.46875,10.15625,10.3125,8.991036415100098,1205600
1985-05-16,10.34375,10.40625,10.28125,10.34375,9.018274307250977,971600
1985-05-17,10.40625,10.40625,10.28125,10.375,9.045525550842285,575600
1985-05-20,10.5,10.625,10.25,10.25,8.936544418334961,1478000
1985-05-21,10.1875,10.1875,9.875,10.0,8.718576431274414,2593600
1985-05-22,10.03125,10.09375,9.96875,10.09375,8.800314903259277,1293200
1985-05-23,10.125,10.15625,10.0625,10.125,8.827561378479004,472000
1985-05-24,10.15625,10.25,10.15625,10.1875,8.882051467895508,418400
1985-05-28,10.1875,10.25,10.0625,10.25,8.936544418334961,289600
1985-05-29,10.25,10.25,10.15625,10.25,8.936544418334961,438400
1985-05-30,10.21875,10.25,10.09375,10.1875,8.882051467895508,1160400
1985-05-31,10.25,11.03125,10.1875,10.875,9.481457710266113,2104000
1985-06-03,10.90625,10.90625,10.65625,10.75,9.372471809387207,1148800
1985-06-04,10.75,10.90625,10.75,10.84375,9.45421314239502,827200
1985-06-05,10.90625,10.90625,10.78125,10.90625,9.508703231811523,601600
1985-06-06,10.875,11.1875,10.78125,11.1875,9.753912925720215,616400
1985-06-07,11.1875,11.3125,11.125,11.1875,9.753912925720215,1344000
1985-06-10,11.15625,11.15625,10.8125,10.84375,9.45421314239502,590000
1985-06-11,10.875,10.875,10.5625,10.65625,9.290736198425293,613600
1985-06-12,10.65625,10.65625,10.46875,10.46875,9.127266883850098,972000
1985-06-13,10.46875,10.53125,10.375,10.375,9.045525550842285,614800
1985-06-14,10.4375,10.71875,10.40625,10.71875,9.34522819519043,466800
1985-06-17,10.71875,10.71875,10.5625,10.59375,9.236247062683105,361600
1985-06-18,10.625,10.6875,10.5625,10.625,9.263492584228516,339200
1985-06-19,10.625,10.625,10.53125,10.5625,9.209000587463379,316400
1985-06-20,10.5625,10.625,10.375,10.4375,9.100019454956055,602400
1985-06-21,10.40625,10.84375,10.40625,10.8125,9.426965713500977,926000
1985-06-24,10.75,10.78125,10.65625,10.71875,9.34522819519043,595600
1985-06-25,10.6875,10.96875,10.6875,10.90625,9.508703231811523,828000
1985-06-26,10.875,10.90625,10.65625,10.71875,9.34522819519043,1664800
1985-06-27,10.75,11.0625,10.75,11.0625,9.644927024841309,754800
1985-06-28,11.0,11.21875,10.9375,11.09375,9.672176361083984,670400
1985-07-01,10.96875,10.96875,10.84375,10.9375,9.535947799682617,626000
1985-07-02,11.0,11.03125,10.90625,10.90625,9.508703231811523,568800
1985-07-03,10.96875,11.0625,10.9375,10.9375,9.535947799682617,422000
1985-07-05,11.0,11.09375,10.9375,11.0625,9.644927024841309,194800
1985-07-08,11.09375,11.09375,10.96875,11.0,9.590437889099121,500800
1985-07-09,10.9375,11.03125,10.875,11.0,9.590437889099121,334000
1985-07-10,10.96875,11.03125,10.9375,11.03125,9.617687225341797,248800
1985-07-11,11.0,11.125,11.0,11.03125,9.617687225341797,613600
1985-07-12,11.0625,11.5,11.03125,11.40625,9.94462776184082,1836000
1985-07-15,11.4375,11.84375,11.40625,11.65625,10.162598609924316,2156400
1985-07-16,11.65625,11.8125,11.53125,11.78125,10.271578788757324,2175600
1985-07-17,12.5625,12.625,12.375,12.5,10.898226737976074,6280000
1985-07-18,12.4375,13.0625,12.34375,12.84375,11.197931289672852,2589200
1985-07-19,12.65625,12.84375,12.59375,12.78125,11.143438339233398,1013200
1985-07-22,12.6875,12.8125,12.65625,12.8125,11.170680046081543,909600
1985-07-23,12.8125,12.8125,12.375,12.4375,10.843730926513672,2936000
1985-07-24,12.5,12.5,12.21875,12.28125,10.707503318786621,6980000
1985-07-25,12.28125,12.3125,11.9375,12.0625,10.516789436340332,1362800
1985-07-26,12.09375,12.15625,12.0625,12.125,10.571281433105469,544400
1985-07-29,12.09375,12.125,11.875,11.875,10.353312492370605,650800
1985-07-30,12.0,12.25,11.90625,12.21875,10.653016090393066,1044800
1985-07-31,12.3125,12.6875,12.3125,12.5,10.898226737976074,2504000
1985-08-01,12.53125,12.625,12.4375,12.53125,10.925469398498535,464000
1985-08-02,12.5,12.53125,12.34375,12.375,10.789240837097168,384800
1985-08-05,12.40625,12.40625,12.125,12.21875,10.653016090393066,611200
1985-08-06,12.21875,12.21875,12.03125,12.0625,10.516789436340332,525200
1985-08-07,12.0,12.0625,11.9375,11.96875,10.43505573272705,560400
1985-08-08,11.9375,12.1875,11.9375,12.09375,10.544034004211426,863200
1985-08-09,12.09375,12.1875,12.09375,12.15625,10.598528861999512,356400
1985-08-12,12.125,12.125,11.9375,11.9375,10.407803535461426,566000
1985-08-13,11.90625,12.0625,11.90625,12.03125,10.489545822143555,860800
1985-08-14,12.0,12.21875,12.0,12.03125,10.489545822143555,2504800
1985-08-15,12.03125,12.03125,11.75,11.78125,10.271578788757324,1736800
1985-08-16,11.78125,11.78125,11.625,11.625,10.135350227355957,370000
1985-08-19,11.71875,11.8125,11.65625,11.75,10.244332313537598,687200
1985-08-20,11.78125,11.96875,11.75,11.96875,10.43505573272705,996000
1985-08-21,11.96875,12.21875,11.96875,12.0625,10.516789436340332,1287600
1985-08-22,12.125,12.25,11.90625,11.9375,10.407803535461426,472400
1985-08-23,11.90625,11.9375,11.8125,11.875,10.353312492370605,408000
1985-08-26,11.84375,11.9375,11.84375,11.9375,10.407803535461426,292800
1985-08-27,11.875,11.96875,11.84375,11.9375,10.407803535461426,420400
1985-08-28,11.96875,12.375,11.96875,12.375,10.789240837097168,1158800
1985-08-29,12.375,12.375,12.1875,12.1875,10.625770568847656,360000
1985-08-30,12.15625,12.15625,12.0625,12.09375,10.544034004211426,593200
1985-09-03,12.03125,12.09375,12.0,12.0,10.46229362487793,311600
1985-09-04,11.9375,12.0625,11.9375,11.96875,10.43505573272705,658400
1985-09-05,11.90625,11.9375,11.75,11.84375,10.326067924499512,339600
1985-09-06,11.8125,12.125,11.8125,12.0625,10.516789436340332,871200
1985-09-09,12.125,12.21875,12.03125,12.09375,10.544034004211426,698000
1985-09-10,12.03125,12.09375,11.9375,11.96875,10.43505573272705,553600
1985-09-11,11.90625,12.0,11.8125,11.8125,10.298818588256836,532000
1985-09-12,11.875,11.875,11.6875,11.71875,10.217086791992188,420400
1985-09-13,11.6875,11.71875,11.375,11.5625,10.080863952636719,988800
1985-09-16,11.625,11.6875,11.59375,11.6875,10.189835548400879,452000
1985-09-17,11.6875,11.9375,11.65625,11.9375,10.407803535461426,806800
1985-09-18,11.875,11.9375,11.625,11.6875,10.189835548400879,1502400
1985-09-19,11.75,11.9375,11.5625,11.84375,10.326067924499512,2056000
1985-09-20,11.90625,12.125,11.875,11.875,10.353312492370605,691200
1985-09-23,12.0,12.125,12.0,12.0,10.46229362487793,777200
1985-09-24,12.0,12.0625,11.9375,12.0,10.46229362487793,536400
1985-09-25,11.9375,11.9375,11.75,11.8125,10.298818588256836,802800
1985-09-26,11.6875,11.75,11.25,11.25,9.808403968811035,781600
1985-09-30,11.0,11.0625,10.75,10.96875,9.563193321228027,2943200
1985-10-01,11.03125,11.375,11.03125,11.34375,9.89013671875,1264400
1985-10-02,11.28125,11.28125,10.9375,10.96875,9.563193321228027,1440800
1985-10-03,10.96875,11.0625,10.90625,11.0625,9.644927024841309,737600
1985-10-04,11.0625,11.09375,10.875,11.09375,9.672176361083984,570400
1985-10-07,11.03125,11.03125,10.8125,10.875,9.481457710266113,414800
1985-10-08,10.875,10.9375,10.71875,10.75,9.372471809387207,692400
1985-10-09,10.78125,10.78125,10.4375,10.5625,9.209000587463379,1039200
1985-10-10,10.625,10.65625,10.25,10.25,8.936544418334961,876800
1985-10-11,10.34375,10.8125,10.34375,10.75,9.372471809387207,1387200
1985-10-14,10.75,11.1875,10.75,11.125,9.699422836303711,947200
1985-10-15,11.1875,11.34375,11.1875,11.3125,9.862892150878906,1227200
1985-10-16,11.25,11.3125,11.1875,11.3125,9.862892150878906,620000
1985-10-17,11.375,11.375,11.25,11.25,9.808403968811035,580800
1985-10-18,11.28125,11.28125,11.125,11.1875,9.753912925720215,374400
1985-10-21,11.15625,11.1875,11.0625,11.0625,9.644927024841309,635200
1985-10-22,11.03125,11.28125,11.03125,11.25,9.808403968811035,657600
1985-10-23,11.25,11.3125,11.1875,11.3125,9.862892150878906,866000
1985-10-24,11.3125,11.71875,11.3125,11.6875,10.189835548400879,1312400
1985-10-25,11.65625,11.9375,11.65625,11.75,10.244332313537598,713600
1985-10-28,11.71875,11.71875,11.5625,11.5625,10.080863952636719,694800
1985-10-29,11.59375,11.65625,11.5,11.5625,10.080863952636719,565200
1985-10-30,11.625,11.6875,11.5625,11.5625,10.080863952636719,288400
1985-10-31,11.5625,11.5625,11.46875,11.5625,10.080863952636719,521200
1985-11-01,11.5,11.65625,11.46875,11.625,10.135350227355957,304800
1985-11-04,11.6875,11.6875,11.5625,11.59375,10.108105659484863,270800
1985-11-05,11.625,12.1875,11.59375,12.125,10.571281433105469,1622000
1985-11-06,12.4375,12.5,12.25,12.34375,10.761999130249023,944400
1985-11-07,12.28125,12.3125,12.09375,12.125,10.571281433105469,736000
1985-11-08,12.0625,12.125,11.90625,12.0625,10.516789436340332,576800
1985-11-11,12.0,12.46875,11.96875,12.46875,10.870979309082031,566400
1985-11-12,12.4375,12.5625,12.3125,12.4375,10.843730926513672,1511600
1985-11-13,12.4375,12.59375,12.40625,12.53125,10.925469398498535,433600
1985-11-14,12.5,13.1875,12.5,13.125,11.443138122558594,1618000
1985-11-15,13.03125,13.125,12.8125,12.875,11.22517204284668,771200
1985-11-18,12.875,12.9375,12.5625,12.71875,11.088939666748047,473600
1985-11-19,12.78125,12.78125,12.5,12.625,11.007204055786133,598800
1985-11-20,12.6875,12.84375,12.65625,12.84375,11.197931289672852,245600
1985-11-21,12.90625,13.375,12.90625,13.375,11.661101341247559,1701200
1985-11-22,13.3125,13.3125,13.15625,13.15625,11.470382690429688,970000
1985-11-25,13.1875,13.1875,12.90625,12.9375,11.2796630859375,618400
1985-11-26,13.0,13.0,12.8125,12.90625,11.252413749694824,388800
1985-11-27,12.90625,13.5625,12.90625,13.5625,11.824578285217285,656800
1985-11-29,13.59375,14.1875,13.53125,13.71875,11.960803031921387,523600
1985-12-02,13.75,13.75,13.5,13.5625,11.824578285217285,613600
1985-12-03,13.5625,13.59375,13.53125,13.53125,11.79732894897461,391200
1985-12-04,13.53125,14.1875,13.53125,14.1875,12.369489669799805,962000
1985-12-05,14.21875,14.59375,14.21875,14.375,12.532955169677734,1444800
1985-12-06,14.125,14.25,13.875,13.875,12.097031593322754,1161600
1985-12-09,13.96875,14.09375,13.4375,13.53125,11.79732894897461,1652800
1985-12-10,13.6875,14.03125,13.625,13.875,12.097031593322754,1649600
1985-12-11,14.0,14.15625,13.9375,14.0625,12.260503768920898,1175200
1985-12-12,14.0625,14.3125,14.0625,14.1875,12.369489669799805,3084800
1985-12-13,14.4375,15.21875,14.40625,14.875,12.968888282775879,2015600
1985-12-16,14.9375,14.96875,14.6875,14.6875,12.805416107177734,1229200
1985-12-17,14.5625,14.71875,14.4375,14.6875,12.805416107177734,1349600
1985-12-18,14.5625,14.78125,14.25,14.375,12.532955169677734,1181600
1985-12-19,14.3125,14.40625,14.15625,14.1875,12.369489669799805,956000
1985-12-20,14.25,14.5,14.125,14.28125,12.451218605041504,711200
1985-12-23,14.3125,14.5,14.21875,14.4375,12.58745002746582,698400
1985-12-24,14.375,14.375,14.125,14.375,12.532955169677734,593200
1985-12-26,14.46875,14.59375,14.40625,14.59375,12.72368049621582,624400
1985-12-27,14.65625,15.03125,14.65625,14.96875,13.050625801086426,882400
1985-12-30,15.03125,15.25,15.03125,15.125,13.18685245513916,820800
1985-12-31,15.15625,15.21875,15.0625,15.15625,13.214096069335938,545600
1986-01-02,15.09375,15.09375,14.71875,14.84375,12.941644668579102,904800
1986-01-03,14.6875,14.8125,14.65625,14.71875,12.832661628723145,1015600
1986-01-06,14.78125,14.8125,14.28125,14.4375,12.58745002746582,833200
1986-01-07,14.5,14.90625,14.5,14.90625,12.996132850646973,1042400
1986-01-08,14.96875,15.09375,14.5,14.5,12.641940116882324,1368400
1986-01-09,14.125,14.3125,14.0,14.3125,12.478469848632812,3106400
1986-01-10,14.375,14.59375,14.03125,14.15625,12.342243194580078,883600
1986-01-13,14.03125,14.21875,14.03125,14.09375,12.287751197814941,1198400
1986-01-14,14.09375,14.1875,13.875,13.90625,12.12428092956543,1017600
1986-01-15,13.96875,14.28125,13.9375,14.21875,12.396730422973633,742400
1986-01-16,14.3125,14.375,14.15625,14.25,12.423977851867676,966400
1986-01-17,14.1875,14.9375,14.1875,14.875,12.968888282775879,1856400
1986-01-20,14.8125,14.8125,14.5,14.75,12.859903335571289,1214000
1986-01-21,14.78125,14.78125,14.5,14.6875,12.805416107177734,904400
1986-01-22,14.65625,14.875,14.65625,14.75,12.859903335571289,1619600
1986-01-23,14.71875,15.28125,14.71875,15.09375,13.159605979919434,1351200
1986-01-24,15.03125,15.5,15.03125,15.46875,13.486555099487305,1526400
1986-01-27,15.875,16.0,15.09375,15.84375,13.813502311706543,1639200
1986-01-28,15.84375,15.875,15.75,15.875,13.840744972229004,742400
1986-01-29,16.0625,16.46875,16.0,16.15625,14.085956573486328,1316000
1986-01-30,16.21875,16.28125,15.84375,15.90625,13.867995262145996,852400
1986-01-31,15.96875,16.25,15.875,16.21875,14.140447616577148,750400
1986-02-03,16.15625,16.375,16.15625,16.15625,14.085956573486328,865600
1986-02-04,16.25,16.4375,16.03125,16.15625,14.085956573486328,969600
1986-02-05,16.09375,16.125,15.84375,15.96875,13.922479629516602,574000
1986-02-06,15.9375,16.0,15.75,15.8125,13.7862548828125,637200
1986-02-07,15.8125,15.84375,15.65625,15.8125,13.7862548828125,650000
1986-02-10,15.875,16.25,15.84375,16.21875,14.140447616577148,702400
1986-02-11,16.21875,16.25,15.9375,16.125,14.058706283569336,707600
1986-02-12,16.1875,16.21875,16.125,16.15625,14.085956573486328,292800
1986-02-13,16.21875,16.4375,16.0625,16.21875,14.140447616577148,672000
1986-02-14,16.28125,16.40625,16.25,16.375,14.276674270629883,776000
1986-02-18,16.46875,16.875,16.375,16.875,14.712605476379395,717200
1986-02-19,16.8125,17.25,16.8125,17.0,14.821587562561035,693200
1986-02-20,16.9375,17.46875,16.8125,17.46875,15.230269432067871,744800
1986-02-21,17.875,18.15625,17.84375,18.0625,15.747932434082031,1677600
1986-02-24,18.03125,18.03125,17.71875,17.75,15.475478172302246,870000
1986-02-25,17.6875,17.6875,17.21875,17.4375,15.203023910522461,781200
1986-02-26,17.3125,17.4375,17.09375,17.3125,15.094045639038086,865600
1986-02-27,17.3125,17.8125,17.3125,17.75,15.475478172302246,611200
1986-02-28,17.8125,18.0625,17.78125,17.875,15.584465026855469,1130400
1986-03-03,17.8125,17.96875,17.625,17.71875,15.448233604431152,486000
1986-03-04,17.6875,17.96875,17.65625,17.71875,15.448233604431152,379200
1986-03-05,17.71875,17.71875,17.25,17.46875,15.230269432067871,432000
1986-03-06,17.6875,17.71875,17.375,17.625,15.366503715515137,493600
1986-03-07,17.6875,17.875,17.4375,17.8125,15.529973983764648,587600
1986-03-10,17.78125,17.8125,17.46875,17.59375,15.339247703552246,443600
1986-03-11,17.5,17.75,17.5,17.5625,15.312006950378418,686000
1986-03-12,17.8125,18.03125,17.75,17.96875,15.666197776794434,592000
1986-03-13,17.9375,18.4375,17.90625,18.34375,15.993144035339355,536800
1986-03-14,18.28125,18.3125,17.78125,18.0,15.693448066711426,780800
1986-03-17,17.78125,17.78125,17.3125,17.34375,15.121285438537598,1351200
1986-03-18,15.75,16.8125,15.71875,16.5,14.385660171508789,7408000
1986-03-19,16.625,16.65625,16.25,16.3125,14.222183227539062,2369600
1986-03-20,16.375,16.40625,15.75,16.03125,13.976968765258789,4640000
1986-03-21,16.0,16.0,15.5,15.75,13.731766700744629,3488400
1986-03-24,15.65625,15.8125,15.0,15.5625,13.568296432495117,4544000
1986-03-25,15.59375,15.59375,15.375,15.4375,13.459308624267578,1698400
1986-03-26,15.4375,15.75,15.40625,15.75,13.731766700744629,2462000
1986-03-27,16.5,16.625,16.3125,16.625,14.49464225769043,3364800
1986-03-31,16.6875,17.15625,16.6875,17.03125,14.848835945129395,1554000
1986-04-01,17.0,17.03125,16.4375,16.6875,14.5491361618042,2139600
1986-04-02,16.5625,16.8125,16.53125,16.6875,14.5491361618042,1173600
1986-04-03,17.0,17.0625,16.59375,16.65625,14.52188777923584,1258400
1986-04-04,16.71875,16.84375,16.25,16.34375,14.249428749084473,1558000
1986-04-07,16.25,16.34375,16.125,16.3125,14.222183227539062,1584800
1986-04-08,16.3125,16.3125,15.9375,16.0625,14.00422191619873,2058800
1986-04-09,16.0625,16.15625,15.96875,15.96875,13.922479629516602,1999600
1986-04-10,16.0,16.09375,15.875,15.875,13.840744972229004,1596800
1986-04-11,16.0,16.03125,15.0625,15.4375,13.459308624267578,1665200
1986-04-14,15.40625,15.71875,15.28125,15.6875,13.677271842956543,1124000
1986-04-15,15.5,15.5625,15.125,15.21875,13.268592834472656,1832400
1986-04-16,15.4375,15.875,15.40625,15.875,13.840744972229004,1537200
1986-04-17,16.0,16.1875,16.0,16.09375,14.031465530395508,2060400
1986-04-18,16.21875,16.96875,15.875,15.96875,13.922479629516602,1128000
1986-04-21,16.0,16.03125,15.84375,15.9375,13.89523696899414,1370800
1986-04-22,16.125,16.125,15.71875,15.75,13.731766700744629,1091200
1986-04-23,15.75,15.875,15.5625,15.75,13.731766700744629,880800
1986-04-24,15.71875,16.0625,15.6875,15.9375,13.89523696899414,776800
1986-04-25,15.96875,15.96875,15.25,15.5625,13.568296432495117,1403600
1986-04-28,15.46875,15.59375,15.40625,15.46875,13.486555099487305,614800
1986-04-29,15.53125,15.5625,15.1875,15.3125,13.350326538085938,708400
1986-04-30,15.4375,15.46875,15.15625,15.21875,13.268592834472656,617200
1986-05-01,15.28125,15.6875,15.15625,15.6875,13.677271842956543,588800
1986-05-02,15.75,15.75,15.4375,15.625,13.622786521911621,640800
1986-05-05,15.625,15.8125,15.625,15.78125,13.759007453918457,491200
1986-05-06,16.15625,16.15625,15.6875,15.71875,13.704520225524902,626400
1986-05-07,15.75,15.75,15.28125,15.4375,13.459308624267578,313200
1986-05-08,15.46875,15.53125,15.1875,15.21875,13.268592834472656,816800
1986-05-09,15.25,15.25,14.75,14.8125,12.914392471313477,2367200
1986-05-12,14.75,14.78125,14.25,14.75,12.859903335571289,3077200
1986-05-13,14.75,15.15625,14.75,15.09375,13.159605979919434,2650000
1986-05-14,15.125,15.5,15.125,15.5,13.513800621032715,1204000
1986-05-15,15.5,15.5,14.875,14.9375,13.023380279541016,1260400
1986-05-16,15.0,15.1875,14.96875,15.09375,13.159605979919434,621200
1986-05-19,15.15625,15.15625,14.96875,15.0625,13.13236141204834,373200
1986-05-20,15.0625,15.25,15.0,15.25,13.295832633972168,436800
1986-05-21,15.25,15.3125,15.15625,15.1875,13.241345405578613,326400
1986-05-22,15.1875,15.6875,15.1875,15.59375,13.595531463623047,968400
1986-05-23,15.65625,15.71875,15.5625,15.71875,13.704520225524902,674400
1986-05-27,16.0,16.03125,15.78125,15.90625,13.867995262145996,789200
1986-05-28,15.96875,16.03125,15.875,16.0,13.94973373413086,612800
1986-05-29,15.9375,16.03125,15.9375,16.0,13.94973373413086,586800
1986-05-30,16.0,16.0,15.59375,15.625,13.622786521911621,614000
1986-06-02,15.5625,15.5625,15.25,15.375,13.40481948852539,759600
1986-06-03,15.375,15.5,15.1875,15.25,13.295832633972168,921600
1986-06-04,15.3125,15.34375,14.84375,14.9375,13.023380279541016,1209600
1986-06-05,14.9375,15.15625,14.875,15.15625,13.214096069335938,1623600
1986-06-06,15.1875,15.1875,15.0,15.09375,13.159605979919434,614400
1986-06-09,15.09375,15.09375,14.78125,14.84375,12.941644668579102,546000
1986-06-10,14.75,14.9375,14.625,14.625,12.750919342041016,844000
1986-06-11,14.4375,14.625,14.40625,14.5,12.641940116882324,1018800
1986-06-12,14.5,14.90625,14.40625,14.84375,12.941644668579102,1298000
1986-06-13,14.9375,15.09375,14.75,14.8125,12.914392471313477,612800
1986-06-16,14.8125,14.875,14.59375,14.875,12.968888282775879,339200
1986-06-17,14.875,14.875,14.40625,14.5,12.641940116882324,880000
1986-06-18,14.5625,14.59375,14.40625,14.53125,12.66918659210205,511600
1986-06-19,14.5,14.875,14.5,14.6875,12.805416107177734,768800
1986-06-20,14.625,14.75,14.53125,14.75,12.859903335571289,474800
1986-06-23,14.6875,14.6875,14.3125,14.46875,12.614697456359863,733200
1986-06-24,14.53125,14.90625,14.53125,14.6875,12.805416107177734,732800
1986-06-25,14.8125,14.84375,14.59375,14.625,12.750919342041016,908400
1986-06-26,14.6875,14.6875,14.3125,14.375,12.532955169677734,508400
1986-06-27,14.375,14.375,13.8125,13.875,12.097031593322754,2282400
1986-06-30,13.9375,14.3125,13.875,14.3125,12.478469848632812,1228000
1986-07-01,14.625,14.65625,14.34375,14.375,12.532955169677734,1464400
1986-07-02,14.40625,14.6875,14.375,14.53125,12.66918659210205,1187200
1986-07-03,14.59375,14.84375,14.4375,14.625,12.750919342041016,806400
1986-07-07,14.5625,14.5625,14.0625,14.125,12.314994812011719,1423600
1986-07-08,14.0625,14.0625,13.75,13.9375,12.151517868041992,1582400
1986-07-09,13.875,13.875,13.78125,13.84375,12.069785118103027,743600
1986-07-10,13.84375,13.84375,13.4375,13.6875,11.93355941772461,1039200
1986-07-11,13.65625,13.6875,13.4375,13.5625,11.824578285217285,797200
1986-07-14,13.125,13.28125,13.0625,13.21875,11.524871826171875,802400
1986-07-15,13.09375,13.125,12.75,12.96875,11.306907653808594,2752000
1986-07-16,14.125,14.125,13.5625,13.78125,12.015298843383789,3084800
1986-07-17,13.84375,14.09375,13.8125,14.0,12.206014633178711,964800
1986-07-18,14.03125,14.8125,13.875,14.71875,12.832661628723145,1764800
1986-07-21,14.4375,14.53125,14.0625,14.1875,12.369489669799805,460800
1986-07-22,14.0625,14.34375,13.96875,14.28125,12.451218605041504,922400
1986-07-23,14.28125,14.28125,13.96875,14.125,12.314994812011719,847600
1986-07-24,14.15625,14.34375,14.03125,14.09375,12.287751197814941,671200
1986-07-25,14.15625,14.3125,13.90625,14.0,12.206014633178711,623600
1986-07-28,13.96875,14.0625,13.96875,14.0,12.206014633178711,1143200
1986-07-29,14.0,14.03125,13.84375,13.9375,12.151517868041992,1788800
1986-07-30,13.875,13.96875,13.75,13.78125,12.015298843383789,1614000
1986-07-31,13.8125,13.875,13.5,13.53125,11.79732894897461,856000
1986-08-01,13.53125,13.53125,13.15625,13.25,11.55212116241455,2790800
1986-08-04,13.1875,13.375,13.125,13.25,11.55212116241455,726800
1986-08-05,13.28125,13.625,13.28125,13.5,11.770085334777832,982000
1986-08-06,13.5,13.6875,13.5,13.59375,11.85181999206543,547600
1986-08-07,13.65625,13.875,13.5625,13.75,11.988044738769531,802000
1986-08-08,13.75,13.78125,13.5,13.6875,11.93355941772461,554800
1986-08-11,13.71875,14.1875,13.71875,14.15625,12.342243194580078,1256400
1986-08-12,14.25,14.46875,14.1875,14.46875,12.614697456359863,1099200
1986-08-13,14.46875,14.71875,14.4375,14.625,12.750919342041016,904800
1986-08-14,14.625,14.6875,14.5625,14.625,12.750919342041016,617200
1986-08-15,14.6875,14.6875,14.59375,14.65625,12.77817153930664,603200
1986-08-18,14.59375,14.59375,14.375,14.5,12.641940116882324,356800
1986-08-19,14.5,14.5,13.65625,14.25,12.423977851867676,3088000
1986-08-20,14.375,14.4375,14.0625,14.1875,12.369489669799805,1460800
1986-08-21,14.6875,14.71875,14.40625,14.65625,12.77817153930664,997200
1986-08-22,14.625,14.6875,14.5625,14.625,12.750919342041016,223600
1986-08-25,14.625,14.625,14.28125,14.46875,12.614697456359863,1370800
1986-08-26,14.5,15.21875,14.4375,15.15625,13.214096069335938,1290000
1986-08-27,15.21875,15.875,15.15625,15.78125,13.759007453918457,2920400
1986-08-28,15.25,15.40625,15.15625,15.1875,13.241345405578613,1837200
1986-08-29,15.0625,15.15625,14.90625,15.0625,13.13236141204834,728000
1986-09-02,14.96875,15.0625,14.8125,14.84375,12.941644668579102,593200
1986-09-03,14.8125,15.03125,14.71875,15.03125,13.105118751525879,1066400
1986-09-04,15.25,15.4375,15.25,15.4375,13.459308624267578,1686400
1986-09-05,15.1875,15.1875,14.78125,14.9375,13.023380279541016,1394800
1986-09-08,14.875,14.875,14.3125,14.46875,12.614697456359863,786000
1986-09-09,14.40625,14.59375,14.25,14.25,12.423977851867676,1393200
1986-09-10,14.34375,14.34375,13.96875,14.0,12.206014633178711,882000
1986-09-11,14.0625,14.0625,13.21875,13.40625,11.688348770141602,2857200
1986-09-12,13.34375,13.5625,12.875,13.28125,11.579368591308594,2110800
1986-09-15,13.34375,13.875,13.34375,13.875,12.097031593322754,1792800
1986-09-16,13.75,13.75,13.5,13.59375,11.85181999206543,672800
1986-09-17,13.65625,13.65625,13.34375,13.34375,11.633859634399414,612400
1986-09-18,13.40625,13.9375,13.34375,13.75,11.988044738769531,1142800
1986-09-19,13.71875,13.75,13.53125,13.625,11.879067420959473,620400
1986-09-22,13.65625,13.96875,13.65625,13.9375,12.151517868041992,425200
1986-09-23,13.96875,14.0,13.78125,14.0,12.206014633178711,374800
1986-09-24,14.0,14.1875,13.90625,14.0,12.206014633178711,466400
1986-09-25,14.0,14.1875,13.9375,14.0625,12.260503768920898,1154000
1986-09-26,14.03125,14.15625,13.8125,13.875,12.097031593322754,657200
1986-09-29,15.5,16.25,14.5,15.9375,13.89523696899414,9840000
1986-09-30,15.9375,16.6875,15.84375,16.3125,14.222183227539062,6040000
1986-10-01,16.40625,16.625,16.3125,16.4375,14.331164360046387,3480000
1986-10-02,16.40625,16.46875,16.09375,16.28125,14.194936752319336,2176000
1986-10-03,16.5,16.5,16.125,16.3125,14.222183227539062,2786000
1986-10-06,16.25,16.8125,16.25,16.78125,14.630858421325684,1074400
1986-10-07,16.75,16.875,16.59375,16.71875,14.576372146606445,1739200
1986-10-08,16.71875,16.90625,16.65625,16.6875,14.5491361618042,2223200
1986-10-09,16.71875,16.8125,16.59375,16.65625,14.52188777923584,1429200
1986-10-10,16.625,16.65625,16.375,16.40625,14.303924560546875,514000
1986-10-13,16.34375,16.46875,16.28125,16.4375,14.331164360046387,475200
1986-10-14,16.375,16.5,16.1875,16.25,14.167695045471191,463600
1986-10-15,16.5,16.625,16.25,16.5625,14.44015121459961,974000
1986-10-16,16.59375,16.65625,16.46875,16.5,14.385660171508789,677600
1986-10-17,16.375,16.46875,16.3125,16.46875,14.358415603637695,548800
1986-10-20,16.46875,16.53125,16.25,16.5,14.385660171508789,1023200
1986-10-21,16.4375,16.46875,16.15625,16.40625,14.303924560546875,246000
1986-10-22,16.4375,16.46875,16.375,16.40625,14.303924560546875,1358400
1986-10-23,16.46875,16.65625,16.46875,16.59375,14.46739387512207,449200
1986-10-24,16.53125,16.59375,16.375,16.5,14.385660171508789,422800
1986-10-27,16.53125,16.84375,16.53125,16.78125,14.630858421325684,977200
1986-10-28,16.8125,17.1875,16.75,17.125,14.930571556091309,913600
1986-10-29,17.0625,17.46875,17.0,17.40625,15.175779342651367,751600
1986-10-30,17.4375,17.46875,16.9375,17.03125,14.848835945129395,2184400
1986-10-31,17.0625,17.0625,16.5625,16.75,14.603622436523438,1074400
1986-11-03,16.6875,16.96875,16.65625,16.8125,14.658112525939941,844000
1986-11-04,16.8125,16.84375,16.625,16.84375,14.685354232788086,1316000
1986-11-05,16.71875,16.96875,16.6875,16.84375,14.685354232788086,674400
1986-11-06,16.78125,16.875,16.75,16.75,14.603622436523438,797200
1986-11-07,16.78125,16.78125,16.5,16.625,14.49464225769043,853600
1986-11-10,16.625,16.625,16.5,16.5625,14.44015121459961,715600
1986-11-11,16.53125,16.6875,16.53125,16.625,14.49464225769043,486400
1986-11-12,16.65625,16.65625,16.59375,16.65625,14.52188777923584,1049200
1986-11-13,16.59375,16.75,16.59375,16.625,14.49464225769043,1096800
1986-11-14,16.5,16.71875,16.375,16.71875,14.576372146606445,715200
1986-11-17,16.40625,16.53125,16.34375,16.4375,14.331164360046387,250000
1986-11-18,16.40625,16.4375,16.0,16.03125,13.976968765258789,517600
1986-11-19,16.03125,16.25,16.03125,16.25,14.167695045471191,746800
1986-11-20,16.1875,16.5625,16.1875,16.5625,14.44015121459961,532800
1986-11-21,16.5,17.25,16.5,17.09375,14.903322219848633,1064800
1986-11-24,17.03125,17.0625,16.84375,17.0,14.821587562561035,569200
1986-11-25,16.84375,16.96875,16.65625,16.9375,14.767099380493164,478000
1986-11-26,17.0,17.15625,16.84375,17.15625,14.957815170288086,754000
1986-11-28,17.15625,17.15625,16.9375,17.125,14.930571556091309,491600
1986-12-01,16.65625,17.125,16.65625,17.125,14.930571556091309,642000
1986-12-02,17.09375,17.3125,17.0,17.25,15.039557456970215,746000
1986-12-03,17.375,17.59375,17.3125,17.34375,15.121285438537598,3170800
1986-12-04,17.40625,17.78125,17.40625,17.71875,15.448233604431152,1851200
1986-12-05,17.625,17.71875,17.34375,17.5,15.257513999938965,1496000
1986-12-08,17.46875,17.5,17.0625,17.34375,15.121285438537598,640400
1986-12-09,17.28125,17.46875,17.15625,17.25,15.039557456970215,524400
1986-12-10,17.1875,17.46875,17.1875,17.4375,15.203023910522461,614400
1986-12-11,17.40625,17.40625,17.25,17.34375,15.121285438537598,295200
1986-12-12,17.28125,17.4375,17.0625,17.0625,14.876081466674805,340000
1986-12-15,17.0,17.1875,16.875,17.1875,14.985058784484863,685200
1986-12-16,17.125,17.15625,16.625,16.625,14.49464225769043,1064800
1986-12-17,16.625,16.6875,16.46875,16.5,14.385660171508789,2222800
1986-12-18,16.5,16.59375,16.375,16.375,14.276674270629883,1069200
1986-12-19,16.4375,16.5625,16.375,16.5625,14.44015121459961,1136400
1986-12-22,16.3125,16.4375,16.28125,16.375,14.276674270629883,602400
1986-12-23,16.375,16.4375,15.9375,16.03125,13.976968765258789,1441600
1986-12-24,16.0625,16.25,16.03125,16.0625,14.00422191619873,644800
1986-12-26,16.09375,16.09375,16.03125,16.03125,13.976968765258789,206800
1986-12-29,15.96875,16.0,15.875,15.875,13.840744972229004,417600
1986-12-30,15.8125,15.9375,15.71875,15.875,13.840744972229004,559200
1986-12-31,15.875,15.90625,15.78125,15.78125,13.759007453918457,575600
1987-01-02,15.84375,16.125,15.8125,16.09375,14.031465530395508,470000
1987-01-05,16.15625,16.5625,16.125,16.46875,14.358415603637695,882400
1987-01-06,16.5,16.625,16.3125,16.375,14.276674270629883,840800
1987-01-07,16.25,16.3125,15.90625,16.25,14.167695045471191,5840000
1987-01-08,16.25,16.375,16.21875,16.34375,14.249428749084473,1003200
1987-01-09,16.5,16.875,16.40625,16.84375,14.685354232788086,674000
1987-01-12,16.5,16.6875,16.375,16.375,14.276674270629883,1232400
1987-01-13,16.1875,16.28125,15.625,15.75,13.731766700744629,3376400
1987-01-14,15.5,15.84375,15.125,15.40625,13.432063102722168,2843600
1987-01-15,15.40625,16.125,15.40625,15.90625,13.867995262145996,2352000
1987-01-16,15.9375,15.96875,15.75,15.96875,13.922479629516602,1038000
1987-01-19,15.9375,16.28125,15.8125,16.25,14.167695045471191,847600
1987-01-20,16.25,16.59375,16.0625,16.0625,14.00422191619873,1546000
1987-01-21,15.9375,16.3125,15.625,15.625,13.622786521911621,798800
1987-01-22,15.5625,16.125,15.5,16.03125,13.976968765258789,1332400
1987-01-23,16.25,16.3125,15.625,15.875,13.840744972229004,1526400
1987-01-26,15.75,15.78125,15.46875,15.5,13.513800621032715,936000
1987-01-27,15.53125,16.03125,15.4375,15.9375,13.89523696899414,1240400
1987-01-28,16.0,16.09375,15.75,15.90625,13.867995262145996,611600
1987-01-29,16.0625,16.09375,15.625,15.875,13.840744972229004,1221600
1987-01-30,15.65625,15.8125,15.59375,15.71875,13.704520225524902,871600
1987-02-02,15.59375,15.8125,15.59375,15.75,13.731766700744629,1089600
1987-02-03,15.875,15.96875,15.78125,15.96875,13.922479629516602,2358400
1987-02-04,16.0,16.0,15.875,15.90625,13.867995262145996,1314400
1987-02-05,16.0,16.0625,15.875,16.0,13.94973373413086,1960400
1987-02-06,15.9375,15.9375,15.65625,15.84375,13.813502311706543,1694800
1987-02-09,15.90625,15.90625,15.5625,15.59375,13.595531463623047,2063200
1987-02-10,15.53125,15.5625,15.1875,15.25,13.295832633972168,2103600
1987-02-11,15.375,15.6875,15.375,15.65625,13.650022506713867,1964800
1987-02-12,15.71875,15.71875,15.125,15.125,13.18685245513916,4320000
1987-02-13,15.0,15.0625,14.65625,14.9375,13.023380279541016,2132800
1987-02-17,14.90625,15.40625,14.90625,15.375,13.40481948852539,1771600
1987-02-18,16.25,16.28125,15.84375,16.0625,14.00422191619873,2810800
1987-02-19,16.125,16.40625,16.0625,16.28125,14.194936752319336,1945600
1987-02-20,16.34375,16.375,15.84375,16.25,14.167695045471191,1475600
1987-02-23,16.21875,16.21875,15.9375,16.125,14.058706283569336,1631600
1987-02-24,16.09375,16.25,16.03125,16.09375,14.031465530395508,1009200
1987-02-25,16.125,16.1875,16.0,16.0,13.94973373413086,744400
1987-02-26,15.75,15.84375,15.53125,15.59375,13.595531463623047,1750000
1987-02-27,15.4375,15.5,15.09375,15.4375,13.459308624267578,3209600
1987-03-02,15.5,15.6875,15.40625,15.6875,13.677271842956543,1800000
1987-03-03,15.625,15.65625,15.46875,15.46875,13.486555099487305,580400
1987-03-04,15.40625,16.125,15.21875,16.0,13.94973373413086,3848400
1987-03-05,15.96875,15.96875,15.71875,15.8125,13.7862548828125,1239600
1987-03-06,15.75,15.875,15.625,15.75,13.731766700744629,904800
1987-03-09,15.78125,15.8125,15.46875,15.53125,13.541043281555176,690400
1987-03-10,15.53125,15.6875,15.4375,15.65625,13.650022506713867,707600
1987-03-11,15.71875,15.71875,15.28125,15.34375,13.377567291259766,1041600
1987-03-12,15.0,15.0625,15.0,15.0,13.077868461608887,3540800
1987-03-13,14.75,15.09375,14.53125,15.03125,13.105118751525879,5080000
1987-03-16,15.0,15.1875,14.96875,15.03125,13.105118751525879,1435200
1987-03-17,15.09375,15.34375,15.03125,15.34375,13.377567291259766,1695600
1987-03-18,15.40625,15.65625,15.375,15.5,13.513800621032715,2303600
1987-03-19,15.5625,15.625,15.4375,15.5625,13.568296432495117,1637200
1987-03-20,15.5,15.59375,15.4375,15.5625,13.568296432495117,1888800
1987-03-23,15.5,15.9375,15.46875,15.875,13.840744972229004,1894800
1987-03-24,15.875,16.0,15.65625,16.0,13.94973373413086,1178400
1987-03-25,15.9375,16.125,15.875,15.9375,13.89523696899414,797200
1987-03-26,15.90625,16.1875,15.90625,16.125,14.058706283569336,822000
1987-03-27,16.125,16.21875,16.03125,16.0625,14.00422191619873,927200
1987-03-30,15.5625,15.65625,15.25,15.25,13.295832633972168,2498400
1987-03-31,15.34375,15.5,15.3125,15.4375,13.459308624267578,891600
1987-04-01,15.28125,16.09375,15.28125,16.0625,14.00422191619873,1313200
1987-04-02,16.0625,16.25,15.84375,16.0625,14.00422191619873,1366400
1987-04-03,16.125,16.5625,15.96875,16.5,14.385660171508789,2739200
1987-04-06,16.46875,16.78125,16.25,16.78125,14.630858421325684,2029200
1987-04-07,16.75,16.875,16.125,16.125,14.058706283569336,2436400
1987-04-08,16.1875,16.3125,16.0625,16.25,14.167695045471191,1195200
1987-04-09,16.21875,16.28125,15.53125,15.625,13.622786521911621,817200
1987-04-10,15.5,15.9375,15.5,15.65625,13.650022506713867,688000
1987-04-13,15.75,15.9375,15.53125,15.53125,13.541043281555176,756800
1987-04-14,15.21875,15.5,15.21875,15.5,13.513800621032715,1017600
1987-04-15,15.875,16.03125,15.625,15.9375,13.89523696899414,686400
1987-04-16,15.875,16.28125,15.875,16.21875,14.140447616577148,1220400
1987-04-20,16.25,16.28125,15.90625,15.9375,13.89523696899414,533600
1987-04-21,15.875,16.03125,15.71875,16.0,13.94973373413086,826400
1987-04-22,15.875,16.15625,15.875,16.03125,13.976968765258789,876000
1987-04-23,16.09375,16.40625,16.0,16.25,14.167695045471191,705200
1987-04-24,16.0625,16.1875,15.75,15.875,13.840744972229004,901600
1987-04-27,15.84375,15.96875,15.3125,15.8125,13.7862548828125,858000
1987-04-28,15.75,15.96875,15.625,15.625,13.622786521911621,654800
1987-04-29,15.6875,15.6875,15.46875,15.59375,13.595531463623047,547600
1987-04-30,15.625,15.75,15.5625,15.6875,13.677271842956543,587200
1987-05-01,15.6875,15.875,15.625,15.78125,13.759007453918457,421600
1987-05-04,15.78125,15.8125,15.5,15.75,13.731766700744629,332400
1987-05-05,15.75,15.875,15.6875,15.875,13.840744972229004,1210000
1987-05-06,15.8125,16.0,15.5625,15.84375,13.813502311706543,863600
1987-05-07,15.75,15.8125,15.375,15.53125,13.541043281555176,1312400
1987-05-08,15.59375,15.59375,15.28125,15.375,13.40481948852539,722000
1987-05-11,15.5,15.6875,15.5,15.5625,13.568296432495117,636400
1987-05-12,15.5,15.65625,15.5,15.625,13.622786521911621,389200
1987-05-13,15.625,15.9375,15.5625,15.875,13.840744972229004,1470000
1987-05-14,16.0625,17.0,16.0,16.96875,14.794340133666992,1761200
1987-05-15,16.625,16.96875,16.5625,16.78125,14.630858421325684,1824000
1987-05-18,16.5,16.96875,16.40625,16.96875,14.794340133666992,1491600
1987-05-19,16.6875,16.75,16.375,16.4375,14.331164360046387,1535600
1987-05-20,16.25,16.34375,15.9375,16.0625,14.00422191619873,1134400
1987-05-21,16.25,16.3125,16.09375,16.125,14.058706283569336,647200
1987-05-22,16.125,16.3125,15.8125,16.0,13.94973373413086,518000
1987-05-26,16.5,16.6875,16.25,16.625,14.49464225769043,1038400
1987-05-27,16.5625,16.65625,16.15625,16.21875,14.140447616577148,467200
1987-05-28,16.15625,16.3125,16.0,16.28125,14.194936752319336,294800
1987-05-29,16.375,16.46875,16.09375,16.1875,14.113200187683105,258400
1987-06-01,16.375,16.625,16.21875,16.375,14.276674270629883,671600
1987-06-02,16.3125,16.625,16.25,16.4375,14.331164360046387,1421200
1987-06-03,16.5,16.65625,16.375,16.65625,14.52188777923584,502800
1987-06-04,16.6875,16.71875,16.625,16.71875,14.576372146606445,622000
1987-06-05,16.75,16.96875,16.6875,16.96875,14.794340133666992,1371600
1987-06-08,16.8125,17.71875,16.75,17.65625,15.3937406539917,2348000
1987-06-09,17.625,17.875,17.3125,17.84375,15.557217597961426,1621600
1987-06-10,17.78125,18.28125,17.78125,18.0625,15.747932434082031,2043200
1987-06-11,18.0,18.0625,17.90625,17.96875,15.666197776794434,1296800
1987-06-12,18.03125,18.0625,17.75,17.8125,15.529973983764648,1020400
1987-06-15,17.8125,17.9375,17.65625,17.75,15.475478172302246,740800
1987-06-16,17.6875,18.09375,17.625,17.96875,15.666197776794434,1281200
1987-06-17,18.0,18.3125,18.0,18.3125,15.965903282165527,1525200
1987-06-18,18.21875,18.21875,18.0,18.15625,15.829666137695312,764800
1987-06-19,18.0625,18.15625,17.90625,17.96875,15.666197776794434,934000
1987-06-22,18.0,18.125,17.78125,18.125,15.80242919921875,598800
1987-06-23,18.125,18.15625,17.875,17.96875,15.666197776794434,763600
1987-06-24,17.6875,17.875,17.6875,17.78125,15.50272274017334,695600
1987-06-25,17.84375,17.9375,17.84375,17.90625,15.61170482635498,198800
1987-06-26,17.84375,17.84375,17.25,17.40625,15.175779342651367,947200
1987-06-29,17.375,17.375,16.9375,17.1875,14.985058784484863,1750800
1987-06-30,17.1875,17.1875,16.6875,16.8125,14.658112525939941,970800
1987-07-01,16.625,17.125,16.59375,16.96875,14.794340133666992,1480000
1987-07-02,16.90625,17.09375,16.84375,16.9375,14.767099380493164,834800
1987-07-06,17.0625,17.09375,16.9375,17.03125,14.848835945129395,374800
1987-07-07,17.03125,17.375,17.0,17.1875,14.985058784484863,410000
1987-07-08,17.125,17.1875,16.90625,17.03125,14.848835945129395,658000
1987-07-09,17.03125,17.21875,17.0,17.15625,14.957815170288086,588400
1987-07-10,17.09375,17.84375,17.09375,17.65625,15.3937406539917,664800
1987-07-13,17.59375,18.09375,17.5,18.09375,15.775181770324707,762400
1987-07-14,18.1875,18.4375,16.9375,17.375,15.148529052734375,6840000
1987-07-15,17.25,17.375,16.875,16.90625,14.739852905273438,2544800
1987-07-16,16.9375,16.9375,16.4375,16.8125,14.658112525939941,2892000
1987-07-17,16.75,16.875,16.6875,16.75,14.603622436523438,1907200
1987-07-20,16.59375,16.71875,16.53125,16.59375,14.46739387512207,959600
1987-07-21,16.53125,16.65625,16.25,16.3125,14.222183227539062,1645200
1987-07-22,16.46875,16.53125,16.25,16.46875,14.358415603637695,958000
1987-07-23,16.46875,16.5625,16.0625,16.34375,14.249428749084473,1525200
1987-07-24,16.1875,16.25,16.125,16.1875,14.113200187683105,1224400
1987-07-27,16.15625,16.375,16.15625,16.375,14.276674270629883,900400
1987-07-28,16.5,16.5,16.125,16.15625,14.085956573486328,790400
1987-07-29,16.09375,16.125,15.5625,16.09375,14.031465530395508,1333600
1987-07-30,16.03125,16.375,16.03125,16.15625,14.085956573486328,1042800
1987-07-31,16.21875,16.28125,16.0625,16.25,14.167695045471191,664000
1987-08-03,16.0625,16.21875,15.9375,16.03125,13.976968765258789,1009600
1987-08-04,16.0,16.21875,16.0,16.1875,14.113200187683105,616400
1987-08-05,16.25,16.4375,16.09375,16.4375,14.331164360046387,1084400
1987-08-06,16.4375,16.5625,16.28125,16.53125,14.4129056930542,1413200
1987-08-07,16.5625,16.9375,16.5625,16.90625,14.739852905273438,1681200
1987-08-10,16.96875,17.0,16.78125,17.0,14.821587562561035,739600
1987-08-11,17.09375,17.15625,16.6875,16.84375,14.685354232788086,1437600
1987-08-12,16.75,16.84375,16.53125,16.625,14.49464225769043,2034800
1987-08-13,16.625,16.75,16.5625,16.71875,14.576372146606445,2260000
1987-08-14,16.59375,16.75,16.4375,16.53125,14.4129056930542,986800
1987-08-17,16.46875,16.59375,16.34375,16.4375,14.331164360046387,438400
1987-08-18,16.0625,16.25,16.0,16.21875,14.140447616577148,1250000
1987-08-19,16.21875,16.28125,16.09375,16.1875,14.113200187683105,1018800
1987-08-20,16.25,16.46875,16.125,16.4375,14.331164360046387,797200
1987-08-21,16.46875,16.71875,16.40625,16.5625,14.44015121459961,1317200
1987-08-24,16.5625,16.78125,16.5,16.5625,14.44015121459961,797600
1987-08-25,16.625,16.75,16.59375,16.71875,14.576372146606445,868800
1987-08-26,16.65625,16.90625,16.625,16.75,14.603622436523438,1249200
1987-08-27,16.65625,16.6875,16.5,16.53125,14.4129056930542,441600
1987-08-28,16.4375,16.46875,16.125,16.3125,14.222183227539062,614000
1987-08-31,16.25,16.40625,15.9375,16.21875,14.140447616577148,590000
1987-09-01,16.21875,16.34375,15.9375,16.0,13.94973373413086,1032000
1987-09-02,15.875,16.25,15.84375,16.21875,14.140447616577148,617200
1987-09-03,16.15625,16.25,15.9375,16.0,13.94973373413086,650000
1987-09-04,16.0,16.125,15.875,15.90625,13.867995262145996,392000
1987-09-08,15.8125,15.8125,15.46875,15.75,13.731766700744629,850400
1987-09-09,15.75,15.875,15.6875,15.875,13.840744972229004,1690000
1987-09-10,16.25,16.25,16.0,16.03125,13.976968765258789,1652000
1987-09-11,16.125,16.5,16.125,16.4375,14.331164360046387,1437200
1987-09-14,16.4375,16.53125,16.34375,16.53125,14.4129056930542,1312800
1987-09-15,16.4375,16.875,16.3125,16.8125,14.658112525939941,835200
1987-09-16,16.75,16.8125,16.375,16.375,14.276674270629883,733200
1987-09-17,16.5,17.375,16.40625,17.3125,15.094045639038086,5120000
1987-09-18,17.34375,17.34375,17.0625,17.0625,14.876081466674805,2477200
1987-09-21,17.09375,17.125,16.53125,16.625,14.49464225769043,1072000
1987-09-22,16.5625,17.03125,16.3125,17.03125,14.848835945129395,1175200
1987-09-23,17.03125,17.125,16.6875,16.96875,14.794340133666992,1526400
1987-09-24,16.90625,17.0625,16.8125,17.0625,14.876081466674805,748800
1987-09-25,17.125,17.8125,17.0625,17.5,15.257513999938965,1972000
1987-09-28,17.59375,18.0,17.46875,17.59375,15.339247703552246,1833600
1987-09-29,17.625,17.71875,16.9375,17.15625,14.957815170288086,1452400
1987-09-30,17.0,17.34375,17.0,17.28125,15.066800117492676,1672800
1987-10-01,17.5,18.1875,17.5,18.03125,15.720693588256836,3984400
1987-10-02,18.125,18.4375,17.90625,18.40625,16.047643661499023,1903200
1987-10-05,18.4375,18.4375,18.25,18.375,16.02039337158203,1112000
1987-10-06,18.375,18.71875,18.03125,18.5,16.129369735717773,2671600
1987-10-07,18.375,18.625,18.28125,18.4375,16.074888229370117,2055600
1987-10-08,18.5625,18.5625,18.09375,18.09375,15.775181770324707,1397200
1987-10-09,18.03125,18.1875,17.875,18.1875,15.85692024230957,1948000
1987-10-12,18.125,18.4375,18.0625,18.375,16.02039337158203,1028400
1987-10-13,18.875,18.875,18.5,18.84375,16.42906379699707,1468400
1987-10-14,18.75,18.75,18.28125,18.625,16.238353729248047,1423600
1987-10-15,18.4375,18.71875,18.03125,18.03125,15.720693588256836,2250000
1987-10-16,18.0,18.15625,17.3125,17.34375,15.121285438537598,2256800
1987-10-19,16.875,16.875,14.5,14.5,12.641940116882324,3853600
1987-10-20,16.0,16.0625,13.0,13.8125,12.042537689208984,3716800
1987-10-21,13.8125,15.5625,13.8125,14.1875,12.369489669799805,1941200
1987-10-22,13.59375,14.5,13.375,13.375,11.661101341247559,1427600
1987-10-23,12.625,13.3125,12.625,12.90625,11.252413749694824,1078400
1987-10-26,12.125,12.34375,11.375,11.5,10.0263671875,2396400
1987-10-27,12.4375,12.5,12.0,12.5,10.898226737976074,1735600
1987-10-28,12.125,13.125,12.09375,12.75,11.116191864013672,1659600
1987-10-29,12.84375,13.25,12.5,13.25,11.55212116241455,910000
1987-10-30,13.3125,14.25,13.3125,13.625,11.879067420959473,1119200
1987-11-02,12.625,13.375,12.625,13.1875,11.497632026672363,1617200
1987-11-03,13.25,13.25,12.5625,13.03125,11.361397743225098,1131200
1987-11-04,12.6875,12.9375,12.625,12.78125,11.143438339233398,768400
1987-11-05,12.75,12.9375,12.6875,12.75,11.116191864013672,1708800
1987-11-06,12.78125,12.90625,12.5,12.5,10.898226737976074,1319600
1987-11-09,12.375,12.8125,12.0625,12.6875,11.06169605255127,1884000
1987-11-10,12.1875,12.75,12.0,12.625,11.007204055786133,1094800
1987-11-11,12.8125,13.0,12.75,12.78125,11.143438339233398,403200
1987-11-12,13.1875,13.5,13.0,13.0,11.33415699005127,674400
1987-11-13,13.0,13.0625,12.625,12.71875,11.088939666748047,537200
1987-11-16,12.96875,13.125,12.8125,12.96875,11.306907653808594,810400
1987-11-17,12.96875,13.0,12.6875,13.0,11.33415699005127,604800
1987-11-18,13.09375,13.21875,12.8125,12.9375,11.2796630859375,1736400
1987-11-19,12.5625,12.8125,12.5,12.59375,10.979965209960938,677600
1987-11-20,12.5,12.75,12.4375,12.71875,11.088939666748047,1001200
1987-11-23,12.75,12.75,12.4375,12.625,11.007204055786133,924000
1987-11-24,12.8125,12.8125,12.34375,12.40625,10.816489219665527,870000
1987-11-25,12.4375,12.4375,11.875,11.875,10.353312492370605,1529200
1987-11-27,11.8125,11.96875,11.6875,11.75,10.244332313537598,392000
1987-11-30,11.5,11.5,10.625,11.0,9.590437889099121,2075600
1987-12-01,11.125,11.5625,10.8125,10.90625,9.508703231811523,1090400
1987-12-02,10.75,10.90625,10.53125,10.8125,9.426965713500977,1018800
1987-12-03,10.625,10.75,10.4375,10.5,9.154507637023926,1169200
1987-12-04,10.3125,10.4375,10.21875,10.375,9.045525550842285,1137200
1987-12-07,10.3125,10.4375,10.125,10.25,8.936544418334961,1127200
1987-12-08,10.125,10.3125,9.40625,9.78125,8.527865409851074,2143600
1987-12-09,9.5625,9.75,9.375,9.75,8.500617980957031,2212400
1987-12-10,9.375,9.75,9.15625,9.15625,7.982951641082764,1704800
1987-12-11,9.0,9.5,8.8125,9.46875,8.255404472351074,1708000
1987-12-14,9.5,9.96875,9.375,9.96875,8.691337585449219,1744000
1987-12-15,10.0,10.3125,9.96875,10.0,8.718576431274414,1408800
1987-12-16,10.03125,10.5625,9.84375,10.5,9.154507637023926,910400
1987-12-17,10.625,10.625,9.90625,9.9375,8.664091110229492,2202800
1987-12-18,9.9375,10.4375,9.875,10.4375,9.100019454956055,1457600
1987-12-21,10.40625,10.875,10.34375,10.8125,9.426965713500977,644000
1987-12-22,10.75,10.96875,10.4375,10.90625,9.508703231811523,834800
1987-12-23,10.8125,10.84375,10.375,10.375,9.045525550842285,680000
1987-12-24,10.3125,10.3125,10.0,10.125,8.827561378479004,794400
1987-12-28,9.90625,10.03125,9.75,9.875,8.609601020812988,544800
1987-12-29,9.875,9.96875,9.78125,9.90625,8.636842727661133,862400
1987-12-30,9.90625,10.125,9.90625,10.125,8.827561378479004,646400
1987-12-31,10.03125,10.0625,9.9375,9.96875,8.691337585449219,493200
1988-01-04,10.09375,11.15625,10.09375,10.625,9.263492584228516,1192000
1988-01-05,11.0,11.125,10.75,10.78125,9.399718284606934,1093600
1988-01-06,10.75,10.84375,10.46875,10.46875,9.127266883850098,1186000
1988-01-07,10.5,10.5625,10.09375,10.53125,9.181754112243652,756000
1988-01-08,10.53125,10.53125,9.6875,9.8125,8.555106163024902,1386800
1988-01-11,9.78125,9.96875,9.625,9.96875,8.691337585449219,980800
1988-01-12,9.9375,10.125,9.71875,9.9375,8.664091110229492,1041200
1988-01-13,9.625,10.25,9.625,10.0,8.718576431274414,625200
1988-01-14,9.9375,9.96875,9.71875,9.8125,8.555106163024902,571200
1988-01-15,10.0,10.09375,9.875,9.96875,8.691337585449219,1158400
1988-01-18,9.90625,10.09375,9.875,10.0,8.718576431274414,535200
1988-01-19,9.8125,9.9375,9.71875,9.84375,8.582356452941895,410800
1988-01-20,9.78125,9.875,9.40625,9.46875,8.255404472351074,1460000
1988-01-21,9.5625,9.5625,9.25,9.40625,8.200915336608887,646000
1988-01-22,9.40625,9.40625,9.09375,9.15625,7.982951641082764,897600
1988-01-25,9.125,9.40625,8.875,8.9375,7.792232513427734,1705200
1988-01-26,8.9375,9.09375,8.90625,8.96875,7.8194780349731445,1365600
1988-01-27,9.0,9.0625,8.84375,8.96875,7.8194780349731445,902000
1988-01-28,9.03125,9.46875,9.03125,9.4375,8.228158950805664,509600
1988-01-29,9.5625,9.75,9.53125,9.71875,8.473372459411621,989200
1988-02-01,9.84375,9.9375,9.65625,9.84375,8.582356452941895,581200
1988-02-02,9.8125,9.875,9.6875,9.75,8.500617980957031,822000
1988-02-03,9.75,9.9375,9.65625,9.6875,8.446124076843262,814800
1988-02-04,9.65625,9.96875,9.625,9.90625,8.636842727661133,614800
1988-02-05,9.84375,10.0625,9.8125,9.96875,8.691337585449219,698800
1988-02-08,9.84375,10.03125,9.75,9.9375,8.664091110229492,735600
1988-02-09,9.90625,10.15625,9.90625,10.09375,8.800314903259277,806000
1988-02-10,10.125,10.53125,10.125,10.53125,9.181754112243652,1021200
1988-02-11,10.5625,10.8125,10.5,10.625,9.263492584228516,1019200
1988-02-12,10.625,10.875,10.5,10.59375,9.236247062683105,638800
1988-02-16,10.40625,10.875,10.34375,10.8125,9.426965713500977,1310400
1988-02-17,10.8125,11.25,10.8125,11.0,9.590437889099121,1912000
1988-02-18,11.0,11.3125,11.0,11.1875,9.753912925720215,830400
1988-02-19,11.125,11.25,11.0625,11.21875,9.781153678894043,574400
1988-02-22,11.1875,11.28125,11.09375,11.25,9.808403968811035,478400
1988-02-23,11.1875,11.25,11.03125,11.21875,9.781153678894043,613600
1988-02-24,11.28125,11.28125,10.9375,11.0625,9.644927024841309,447600
1988-02-25,11.0,11.25,10.84375,11.21875,9.781153678894043,1057200
1988-02-26,11.15625,11.3125,11.15625,11.28125,9.835649490356445,246400
1988-02-29,11.25,11.3125,11.09375,11.25,9.808403968811035,409200
1988-03-01,11.3125,11.34375,11.0,11.0,9.590437889099121,1105600
1988-03-02,11.0,11.0625,10.875,11.0,9.590437889099121,1024400
1988-03-03,11.0,11.25,11.0,11.0625,9.644927024841309,718400
1988-03-04,11.03125,11.15625,11.03125,11.15625,9.726663589477539,457200
1988-03-07,11.125,11.75,11.125,11.6875,10.189835548400879,812400
1988-03-08,11.625,11.6875,11.375,11.59375,10.108105659484863,969200
1988-03-09,11.53125,11.75,11.5,11.65625,10.162598609924316,540000
1988-03-10,11.5625,11.5625,11.375,11.375,9.91738510131836,329200
1988-03-11,11.28125,11.375,11.0,11.34375,9.89013671875,825200
1988-03-14,11.25,11.3125,11.15625,11.25,9.808403968811035,292800
1988-03-15,11.1875,11.3125,11.125,11.25,9.808403968811035,507200
1988-03-16,11.25,11.25,11.125,11.21875,9.781153678894043,546000
1988-03-17,11.03125,11.15625,10.875,11.15625,9.726663589477539,1540800
1988-03-18,10.875,11.0625,10.8125,10.9375,9.535947799682617,1628400
1988-03-21,10.9375,11.28125,10.90625,11.1875,9.753912925720215,2366000
1988-03-22,11.25,11.5,11.09375,11.5,10.0263671875,1848400
1988-03-23,11.4375,11.875,11.3125,11.75,10.244332313537598,1011200
1988-03-24,11.6875,11.6875,11.4375,11.5,10.0263671875,997600
1988-03-25,11.5,12.0625,11.28125,11.875,10.353312492370605,1021600
1988-03-28,11.8125,11.84375,11.4375,11.8125,10.298818588256836,1613200
1988-03-29,11.8125,11.84375,11.59375,11.625,10.135350227355957,586400
1988-03-30,11.65625,11.65625,11.4375,11.53125,10.05361270904541,540000
1988-03-31,11.46875,11.59375,11.4375,11.59375,10.108105659484863,660000
1988-04-04,11.5625,11.65625,11.46875,11.5,10.0263671875,621600
1988-04-05,11.5,11.84375,11.5,11.75,10.244332313537598,488800
1988-04-06,11.84375,12.5,11.75,12.5,10.898226737976074,1609200
1988-04-07,12.25,12.25,11.9375,12.125,10.571281433105469,595200
1988-04-08,12.0625,12.34375,12.03125,12.21875,10.653016090393066,388400
1988-04-11,12.28125,12.34375,12.15625,12.34375,10.761999130249023,552800
1988-04-12,12.28125,12.3125,12.21875,12.3125,10.734752655029297,299200
1988-04-13,12.28125,12.3125,12.03125,12.15625,10.598528861999512,781200
1988-04-14,11.90625,11.90625,11.4375,11.46875,9.999124526977539,1185200
1988-04-15,11.40625,11.75,11.40625,11.65625,10.162598609924316,639600
1988-04-18,11.4375,11.59375,11.40625,11.53125,10.05361270904541,367200
1988-04-19,11.59375,11.75,11.46875,11.46875,9.999124526977539,214800
1988-04-20,11.46875,11.5625,11.25,11.25,9.808403968811035,1182800
1988-04-21,11.28125,11.625,11.28125,11.40625,9.94462776184082,968400
1988-04-22,11.40625,11.96875,11.40625,11.875,10.353312492370605,603200
1988-04-25,11.875,12.0,11.59375,11.90625,10.380559921264648,478000
1988-04-26,11.875,11.96875,11.65625,11.71875,10.217086791992188,792400
1988-04-27,11.75,11.75,11.4375,11.5,10.0263671875,398800
1988-04-28,11.5625,11.5625,11.46875,11.53125,10.05361270904541,503600
1988-04-29,11.46875,11.53125,11.40625,11.46875,9.999124526977539,283200
1988-05-02,11.5,11.65625,11.5,11.65625,10.162598609924316,142800
1988-05-03,11.65625,11.65625,11.46875,11.5,10.0263671875,174000
1988-05-04,11.46875,11.5625,11.15625,11.21875,9.781153678894043,735200
1988-05-05,11.21875,11.25,11.125,11.21875,9.781153678894043,481200
1988-05-06,11.125,11.21875,10.9375,10.96875,9.563193321228027,593200
1988-05-09,11.0,11.25,10.90625,10.9375,9.535947799682617,446800
1988-05-10,11.09375,11.125,10.96875,11.0,9.590437889099121,611600
1988-05-11,10.9375,10.9375,10.71875,10.8125,9.426965713500977,645600
1988-05-12,10.78125,10.84375,10.65625,10.71875,9.34522819519043,1007600
1988-05-13,10.71875,10.8125,10.625,10.625,9.263492584228516,640800
1988-05-16,10.625,10.8125,10.1875,10.8125,9.426965713500977,1644000
1988-05-17,10.75,10.875,10.59375,10.59375,9.236247062683105,1100000
1988-05-18,10.5625,10.65625,10.28125,10.375,9.045525550842285,656400
1988-05-19,10.375,10.4375,10.21875,10.4375,9.100019454956055,586800
1988-05-20,10.5,10.5,10.0625,10.28125,8.963790893554688,368800
1988-05-23,10.25,10.3125,10.0625,10.21875,8.9093017578125,377200
1988-05-24,10.1875,10.34375,10.1875,10.28125,8.963790893554688,444800
1988-05-25,10.21875,10.3125,9.90625,9.9375,8.664091110229492,565600
1988-05-26,9.9375,10.0625,9.75,9.8125,8.555106163024902,698800
1988-05-27,9.875,9.90625,9.71875,9.75,8.500617980957031,800800
1988-05-31,9.78125,10.25,9.75,10.25,8.936544418334961,497600
1988-06-01,10.1875,10.34375,10.15625,10.3125,8.991036415100098,1198800
1988-06-02,10.34375,10.625,10.21875,10.46875,9.127266883850098,1189200
1988-06-03,10.40625,10.5625,10.40625,10.4375,9.100019454956055,924800
1988-06-06,10.375,10.75,10.375,10.625,9.263492584228516,715200
1988-06-07,10.71875,11.0,10.6875,10.84375,9.45421314239502,1703600
1988-06-08,10.84375,11.03125,10.84375,11.03125,9.617687225341797,910800
1988-06-09,11.0,11.0625,10.84375,10.84375,9.45421314239502,913600
1988-06-10,10.875,11.03125,10.875,10.9375,9.535947799682617,521600
1988-06-13,11.0,11.0625,10.9375,11.03125,9.617687225341797,1021200
1988-06-14,11.0625,11.34375,11.0625,11.125,9.699422836303711,710400
1988-06-15,11.0625,11.125,10.9375,11.0,9.590437889099121,675200
1988-06-16,11.0,11.0,10.8125,10.8125,9.426965713500977,1473200
1988-06-17,10.875,10.90625,10.5625,10.75,9.372471809387207,1285200
1988-06-20,10.875,10.875,10.6875,10.71875,9.34522819519043,353200
1988-06-21,10.71875,10.78125,10.375,10.71875,9.34522819519043,361600
1988-06-22,11.125,11.15625,10.84375,10.90625,9.508703231811523,1756800
1988-06-23,10.90625,11.0,10.875,10.90625,9.508703231811523,1046800
1988-06-24,10.96875,11.4375,10.96875,11.4375,9.971877098083496,1695600
1988-06-27,11.4375,11.4375,11.125,11.25,9.808403968811035,1259600
1988-06-28,11.0625,11.4375,11.0625,11.375,9.91738510131836,996400
1988-06-29,11.3125,11.375,11.125,11.25,9.808403968811035,2837200
1988-06-30,11.1875,11.3125,11.15625,11.28125,9.835649490356445,732400
1988-07-01,11.3125,11.3125,11.0,11.03125,9.617687225341797,408800
1988-07-05,10.96875,11.25,10.875,11.25,9.808403968811035,638400
1988-07-06,11.3125,11.375,10.8125,11.0625,9.644927024841309,666000
1988-07-07,11.03125,11.09375,10.875,11.0,9.590437889099121,773600
1988-07-08,10.875,11.0,10.875,10.90625,9.508703231811523,683200
1988-07-11,10.875,11.03125,10.875,10.96875,9.563193321228027,546400
1988-07-12,10.90625,11.03125,10.84375,10.9375,9.535947799682617,874400
1988-07-13,10.875,10.96875,10.65625,10.8125,9.426965713500977,291600
1988-07-14,10.84375,11.09375,10.71875,11.0,9.590437889099121,743200
1988-07-15,11.0,11.0625,10.875,10.9375,9.535947799682617,526000
1988-07-18,10.875,10.96875,10.84375,10.90625,9.508703231811523,532400
1988-07-19,10.96875,10.96875,10.78125,10.84375,9.45421314239502,654000
1988-07-20,10.875,10.90625,10.78125,10.84375,9.45421314239502,901600
1988-07-21,10.78125,10.84375,10.78125,10.84375,9.45421314239502,357200
1988-07-22,10.75,10.78125,10.53125,10.53125,9.181754112243652,529600
1988-07-25,10.53125,10.5625,10.4375,10.46875,9.127266883850098,131200
1988-07-26,10.46875,10.53125,10.46875,10.5,9.154507637023926,484400
1988-07-27,10.5,10.5625,10.46875,10.46875,9.127266883850098,656000
1988-07-28,10.46875,10.5,10.375,10.4375,9.100019454956055,772000
1988-07-29,10.40625,10.5625,10.40625,10.53125,9.181754112243652,1058000
1988-08-01,10.5,10.625,10.5,10.625,9.263492584228516,734400
1988-08-02,10.5625,10.71875,10.5625,10.6875,9.31797981262207,680800
1988-08-03,10.6875,10.84375,10.625,10.71875,9.34522819519043,430000
1988-08-04,10.8125,10.9375,10.5,10.5625,9.209000587463379,950800
1988-08-05,10.5625,10.75,10.5625,10.6875,9.31797981262207,365600
1988-08-08,10.65625,10.71875,10.5625,10.5625,9.209000587463379,726400
1988-08-09,10.625,10.625,10.5,10.5625,9.209000587463379,336800
1988-08-10,10.5,10.5625,10.4375,10.46875,9.127266883850098,716800
1988-08-11,10.53125,10.59375,10.46875,10.53125,9.181754112243652,791200
1988-08-12,10.5,10.5625,10.46875,10.5,9.154507637023926,368800
1988-08-15,10.4375,10.5,10.40625,10.4375,9.100019454956055,368800
1988-08-16,10.3125,10.71875,10.3125,10.4375,9.100019454956055,1324800
1988-08-17,10.34375,10.75,10.34375,10.65625,9.290736198425293,1824000
1988-08-18,10.59375,10.6875,10.59375,10.625,9.263492584228516,811200
1988-08-19,10.59375,10.71875,10.59375,10.59375,9.236247062683105,616800
1988-08-22,10.75,10.75,10.5625,10.5625,9.209000587463379,599600
1988-08-23,10.5625,10.625,10.5625,10.625,9.263492584228516,419600
1988-08-24,10.6875,10.71875,10.65625,10.71875,9.34522819519043,320000
1988-08-25,10.625,10.71875,10.625,10.6875,9.31797981262207,279600
1988-08-26,10.625,10.84375,10.625,10.8125,9.426965713500977,210400
1988-08-29,10.75,11.0,10.75,11.0,9.590437889099121,231600
1988-08-30,10.9375,11.25,10.9375,11.0625,9.644927024841309,389600
1988-08-31,11.09375,11.125,10.875,10.90625,9.508703231811523,311200
1988-09-01,10.78125,10.84375,10.53125,10.65625,9.290736198425293,387600
1988-09-02,10.75,11.125,10.65625,11.03125,9.617687225341797,488000
1988-09-06,11.0625,11.25,10.9375,11.25,9.808403968811035,606000
1988-09-07,11.1875,11.4375,11.15625,11.28125,9.835649490356445,650400
1988-09-08,11.28125,11.59375,11.28125,11.4375,9.971877098083496,998000
1988-09-09,11.4375,11.4375,11.09375,11.375,9.91738510131836,1214000
1988-09-12,11.375,11.40625,11.28125,11.28125,9.835649490356445,560000
1988-09-13,11.1875,11.28125,11.15625,11.28125,9.835649490356445,530000
1988-09-14,11.34375,11.34375,10.9375,11.21875,9.781153678894043,1114000
1988-09-15,11.15625,11.25,11.09375,11.09375,9.672176361083984,525200
1988-09-16,11.03125,11.3125,11.03125,11.3125,9.862892150878906,742000
1988-09-19,11.25,11.28125,11.0625,11.21875,9.781153678894043,716400
1988-09-20,11.21875,11.46875,11.21875,11.40625,9.94462776184082,717200
1988-09-21,11.46875,11.6875,11.4375,11.6875,10.189835548400879,772000
1988-09-22,11.6875,12.21875,11.625,12.0625,10.516789436340332,1463600
1988-09-23,12.0,12.0625,11.9375,12.0625,10.516789436340332,552000
1988-09-26,12.0625,12.1875,12.0625,12.125,10.571281433105469,758800
1988-09-27,12.0625,12.21875,12.0625,12.1875,10.625770568847656,519200
1988-09-28,12.15625,12.3125,12.15625,12.1875,10.625770568847656,278800
1988-09-29,12.15625,12.375,12.15625,12.34375,10.761999130249023,448800
1988-09-30,12.25,12.375,12.0625,12.09375,10.544034004211426,700800
1988-10-03,12.03125,12.21875,11.875,12.0,10.46229362487793,619600
1988-10-04,11.90625,12.0,11.875,11.9375,10.407803535461426,476400
1988-10-05,11.9375,12.1875,11.9375,12.1875,10.625770568847656,464800
1988-10-06,12.21875,12.21875,12.03125,12.1875,10.625770568847656,382400
1988-10-07,12.1875,12.53125,11.90625,12.53125,10.925469398498535,1117600
1988-10-10,12.46875,12.53125,12.40625,12.46875,10.870979309082031,328000
1988-10-11,12.34375,12.40625,12.21875,12.3125,10.734752655029297,325200
1988-10-12,12.1875,12.1875,12.0,12.1875,10.625770568847656,588800
1988-10-13,12.1875,12.1875,12.0625,12.0625,10.516789436340332,370400
1988-10-14,12.25,12.40625,12.125,12.1875,10.625770568847656,324800
1988-10-17,12.125,12.28125,12.125,12.28125,10.707503318786621,459200
1988-10-18,12.3125,12.53125,12.3125,12.53125,10.925469398498535,659200
1988-10-19,12.65625,12.6875,12.3125,12.34375,10.761999130249023,737200
1988-10-20,12.3125,12.75,12.21875,12.75,11.116191864013672,1026400
1988-10-21,12.5625,12.6875,12.40625,12.6875,11.06169605255127,786800
1988-10-24,12.625,12.625,12.0625,12.0625,10.516789436340332,1928800
1988-10-25,12.0625,12.09375,11.9375,12.03125,10.489545822143555,761200
1988-10-26,12.09375,12.09375,11.875,11.9375,10.407803535461426,309600
1988-10-27,11.875,11.875,11.6875,11.75,10.244332313537598,532000
1988-10-28,11.78125,12.0,11.75,11.75,10.244332313537598,320000
1988-10-31,11.625,11.71875,11.5,11.71875,10.217086791992188,544800
1988-11-01,11.6875,11.78125,11.625,11.75,10.244332313537598,415200
1988-11-02,11.65625,11.75,11.53125,11.65625,10.162598609924316,602400
1988-11-03,11.625,11.875,11.625,11.75,10.244332313537598,376000
1988-11-04,11.71875,11.8125,11.6875,11.71875,10.217086791992188,222000
1988-11-07,11.71875,11.8125,11.65625,11.8125,10.298818588256836,293600
1988-11-08,11.875,11.90625,11.75,11.75,10.244332313537598,400400
1988-11-09,11.65625,11.75,11.59375,11.6875,10.189835548400879,604800
1988-11-10,11.6875,11.84375,11.625,11.65625,10.162598609924316,215200
1988-11-11,11.59375,11.59375,11.40625,11.40625,9.94462776184082,327200
1988-11-14,11.40625,11.4375,11.125,11.375,9.91738510131836,388400
1988-11-15,11.3125,11.4375,11.21875,11.375,9.91738510131836,327600
1988-11-16,11.25,11.25,11.03125,11.03125,9.617687225341797,464400
1988-11-17,11.125,11.125,10.8125,10.8125,9.426965713500977,334400
1988-11-18,10.8125,11.34375,10.8125,11.25,9.808403968811035,407200
1988-11-21,11.625,11.625,11.21875,11.34375,9.89013671875,512800
1988-11-22,11.28125,11.3125,11.125,11.21875,9.781153678894043,276800
1988-11-23,11.25,11.5625,11.25,11.53125,10.05361270904541,520400
1988-11-25,11.4375,11.4375,11.0625,11.09375,9.672176361083984,258800
1988-11-28,11.09375,11.5,11.09375,11.40625,9.94462776184082,403600
1988-11-29,11.4375,11.875,11.4375,11.78125,10.271578788757324,354800
1988-11-30,11.84375,11.96875,11.75,11.9375,10.407803535461426,274400
1988-12-01,11.9375,11.96875,11.8125,11.875,10.353312492370605,346400
1988-12-02,11.8125,11.84375,11.78125,11.78125,10.271578788757324,296000
1988-12-05,11.71875,11.84375,11.65625,11.65625,10.162598609924316,390000
1988-12-06,11.59375,11.71875,11.4375,11.59375,10.108105659484863,370400
1988-12-07,11.5,11.71875,11.5,11.71875,10.217086791992188,432000
1988-12-08,11.625,11.8125,11.625,11.6875,10.189835548400879,327200
1988-12-09,11.65625,11.78125,11.65625,11.75,10.244332313537598,118000
1988-12-12,11.6875,11.8125,11.5625,11.625,10.135350227355957,230400
1988-12-13,11.5625,11.625,11.40625,11.625,10.135350227355957,181600
1988-12-14,11.625,11.9375,11.625,11.90625,10.380559921264648,826800
1988-12-15,11.875,11.9375,11.75,11.8125,10.298818588256836,360800
1988-12-16,11.5,11.71875,11.5,11.6875,10.189835548400879,2128000
1988-12-19,11.65625,12.0625,11.59375,12.0625,10.516789436340332,1324000
1988-12-20,12.125,12.3125,12.125,12.25,10.68026065826416,755200
1988-12-21,12.1875,12.4375,12.1875,12.25,10.68026065826416,1126000
1988-12-22,12.1875,12.25,12.0625,12.125,10.571281433105469,452000
1988-12-23,12.15625,12.3125,12.125,12.28125,10.707503318786621,542000
1988-12-27,12.25,12.4375,12.21875,12.3125,10.734752655029297,160800
1988-12-28,12.375,12.5625,12.375,12.5,10.898226737976074,746400
1988-12-29,12.46875,12.75,12.46875,12.71875,11.088939666748047,680000
1988-12-30,12.65625,12.71875,12.625,12.65625,11.034454345703125,388800
1989-01-03,12.4375,12.59375,12.40625,12.59375,10.979965209960938,1100400
1989-01-04,12.75,13.40625,12.75,13.40625,11.688348770141602,2504400
1989-01-05,13.1875,13.375,13.15625,13.25,11.55212116241455,2194400
1989-01-06,13.1875,13.375,13.15625,13.25,11.55212116241455,1168000
1989-01-09,13.21875,13.3125,13.1875,13.25,11.55212116241455,678800
1989-01-10,13.25,13.34375,13.21875,13.34375,11.633859634399414,520000
1989-01-11,13.28125,13.71875,13.28125,13.6875,11.93355941772461,798400
1989-01-12,13.625,13.65625,13.4375,13.46875,11.742836952209473,1334400
1989-01-13,13.34375,13.46875,13.34375,13.4375,11.715594291687012,836800
1989-01-16,13.375,13.4375,13.3125,13.34375,11.633859634399414,414000
1989-01-17,13.28125,13.3125,13.0625,13.09375,11.4158935546875,354400
1989-01-18,13.1875,13.5625,13.09375,13.5625,11.824578285217285,600000
1989-01-19,13.5,13.5625,13.375,13.40625,11.688348770141602,851200
1989-01-20,13.375,13.375,13.1875,13.1875,11.497632026672363,786800
1989-01-23,13.125,13.28125,13.125,13.15625,11.470382690429688,170800
1989-01-24,13.09375,13.5,13.09375,13.46875,11.742836952209473,534400
1989-01-25,13.5,13.65625,13.46875,13.625,11.879067420959473,751600
1989-01-26,13.59375,14.09375,13.53125,14.03125,12.233259201049805,1119600
1989-01-27,14.0625,14.0625,13.84375,13.96875,12.178768157958984,621600
1989-01-30,14.0,14.0625,13.625,13.65625,11.906305313110352,864400
1989-01-31,13.6875,13.75,13.625,13.71875,11.960803031921387,570800
1989-02-01,13.6875,13.6875,13.5625,13.5625,11.824578285217285,401200
1989-02-02,13.625,13.6875,13.375,13.625,11.879067420959473,500800
1989-02-03,13.5625,13.65625,13.46875,13.625,11.879067420959473,296800
1989-02-06,13.59375,13.71875,13.5,13.5625,11.824578285217285,314000
1989-02-07,13.5,13.78125,13.5,13.78125,12.015298843383789,562000
1989-02-08,13.78125,13.8125,13.53125,13.5625,11.824578285217285,497200
1989-02-09,13.4375,13.4375,13.3125,13.375,11.661101341247559,379600
1989-02-10,13.3125,13.34375,13.21875,13.25,11.55212116241455,267600
1989-02-13,13.1875,13.28125,13.0625,13.28125,11.579368591308594,788000
1989-02-14,13.375,13.4375,12.84375,12.84375,11.197931289672852,494000
1989-02-15,12.8125,13.0625,12.8125,13.0625,11.38864803314209,972000
1989-02-16,13.0625,13.1875,12.96875,13.15625,11.470382690429688,501600
1989-02-17,13.1875,13.34375,13.09375,13.125,11.443138122558594,588400
1989-02-21,13.09375,13.15625,12.8125,12.875,11.22517204284668,1076800
1989-02-22,12.90625,12.96875,12.8125,12.90625,11.252413749694824,612000
1989-02-23,12.875,12.875,12.75,12.75,11.116191864013672,236800
1989-02-24,12.65625,12.71875,12.4375,12.5625,10.952717781066895,797200
1989-02-27,12.5,12.6875,12.375,12.65625,11.034454345703125,354800
1989-02-28,12.84375,12.84375,12.625,12.6875,11.06169605255127,412800
1989-03-01,12.75,12.9375,12.5,12.65625,11.034454345703125,714400
1989-03-02,12.59375,13.09375,12.59375,12.96875,11.306907653808594,604000
1989-03-03,12.90625,13.0,12.875,13.0,11.33415699005127,320400
1989-03-06,12.9375,13.125,12.84375,13.125,11.443138122558594,581200
1989-03-07,13.03125,13.03125,12.78125,12.78125,11.143438339233398,293600
1989-03-08,12.625,12.9375,12.59375,12.9375,11.2796630859375,439600
1989-03-09,12.875,12.90625,12.65625,12.71875,11.088939666748047,410800
1989-03-10,12.6875,12.6875,12.4375,12.4375,10.843730926513672,494800
1989-03-13,12.375,12.40625,12.34375,12.375,10.789240837097168,640400
1989-03-14,12.34375,12.5,12.34375,12.4375,10.843730926513672,323200
1989-03-15,12.34375,12.375,12.21875,12.28125,10.707503318786621,790800
1989-03-16,12.28125,12.34375,12.1875,12.25,10.68026065826416,564800
1989-03-17,11.875,12.0625,11.875,12.0625,10.516789436340332,1259600
1989-03-20,11.9375,12.03125,11.71875,11.75,10.244332313537598,1193200
1989-03-21,11.5,11.53125,11.25,11.375,9.91738510131836,3004800
1989-03-22,11.3125,11.34375,11.15625,11.25,9.808403968811035,1216400
1989-03-23,11.25,11.375,11.21875,11.28125,9.835649490356445,743200
1989-03-27,11.25,11.4375,11.25,11.375,9.91738510131836,544400
1989-03-28,11.3125,11.3125,11.21875,11.25,9.808403968811035,1129600
1989-03-29,11.25,11.34375,11.25,11.34375,9.89013671875,359200
1989-03-30,11.34375,11.34375,11.21875,11.25,9.808403968811035,808400
1989-03-31,11.25,11.34375,11.25,11.28125,9.835649490356445,494800
1989-04-03,11.25,11.28125,11.15625,11.21875,9.781153678894043,888400
1989-04-04,11.21875,11.34375,11.15625,11.28125,9.835649490356445,370800
1989-04-05,11.28125,11.40625,11.25,11.34375,9.89013671875,791200
1989-04-06,11.375,11.46875,11.34375,11.4375,9.971877098083496,346400
1989-04-07,11.375,11.40625,11.3125,11.34375,9.89013671875,418000
1989-04-10,11.34375,11.375,11.28125,11.28125,9.835649490356445,176000
1989-04-11,11.25,11.34375,11.25,11.3125,9.862892150878906,478800
1989-04-12,11.3125,11.375,11.28125,11.28125,9.835649490356445,642400
1989-04-13,11.3125,11.375,11.3125,11.375,9.91738510131836,307200
1989-04-14,11.40625,11.78125,11.40625,11.71875,10.217086791992188,580000
1989-04-17,11.71875,11.71875,11.5625,11.625,10.135350227355957,483600
1989-04-18,11.625,11.96875,11.625,11.90625,10.380559921264648,1108000
1989-04-19,11.8125,11.84375,11.5,11.5625,10.080863952636719,1009200
1989-04-20,11.59375,11.625,11.46875,11.46875,9.999124526977539,426800
1989-04-21,11.46875,11.6875,11.46875,11.6875,10.189835548400879,365600
1989-04-24,11.6875,11.78125,11.65625,11.6875,10.189835548400879,990800
1989-04-25,11.6875,11.6875,11.40625,11.5,10.0263671875,880400
1989-04-26,11.5,11.5,11.34375,11.375,9.91738510131836,976800
1989-04-27,11.3125,11.3125,11.1875,11.21875,9.781153678894043,1554000
1989-04-28,11.25,11.28125,10.75,10.875,9.481457710266113,2849600
1989-05-01,10.84375,10.84375,10.75,10.84375,9.45421314239502,734400
1989-05-02,10.78125,11.0,10.78125,10.9375,9.535947799682617,908800
1989-05-03,10.84375,10.90625,10.6875,10.6875,9.31797981262207,682400
1989-05-04,10.5625,10.875,10.5625,10.84375,9.45421314239502,599200
1989-05-05,10.9375,11.25,10.8125,10.8125,9.426965713500977,1168800
1989-05-08,10.8125,10.9375,10.75,10.9375,9.535947799682617,479200
1989-05-09,10.9375,11.125,10.9375,11.0,9.590437889099121,282000
1989-05-10,10.96875,11.0,10.875,10.96875,9.563193321228027,470400
1989-05-11,11.03125,11.0625,10.90625,11.0625,9.644927024841309,309200
1989-05-12,11.375,11.40625,11.15625,11.3125,9.862892150878906,1104400
1989-05-15,11.375,11.375,11.25,11.34375,9.89013671875,564400
1989-05-16,11.34375,11.40625,11.28125,11.3125,9.862892150878906,408400
1989-05-17,11.4375,11.5625,11.40625,11.53125,10.05361270904541,544800
1989-05-18,11.46875,11.53125,11.46875,11.46875,9.999124526977539,912800
1989-05-19,11.53125,11.59375,11.53125,11.5625,10.080863952636719,390000
1989-05-22,11.59375,11.75,11.59375,11.65625,10.162598609924316,608000
1989-05-23,11.59375,11.65625,11.59375,11.625,10.135350227355957,733600
1989-05-24,11.625,11.71875,11.5,11.65625,10.162598609924316,654000
1989-05-25,11.65625,11.71875,11.65625,11.6875,10.189835548400879,226400
1989-05-26,11.75,12.0,11.71875,11.90625,10.380559921264648,764400
1989-05-30,11.9375,12.0,11.90625,11.9375,10.407803535461426,616000
1989-05-31,11.96875,11.96875,11.75,11.78125,10.271578788757324,302400
1989-06-01,11.71875,11.9375,11.6875,11.9375,10.407803535461426,287600
1989-06-02,11.9375,12.0625,11.9375,11.96875,10.43505573272705,378400
1989-06-05,12.0,12.0,11.8125,11.8125,10.298818588256836,457200
1989-06-06,11.84375,11.96875,11.5625,11.8125,10.298818588256836,523600
1989-06-07,11.8125,11.875,11.6875,11.78125,10.271578788757324,505600
1989-06-08,11.71875,11.8125,11.71875,11.78125,10.271578788757324,198800
1989-06-09,11.75,11.78125,11.53125,11.71875,10.217086791992188,546000
1989-06-12,11.71875,11.75,11.5625,11.75,10.244332313537598,264000
1989-06-13,11.6875,11.71875,11.65625,11.6875,10.189835548400879,567200
1989-06-14,11.71875,11.71875,11.65625,11.6875,10.189835548400879,494400
1989-06-15,11.65625,11.65625,11.40625,11.4375,9.971877098083496,448800
1989-06-16,11.28125,11.40625,11.28125,11.34375,9.89013671875,841200
1989-06-19,11.3125,11.3125,11.0625,11.125,9.699422836303711,354400
1989-06-20,11.15625,11.3125,11.03125,11.09375,9.672176361083984,1211600
1989-06-21,11.0625,11.0625,10.8125,10.9375,9.535947799682617,730000
1989-06-22,10.90625,11.0,10.90625,11.0,9.590437889099121,970000
1989-06-23,11.09375,11.125,11.0,11.0625,9.644927024841309,763200
1989-06-26,11.0625,11.1875,11.0,11.0625,9.644927024841309,494000
1989-06-27,11.125,11.25,11.09375,11.21875,9.781153678894043,1151600
1989-06-28,11.15625,11.1875,11.0,11.03125,9.617687225341797,400400
1989-06-29,10.96875,10.96875,10.625,10.75,9.372471809387207,555600
1989-06-30,10.6875,10.78125,10.53125,10.75,9.372471809387207,404000
1989-07-03,10.75,10.875,10.75,10.84375,9.45421314239502,249600
1989-07-05,10.78125,10.8125,10.75,10.8125,9.426965713500977,335200
1989-07-06,10.8125,10.8125,10.53125,10.8125,9.426965713500977,1197200
1989-07-07,10.8125,11.03125,10.78125,10.9375,9.535947799682617,921600
1989-07-10,10.90625,11.21875,10.90625,11.21875,9.781153678894043,688000
1989-07-11,11.1875,11.4375,11.1875,11.40625,9.94462776184082,1435200
1989-07-12,11.40625,11.53125,11.40625,11.40625,9.94462776184082,768800
1989-07-13,11.34375,11.4375,11.28125,11.4375,9.971877098083496,454000
1989-07-14,11.375,11.5625,11.3125,11.5625,10.080863952636719,1275600
1989-07-17,11.5,11.65625,11.5,11.59375,10.108105659484863,378000
1989-07-18,11.5,11.5625,11.46875,11.5625,10.080863952636719,204400
1989-07-19,11.5,11.6875,11.5,11.625,10.135350227355957,544400
1989-07-20,11.625,11.6875,11.59375,11.625,10.135350227355957,1583600
1989-07-21,11.5625,11.625,11.53125,11.625,10.135350227355957,308800
1989-07-24,11.5,11.5625,11.46875,11.53125,10.05361270904541,379600
1989-07-25,11.5,11.59375,11.5,11.5625,10.080863952636719,508000
1989-07-26,11.59375,11.84375,11.5625,11.75,10.244332313537598,721200
1989-07-27,11.71875,11.875,11.6875,11.84375,10.326067924499512,640800
1989-07-28,11.84375,12.5625,11.84375,12.375,10.789240837097168,971200
1989-07-31,12.5,12.8125,12.46875,12.8125,11.170680046081543,1344000
1989-08-01,12.75,13.15625,12.75,12.875,11.22517204284668,2002000
1989-08-02,12.9375,12.96875,12.6875,12.8125,11.170680046081543,988800
1989-08-03,12.75,12.78125,12.5625,12.6875,11.06169605255127,602000
1989-08-04,12.46875,12.53125,12.40625,12.53125,10.925469398498535,710000
1989-08-07,12.46875,13.0,12.46875,13.0,11.33415699005127,506400
1989-08-08,12.875,12.90625,12.71875,12.84375,11.197931289672852,708000
1989-08-09,12.75,12.96875,12.75,12.90625,11.252413749694824,937200
1989-08-10,12.875,12.9375,12.78125,12.875,11.22517204284668,509200
1989-08-11,12.875,13.3125,12.875,13.25,11.55212116241455,1147600
1989-08-14,13.21875,13.75,13.15625,13.75,11.988044738769531,2351200
1989-08-15,13.6875,13.6875,13.46875,13.625,11.879067420959473,1821200
1989-08-16,13.6875,14.1875,13.65625,14.09375,12.287751197814941,3147200
1989-08-17,14.25,14.375,14.0625,14.1875,12.369489669799805,2662000
1989-08-18,14.1875,14.34375,14.1875,14.25,12.423977851867676,1583200
1989-08-21,14.25,14.25,13.78125,13.875,12.097031593322754,828400
1989-08-22,13.9375,13.9375,13.75,13.9375,12.151517868041992,651200
1989-08-23,13.875,13.90625,13.84375,13.90625,12.12428092956543,464400
1989-08-24,13.90625,14.03125,13.875,14.03125,12.233259201049805,977200
1989-08-25,13.96875,14.0,13.75,13.8125,12.042537689208984,748000
1989-08-28,13.71875,13.84375,13.71875,13.84375,12.069785118103027,406000
1989-08-29,13.78125,14.0,13.78125,13.96875,12.178768157958984,730000
1989-08-30,13.9375,14.09375,13.90625,13.9375,12.151517868041992,1224800
1989-08-31,13.625,13.84375,13.625,13.8125,12.042537689208984,524400
1989-09-01,13.78125,13.78125,13.71875,13.75,11.988044738769531,671600
1989-09-05,13.75,13.8125,13.65625,13.75,11.988044738769531,856800
1989-09-06,13.65625,13.65625,13.40625,13.5625,11.824578285217285,1160800
1989-09-07,13.625,13.625,13.5,13.5,11.770085334777832,569600
1989-09-08,13.5,13.5,13.3125,13.5,11.770085334777832,454800
1989-09-11,13.5,13.5,13.375,13.375,11.661101341247559,568800
1989-09-12,13.28125,13.3125,13.09375,13.28125,11.579368591308594,656800
1989-09-13,13.15625,13.28125,13.15625,13.1875,11.497632026672363,768000
1989-09-14,13.15625,13.1875,12.875,12.90625,11.252413749694824,524800
1989-09-15,12.90625,13.0625,12.90625,13.0625,11.38864803314209,1054000
1989-09-18,13.0,13.125,12.9375,12.96875,11.306907653808594,438400
1989-09-19,13.03125,13.03125,12.90625,12.90625,11.252413749694824,298400
1989-09-20,12.84375,13.0,12.8125,13.0,11.33415699005127,410800
1989-09-21,13.0,13.625,13.0,13.625,11.879067420959473,872000
1989-09-22,13.53125,13.59375,13.375,13.5625,11.824578285217285,1175200
1989-09-25,13.5,13.6875,13.46875,13.5,11.770085334777832,518400
1989-09-26,13.3125,13.53125,13.25,13.25,11.55212116241455,485600
1989-09-27,13.25,13.40625,13.25,13.28125,11.579368591308594,463200
1989-09-28,13.25,13.375,13.25,13.375,11.661101341247559,451200
1989-09-29,13.28125,13.375,13.28125,13.375,11.661101341247559,438400
1989-10-02,13.4375,13.84375,13.375,13.8125,12.042537689208984,501600
1989-10-03,13.875,14.46875,13.84375,14.46875,12.614697456359863,2020400
1989-10-04,14.34375,14.34375,14.1875,14.1875,12.369489669799805,1447600
1989-10-05,14.0,14.03125,13.9375,13.96875,12.178768157958984,1012400
1989-10-06,14.0,14.125,13.96875,14.03125,12.233259201049805,1294000
1989-10-09,14.125,14.25,14.125,14.25,12.423977851867676,467600
1989-10-10,14.25,14.3125,14.0625,14.09375,12.287751197814941,720800
1989-10-11,13.96875,14.0,13.8125,13.875,12.097031593322754,843600
1989-10-12,13.8125,13.84375,13.6875,13.6875,11.93355941772461,337600
1989-10-13,13.6875,13.71875,13.1875,13.25,11.55212116241455,1302400
1989-10-16,12.875,13.25,12.8125,13.1875,11.497632026672363,1478400
1989-10-17,13.125,13.15625,12.90625,12.9375,11.2796630859375,895200
1989-10-18,12.875,13.25,12.84375,13.125,11.443138122558594,644000
1989-10-19,13.1875,13.4375,13.125,13.4375,11.715594291687012,1048800
1989-10-20,13.375,13.4375,13.15625,13.3125,11.606612205505371,355600
1989-10-23,13.21875,13.21875,12.78125,12.875,11.22517204284668,1534400
1989-10-24,12.8125,12.8125,12.5,12.75,11.116191864013672,753600
1989-10-25,12.6875,13.15625,12.6875,13.03125,11.361397743225098,675200
1989-10-26,12.96875,13.34375,12.875,13.0,11.33415699005127,1052400
1989-10-27,13.0,13.125,12.53125,12.78125,11.143438339233398,988400
1989-10-30,12.78125,12.8125,12.53125,12.53125,10.925469398498535,1218000
1989-10-31,12.5625,12.625,12.4375,12.46875,10.870979309082031,2290400
1989-11-01,12.46875,12.46875,12.3125,12.34375,10.761999130249023,716800
1989-11-02,12.21875,12.34375,12.125,12.15625,10.598528861999512,1187600
1989-11-03,12.125,12.34375,12.09375,12.25,10.68026065826416,1474000
1989-11-06,12.1875,12.1875,11.71875,11.71875,10.217086791992188,1265200
1989-11-07,11.75,11.875,11.625,11.71875,10.217086791992188,387200
1989-11-08,11.8125,11.84375,11.71875,11.71875,10.217086791992188,836000
1989-11-09,11.71875,11.96875,11.6875,11.75,10.244332313537598,661200
1989-11-10,11.8125,12.125,11.8125,12.125,10.571281433105469,876000
1989-11-13,12.125,12.4375,12.125,12.4375,10.843730926513672,432400
1989-11-14,12.34375,12.375,12.0,12.0,10.46229362487793,278800
1989-11-15,12.0,12.21875,12.0,12.21875,10.653016090393066,287200
1989-11-16,12.15625,12.21875,12.09375,12.21875,10.653016090393066,634400
1989-11-17,12.125,12.3125,12.125,12.28125,10.707503318786621,454400
1989-11-20,12.28125,12.3125,11.96875,12.0,10.46229362487793,1073600
1989-11-21,12.0,12.03125,11.8125,11.8125,10.298818588256836,1034800
1989-11-22,11.84375,12.0625,11.8125,12.0625,10.516789436340332,1000000
1989-11-24,12.15625,12.15625,12.0625,12.09375,10.544034004211426,465200
1989-11-27,12.0625,12.15625,12.0625,12.125,10.571281433105469,241600
1989-11-28,12.125,12.3125,12.125,12.28125,10.707503318786621,1193200
1989-11-29,12.3125,12.3125,12.15625,12.1875,10.625770568847656,565200
1989-11-30,12.125,12.15625,11.8125,11.84375,10.326067924499512,1260400
1989-12-01,11.75,11.84375,11.4375,11.75,10.244332313537598,2012000
1989-12-04,11.6875,11.78125,11.625,11.75,10.244332313537598,445200
1989-12-05,11.6875,11.75,11.6875,11.71875,10.217086791992188,762000
1989-12-06,11.625,11.625,11.40625,11.4375,9.971877098083496,1118800
1989-12-07,11.375,11.375,11.15625,11.28125,9.835649490356445,2078000
1989-12-08,11.28125,11.46875,11.28125,11.46875,9.999124526977539,652400
1989-12-11,11.40625,11.59375,11.375,11.5625,10.080863952636719,809600
1989-12-12,11.5625,11.59375,11.46875,11.59375,10.108105659484863,937600
1989-12-13,11.5625,11.59375,11.5,11.53125,10.05361270904541,839200
1989-12-14,11.46875,11.46875,11.34375,11.375,9.91738510131836,615200
1989-12-15,11.375,11.40625,11.25,11.40625,9.94462776184082,1320000
1989-12-18,11.34375,11.40625,11.03125,11.125,9.699422836303711,544400
1989-12-19,11.0625,11.0625,10.875,10.96875,9.563193321228027,839600
1989-12-20,10.9375,11.28125,10.9375,11.28125,9.835649490356445,1735200
1989-12-21,11.28125,11.375,11.125,11.1875,9.753912925720215,386800
1989-12-22,11.1875,11.3125,11.1875,11.25,9.808403968811035,294000
1989-12-26,11.1875,11.21875,11.125,11.15625,9.726663589477539,100800
1989-12-27,11.09375,11.21875,11.09375,11.1875,9.753912925720215,243600
1989-12-28,11.1875,11.375,11.15625,11.375,9.91738510131836,395600
1989-12-29,11.375,11.46875,11.15625,11.4375,9.971877098083496,651600
1990-01-02,11.625,12.125,11.625,12.03125,10.489545822143555,2050400
1990-01-03,12.03125,12.21875,12.03125,12.1875,10.625770568847656,1594800
1990-01-04,12.0,12.09375,11.8125,12.09375,10.544034004211426,744800
1990-01-05,11.9375,12.0625,11.78125,11.78125,10.271578788757324,586400
1990-01-08,11.6875,11.84375,11.625,11.8125,10.298818588256836,1668400
1990-01-09,11.78125,11.8125,11.71875,11.78125,10.271578788757324,374400
1990-01-10,11.71875,11.71875,11.625,11.625,10.135350227355957,507200
1990-01-11,11.6875,11.8125,11.6875,11.78125,10.271578788757324,449200
1990-01-12,11.71875,11.71875,11.53125,11.59375,10.108105659484863,604400
1990-01-15,11.59375,11.59375,11.4375,11.46875,9.999124526977539,337600
1990-01-16,11.375,11.6875,11.3125,11.6875,10.189835548400879,900000
1990-01-17,11.65625,11.6875,11.40625,11.5,10.0263671875,164800
1990-01-18,11.40625,11.6875,11.40625,11.6875,10.189835548400879,395600
1990-01-19,11.6875,11.75,11.5,11.6875,10.189835548400879,817200
1990-01-22,11.375,11.5,11.0625,11.0625,9.644927024841309,896800
1990-01-23,11.1875,11.28125,11.09375,11.1875,9.753912925720215,782000
1990-01-24,11.0,11.1875,10.96875,11.125,9.699422836303711,518000
1990-01-25,11.1875,11.25,11.125,11.125,9.699422836303711,455200
1990-01-26,11.125,11.1875,11.125,11.15625,9.726663589477539,522800
1990-01-29,11.15625,11.21875,11.0625,11.15625,9.726663589477539,388800
1990-01-30,11.125,11.1875,11.03125,11.0625,9.644927024841309,845200
1990-01-31,11.125,11.3125,11.09375,11.25,9.808403968811035,645200
1990-02-01,11.25,11.25,11.125,11.21875,9.781153678894043,337200
1990-02-02,11.1875,11.5,11.15625,11.4375,9.971877098083496,465600
1990-02-05,11.4375,11.625,11.375,11.40625,9.94462776184082,574000
1990-02-06,11.40625,11.65625,11.40625,11.5,10.0263671875,1093200
1990-02-07,11.40625,11.4375,11.34375,11.375,9.91738510131836,1200000
1990-02-08,11.40625,11.875,11.40625,11.6875,10.189835548400879,874000
1990-02-09,11.6875,11.875,11.6875,11.78125,10.271578788757324,428000
1990-02-12,11.75,11.78125,11.53125,11.65625,10.162598609924316,460000
1990-02-13,11.6875,11.875,11.65625,11.75,10.244332313537598,877200
1990-02-14,11.75,11.875,11.75,11.75,10.244332313537598,472800
1990-02-15,11.75,11.75,11.625,11.65625,10.162598609924316,179200
1990-02-16,11.59375,11.625,11.5,11.5625,10.080863952636719,497600
1990-02-20,11.46875,11.625,11.4375,11.625,10.135350227355957,544400
1990-02-21,11.53125,11.65625,11.5,11.625,10.135350227355957,528400
1990-02-22,11.6875,11.875,11.65625,11.71875,10.217086791992188,570400
1990-02-23,11.65625,11.875,11.65625,11.8125,10.298818588256836,876800
1990-02-26,11.75,12.875,11.75,12.875,11.22517204284668,1674400
1990-02-27,12.5,12.78125,12.375,12.65625,11.034454345703125,1478000
1990-02-28,12.59375,12.90625,12.4375,12.5,10.898226737976074,2512000
1990-03-01,12.4375,12.71875,12.4375,12.5,10.898226737976074,778400
1990-03-02,12.5,12.71875,12.46875,12.53125,10.925469398498535,896400
1990-03-05,12.5,12.59375,12.46875,12.5,10.898226737976074,555200
1990-03-06,12.4375,13.0625,12.4375,13.0625,11.38864803314209,530000
1990-03-07,13.0625,13.5,13.03125,13.1875,11.497632026672363,1859600
1990-03-08,13.0625,13.40625,13.0625,13.21875,11.524871826171875,940400
1990-03-09,13.1875,13.3125,13.09375,13.125,11.443138122558594,619600
1990-03-12,13.25,13.5,13.21875,13.4375,11.715594291687012,815600
1990-03-13,13.5,13.84375,13.5,13.71875,11.960803031921387,1012000
1990-03-14,13.78125,13.78125,13.625,13.625,11.879067420959473,698000
1990-03-15,13.53125,13.53125,13.1875,13.21875,11.524871826171875,780800
1990-03-16,13.28125,13.46875,13.125,13.46875,11.742836952209473,849200
1990-03-19,13.375,13.9375,13.375,13.75,11.988044738769531,1704800
1990-03-20,13.75,14.5,13.71875,14.25,12.423977851867676,3502400
1990-03-21,14.09375,14.125,13.8125,13.8125,12.042537689208984,1260800
1990-03-22,13.71875,13.78125,13.40625,13.46875,11.742836952209473,1323200
1990-03-23,13.65625,13.875,13.625,13.8125,12.042537689208984,1000000
1990-03-26,13.875,14.375,13.875,14.25,12.423977851867676,843200
1990-03-27,14.1875,14.34375,14.0625,14.3125,12.478469848632812,619600
1990-03-28,14.1875,14.1875,14.03125,14.09375,12.287751197814941,326000
1990-03-29,14.03125,14.3125,14.03125,14.09375,12.287751197814941,797200
1990-03-30,14.03125,14.09375,13.84375,13.9375,12.151517868041992,732400
1990-04-02,13.625,13.84375,13.625,13.84375,12.069785118103027,554000
1990-04-03,13.90625,14.0625,13.90625,13.9375,12.151517868041992,872000
1990-04-04,14.0,14.09375,13.90625,14.0625,12.260503768920898,694400
1990-04-05,14.0,14.03125,13.9375,13.9375,12.151517868041992,316400
1990-04-06,13.9375,13.96875,13.8125,13.84375,12.069785118103027,336400
1990-04-09,13.84375,14.0625,13.84375,14.03125,12.233259201049805,378000
1990-04-10,13.96875,14.125,13.9375,14.125,12.314994812011719,262800
1990-04-11,14.09375,14.15625,14.03125,14.15625,12.342243194580078,684000
1990-04-12,14.15625,14.5,14.125,14.375,12.532955169677734,761200
1990-04-16,14.40625,14.46875,14.3125,14.3125,12.478469848632812,627200
1990-04-17,14.1875,14.34375,14.125,14.3125,12.478469848632812,442000
1990-04-18,14.1875,14.25,14.03125,14.03125,12.233259201049805,580000
1990-04-19,13.96875,14.125,13.9375,14.03125,12.233259201049805,412800
1990-04-20,14.0,14.03125,13.875,14.0,12.206014633178711,823600
1990-04-23,13.9375,13.96875,13.65625,13.71875,11.960803031921387,806400
1990-04-24,13.71875,13.78125,13.5,13.625,11.879067420959473,633600
1990-04-25,13.625,13.78125,13.625,13.75,11.988044738769531,800000
1990-04-26,13.75,13.875,13.65625,13.78125,12.015298843383789,788400
1990-04-27,13.78125,13.78125,13.4375,13.6875,11.93355941772461,680800
1990-04-30,13.65625,13.6875,13.375,13.6875,11.93355941772461,462800
1990-05-01,13.9375,13.96875,13.75,13.9375,12.151517868041992,750800
1990-05-02,13.96875,14.0625,13.9375,14.03125,12.233259201049805,468400
1990-05-03,14.0625,14.125,13.5,13.5625,11.824578285217285,801600
1990-05-04,13.5,13.5,13.21875,13.3125,11.606612205505371,2016800
1990-05-07,13.25,13.65625,13.1875,13.5,11.770085334777832,860000
1990-05-08,13.4375,13.46875,13.375,13.40625,11.688348770141602,494000
1990-05-09,13.28125,13.28125,13.0,13.03125,11.361397743225098,1024800
1990-05-10,12.96875,13.125,12.9375,13.125,11.443138122558594,1476000
1990-05-11,13.15625,13.5,13.0625,13.4375,11.715594291687012,1039200
1990-05-14,13.375,13.9375,13.3125,13.78125,12.015298843383789,1498400
1990-05-15,13.78125,13.8125,13.59375,13.65625,11.906305313110352,785200
1990-05-16,13.65625,13.65625,13.5,13.625,11.879067420959473,315200
1990-05-17,13.625,13.625,13.34375,13.5625,11.824578285217285,506400
1990-05-18,13.5625,13.5625,13.25,13.28125,11.579368591308594,1002000
1990-05-21,13.25,13.28125,13.03125,13.03125,11.361397743225098,1256800
1990-05-22,11.875,11.875,11.625,11.75,10.244332313537598,8270800
1990-05-23,11.71875,11.71875,11.4375,11.6875,10.189835548400879,4083200
1990-05-24,11.625,11.65625,11.5,11.5,10.0263671875,1442000
1990-05-25,11.4375,11.53125,11.40625,11.4375,9.971877098083496,617200
1990-05-29,11.46875,11.875,11.46875,11.78125,10.271578788757324,2004000
1990-05-30,11.75,11.78125,11.5625,11.625,10.135350227355957,1361200
1990-05-31,11.59375,11.625,11.53125,11.5625,10.080863952636719,500400
1990-06-01,11.5625,11.84375,11.53125,11.8125,10.298818588256836,824000
1990-06-04,11.8125,12.0625,11.8125,12.0625,10.516789436340332,540000
1990-06-05,12.1875,12.3125,12.09375,12.125,10.571281433105469,767200
1990-06-06,12.09375,12.09375,12.03125,12.0625,10.516789436340332,349200
1990-06-07,12.0625,12.0625,11.78125,12.0625,10.516789436340332,430800
1990-06-08,12.0,12.0625,11.75,11.875,10.353312492370605,404400
1990-06-11,11.84375,11.9375,11.78125,11.90625,10.380559921264648,290000
1990-06-12,11.90625,12.09375,11.90625,11.96875,10.43505573272705,244400
1990-06-13,11.96875,11.96875,11.8125,11.90625,10.380559921264648,515200
1990-06-14,11.84375,11.84375,11.75,11.78125,10.271578788757324,541600
1990-06-15,11.8125,12.21875,11.8125,12.125,10.571281433105469,1652000
1990-06-18,12.125,12.125,11.96875,12.0625,10.516789436340332,666000
1990-06-19,12.0,12.21875,11.96875,12.1875,10.625770568847656,762800
1990-06-20,12.25,12.28125,12.125,12.125,10.571281433105469,684000
1990-06-21,12.125,12.1875,11.96875,12.15625,10.598528861999512,358000
1990-06-22,12.1875,12.46875,12.1875,12.1875,10.625770568847656,1041600
1990-06-25,12.125,12.125,11.875,11.90625,10.380559921264648,590800
1990-06-26,11.90625,11.90625,11.5,11.53125,10.05361270904541,1088000
1990-06-27,11.5,11.65625,11.375,11.46875,9.999124526977539,1143600
1990-06-28,11.46875,11.46875,11.03125,11.3125,9.862892150878906,1642000
1990-06-29,11.25,11.40625,11.25,11.3125,9.862892150878906,1233200
1990-07-02,11.28125,11.3125,11.1875,11.28125,9.835649490356445,540000
1990-07-03,11.25,11.3125,11.21875,11.25,9.808403968811035,669600
1990-07-05,11.25,11.25,11.15625,11.21875,9.781153678894043,1178400
1990-07-06,11.1875,11.375,11.1875,11.375,9.91738510131836,565200
1990-07-09,11.34375,11.375,11.28125,11.3125,9.862892150878906,334000
1990-07-10,11.3125,11.34375,11.09375,11.125,9.699422836303711,933600
1990-07-11,11.125,11.21875,11.125,11.15625,9.726663589477539,527200
1990-07-12,11.1875,11.375,10.96875,11.375,9.91738510131836,1438400
1990-07-13,11.375,11.875,11.3125,11.84375,10.326067924499512,3122000
1990-07-16,11.84375,11.875,11.78125,11.84375,10.326067924499512,460800
1990-07-17,11.84375,11.875,11.75,11.8125,10.298818588256836,885600
1990-07-18,11.75,11.75,11.625,11.6875,10.189835548400879,1627200
1990-07-19,11.625,11.6875,11.46875,11.5,10.0263671875,1202000
1990-07-20,11.46875,11.46875,11.25,11.25,9.808403968811035,875600
1990-07-23,11.1875,11.25,10.8125,11.125,9.699422836303711,1697200
1990-07-24,11.15625,11.1875,10.875,10.9375,9.535947799682617,620000
1990-07-25,11.0,11.0,10.8125,10.8125,9.426965713500977,622800
1990-07-26,10.78125,11.0625,10.75,10.9375,9.535947799682617,1242400
1990-07-27,10.84375,10.875,10.65625,10.65625,9.290736198425293,1782800
1990-07-30,10.5,10.5625,10.375,10.5,9.154507637023926,918400
1990-07-31,10.4375,10.53125,10.40625,10.40625,9.072772026062012,597200
1990-08-01,10.40625,10.40625,10.0625,10.0625,8.773073196411133,1009600
1990-08-02,9.6875,9.90625,9.6875,9.90625,8.636842727661133,1320800
1990-08-03,9.90625,9.90625,9.59375,9.75,8.500617980957031,1956800
1990-08-06,9.5625,9.5625,9.1875,9.21875,8.037444114685059,1421600
1990-08-07,9.28125,9.375,9.15625,9.28125,8.091933250427246,1418800
1990-08-08,9.4375,9.5625,9.3125,9.3125,8.119176864624023,934400
1990-08-09,9.3125,9.625,9.3125,9.625,8.39163589477539,652400
1990-08-10,9.65625,9.90625,9.65625,9.90625,8.636842727661133,777600
1990-08-13,9.84375,9.84375,9.5,9.59375,8.364391326904297,498800
1990-08-14,9.625,9.625,9.46875,9.5,8.282649040222168,277600
1990-08-15,9.5,9.53125,9.375,9.375,8.173667907714844,312000
1990-08-16,9.3125,9.34375,9.03125,9.03125,7.873966217041016,926000
1990-08-17,8.9375,8.9375,8.5,8.59375,7.492529392242432,1400800
1990-08-20,8.6875,8.78125,8.65625,8.75,7.628756999969482,870400
1990-08-21,8.71875,8.84375,8.40625,8.78125,7.656003475189209,1038400
1990-08-22,8.84375,8.96875,8.84375,8.875,7.737739086151123,826400
1990-08-23,8.8125,9.28125,8.75,9.0,7.846724033355713,892000
1990-08-24,9.125,9.34375,9.03125,9.34375,8.146425247192383,782800
1990-08-27,9.75,10.0,9.6875,9.875,8.609601020812988,855600
1990-08-28,9.8125,9.84375,9.46875,9.75,8.500617980957031,369600
1990-08-29,9.75,9.875,9.65625,9.8125,8.555106163024902,246000
1990-08-30,9.78125,9.78125,9.625,9.625,8.39163589477539,314400
1990-08-31,9.65625,9.875,9.5625,9.8125,8.555106163024902,363600
1990-09-04,9.75,9.8125,9.6875,9.8125,8.555106163024902,305200
1990-09-05,9.75,9.78125,9.625,9.71875,8.473372459411621,496800
1990-09-06,9.65625,9.6875,9.59375,9.625,8.39163589477539,478400
1990-09-07,9.5,9.59375,9.46875,9.53125,8.309893608093262,438800
1990-09-10,9.65625,9.65625,9.40625,9.40625,8.200915336608887,425600
1990-09-11,9.40625,9.5,9.40625,9.5,8.282649040222168,754800
1990-09-12,9.46875,9.5,9.4375,9.46875,8.255404472351074,578000
1990-09-13,9.4375,9.46875,9.375,9.40625,8.200915336608887,214000
1990-09-14,9.375,9.40625,9.3125,9.34375,8.146425247192383,439200
1990-09-17,9.3125,9.375,9.25,9.375,8.173667907714844,524800
1990-09-18,9.28125,9.3125,9.1875,9.25,8.064684867858887,448400
1990-09-19,9.25,9.3125,9.0625,9.0625,7.901214599609375,243600
1990-09-20,8.9375,9.125,8.8125,9.09375,7.928460121154785,341600
1990-09-21,9.5,9.5,8.96875,9.1875,8.010196685791016,1059200
1990-09-24,9.125,9.125,8.78125,8.9375,7.792232513427734,491600
1990-09-25,8.96875,9.125,8.90625,9.125,7.955704212188721,459600
1990-09-26,9.125,9.1875,9.0625,9.0625,7.901214599609375,222000
1990-09-27,9.125,9.25,8.875,8.9375,7.792232513427734,406400
1990-09-28,8.9375,9.0625,8.75,9.0625,7.901214599609375,844000
1990-10-01,9.0625,9.375,9.0625,9.28125,8.091933250427246,528400
1990-10-02,9.34375,9.5625,9.28125,9.3125,8.119176864624023,622400
1990-10-03,9.25,9.28125,9.1875,9.1875,8.010196685791016,314000
1990-10-04,9.1875,9.25,9.125,9.21875,8.037444114685059,572800
1990-10-05,9.15625,9.21875,8.9375,9.1875,8.010196685791016,462000
1990-10-08,9.3125,9.625,9.3125,9.4375,8.228158950805664,289600
1990-10-09,9.375,9.40625,9.125,9.125,7.955704212188721,233600
1990-10-10,9.15625,9.4375,9.15625,9.34375,8.146425247192383,632000
1990-10-11,9.375,9.5,9.3125,9.4375,8.228158950805664,805200
1990-10-12,9.5,9.96875,9.375,9.75,8.500617980957031,985600
1990-10-15,9.75,9.8125,9.5,9.5625,8.337141990661621,853600
1990-10-16,9.53125,9.53125,9.34375,9.375,8.173667907714844,421200
1990-10-17,9.3125,9.40625,9.25,9.3125,8.119176864624023,470800
1990-10-18,9.34375,9.8125,9.34375,9.8125,8.555106163024902,1968400
1990-10-19,10.0625,10.1875,9.75,9.90625,8.636842727661133,1847200
1990-10-22,9.875,10.3125,9.8125,10.0625,8.773073196411133,1061200
1990-10-23,10.0,10.0,9.625,9.625,8.39163589477539,1395200
1990-10-24,9.375,9.375,8.875,8.96875,7.8194780349731445,974400
1990-10-25,8.90625,8.90625,8.65625,8.65625,7.547022819519043,1218400
1990-10-26,8.65625,8.78125,8.625,8.625,7.519778728485107,416000
1990-10-29,8.65625,8.6875,8.46875,8.46875,7.383549690246582,576800
1990-10-30,8.40625,8.46875,8.28125,8.34375,7.2745680809021,748000
1990-10-31,8.375,8.4375,8.21875,8.25,7.1928300857543945,1290400
1990-11-01,8.28125,8.4375,8.1875,8.34375,7.2745680809021,1176400
1990-11-02,8.25,8.3125,8.09375,8.3125,7.247321128845215,1349600
1990-11-05,8.28125,8.71875,8.28125,8.6875,7.5742645263671875,600400
1990-11-06,8.65625,8.6875,8.3125,8.4375,7.356302738189697,1265200
1990-11-07,8.4375,8.4375,8.21875,8.25,7.1928300857543945,702400
1990-11-08,8.25,8.4375,8.25,8.40625,7.329056262969971,934800
1990-11-09,8.4375,8.4375,8.28125,8.375,7.301811218261719,382400
1990-11-12,8.40625,8.78125,8.375,8.6875,7.5742645263671875,627200
1990-11-13,8.71875,8.71875,8.5625,8.625,7.519778728485107,513600
1990-11-14,8.5625,8.75,8.5625,8.71875,7.6015119552612305,1081200
1990-11-15,8.65625,8.65625,8.53125,8.5625,7.465285778045654,981200
1990-11-16,8.5625,8.5625,8.375,8.46875,7.383549690246582,1580000
1990-11-19,8.5,8.5,8.375,8.4375,7.356302738189697,570800
1990-11-20,8.34375,8.34375,8.21875,8.21875,7.165582180023193,614000
1990-11-21,8.21875,8.25,8.0,8.03125,7.002110958099365,908000
1990-11-23,8.03125,8.0625,7.75,7.8125,6.8113932609558105,318400
1990-11-26,7.8125,8.0625,7.6875,8.0625,7.029353141784668,914400
1990-11-27,8.125,8.15625,7.96875,8.125,7.083847522735596,393200
1990-11-28,8.03125,8.09375,8.0,8.03125,7.002110958099365,491600
1990-11-29,7.9375,7.9375,7.78125,7.78125,6.784148216247559,910000
1990-11-30,7.75,7.75,7.375,7.46875,6.511690139770508,1788800
1990-12-03,7.6875,7.71875,7.5625,7.625,6.647916316986084,1025600
1990-12-04,7.59375,7.75,7.5625,7.6875,6.702409744262695,1318000
1990-12-05,7.6875,7.90625,7.6875,7.90625,6.89312744140625,1658800
1990-12-06,8.25,8.25,8.0625,8.0625,7.029353141784668,1722400
1990-12-07,8.0625,8.125,8.0625,8.09375,7.056600093841553,458800
1990-12-10,8.125,8.21875,8.09375,8.21875,7.165582180023193,880400
1990-12-11,8.1875,8.21875,8.03125,8.03125,7.002110958099365,495200
1990-12-12,8.0625,8.1875,8.0,8.125,7.083847522735596,1308000
1990-12-13,8.15625,8.375,8.125,8.25,7.1928300857543945,646800
1990-12-14,8.25,8.28125,8.15625,8.1875,7.138337135314941,568000
1990-12-17,8.0625,8.125,8.0,8.09375,7.056600093841553,529600
1990-12-18,8.03125,8.21875,8.03125,8.15625,7.111091613769531,753200
1990-12-19,8.15625,8.5625,8.15625,8.5,7.410793781280518,1020800
1990-12-20,8.28125,8.40625,8.21875,8.375,7.301811218261719,1866800
1990-12-21,8.625,8.8125,8.5625,8.75,7.628756999969482,2396000
1990-12-24,8.71875,8.8125,8.71875,8.78125,7.656003475189209,649600
1990-12-26,8.75,8.78125,8.71875,8.75,7.628756999969482,405600
1990-12-27,8.59375,8.625,8.5,8.5625,7.465285778045654,744800
1990-12-28,8.5,8.5625,8.4375,8.4375,7.356302738189697,261600
1990-12-31,8.4375,8.59375,8.25,8.46875,7.383549690246582,525600
1991-01-02,8.4375,8.59375,8.40625,8.5,7.410793781280518,711200
1991-01-03,8.5625,8.5625,8.46875,8.5,7.410793781280518,456400
1991-01-04,8.46875,8.5,8.34375,8.5,7.410793781280518,910800
1991-01-07,8.4375,8.5,8.3125,8.3125,7.247321128845215,521200
1991-01-08,8.3125,8.3125,8.125,8.1875,7.138337135314941,480000
1991-01-09,8.3125,8.5,8.15625,8.25,7.1928300857543945,849200
1991-01-10,8.25,8.40625,8.125,8.375,7.301811218261719,704800
1991-01-11,8.28125,8.3125,8.125,8.28125,7.220075607299805,462400
1991-01-14,8.21875,8.21875,8.03125,8.125,7.083847522735596,435200
1991-01-15,8.03125,8.34375,8.03125,8.21875,7.165582180023193,688800
1991-01-16,8.1875,8.5,8.09375,8.375,7.301811218261719,483200
1991-01-17,8.8125,8.875,8.625,8.625,7.519778728485107,1604800
1991-01-18,8.5625,9.25,8.5625,9.25,8.064684867858887,1354000
1991-01-21,9.25,9.4375,9.1875,9.40625,8.200915336608887,935200
1991-01-22,9.34375,9.34375,9.1875,9.25,8.064684867858887,625200
1991-01-23,9.21875,9.96875,9.21875,9.625,8.39163589477539,1951200
1991-01-24,9.8125,9.9375,9.78125,9.9375,8.664091110229492,1508400
1991-01-25,10.0,10.0,9.4375,9.5625,8.337141990661621,1083200
1991-01-28,9.59375,9.75,9.59375,9.75,8.500617980957031,683200
1991-01-29,9.6875,9.75,9.5,9.71875,8.473372459411621,808800
1991-01-30,9.71875,10.625,9.71875,10.53125,9.181754112243652,1394400
1991-01-31,10.46875,10.8125,10.46875,10.6875,9.31797981262207,883600
1991-02-01,10.6875,10.875,10.59375,10.8125,9.426965713500977,972000
1991-02-04,10.71875,11.125,10.71875,11.125,9.699422836303711,900400
1991-02-05,11.125,11.125,10.625,10.65625,9.290736198425293,547200
1991-02-06,10.625,10.875,10.5,10.8125,9.426965713500977,880400
1991-02-07,10.8125,10.90625,10.3125,10.4375,9.100019454956055,974800
1991-02-08,10.3125,10.375,10.0625,10.15625,8.854805946350098,619200
1991-02-11,10.25,10.84375,10.25,10.84375,9.45421314239502,1017200
1991-02-12,10.6875,10.84375,10.6875,10.6875,9.31797981262207,348800
1991-02-13,10.625,10.71875,10.4375,10.5,9.154507637023926,898400
1991-02-14,10.46875,10.53125,10.4375,10.46875,9.127266883850098,570000
1991-02-15,10.53125,10.71875,10.4375,10.6875,9.31797981262207,1047200
1991-02-19,10.625,10.78125,10.59375,10.6875,9.31797981262207,302400
1991-02-20,10.5,10.5,10.3125,10.34375,9.018274307250977,444000
1991-02-21,10.3125,10.34375,10.1875,10.25,8.936544418334961,301600
1991-02-22,10.1875,10.5625,10.125,10.15625,8.854805946350098,1019600
1991-02-25,10.34375,10.34375,10.125,10.15625,8.854805946350098,558000
1991-02-26,10.09375,10.09375,9.96875,10.09375,8.800314903259277,417600
1991-02-27,10.0625,10.40625,10.0625,10.40625,9.072772026062012,462000
1991-02-28,10.4375,10.4375,10.28125,10.3125,8.991036415100098,428400
1991-03-01,10.25,10.25,10.03125,10.09375,8.800314903259277,624800
1991-03-04,9.9375,9.9375,9.75,9.78125,8.527865409851074,934800
1991-03-05,9.75,10.09375,9.6875,10.03125,8.745826721191406,1052000
1991-03-06,10.09375,10.09375,9.90625,9.96875,8.691337585449219,912800
1991-03-07,9.875,10.09375,9.8125,10.03125,8.745826721191406,882400
1991-03-08,10.0,10.15625,9.9375,10.125,8.827561378479004,929600
1991-03-11,10.0625,10.1875,10.0625,10.09375,8.800314903259277,202000
1991-03-12,10.03125,10.125,9.875,9.875,8.609601020812988,216400
1991-03-13,9.75,9.84375,9.71875,9.84375,8.582356452941895,643600
1991-03-14,9.8125,10.0,9.8125,9.90625,8.636842727661133,593200
1991-03-15,9.96875,9.96875,9.78125,9.96875,8.691337585449219,585200
1991-03-18,9.90625,10.0625,9.8125,9.84375,8.582356452941895,464400
1991-03-19,9.125,9.1875,9.03125,9.03125,7.873966217041016,1544400
1991-03-20,8.875,9.0,8.84375,8.9375,7.792232513427734,840400
1991-03-21,8.9375,9.0,8.90625,8.90625,7.764986991882324,514800
1991-03-22,8.84375,8.875,8.78125,8.78125,7.656003475189209,401600
1991-03-25,8.75,8.8125,8.71875,8.78125,7.656003475189209,338000
1991-03-26,8.75,8.96875,8.6875,8.9375,7.792232513427734,730400
1991-03-27,8.96875,9.0,8.9375,8.96875,7.8194780349731445,668400
1991-03-28,9.0,9.0625,8.96875,9.0625,7.901214599609375,293200
1991-04-01,9.03125,9.0625,8.8125,8.8125,7.683251857757568,222000
1991-04-02,8.78125,8.875,8.71875,8.875,7.737739086151123,687200
1991-04-03,8.875,8.875,8.5625,8.625,7.519778728485107,429600
1991-04-04,8.65625,8.71875,8.59375,8.71875,7.6015119552612305,623200
1991-04-05,8.75,8.75,8.6875,8.71875,7.6015119552612305,735600
1991-04-08,8.65625,8.71875,8.65625,8.71875,7.6015119552612305,773600
1991-04-09,8.6875,8.71875,8.625,8.625,7.519778728485107,664800
1991-04-10,8.59375,8.625,8.5625,8.59375,7.492529392242432,229600
1991-04-11,8.5,8.5625,8.3125,8.34375,7.2745680809021,1100000
1991-04-12,8.34375,8.375,7.84375,8.25,7.1928300857543945,1576400
1991-04-15,8.25,8.25,8.09375,8.125,7.083847522735596,890800
1991-04-16,8.09375,8.34375,8.03125,8.34375,7.2745680809021,1172800
1991-04-17,8.375,8.625,8.375,8.625,7.519778728485107,2665600
1991-04-18,8.5625,8.96875,8.5,8.8125,7.683251857757568,1727200
1991-04-19,8.84375,8.875,8.75,8.75,7.628756999969482,1238400
1991-04-22,8.9375,9.03125,8.84375,8.84375,7.71049690246582,1140000
1991-04-23,8.90625,8.96875,8.6875,8.71875,7.6015119552612305,577200
1991-04-24,8.75,8.75,8.65625,8.6875,7.5742645263671875,479200
1991-04-25,8.75,8.8125,8.65625,8.75,7.628756999969482,768800
1991-04-26,8.75,8.78125,8.71875,8.75,7.628756999969482,438800
1991-04-29,8.78125,8.9375,8.71875,8.75,7.628756999969482,590000
1991-04-30,8.78125,8.90625,8.78125,8.8125,7.683251857757568,584400
1991-05-01,8.8125,8.875,8.75,8.75,7.628756999969482,892400
1991-05-02,8.8125,8.875,8.8125,8.875,7.737739086151123,577600
1991-05-03,8.875,9.15625,8.875,9.15625,7.982951641082764,576800
1991-05-06,9.125,9.53125,9.125,9.46875,8.255404472351074,1421600
1991-05-07,9.40625,9.53125,9.1875,9.5,8.282649040222168,1226800
1991-05-08,9.65625,9.78125,9.65625,9.6875,8.446124076843262,1384400
1991-05-09,10.0,10.46875,9.90625,10.40625,9.072772026062012,2453600
1991-05-10,10.34375,10.34375,10.0,10.0,8.718576431274414,1219200
1991-05-13,9.875,9.9375,9.78125,9.90625,8.636842727661133,670000
1991-05-14,9.8125,9.875,9.65625,9.6875,8.446124076843262,535200
1991-05-15,9.6875,9.71875,9.3125,9.34375,8.146425247192383,601200
1991-05-16,9.34375,9.34375,9.21875,9.28125,8.091933250427246,832800
1991-05-17,9.21875,9.3125,8.9375,9.28125,8.091933250427246,1166800
1991-05-20,9.25,9.34375,9.25,9.28125,8.091933250427246,625200
1991-05-21,9.34375,9.375,9.3125,9.34375,8.146425247192383,871200
1991-05-22,9.46875,9.625,9.46875,9.59375,8.364391326904297,776000
1991-05-23,9.5625,9.59375,9.5,9.5,8.282649040222168,636000
1991-05-24,9.53125,9.53125,9.5,9.53125,8.309893608093262,423600
1991-05-28,9.53125,9.5625,9.46875,9.5625,8.337141990661621,902400
1991-05-29,9.625,9.6875,9.5625,9.5625,8.337141990661621,1878000
1991-05-30,9.625,9.6875,9.5625,9.6875,8.446124076843262,1784800
1991-05-31,9.6875,10.09375,9.6875,10.03125,8.745826721191406,1396000
1991-06-03,10.03125,10.3125,10.03125,10.3125,8.991036415100098,1246000
1991-06-04,10.34375,10.96875,10.3125,10.90625,9.508703231811523,1191200
1991-06-05,10.90625,10.90625,10.40625,10.40625,9.072772026062012,1305600
1991-06-06,10.3125,10.375,10.125,10.15625,8.854805946350098,621200
1991-06-07,9.875,10.03125,9.875,9.96875,8.691337585449219,532800
1991-06-10,9.9375,10.0,9.9375,9.96875,8.691337585449219,100000
1991-06-11,9.90625,10.15625,9.90625,10.125,8.827561378479004,439200
1991-06-12,10.0625,10.0625,9.78125,9.90625,8.636842727661133,485600
1991-06-13,9.90625,10.0,9.875,10.0,8.718576431274414,478400
1991-06-14,10.0,10.34375,10.0,10.34375,9.018274307250977,790800
1991-06-17,10.34375,10.34375,10.21875,10.21875,8.9093017578125,538000
1991-06-18,10.15625,10.1875,9.9375,9.9375,8.664091110229492,254800
1991-06-19,9.9375,10.03125,9.84375,9.84375,8.582356452941895,667600
1991-06-20,9.875,9.96875,9.84375,9.90625,8.636842727661133,476000
1991-06-21,9.96875,9.96875,9.90625,9.9375,8.664091110229492,702800
1991-06-24,9.90625,9.90625,9.625,9.625,8.39163589477539,215200
1991-06-25,9.59375,9.78125,9.59375,9.71875,8.473372459411621,817600
1991-06-26,9.71875,9.78125,9.65625,9.71875,8.473372459411621,234800
1991-06-27,9.75,9.75,9.65625,9.71875,8.473372459411621,373600
1991-06-28,9.71875,9.75,9.4375,9.625,8.39163589477539,608000
1991-07-01,9.875,9.875,9.75,9.78125,8.527865409851074,726400
1991-07-02,9.71875,9.8125,9.65625,9.6875,8.446124076843262,784400
1991-07-03,9.65625,9.90625,9.625,9.90625,8.636842727661133,635200
1991-07-05,9.875,10.1875,9.875,10.125,8.827561378479004,349200
1991-07-08,9.96875,10.1875,9.9375,10.1875,8.882051467895508,282000
1991-07-09,10.125,10.3125,10.125,10.3125,8.991036415100098,1064800
1991-07-10,10.3125,10.46875,10.21875,10.21875,8.9093017578125,348000
1991-07-11,10.25,10.375,10.1875,10.34375,9.018274307250977,300000
1991-07-12,10.40625,10.40625,10.3125,10.375,9.045525550842285,682400
1991-07-15,10.28125,10.3125,10.21875,10.25,8.936544418334961,607200
1991-07-16,10.625,10.625,10.375,10.375,9.045525550842285,1923200
1991-07-17,10.40625,10.40625,10.25,10.28125,8.963790893554688,1020000
1991-07-18,10.21875,10.59375,10.21875,10.5,9.154507637023926,911200
1991-07-19,10.5,10.59375,10.46875,10.59375,9.236247062683105,876000
1991-07-22,10.5,10.5625,10.5,10.5625,9.209000587463379,596400
1991-07-23,10.59375,10.71875,10.59375,10.59375,9.236247062683105,487200
1991-07-24,10.59375,10.59375,10.53125,10.5625,9.209000587463379,471600
1991-07-25,10.53125,10.5625,10.4375,10.5,9.154507637023926,280800
1991-07-26,10.59375,10.71875,10.5625,10.6875,9.31797981262207,765200
1991-07-29,10.59375,10.6875,10.53125,10.5625,9.209000587463379,384400
1991-07-30,10.5625,10.5625,10.375,10.4375,9.100019454956055,372400
1991-07-31,10.3125,10.53125,10.25,10.4375,9.100019454956055,357600
1991-08-01,10.375,10.375,10.28125,10.28125,8.963790893554688,359200
1991-08-02,10.28125,10.34375,10.15625,10.1875,8.882051467895508,171200
1991-08-05,10.09375,10.09375,9.84375,9.96875,8.691337585449219,508800
1991-08-06,9.90625,10.25,9.875,10.25,8.936544418334961,598000
1991-08-07,10.25,10.3125,10.0625,10.09375,8.800314903259277,630800
1991-08-08,10.0625,10.15625,10.03125,10.09375,8.800314903259277,382000
1991-08-09,10.09375,10.09375,9.9375,9.96875,8.691337585449219,282000
1991-08-12,9.90625,10.09375,9.90625,10.03125,8.745826721191406,216800
1991-08-13,10.03125,10.125,10.0,10.03125,8.745826721191406,186000
1991-08-14,10.0625,10.0625,9.96875,10.0,8.718576431274414,754800
1991-08-15,9.96875,10.03125,9.96875,10.03125,8.745826721191406,403200
1991-08-16,10.03125,10.09375,9.96875,9.96875,8.691337585449219,324400
1991-08-19,9.75,9.75,9.5,9.625,8.39163589477539,909600
1991-08-20,9.65625,9.71875,9.625,9.65625,8.418882369995117,604000
1991-08-21,9.78125,9.84375,9.625,9.8125,8.555106163024902,695200
1991-08-22,9.84375,10.0,9.71875,9.8125,8.555106163024902,579200
1991-08-23,9.78125,10.09375,9.78125,10.0625,8.773073196411133,298800
1991-08-26,9.96875,10.0,9.875,9.96875,8.691337585449219,194000
1991-08-27,9.875,9.875,9.78125,9.8125,8.555106163024902,240000
1991-08-28,9.8125,9.90625,9.78125,9.90625,8.636842727661133,444400
1991-08-29,9.9375,9.96875,9.84375,9.84375,8.582356452941895,171600
1991-08-30,9.875,9.96875,9.84375,9.90625,8.636842727661133,187200
1991-09-03,9.96875,9.96875,9.71875,9.75,8.500617980957031,218800
1991-09-04,9.71875,9.71875,9.5625,9.5625,8.337141990661621,596400
1991-09-05,9.5,9.5,9.125,9.25,8.064684867858887,786800
1991-09-06,9.25,9.4375,9.21875,9.40625,8.200915336608887,514000
1991-09-09,9.375,9.40625,9.3125,9.34375,8.146425247192383,357200
1991-09-10,9.3125,9.3125,9.1875,9.1875,8.010196685791016,202400
1991-09-11,9.09375,9.1875,8.90625,9.1875,8.010196685791016,432800
1991-09-12,9.15625,9.3125,9.15625,9.25,8.064684867858887,314000
1991-09-13,9.3125,9.3125,9.0625,9.09375,7.928460121154785,693600
1991-09-16,9.15625,9.15625,9.0625,9.125,7.955704212188721,236800
1991-09-17,9.03125,9.1875,9.03125,9.125,7.955704212188721,203200
1991-09-18,9.0625,9.0625,8.9375,9.0,7.846724033355713,350800
1991-09-19,8.9375,9.15625,8.84375,9.09375,7.928460121154785,570000
1991-09-20,9.15625,9.15625,9.0625,9.0625,7.901214599609375,410400
1991-09-23,9.0625,9.125,8.9375,8.9375,7.792232513427734,294000
1991-09-24,8.9375,9.0625,8.90625,9.0625,7.901214599609375,302400
1991-09-25,9.0625,9.21875,9.0625,9.15625,7.982951641082764,204800
1991-09-26,9.21875,9.21875,8.96875,8.96875,7.8194780349731445,325600
1991-09-27,8.96875,8.96875,8.78125,8.8125,7.683251857757568,385200
1991-09-30,8.75,8.78125,8.65625,8.75,7.628756999969482,359600
1991-10-01,8.75,8.875,8.75,8.8125,7.683251857757568,644400
1991-10-02,8.8125,8.96875,8.78125,8.96875,7.8194780349731445,298800
1991-10-03,8.90625,8.96875,8.78125,8.78125,7.656003475189209,1365200
1991-10-04,8.78125,8.875,8.75,8.78125,7.656003475189209,636800
1991-10-07,8.75,8.8125,8.6875,8.75,7.628756999969482,546400
1991-10-08,8.75,8.8125,8.71875,8.78125,7.656003475189209,777600
1991-10-09,8.71875,8.84375,8.71875,8.78125,7.656003475189209,822000
1991-10-10,8.78125,9.4375,8.78125,9.4375,8.228158950805664,625200
1991-10-11,9.46875,9.46875,9.25,9.3125,8.119176864624023,353200
1991-10-14,9.28125,9.40625,9.21875,9.40625,8.200915336608887,336400
1991-10-15,9.46875,10.0625,9.46875,9.90625,8.636842727661133,615200
1991-10-16,9.84375,10.125,9.8125,10.125,8.827561378479004,386400
1991-10-17,10.125,10.125,9.90625,10.125,8.827561378479004,666800
1991-10-18,10.0625,10.21875,10.0625,10.15625,8.854805946350098,459600
1991-10-21,10.03125,10.125,9.9375,9.96875,8.691337585449219,539600
1991-10-22,9.90625,9.9375,9.6875,9.75,8.500617980957031,1848000
1991-10-23,9.65625,9.75,9.5,9.53125,8.309893608093262,393600
1991-10-24,9.5,9.5,9.40625,9.46875,8.255404472351074,160000
1991-10-25,9.4375,9.53125,9.3125,9.34375,8.146425247192383,231600
1991-10-28,9.375,9.65625,9.34375,9.65625,8.418882369995117,288000
1991-10-29,9.65625,9.65625,9.4375,9.59375,8.364391326904297,346400
1991-10-30,9.59375,9.625,9.5,9.53125,8.309893608093262,145200
1991-10-31,9.5625,9.625,9.5,9.625,8.39163589477539,144400
1991-11-01,9.65625,9.75,9.5,9.65625,8.418882369995117,1019200
1991-11-04,9.625,9.625,9.5,9.625,8.39163589477539,139600
1991-11-05,9.59375,9.6875,9.59375,9.65625,8.418882369995117,231600
1991-11-06,9.65625,9.65625,9.59375,9.625,8.39163589477539,132400
1991-11-07,9.6875,9.75,9.5625,9.75,8.500617980957031,241600
1991-11-08,9.6875,9.75,9.5625,9.5625,8.337141990661621,126000
1991-11-11,9.5,9.625,9.5,9.625,8.39163589477539,163200
1991-11-12,9.625,9.78125,9.625,9.6875,8.446124076843262,450400
1991-11-13,9.59375,9.65625,9.5625,9.625,8.39163589477539,148000
1991-11-14,9.65625,9.71875,9.625,9.71875,8.473372459411621,236000
1991-11-15,9.625,9.75,9.125,9.125,7.955704212188721,491200
1991-11-18,9.1875,9.375,9.125,9.3125,8.119176864624023,604000
1991-11-19,9.1875,9.28125,8.9375,9.25,8.064684867858887,645600
1991-11-20,9.25,9.375,9.1875,9.21875,8.037444114685059,680000
1991-11-21,9.15625,9.28125,9.15625,9.25,8.064684867858887,383200
1991-11-22,9.21875,9.25,9.0625,9.0625,7.901214599609375,201200
1991-11-25,8.96875,8.96875,8.875,8.9375,7.792232513427734,836000
1991-11-26,8.90625,8.96875,8.875,8.875,7.737739086151123,319600
1991-11-27,8.875,8.96875,8.75,8.78125,7.656003475189209,307600
1991-11-29,8.75,8.75,8.65625,8.71875,7.6015119552612305,175200
1991-12-02,8.6875,8.9375,8.59375,8.9375,7.792232513427734,364400
1991-12-03,8.90625,9.0,8.84375,8.96875,7.8194780349731445,460000
1991-12-04,9.03125,9.1875,9.0,9.1875,8.010196685791016,281200
1991-12-05,9.15625,9.15625,8.9375,9.0,7.846724033355713,188000
1991-12-06,8.90625,9.09375,8.90625,8.96875,7.8194780349731445,363200
1991-12-09,9.0,9.0,8.75,8.90625,7.764986991882324,336800
1991-12-10,8.875,9.6875,8.6875,8.71875,7.6015119552612305,280800
1991-12-11,8.75,8.875,8.65625,8.6875,7.5742645263671875,616400
1991-12-12,8.6875,8.84375,8.65625,8.8125,7.683251857757568,378800
1991-12-13,8.8125,9.0,8.78125,8.96875,7.8194780349731445,224000
1991-12-16,8.96875,8.96875,8.28125,8.34375,7.2745680809021,955200
1991-12-17,8.125,8.3125,8.0,8.1875,7.138337135314941,1156400
1991-12-18,8.25,8.3125,8.15625,8.3125,7.247321128845215,922400
1991-12-19,8.28125,8.3125,8.25,8.3125,7.247321128845215,647200
1991-12-20,8.5,8.5,8.25,8.5,7.410793781280518,953200
1991-12-23,8.46875,8.875,8.46875,8.875,7.737739086151123,782400
1991-12-24,8.875,9.25,8.84375,9.25,8.064684867858887,586000
1991-12-26,9.25,9.5,9.125,9.5,8.282649040222168,477200
1991-12-27,9.46875,9.53125,9.375,9.4375,8.228158950805664,508000
1991-12-30,9.4375,9.625,9.375,9.625,8.39163589477539,930000
1991-12-31,9.6875,9.75,9.5625,9.6875,8.446124076843262,514400
1992-01-02,9.625,9.71875,9.5,9.625,8.39163589477539,372000
1992-01-03,9.59375,9.625,9.125,9.375,8.173667907714844,1234000
1992-01-06,9.375,9.5625,9.3125,9.5625,8.337141990661621,468000
1992-01-07,9.625,9.9375,9.59375,9.90625,8.636842727661133,800400
1992-01-08,9.84375,10.21875,9.8125,10.21875,8.9093017578125,1020400
1992-01-09,10.1875,10.375,10.0625,10.0625,8.773073196411133,987200
1992-01-10,10.0,10.125,10.0,10.09375,8.800314903259277,425200
1992-01-13,10.125,10.25,10.09375,10.25,8.936544418334961,464800
1992-01-14,10.21875,10.46875,10.21875,10.46875,9.127266883850098,572400
1992-01-15,10.46875,11.25,10.4375,11.21875,9.781153678894043,1377200
1992-01-16,11.25,11.4375,11.21875,11.4375,9.971877098083496,1749200
1992-01-17,11.4375,11.4375,10.875,11.03125,9.617687225341797,1714400
1992-01-20,10.90625,10.90625,10.78125,10.90625,9.508703231811523,605200
1992-01-21,10.78125,10.90625,10.65625,10.75,9.372471809387207,960400
1992-01-22,10.75,11.0625,10.75,11.0,9.590437889099121,672400
1992-01-23,11.03125,11.03125,10.84375,10.90625,9.508703231811523,1630000
1992-01-24,10.875,11.125,10.875,11.0,9.590437889099121,1289600
1992-01-27,10.9375,11.09375,10.875,10.9375,9.535947799682617,500400
1992-01-28,10.875,10.90625,10.75,10.75,9.372471809387207,1097600
1992-01-29,10.78125,11.0625,10.78125,10.96875,9.563193321228027,836400
1992-01-30,10.875,11.1875,10.84375,11.125,9.699422836303711,850400
1992-01-31,11.125,11.15625,10.9375,10.9375,9.535947799682617,887600
1992-02-03,10.8125,11.0,10.71875,10.75,9.372471809387207,514800
1992-02-04,10.71875,10.75,10.625,10.71875,9.34522819519043,590000
1992-02-05,10.8125,10.90625,10.59375,10.65625,9.290736198425293,790400
1992-02-06,10.65625,10.84375,10.5625,10.84375,9.45421314239502,1298800
1992-02-07,10.84375,10.90625,10.59375,10.625,9.263492584228516,733600
1992-02-10,10.6875,11.0625,10.625,11.0625,9.644927024841309,880400
1992-02-11,11.0,12.0625,11.0,11.9375,10.407803535461426,6162800
1992-02-12,12.0,12.1875,12.0,12.03125,10.489545822143555,2894800
1992-02-13,11.875,12.03125,11.78125,11.84375,10.326067924499512,3178000
1992-02-14,11.71875,12.0625,11.59375,11.96875,10.43505573272705,2057200
1992-02-18,11.84375,12.15625,11.84375,12.0625,10.516789436340332,1037200
1992-02-19,12.0,12.03125,11.90625,12.0,10.46229362487793,1886800
1992-02-20,12.0,13.375,12.0,13.34375,11.633859634399414,2762400
1992-02-21,13.125,13.15625,12.8125,13.03125,11.361397743225098,1491200
1992-02-24,12.875,12.875,12.6875,12.84375,11.197931289672852,652400
1992-02-25,12.8125,13.28125,12.59375,13.28125,11.579368591308594,1459600
1992-02-26,13.15625,13.6875,13.15625,13.4375,11.715594291687012,1579600
1992-02-27,13.34375,13.34375,12.875,13.15625,11.470382690429688,978000
1992-02-28,13.15625,13.21875,12.75,12.8125,11.170680046081543,547600
1992-03-02,12.78125,13.0625,12.78125,13.0625,11.38864803314209,858800
1992-03-03,12.9375,13.59375,12.9375,13.46875,11.742836952209473,2341200
1992-03-04,13.5,14.0,13.375,13.5625,11.824578285217285,1601200
1992-03-05,13.5,13.90625,13.4375,13.6875,11.93355941772461,1749200
1992-03-06,13.65625,13.8125,13.59375,13.65625,11.906305313110352,1027600
1992-03-09,13.5,13.5,13.0625,13.0625,11.38864803314209,1076800
1992-03-10,13.125,13.25,13.0,13.0,11.33415699005127,940000
1992-03-11,13.0,13.0,12.5,12.71875,11.088939666748047,996000
1992-03-12,12.625,13.1875,12.59375,13.15625,11.470382690429688,937200
1992-03-13,13.25,13.84375,13.15625,13.5625,11.824578285217285,1660800
1992-03-16,13.5,13.65625,13.15625,13.375,11.661101341247559,975600
1992-03-17,13.625,14.03125,13.625,13.8125,12.042537689208984,6869200
1992-03-18,13.5625,13.59375,12.25,12.3125,10.734752655029297,3609600
1992-03-19,12.5625,13.0,12.46875,12.875,11.22517204284668,3220400
1992-03-20,12.875,13.125,12.625,12.8125,11.170680046081543,1678400
1992-03-23,12.75,12.78125,12.34375,12.34375,10.761999130249023,1095600
1992-03-24,12.34375,12.34375,11.875,11.9375,10.407803535461426,2205200
1992-03-25,11.9375,12.09375,11.8125,11.875,10.353312492370605,1935200
1992-03-26,11.9375,11.9375,11.875,11.875,10.353312492370605,947200
1992-03-27,11.875,11.875,11.75,11.78125,10.271578788757324,658400
1992-03-30,11.75,11.75,11.4375,11.5625,10.080863952636719,746000
1992-03-31,11.53125,11.8125,11.53125,11.71875,10.217086791992188,689600
1992-04-01,11.625,11.71875,11.5625,11.6875,10.189835548400879,436400
1992-04-02,11.6875,11.90625,11.5625,11.5625,10.080863952636719,874400
1992-04-03,11.5,11.5,11.21875,11.25,9.808403968811035,386800
1992-04-06,11.25,11.25,10.75,10.84375,9.45421314239502,1787200
1992-04-07,11.0,11.0,10.6875,10.6875,9.31797981262207,1691200
1992-04-08,10.625,10.625,10.46875,10.5625,9.209000587463379,1314000
1992-04-09,10.5625,11.1875,10.5625,11.15625,9.726663589477539,1417600
1992-04-10,11.21875,11.625,11.21875,11.53125,10.05361270904541,726000
1992-04-13,11.5,11.5,11.375,11.46875,9.999124526977539,176000
1992-04-14,11.40625,11.8125,11.34375,11.59375,10.108105659484863,593200
1992-04-15,11.625,12.125,11.5625,12.09375,10.544034004211426,1431200
1992-04-16,12.0625,12.0625,11.78125,11.8125,10.298818588256836,796000
1992-04-20,11.71875,11.71875,11.28125,11.28125,9.835649490356445,488800
1992-04-21,11.3125,11.3125,10.6875,11.03125,9.617687225341797,890400
1992-04-22,10.96875,11.21875,10.9375,11.03125,9.617687225341797,930000
1992-04-23,11.09375,11.3125,11.03125,11.25,9.808403968811035,328800
1992-04-24,11.25,11.25,11.125,11.21875,9.781153678894043,402400
1992-04-27,11.21875,11.21875,10.96875,10.96875,9.563193321228027,648000
1992-04-28,10.96875,11.125,10.90625,11.0,9.590437889099121,1770000
1992-04-29,11.0,11.03125,10.90625,10.96875,9.563193321228027,196800
1992-04-30,10.9375,10.9375,10.75,10.875,9.481457710266113,1277200
1992-05-01,10.8125,10.875,10.5625,10.59375,9.236247062683105,593600
1992-05-04,10.71875,11.0,10.71875,11.0,9.590437889099121,266800
1992-05-05,10.9375,11.03125,10.9375,10.9375,9.535947799682617,393200
1992-05-06,10.9375,10.96875,10.5625,10.5625,9.209000587463379,492000
1992-05-07,10.25,10.28125,9.90625,10.1875,8.882051467895508,2192800
1992-05-08,10.25,10.375,10.25,10.3125,8.991036415100098,713600
1992-05-11,10.34375,10.5,10.34375,10.5,9.154507637023926,656800
1992-05-12,10.5625,10.8125,10.5,10.625,9.263492584228516,810800
1992-05-13,10.65625,10.6875,10.625,10.6875,9.31797981262207,472800
1992-05-14,10.6875,10.75,10.625,10.6875,9.31797981262207,820000
1992-05-15,10.6875,10.75,10.59375,10.59375,9.236247062683105,643600
1992-05-18,10.65625,10.75,10.65625,10.71875,9.34522819519043,794000
1992-05-19,10.6875,10.6875,10.4375,10.59375,9.236247062683105,703600
1992-05-20,10.5625,10.65625,10.5625,10.65625,9.290736198425293,642800
1992-05-21,10.59375,10.78125,10.59375,10.71875,9.34522819519043,619600
1992-05-22,10.71875,10.71875,10.5625,10.65625,9.290736198425293,369600
1992-05-26,10.59375,10.59375,10.3125,10.3125,8.991036415100098,1118800
1992-05-27,10.3125,10.375,10.25,10.3125,8.991036415100098,514400
1992-05-28,10.25,10.25,10.0,10.09375,8.800314903259277,1140800
1992-05-29,10.09375,10.25,10.0,10.1875,8.882051467895508,1474400
1992-06-01,10.21875,10.40625,10.21875,10.40625,9.072772026062012,618800
1992-06-02,10.375,10.53125,10.375,10.40625,9.072772026062012,1032000
1992-06-03,10.34375,10.46875,10.28125,10.4375,9.100019454956055,676400
1992-06-04,10.375,10.40625,10.3125,10.34375,9.018274307250977,225200
1992-06-05,10.3125,10.34375,10.28125,10.3125,8.991036415100098,250800
1992-06-08,10.3125,10.34375,10.3125,10.3125,8.991036415100098,191200
1992-06-09,10.3125,10.375,10.21875,10.25,8.936544418334961,909200
1992-06-10,10.1875,10.28125,10.1875,10.1875,8.882051467895508,320800
1992-06-11,10.1875,10.25,10.15625,10.25,8.936544418334961,316000
1992-06-12,10.3125,10.34375,10.21875,10.34375,9.018274307250977,220000
1992-06-15,10.28125,10.375,10.21875,10.28125,8.963790893554688,794800
1992-06-16,10.28125,10.3125,10.25,10.25,8.936544418334961,671600
1992-06-17,10.25,10.40625,10.21875,10.21875,8.9093017578125,510800
1992-06-18,10.1875,10.1875,10.0,10.0,8.718576431274414,317600
1992-06-19,10.0,10.15625,9.96875,10.0,8.718576431274414,728800
1992-06-22,9.96875,10.0625,9.9375,10.0,8.718576431274414,903200
1992-06-23,10.0,10.21875,10.0,10.125,8.827561378479004,602400
1992-06-24,10.0625,10.125,10.0625,10.125,8.827561378479004,267200
1992-06-25,10.0625,10.09375,10.03125,10.0625,8.773073196411133,316000
1992-06-26,10.03125,10.09375,10.03125,10.0625,8.773073196411133,396800
1992-06-29,10.0625,10.6875,10.0625,10.6875,9.31797981262207,226400
1992-06-30,10.75,11.5625,10.75,11.28125,9.835649490356445,1232800
1992-07-01,11.25,11.5625,11.25,11.53125,10.05361270904541,659600
1992-07-02,11.59375,11.8125,11.53125,11.53125,10.05361270904541,1150400
1992-07-06,11.4375,11.46875,11.375,11.4375,9.971877098083496,236400
1992-07-07,11.40625,11.46875,11.28125,11.3125,9.862892150878906,195600
1992-07-08,11.375,11.40625,11.0,11.21875,9.781153678894043,491200
1992-07-09,11.21875,11.4375,11.15625,11.3125,9.862892150878906,169600
1992-07-10,11.25,11.5625,11.21875,11.5625,10.080863952636719,198000
1992-07-13,11.4375,11.625,11.375,11.59375,10.108105659484863,324400
1992-07-14,12.0625,12.0625,11.59375,11.6875,10.189835548400879,2054000
1992-07-15,11.4375,11.625,11.40625,11.40625,9.94462776184082,783600
1992-07-16,11.25,11.25,10.625,10.75,9.372471809387207,1836000
1992-07-17,10.75,10.84375,10.59375,10.71875,9.34522819519043,1160400
1992-07-20,10.625,10.71875,10.59375,10.6875,9.31797981262207,566400
1992-07-21,10.65625,10.6875,10.5,10.5,9.154507637023926,738000
1992-07-22,10.4375,10.46875,10.3125,10.4375,9.100019454956055,1140800
1992-07-23,10.40625,10.59375,10.375,10.59375,9.236247062683105,413600
1992-07-24,10.53125,10.65625,10.5,10.625,9.263492584228516,279200
1992-07-27,10.6875,10.71875,10.5625,10.625,9.263492584228516,554000
1992-07-28,10.625,10.96875,10.625,10.8125,9.426965713500977,557600
1992-07-29,10.78125,11.03125,10.75,10.75,9.372471809387207,557600
1992-07-30,10.75,10.75,10.625,10.625,9.263492584228516,387200
1992-07-31,10.625,10.6875,10.59375,10.6875,9.31797981262207,575600
1992-08-03,10.65625,10.78125,10.625,10.78125,9.399718284606934,96400
1992-08-04,10.75,10.84375,10.75,10.78125,9.399718284606934,557600
1992-08-05,10.75,10.8125,10.71875,10.8125,9.426965713500977,266000
1992-08-06,10.78125,10.96875,10.78125,10.90625,9.508703231811523,224000
1992-08-07,10.96875,11.125,10.875,10.90625,9.508703231811523,249200
1992-08-10,10.90625,11.0,10.8125,10.84375,9.45421314239502,607600
1992-08-11,10.8125,10.875,10.78125,10.84375,9.45421314239502,356400
1992-08-12,10.75,10.75,10.125,10.28125,8.963790893554688,2713200
1992-08-13,10.21875,10.375,10.0,10.03125,8.745826721191406,1274000
1992-08-14,10.0,10.5,9.84375,10.5,9.154507637023926,710400
1992-08-17,10.46875,10.46875,10.28125,10.3125,8.991036415100098,314400
1992-08-18,10.28125,10.28125,10.1875,10.25,8.936544418334961,443600
1992-08-19,10.25,10.3125,9.96875,9.96875,8.691337585449219,934400
1992-08-20,9.96875,10.03125,9.8125,9.9375,8.664091110229492,1423600
1992-08-21,10.0,10.03125,9.6875,9.875,8.609601020812988,852000
1992-08-24,9.75,9.75,9.625,9.625,8.39163589477539,494000
1992-08-25,9.65625,9.71875,9.40625,9.5,8.282649040222168,420800
1992-08-26,9.5,9.53125,9.28125,9.40625,8.200915336608887,568000
1992-08-27,9.5,9.59375,9.5,9.53125,8.309893608093262,831200
1992-08-28,9.59375,9.6875,9.53125,9.5625,8.337141990661621,779200
1992-08-31,9.625,9.6875,9.59375,9.59375,8.364391326904297,347200
1992-09-01,9.625,9.875,9.625,9.875,8.609601020812988,254400
1992-09-02,9.84375,10.40625,9.84375,10.34375,9.018274307250977,442400
1992-09-03,10.28125,10.375,9.9375,10.03125,8.745826721191406,464400
1992-09-04,9.96875,9.96875,9.84375,9.90625,8.636842727661133,262400
1992-09-08,9.90625,10.0,9.875,9.9375,8.664091110229492,207600
1992-09-09,9.9375,10.09375,9.9375,10.09375,8.800314903259277,217600
1992-09-10,10.09375,10.15625,10.0625,10.09375,8.800314903259277,596000
1992-09-11,10.03125,10.03125,9.78125,9.96875,8.691337585449219,593600
1992-09-14,10.0625,10.28125,10.03125,10.15625,8.854805946350098,533200
1992-09-15,10.125,10.125,9.875,9.9375,8.664091110229492,491200
1992-09-16,9.1875,9.34375,9.03125,9.21875,8.037444114685059,2458400
1992-09-17,9.1875,9.1875,9.0625,9.125,7.955704212188721,56400
1992-09-18,9.09375,9.15625,9.0625,9.15625,7.982951641082764,628800
1992-09-21,9.1875,9.1875,9.0,9.125,7.955704212188721,728400
1992-09-22,9.09375,9.09375,8.84375,8.875,7.737739086151123,592400
1992-09-23,8.8125,8.8125,8.625,8.78125,7.656003475189209,791200
1992-09-24,8.84375,9.21875,8.84375,9.125,7.955704212188721,475200
1992-09-25,9.1875,9.375,9.09375,9.1875,8.010196685791016,850400
1992-09-28,9.125,9.3125,9.125,9.125,7.955704212188721,362400
1992-09-29,9.125,9.125,9.03125,9.03125,7.873966217041016,236800
1992-09-30,9.09375,9.125,8.96875,9.03125,7.873966217041016,468400
1992-10-01,9.0625,9.0625,8.9375,8.96875,7.8194780349731445,380000
1992-10-02,9.0,9.0,8.90625,8.90625,7.764986991882324,268400
1992-10-05,8.84375,9.1875,8.625,9.15625,7.982951641082764,1370800
1992-10-06,9.09375,9.375,9.0,9.28125,8.091933250427246,1121200
1992-10-07,9.25,9.3125,9.25,9.3125,8.119176864624023,799600
1992-10-08,9.4375,9.625,9.4375,9.5625,8.337141990661621,616000
1992-10-09,9.5625,9.5625,9.40625,9.4375,8.228158950805664,392000
1992-10-12,9.4375,9.625,9.4375,9.625,8.39163589477539,572800
1992-10-13,9.625,10.03125,9.625,10.0,8.718576431274414,1844000
1992-10-14,9.8125,9.90625,9.65625,9.8125,8.555106163024902,730800
1992-10-15,9.78125,9.84375,9.6875,9.75,8.500617980957031,396400
1992-10-16,10.125,10.53125,10.125,10.40625,9.072772026062012,3682000
1992-10-19,10.40625,10.71875,10.34375,10.6875,9.31797981262207,1784400
1992-10-20,10.625,10.71875,10.625,10.6875,9.31797981262207,1153200
1992-10-21,10.6875,10.75,10.5,10.75,9.372471809387207,605200
1992-10-22,10.75,10.8125,10.65625,10.71875,9.34522819519043,332000
1992-10-23,10.71875,10.75,10.6875,10.71875,9.34522819519043,455600
1992-10-26,10.71875,11.25,10.6875,11.25,9.808403968811035,981200
1992-10-27,11.125,11.3125,11.09375,11.28125,9.835649490356445,1378400
1992-10-28,11.21875,11.25,11.15625,11.21875,9.781153678894043,664800
1992-10-29,11.15625,11.4375,11.125,11.4375,9.971877098083496,540400
1992-10-30,11.3125,11.3125,11.125,11.28125,9.835649490356445,710000
1992-11-02,11.21875,11.75,11.21875,11.59375,10.108105659484863,548400
1992-11-03,11.53125,11.59375,11.3125,11.375,9.91738510131836,556000
1992-11-04,11.4375,11.875,11.4375,11.8125,10.298818588256836,524400
1992-11-05,11.75,12.3125,11.75,12.15625,10.598528861999512,1559200
1992-11-06,12.0625,12.09375,11.90625,12.0,10.46229362487793,957200
1992-11-09,11.96875,12.03125,11.90625,11.96875,10.43505573272705,549600
1992-11-10,11.9375,11.9375,11.65625,11.78125,10.271578788757324,413200
1992-11-11,11.75,12.09375,11.71875,12.0625,10.516789436340332,1113200
1992-11-12,12.03125,12.09375,11.96875,12.03125,10.489545822143555,228800
1992-11-13,12.0,12.0,11.9375,11.9375,10.407803535461426,444800
1992-11-16,12.03125,12.25,12.03125,12.25,10.68026065826416,712400
1992-11-17,12.1875,12.28125,12.0625,12.125,10.571281433105469,430000
1992-11-18,12.125,12.21875,12.03125,12.15625,10.598528861999512,201200
1992-11-19,12.1875,12.21875,12.0,12.03125,10.489545822143555,215200
1992-11-20,12.15625,12.15625,11.90625,12.03125,10.489545822143555,479600
1992-11-23,12.03125,12.03125,11.84375,11.9375,10.407803535461426,316800
1992-11-24,11.9375,12.5625,11.9375,12.5,10.898226737976074,945200
1992-11-25,12.4375,12.46875,12.375,12.40625,10.816489219665527,546800
1992-11-27,12.3125,12.4375,12.3125,12.4375,10.843730926513672,208000
1992-11-30,12.4375,12.46875,12.1875,12.21875,10.653016090393066,383600
1992-12-01,12.21875,12.3125,12.0625,12.3125,10.734752655029297,608000
1992-12-02,12.4375,13.1875,12.4375,13.09375,11.4158935546875,3272400
1992-12-03,13.0625,13.4375,13.0625,13.375,11.661101341247559,1430800
1992-12-04,13.3125,13.4375,13.25,13.4375,11.715594291687012,481200
1992-12-07,13.5,13.5625,13.40625,13.5625,11.824578285217285,745200
1992-12-08,13.5625,13.6875,13.46875,13.53125,11.79732894897461,504800
1992-12-09,13.5,13.65625,13.5,13.625,11.879067420959473,446000
1992-12-10,13.5,13.5,13.34375,13.40625,11.688348770141602,718800
1992-12-11,13.40625,13.4375,13.34375,13.34375,11.633859634399414,651200
1992-12-14,13.3125,13.5,13.3125,13.40625,11.688348770141602,416800
1992-12-15,13.53125,13.8125,13.4375,13.75,11.988044738769531,3800400
1992-12-16,13.78125,14.03125,13.65625,13.6875,11.93355941772461,2863200
1992-12-17,13.59375,13.875,13.4375,13.875,12.097031593322754,1588000
1992-12-18,13.90625,13.90625,13.59375,13.65625,11.906305313110352,1115600
1992-12-21,13.59375,13.90625,13.5,13.875,12.097031593322754,900400
1992-12-22,13.84375,13.875,13.625,13.875,12.097031593322754,632400
1992-12-23,13.8125,13.8125,13.625,13.625,11.879067420959473,336800
1992-12-24,13.625,13.65625,13.375,13.46875,11.742836952209473,214000
1992-12-28,13.46875,13.5625,13.46875,13.5625,11.824578285217285,127600
1992-12-29,13.5,13.5625,13.34375,13.34375,11.633859634399414,290800
1992-12-30,13.28125,13.65625,13.1875,13.65625,11.906305313110352,262400
1992-12-31,13.625,13.96875,13.625,13.625,11.879067420959473,783200
1993-01-04,13.6875,14.0625,13.625,14.0,12.206014633178711,1134800
1993-01-05,13.90625,13.9375,13.75,13.875,12.097031593322754,646800
1993-01-06,13.90625,14.09375,13.90625,13.9375,12.151517868041992,1201600
1993-01-07,13.90625,14.21875,13.875,14.125,12.314994812011719,1014000
1993-01-08,14.125,14.125,14.03125,14.0625,12.260503768920898,2914400
1993-01-11,13.875,13.96875,13.8125,13.84375,12.069785118103027,1145200
1993-01-12,13.78125,13.78125,13.40625,13.6875,11.93355941772461,1748800
1993-01-13,13.625,13.65625,13.4375,13.5625,11.824578285217285,1360000
1993-01-14,13.625,14.0625,13.625,14.0625,12.260503768920898,2101600
1993-01-15,14.09375,14.28125,14.0625,14.1875,12.369489669799805,1198000
1993-01-18,14.15625,14.25,14.125,14.21875,12.396730422973633,422000
1993-01-19,14.21875,14.25,14.15625,14.21875,12.396730422973633,1083600
1993-01-20,14.21875,14.3125,14.1875,14.3125,12.478469848632812,984800
1993-01-21,14.3125,14.34375,14.03125,14.09375,12.287751197814941,639600
1993-01-22,14.0625,14.09375,14.03125,14.0625,12.260503768920898,366000
1993-01-25,14.03125,14.1875,14.03125,14.0625,12.260503768920898,872400
1993-01-26,14.0625,14.09375,14.0,14.03125,12.233259201049805,620000
1993-01-27,14.03125,14.0625,14.0,14.0625,12.260503768920898,525600
1993-01-28,14.0625,14.09375,13.96875,14.03125,12.233259201049805,658800
1993-01-29,14.0,14.1875,14.0,14.15625,12.342243194580078,583200
1993-02-01,14.15625,14.40625,14.15625,14.40625,12.560209274291992,520400
1993-02-02,14.4375,14.53125,14.34375,14.375,12.532955169677734,629200
1993-02-03,14.375,14.59375,14.375,14.59375,12.72368049621582,730000
1993-02-04,14.65625,15.03125,14.625,15.0,13.077868461608887,380800
1993-02-05,14.9375,15.1875,14.6875,15.1875,13.241345405578613,700000
1993-02-08,15.15625,15.15625,14.96875,14.96875,13.050625801086426,617200
1993-02-09,14.84375,14.84375,14.59375,14.65625,12.77817153930664,241600
1993-02-10,14.625,14.65625,14.3125,14.53125,12.66918659210205,511200
1993-02-11,14.59375,14.78125,14.53125,14.71875,12.832661628723145,577200
1993-02-12,14.65625,14.65625,14.53125,14.53125,12.66918659210205,268400
1993-02-16,14.625,14.65625,14.09375,14.09375,12.287751197814941,625600
1993-02-17,14.09375,14.15625,14.0,14.03125,12.233259201049805,766000
1993-02-18,14.09375,14.21875,14.03125,14.0625,12.260503768920898,592000
1993-02-19,14.125,14.15625,14.0625,14.09375,12.287751197814941,356000
1993-02-22,14.03125,14.125,14.03125,14.09375,12.287751197814941,698000
1993-02-23,14.03125,14.125,13.90625,13.9375,12.151517868041992,996400
1993-02-24,13.9375,14.15625,13.875,14.15625,12.342243194580078,464000
1993-02-25,14.125,14.46875,14.125,14.4375,12.58745002746582,469600
1993-02-26,14.4375,14.4375,14.09375,14.09375,12.287751197814941,338400
1993-03-01,14.03125,14.03125,13.625,13.625,11.879067420959473,636800
1993-03-02,13.625,13.625,13.375,13.46875,11.742836952209473,841600
1993-03-03,13.5,13.6875,13.5,13.65625,11.906305313110352,347600
1993-03-04,13.71875,13.90625,13.65625,13.84375,12.069785118103027,306000
1993-03-05,13.84375,14.0625,13.71875,14.03125,12.233259201049805,1144800
1993-03-08,14.125,14.4375,14.09375,14.40625,12.560209274291992,519600
1993-03-09,14.46875,14.625,14.40625,14.625,12.750919342041016,592800
1993-03-10,14.625,14.625,14.53125,14.5625,12.696430206298828,360000
1993-03-11,14.53125,14.53125,14.28125,14.28125,12.451218605041504,212400
1993-03-12,14.15625,14.1875,13.8125,13.96875,12.178768157958984,1498400
1993-03-15,14.1875,14.59375,14.1875,14.59375,12.72368049621582,511200
1993-03-16,14.53125,14.53125,14.4375,14.46875,12.614697456359863,1155600
1993-03-17,14.40625,14.4375,14.3125,14.3125,12.478469848632812,108400
1993-03-18,14.375,14.5,14.34375,14.4375,12.58745002746582,303200
1993-03-19,14.46875,14.46875,14.1875,14.28125,12.451218605041504,542000
1993-03-22,14.21875,14.21875,13.90625,13.9375,12.151517868041992,612400
1993-03-23,13.9375,13.9375,13.84375,13.84375,12.069785118103027,422400
1993-03-24,13.84375,14.15625,13.84375,14.09375,12.287751197814941,632000
1993-03-25,14.09375,14.21875,14.0625,14.21875,12.396730422973633,382400
1993-03-26,14.21875,14.375,14.09375,14.21875,12.396730422973633,591600
1993-03-29,14.25,14.4375,14.25,14.3125,12.478469848632812,439200
1993-03-30,14.34375,14.375,14.21875,14.25,12.423977851867676,375600
1993-03-31,14.1875,14.21875,14.0625,14.09375,12.287751197814941,362000
1993-04-01,14.0625,14.09375,13.9375,14.03125,12.233259201049805,478400
1993-04-02,13.875,13.875,13.4375,13.4375,11.715594291687012,727200
1993-04-05,13.46875,13.46875,13.09375,13.28125,11.579368591308594,1006000
1993-04-06,13.28125,13.65625,13.28125,13.625,11.879067420959473,976000
1993-04-07,13.5625,13.6875,13.46875,13.6875,11.93355941772461,637600
1993-04-08,13.8125,13.8125,13.4375,13.4375,11.715594291687012,335600
1993-04-12,13.4375,13.46875,13.375,13.4375,11.715594291687012,773200
1993-04-13,13.375,13.625,13.375,13.46875,11.742836952209473,412800
1993-04-14,13.4375,13.78125,13.40625,13.6875,11.93355941772461,886000
1993-04-15,13.6875,13.96875,13.625,13.9375,12.151517868041992,885200
1993-04-16,13.875,13.9375,13.78125,13.78125,12.015298843383789,1033200
1993-04-19,13.625,13.625,13.34375,13.34375,11.633859634399414,275600
1993-04-20,13.34375,13.34375,13.0,13.0,11.33415699005127,687200
1993-04-21,13.03125,13.09375,12.90625,13.03125,11.361397743225098,775600
1993-04-22,13.03125,13.0625,12.96875,12.96875,11.306907653808594,999600
1993-04-23,12.96875,12.96875,12.78125,12.90625,11.252413749694824,619200
1993-04-26,12.84375,12.875,12.71875,12.75,11.116191864013672,952000
1993-04-27,12.8125,12.84375,12.6875,12.78125,11.143438339233398,630400
1993-04-28,12.75,12.75,12.25,12.5625,10.952717781066895,1347200
1993-04-29,12.5,12.53125,12.125,12.1875,10.625770568847656,1512000
1993-04-30,12.1875,12.1875,12.0,12.09375,10.544034004211426,1222400
1993-05-03,12.0625,12.5,12.03125,12.3125,10.734752655029297,1397200
1993-05-04,12.3125,12.46875,12.1875,12.21875,10.653016090393066,427600
1993-05-05,12.28125,12.34375,12.25,12.25,10.68026065826416,602800
1993-05-06,12.28125,12.3125,12.21875,12.25,10.68026065826416,242000
1993-05-07,12.21875,12.21875,12.03125,12.0625,10.516789436340332,537200
1993-05-10,12.125,12.125,11.96875,12.0,10.46229362487793,514800
1993-05-11,12.0,12.3125,12.0,12.28125,10.707503318786621,630000
1993-05-12,12.34375,13.0,12.34375,13.0,11.33415699005127,940800
1993-05-13,13.03125,13.03125,12.53125,12.8125,11.170680046081543,1464000
1993-05-14,12.84375,12.90625,12.59375,12.59375,10.979965209960938,756000
1993-05-17,12.5625,12.625,12.40625,12.59375,10.979965209960938,235200
1993-05-18,12.59375,12.59375,12.375,12.375,10.789240837097168,201600
1993-05-19,12.375,12.46875,12.125,12.46875,10.870979309082031,471200
1993-05-20,12.46875,12.5,12.4375,12.5,10.898226737976074,608000
1993-05-21,12.5,12.53125,12.4375,12.4375,10.843730926513672,684400
1993-05-24,12.375,12.5,12.25,12.34375,10.761999130249023,526800
1993-05-25,12.3125,12.34375,12.21875,12.25,10.68026065826416,640400
1993-05-26,12.25,12.40625,12.1875,12.3125,10.734752655029297,1185200
1993-05-27,12.3125,12.375,12.21875,12.21875,10.653016090393066,227200
1993-05-28,12.15625,12.28125,12.15625,12.25,10.68026065826416,345600
1993-06-01,12.28125,12.65625,12.28125,12.5,10.898226737976074,269600
1993-06-02,12.4375,12.46875,12.40625,12.46875,10.870979309082031,699200
1993-06-03,11.75,11.75,11.375,11.375,9.91738510131836,3056400
1993-06-04,11.5,11.6875,11.5,11.625,10.135350227355957,2462800
1993-06-07,11.65625,11.71875,11.65625,11.6875,10.189835548400879,1327600
1993-06-08,11.625,11.625,11.53125,11.53125,10.05361270904541,2250800
1993-06-09,11.5,11.53125,11.3125,11.375,9.91738510131836,1802400
1993-06-10,11.34375,11.375,11.1875,11.25,9.808403968811035,1198400
1993-06-11,11.3125,11.3125,11.21875,11.21875,9.781153678894043,741200
1993-06-14,11.21875,11.21875,11.09375,11.15625,9.726663589477539,984000
1993-06-15,11.25,11.25,11.21875,11.25,9.808403968811035,487600
1993-06-16,11.1875,11.25,11.15625,11.1875,9.753912925720215,330400
1993-06-17,11.1875,11.28125,11.1875,11.25,9.808403968811035,699600
1993-06-18,11.21875,11.28125,11.21875,11.25,9.808403968811035,847200
1993-06-21,11.21875,11.34375,11.1875,11.3125,9.862892150878906,1150000
1993-06-22,11.28125,11.625,11.28125,11.4375,9.971877098083496,730800
1993-06-23,11.40625,11.5,11.40625,11.4375,9.971877098083496,573200
1993-06-24,11.375,11.46875,11.28125,11.46875,9.999124526977539,860400
1993-06-25,11.46875,11.5625,11.375,11.5625,10.080863952636719,738800
1993-06-28,11.5625,11.6875,11.5,11.6875,10.189835548400879,443200
1993-06-29,11.8125,11.8125,11.4375,11.4375,9.971877098083496,541200
1993-06-30,11.4375,11.71875,11.4375,11.65625,10.162598609924316,335200
1993-07-01,11.6875,11.71875,11.46875,11.71875,10.217086791992188,257600
1993-07-02,11.6875,12.03125,11.6875,11.8125,10.298818588256836,512800
1993-07-06,11.84375,11.9375,11.6875,11.71875,10.217086791992188,521200
1993-07-07,11.71875,11.75,11.375,11.40625,9.94462776184082,1174000
1993-07-08,11.40625,11.78125,11.3125,11.78125,10.271578788757324,615200
1993-07-09,11.78125,11.78125,11.71875,11.75,10.244332313537598,183600
1993-07-12,11.71875,11.78125,11.4375,11.46875,9.999124526977539,168400
1993-07-13,11.46875,11.71875,11.46875,11.71875,10.217086791992188,397200
1993-07-14,12.625,13.375,12.5625,13.34375,11.633859634399414,3711600
1993-07-15,13.25,13.625,13.21875,13.625,11.879067420959473,1731600
1993-07-16,13.59375,13.65625,13.46875,13.65625,11.906305313110352,972800
1993-07-19,13.625,13.65625,13.5,13.65625,11.906305313110352,658400
1993-07-20,13.59375,13.625,13.46875,13.46875,11.742836952209473,558000
1993-07-21,13.3125,13.34375,13.15625,13.21875,11.524871826171875,970800
1993-07-22,13.25,13.34375,13.1875,13.28125,11.579368591308594,704800
1993-07-23,13.28125,13.59375,13.25,13.46875,11.742836952209473,560000
1993-07-26,13.46875,13.5,13.3125,13.3125,11.606612205505371,632400
1993-07-27,13.34375,13.4375,13.15625,13.4375,11.715594291687012,625600
1993-07-28,13.375,13.4375,13.28125,13.28125,11.579368591308594,263600
1993-07-29,13.3125,13.34375,13.09375,13.09375,11.4158935546875,301600
1993-07-30,13.15625,13.5,13.125,13.1875,11.497632026672363,599200
1993-08-02,13.21875,13.25,13.125,13.21875,11.524871826171875,366800
1993-08-03,13.21875,13.21875,13.0625,13.0625,11.38864803314209,226000
1993-08-04,13.0625,13.21875,13.0625,13.15625,11.470382690429688,301600
1993-08-05,13.25,13.40625,13.25,13.34375,11.633859634399414,405200
1993-08-06,13.40625,13.5,13.34375,13.5,11.770085334777832,494400
1993-08-09,13.6875,14.0625,13.53125,14.0,12.206014633178711,851600
1993-08-10,13.9375,14.15625,13.90625,14.15625,12.342243194580078,536400
1993-08-11,14.15625,14.15625,13.84375,13.875,12.097031593322754,416400
1993-08-12,13.8125,13.84375,13.65625,13.78125,12.015298843383789,459200
1993-08-13,13.90625,13.90625,13.75,13.84375,12.069785118103027,318400
1993-08-16,13.78125,13.96875,13.78125,13.96875,12.178768157958984,356800
1993-08-17,13.96875,14.40625,13.96875,14.375,12.532955169677734,1023600
1993-08-18,14.40625,14.875,14.40625,14.84375,12.941644668579102,2086000
1993-08-19,14.78125,15.0625,14.75,15.0625,13.13236141204834,1176400
1993-08-20,15.0,15.03125,14.9375,14.96875,13.050625801086426,1766000
1993-08-23,14.875,14.9375,14.8125,14.9375,13.023380279541016,462800
1993-08-24,14.96875,15.0,14.9375,15.0,13.077868461608887,1230400
1993-08-25,14.90625,15.03125,14.90625,15.0,13.077868461608887,1048800
1993-08-26,15.0,15.0,14.9375,14.9375,13.023380279541016,343200
1993-08-27,14.96875,14.96875,14.9375,14.9375,13.023380279541016,474800
1993-08-30,14.9375,14.96875,14.875,14.9375,13.023380279541016,385600
1993-08-31,14.96875,14.96875,14.90625,14.9375,13.023380279541016,537600
1993-09-01,14.9375,14.96875,14.78125,14.78125,12.887153625488281,820800
1993-09-02,14.78125,14.78125,14.28125,14.28125,12.451218605041504,732800
1993-09-03,14.3125,14.3125,14.125,14.1875,12.369489669799805,422800
1993-09-07,14.1875,14.1875,13.90625,13.90625,12.12428092956543,330000
1993-09-08,13.9375,13.9375,13.6875,13.8125,12.042537689208984,1035600
1993-09-09,13.75,14.25,13.75,14.09375,12.287751197814941,530400
1993-09-10,14.15625,14.15625,13.875,13.875,12.097031593322754,608000
1993-09-13,13.9375,14.03125,13.90625,13.96875,12.178768157958984,536000
1993-09-14,14.0,14.0,13.8125,13.84375,12.069785118103027,399600
1993-09-15,14.25,14.75,14.21875,14.6875,12.805416107177734,2874800
1993-09-16,14.625,14.65625,14.4375,14.4375,12.58745002746582,1755600
1993-09-17,14.5625,14.71875,14.53125,14.71875,12.832661628723145,1298800
1993-09-20,14.6875,14.875,14.53125,14.875,12.968888282775879,984800
1993-09-21,14.78125,14.84375,14.6875,14.78125,12.887153625488281,915200
1993-09-22,14.84375,15.375,14.84375,15.3125,13.350326538085938,1918800
1993-09-23,15.3125,15.59375,15.15625,15.59375,13.595531463623047,918000
1993-09-24,15.5625,15.71875,15.4375,15.5625,13.568296432495117,884000
1993-09-27,15.59375,15.875,15.59375,15.8125,13.7862548828125,1996400
1993-09-28,15.75,15.8125,15.65625,15.71875,13.704520225524902,1264400
1993-09-29,15.53125,15.65625,15.4375,15.5,13.513800621032715,1198400
1993-09-30,15.46875,15.5625,15.4375,15.46875,13.486555099487305,845200
1993-10-01,15.3125,15.625,15.3125,15.5,13.513800621032715,900000
1993-10-04,15.5,15.9375,15.5,15.78125,13.759007453918457,746800
1993-10-05,15.78125,15.875,15.6875,15.71875,13.704520225524902,716400
1993-10-06,15.65625,15.8125,15.65625,15.78125,13.759007453918457,1006400
1993-10-07,15.78125,15.8125,15.71875,15.71875,13.704520225524902,667600
1993-10-08,15.78125,16.5,15.75,16.46875,14.358415603637695,1163600
1993-10-11,16.40625,16.59375,16.34375,16.5,14.385660171508789,492400
1993-10-12,16.5,16.5,16.25,16.25,14.167695045471191,969600
1993-10-13,16.21875,16.28125,15.9375,16.125,14.058706283569336,2066400
1993-10-14,16.125,16.25,16.0,16.25,14.167695045471191,1386000
1993-10-15,16.25,16.3125,16.125,16.125,14.058706283569336,1890800
1993-10-18,16.1875,16.5,16.1875,16.25,14.167695045471191,607600
1993-10-19,16.25,16.5625,16.25,16.53125,14.4129056930542,896800
1993-10-20,16.53125,17.0,16.5,16.71875,14.576372146606445,1139200
1993-10-21,16.6875,16.75,16.625,16.71875,14.576372146606445,1240800
1993-10-22,16.75,17.0,16.6875,16.9375,14.767099380493164,440800
1993-10-25,16.84375,16.84375,16.46875,16.75,14.603622436523438,582400
1993-10-26,16.71875,16.96875,16.71875,16.96875,14.794340133666992,591200
1993-10-27,16.8125,16.8125,16.4375,16.6875,14.5491361618042,698800
1993-10-28,16.625,16.71875,16.625,16.71875,14.576372146606445,822800
1993-10-29,16.71875,16.875,16.5625,16.875,14.712605476379395,422000
1993-11-01,16.875,16.875,16.6875,16.875,14.712605476379395,514800
1993-11-02,16.8125,16.84375,16.75,16.8125,14.658112525939941,286800
1993-11-03,16.78125,16.9375,16.5625,16.65625,14.52188777923584,458800
1993-11-04,16.59375,16.65625,16.09375,16.15625,14.085956573486328,1105600
1993-11-05,16.125,16.3125,16.0625,16.3125,14.222183227539062,973200
1993-11-08,16.4375,16.5,16.34375,16.4375,14.331164360046387,325200
1993-11-09,16.4375,16.6875,16.4375,16.6875,14.5491361618042,353200
1993-11-10,16.65625,16.9375,16.5625,16.9375,14.767099380493164,298400
1993-11-11,16.8125,16.90625,16.71875,16.78125,14.630858421325684,640400
1993-11-12,16.71875,16.84375,16.71875,16.8125,14.658112525939941,814800
1993-11-15,16.84375,16.9375,16.8125,16.90625,14.739852905273438,433200
1993-11-16,16.90625,17.4375,16.90625,17.4375,15.203023910522461,506800
1993-11-17,17.34375,17.34375,17.125,17.21875,15.01230239868164,434800
1993-11-18,17.15625,17.15625,16.96875,17.0625,14.876081466674805,508800
1993-11-19,17.0625,17.09375,16.625,16.65625,14.52188777923584,1142800
1993-11-22,16.625,16.625,16.375,16.375,14.276674270629883,636400
1993-11-23,16.4375,16.4375,16.3125,16.34375,14.249428749084473,256800
1993-11-24,16.40625,16.71875,16.34375,16.71875,14.576372146606445,524400
1993-11-26,16.71875,16.84375,16.71875,16.84375,14.685354232788086,101600
1993-11-29,16.90625,17.21875,16.90625,17.1875,14.985058784484863,556000
1993-11-30,17.4375,17.875,17.4375,17.875,15.584465026855469,923200
1993-12-01,17.875,17.875,17.71875,17.875,15.584465026855469,1608800
1993-12-02,17.8125,17.84375,17.6875,17.75,15.475478172302246,881200
1993-12-03,17.75,17.8125,17.71875,17.8125,15.529973983764648,980000
1993-12-06,17.78125,17.8125,17.59375,17.625,15.366503715515137,1060800
1993-12-07,17.5625,17.5625,17.3125,17.3125,15.094045639038086,478400
1993-12-08,17.34375,17.375,17.1875,17.1875,14.985058784484863,426400
1993-12-09,17.21875,17.25,16.96875,17.0625,14.876081466674805,410800
1993-12-10,17.125,17.25,17.03125,17.09375,14.903322219848633,311600
1993-12-13,17.0,17.5,16.875,17.5,15.257513999938965,798000
1993-12-14,17.875,18.125,17.8125,17.875,15.584465026855469,4322000
1993-12-15,17.8125,17.84375,17.34375,17.40625,15.175779342651367,934400
1993-12-16,17.40625,17.5,17.09375,17.15625,14.957815170288086,1152400
1993-12-17,17.09375,17.375,17.09375,17.34375,15.121285438537598,1101200
1993-12-20,17.34375,17.5625,17.34375,17.4375,15.203023910522461,1174800
1993-12-21,17.5,17.59375,17.46875,17.5625,15.312006950378418,840400
1993-12-22,17.65625,17.8125,17.65625,17.71875,15.448233604431152,1799600
1993-12-23,17.75,17.75,17.46875,17.5,15.257513999938965,746000
1993-12-27,17.5,17.71875,17.5,17.71875,15.448233604431152,224000
1993-12-28,17.6875,17.75,17.625,17.71875,15.448233604431152,782000
1993-12-29,17.71875,17.8125,17.65625,17.75,15.475478172302246,540000
1993-12-30,17.75,17.84375,17.71875,17.8125,15.529973983764648,1163600
1993-12-31,17.8125,17.84375,17.65625,17.71875,15.448233604431152,491600
1994-01-03,17.71875,17.75,17.3125,17.4375,15.203023910522461,758400
1994-01-04,17.5,17.5,17.28125,17.40625,15.175779342651367,384000
1994-01-05,17.40625,17.75,17.34375,17.71875,15.448233604431152,947600
1994-01-06,17.6875,18.25,17.6875,18.125,15.80242919921875,1836400
1994-01-07,18.375,18.5625,18.125,18.15625,15.829666137695312,1477200
1994-01-10,18.125,18.5,18.125,18.40625,16.047643661499023,1655600
1994-01-11,18.3125,18.34375,18.1875,18.1875,15.85692024230957,1067200
1994-01-12,18.21875,18.9375,18.21875,18.84375,16.42906379699707,2811200
1994-01-13,18.84375,18.875,18.6875,18.875,16.456317901611328,1068000
1994-01-14,18.8125,19.125,18.75,19.0,16.565298080444336,929600
1994-01-17,19.0,19.0,18.71875,18.71875,16.32008934020996,686400
1994-01-18,18.6875,18.6875,18.5,18.625,16.238353729248047,868800
1994-01-19,18.5625,18.5625,18.4375,18.5625,16.183866500854492,1231600
1994-01-20,18.5625,18.5625,18.375,18.375,16.02039337158203,619200
1994-01-21,18.40625,19.09375,18.34375,19.09375,16.647045135498047,831600
1994-01-24,18.875,18.875,18.5,18.65625,16.265605926513672,928000
1994-01-25,18.5625,18.5625,18.0625,18.0625,15.747932434082031,884800
1994-01-26,18.125,18.3125,18.125,18.25,15.911408424377441,226800
1994-01-27,18.25,18.4375,18.21875,18.4375,16.074888229370117,855600
1994-01-28,18.5,18.8125,18.5,18.75,16.347335815429688,701600
1994-01-31,18.8125,19.125,18.8125,19.0,16.565298080444336,1241600
1994-02-01,18.90625,19.0,18.875,19.0,16.565298080444336,916400
1994-02-02,19.0,19.03125,18.8125,18.9375,16.51080894470215,896400
1994-02-03,18.875,19.0,18.75,18.9375,16.51080894470215,807600
1994-02-04,18.9375,19.46875,18.9375,19.375,16.892248153686523,1678400
1994-02-07,19.3125,19.3125,19.0,19.15625,16.70153045654297,1059200
1994-02-08,19.09375,19.21875,18.96875,19.1875,16.728782653808594,528000
1994-02-09,19.125,19.21875,19.09375,19.21875,16.75602149963379,707600
1994-02-10,19.21875,19.28125,19.125,19.28125,16.81051254272461,936800
1994-02-11,19.25,19.25,19.15625,19.1875,16.728782653808594,627200
1994-02-14,19.21875,19.21875,18.96875,19.0,16.565298080444336,806000
1994-02-15,19.0,19.25,19.0,19.125,16.674283981323242,587600
1994-02-16,19.1875,19.1875,18.875,18.9375,16.51080894470215,772400
1994-02-17,18.9375,19.0,18.90625,19.0,16.565298080444336,427600
1994-02-18,18.9375,19.28125,18.875,19.125,16.674283981323242,749200
1994-02-22,19.125,19.21875,19.09375,19.15625,16.70153045654297,603600
1994-02-23,19.21875,19.21875,19.03125,19.15625,16.70153045654297,458400
1994-02-24,19.125,19.125,19.0,19.0625,16.619787216186523,962800
1994-02-25,18.96875,19.0,18.8125,18.84375,16.42906379699707,594400
1994-02-28,18.8125,18.875,18.6875,18.71875,16.32008934020996,536400
1994-03-01,18.59375,18.625,18.375,18.375,16.02039337158203,330800
1994-03-02,17.9375,18.21875,17.875,18.21875,15.884162902832031,1003200
1994-03-03,18.21875,18.21875,18.0,18.0625,15.747932434082031,731200
1994-03-04,18.03125,18.125,17.875,18.09375,15.775181770324707,384400
1994-03-07,18.0625,18.09375,17.6875,17.6875,15.42099380493164,296800
1994-03-08,17.625,17.625,17.3125,17.5,15.257513999938965,952400
1994-03-09,17.5,17.5,17.125,17.1875,14.985058784484863,650400
1994-03-10,17.21875,17.34375,17.0625,17.0625,14.876081466674805,751600
1994-03-11,17.09375,17.09375,16.8125,16.90625,14.739852905273438,609600
1994-03-14,17.6875,17.8125,17.65625,17.65625,15.3937406539917,1987600
1994-03-15,17.6875,17.6875,17.4375,17.5,15.257513999938965,1430800
1994-03-16,17.6875,18.0,17.65625,17.96875,15.666197776794434,1326400
1994-03-17,17.96875,18.0,17.59375,17.84375,15.557217597961426,874400
1994-03-18,17.8125,17.84375,17.375,17.8125,15.529973983764648,1182000
1994-03-21,17.75,17.78125,17.5625,17.5625,15.312006950378418,470000
1994-03-22,17.5,17.5625,17.375,17.4375,15.203023910522461,650000
1994-03-23,17.46875,17.8125,17.46875,17.78125,15.50272274017334,663200
1994-03-24,17.78125,17.78125,17.375,17.4375,15.203023910522461,772000
1994-03-25,17.4375,17.4375,17.34375,17.34375,15.121285438537598,726000
1994-03-28,17.40625,17.59375,17.1875,17.25,15.039557456970215,781600
1994-03-29,17.28125,17.375,17.0,17.15625,14.957815170288086,976000
1994-03-30,17.0,17.03125,16.6875,16.6875,14.5491361618042,1171600
1994-03-31,16.75,16.75,16.375,16.71875,14.576372146606445,900000
1994-04-04,16.4375,16.65625,16.4375,16.5625,14.44015121459961,1444800
1994-04-05,16.8125,16.9375,16.75,16.75,14.603622436523438,858000
1994-04-06,16.75,16.84375,16.65625,16.84375,14.685354232788086,1328800
1994-04-07,16.84375,16.875,16.46875,16.71875,14.576372146606445,746000
1994-04-08,16.78125,16.78125,16.25,16.28125,14.194936752319336,1021200
1994-04-11,16.21875,16.21875,16.15625,16.21875,14.140447616577148,1181600
1994-04-12,16.25,16.5,15.78125,16.5,14.385660171508789,1383600
1994-04-13,16.875,17.5625,16.875,17.4375,15.203023910522461,2061200
1994-04-14,17.5,18.0625,17.46875,17.78125,15.50272274017334,1797600
1994-04-15,17.71875,17.84375,17.71875,17.75,15.475478172302246,601200
1994-04-18,17.8125,17.875,17.5625,17.6875,15.42099380493164,1464000
1994-04-19,17.75,17.96875,17.71875,17.71875,15.448233604431152,1691600
1994-04-20,17.78125,17.84375,17.6875,17.75,15.475478172302246,770400
1994-04-21,17.8125,18.03125,17.8125,17.90625,15.61170482635498,634000
1994-04-22,17.875,18.0625,17.84375,18.0,15.693448066711426,293200
1994-04-25,17.9375,18.46875,17.9375,18.40625,16.047643661499023,454000
1994-04-26,18.46875,18.5,18.34375,18.46875,16.10213279724121,1096400
1994-04-28,18.375,18.625,18.28125,18.59375,16.211111068725586,697600
1994-04-29,18.53125,19.15625,18.4375,19.0625,16.619787216186523,1300000
1994-05-02,19.0625,19.0625,18.84375,19.0625,16.619787216186523,645200
1994-05-03,19.0625,19.4375,18.96875,19.375,16.892248153686523,732800
1994-05-04,19.3125,19.3125,19.15625,19.28125,16.81051254272461,336800
1994-05-05,19.21875,19.34375,18.8125,18.8125,16.401830673217773,556400
1994-05-06,18.75,18.75,18.5,18.5625,16.183866500854492,349600
1994-05-09,18.5,18.5,18.40625,18.4375,16.074888229370117,857600
1994-05-10,18.375,18.40625,18.28125,18.3125,15.965903282165527,400800
1994-05-11,18.3125,18.34375,18.125,18.125,15.80242919921875,714000
1994-05-12,17.9375,18.25,17.9375,18.0,15.693448066711426,543200
1994-05-13,18.03125,18.125,17.875,17.875,15.584465026855469,429200
1994-05-16,17.875,18.03125,17.875,17.96875,15.666197776794434,1195600
1994-05-17,17.90625,18.0625,17.90625,18.03125,15.720693588256836,654400
1994-05-18,18.03125,18.59375,18.03125,18.46875,16.10213279724121,482800
1994-05-19,18.40625,18.75,18.375,18.75,16.347335815429688,982000
1994-05-20,18.6875,18.6875,18.59375,18.6875,16.292850494384766,581200
1994-05-23,18.65625,18.75,18.65625,18.71875,16.32008934020996,665600
1994-05-24,18.65625,18.75,18.5625,18.75,16.347335815429688,568000
1994-05-25,18.6875,18.8125,18.65625,18.78125,16.374588012695312,314400
1994-05-26,18.75,18.84375,18.75,18.84375,16.42906379699707,277200
1994-05-27,18.78125,19.125,18.75,19.125,16.674283981323242,272000
1994-05-31,19.0625,19.125,18.9375,19.125,16.674283981323242,555600
1994-06-01,19.0625,19.0625,18.875,18.90625,16.48356819152832,546400
1994-06-02,18.875,18.875,18.6875,18.6875,16.292850494384766,526400
1994-06-03,18.71875,18.96875,18.6875,18.9375,16.51080894470215,658800
1994-06-06,18.9375,18.96875,18.875,18.9375,16.51080894470215,401600
1994-06-07,18.9375,18.96875,18.875,18.9375,16.51080894470215,633600
1994-06-08,18.90625,19.375,18.90625,19.25,16.78327178955078,724800
1994-06-09,19.21875,19.28125,19.0,19.03125,16.592546463012695,362400
1994-06-10,18.96875,19.0,18.875,18.875,16.456317901611328,391200
1994-06-13,18.875,19.0625,18.875,19.03125,16.592546463012695,574000
1994-06-14,19.03125,19.3125,19.03125,19.3125,16.837764739990234,979600
1994-06-15,19.28125,19.75,19.1875,19.21875,16.75602149963379,982000
1994-06-16,19.15625,20.1875,19.0625,20.1875,17.600629806518555,958000
1994-06-17,20.125,20.15625,19.5625,19.59375,17.082969665527344,2042400
1994-06-20,19.59375,19.84375,19.5,19.65625,17.137462615966797,718000
1994-06-21,19.4375,19.46875,18.71875,18.71875,16.32008934020996,2467200
1994-06-22,18.71875,19.125,18.71875,18.9375,16.51080894470215,920400
1994-06-23,19.0,19.09375,18.75,19.0,16.565298080444336,489200
1994-06-24,18.96875,18.96875,18.625,18.75,16.347335815429688,1290400
1994-06-27,18.625,18.875,18.59375,18.71875,16.32008934020996,541600
1994-06-28,18.59375,18.65625,18.40625,18.5,16.129369735717773,574800
1994-06-29,18.5,18.65625,18.4375,18.59375,16.211111068725586,898000
1994-06-30,18.625,18.75,18.5,18.6875,16.292850494384766,458000
1994-07-01,19.0,19.125,18.6875,18.6875,16.292850494384766,1156400
1994-07-05,18.75,18.8125,18.53125,18.625,16.238353729248047,1154000
1994-07-06,18.625,18.625,18.15625,18.1875,15.85692024230957,1604000
1994-07-07,18.25,18.5,18.21875,18.3125,15.965903282165527,1128400
1994-07-08,18.25,18.25,17.8125,17.84375,15.557217597961426,1653600
1994-07-11,17.78125,17.78125,17.4375,17.4375,15.203023910522461,1577200
1994-07-12,17.4375,17.4375,17.21875,17.21875,15.01230239868164,871600
1994-07-13,17.25,17.375,17.15625,17.15625,14.957815170288086,673200
1994-07-14,17.21875,17.5625,17.21875,17.46875,15.230269432067871,707600
1994-07-15,17.5,17.53125,17.40625,17.53125,15.28476619720459,606400
1994-07-18,17.5625,17.59375,17.40625,17.5,15.257513999938965,888800
1994-07-19,17.625,17.65625,17.5,17.625,15.366503715515137,520800
1994-07-20,17.625,17.78125,17.3125,17.3125,15.094045639038086,294800
1994-07-21,17.34375,17.34375,17.25,17.25,15.039557456970215,276400
1994-07-22,17.3125,17.6875,17.25,17.6875,15.42099380493164,282000
1994-07-25,17.59375,17.59375,17.3125,17.34375,15.121285438537598,424800
1994-07-26,17.34375,17.34375,17.0625,17.0625,14.876081466674805,252800
1994-07-27,17.03125,17.03125,16.84375,16.84375,14.685354232788086,358000
1994-07-28,16.875,16.9375,16.78125,16.84375,14.685354232788086,745200
1994-07-29,16.84375,16.90625,16.625,16.625,14.49464225769043,904800
1994-08-01,16.5625,16.59375,15.875,16.0,13.94973373413086,2093600
1994-08-02,16.25,16.5625,15.8125,16.40625,14.303924560546875,2334000
1994-08-03,16.5625,17.0625,16.5625,16.96875,14.794340133666992,1358400
1994-08-04,16.9375,17.09375,16.71875,16.875,14.712605476379395,889200
1994-08-05,16.8125,16.875,16.6875,16.78125,14.630858421325684,1164000
1994-08-08,16.78125,16.78125,16.53125,16.53125,14.4129056930542,365600
1994-08-09,16.5625,16.5625,16.4375,16.46875,14.358415603637695,688800
1994-08-10,16.53125,16.53125,16.34375,16.4375,14.331164360046387,394400
1994-08-11,16.40625,16.40625,16.0625,16.09375,14.031465530395508,855600
1994-08-12,16.21875,16.625,16.21875,16.5625,14.44015121459961,508800
1994-08-15,16.53125,16.84375,16.53125,16.78125,14.630858421325684,622400
1994-08-16,16.96875,17.3125,16.96875,17.1875,14.985058784484863,1621200
1994-08-17,17.28125,17.375,17.28125,17.3125,15.094045639038086,1482000
1994-08-18,17.3125,17.34375,17.21875,17.25,15.039557456970215,505200
1994-08-19,17.3125,17.3125,17.21875,17.28125,15.066800117492676,430800
1994-08-22,17.25,17.25,17.21875,17.21875,15.01230239868164,426800
1994-08-23,17.25,17.3125,17.21875,17.3125,15.094045639038086,598400
1994-08-24,17.3125,17.8125,17.28125,17.625,15.366503715515137,408000
1994-08-25,17.625,17.65625,17.4375,17.4375,15.203023910522461,1040400
1994-08-26,17.46875,17.46875,17.34375,17.46875,15.230269432067871,710000
1994-08-29,17.5,17.5625,17.4375,17.4375,15.203023910522461,928000
1994-08-30,17.5,17.53125,17.40625,17.5,15.257513999938965,403200
1994-08-31,17.5625,17.875,17.5625,17.71875,15.448233604431152,929600
1994-09-01,17.71875,17.75,17.625,17.65625,15.3937406539917,540000
1994-09-02,17.71875,17.75,17.625,17.625,15.366503715515137,730000
1994-09-06,17.65625,17.6875,17.625,17.6875,15.42099380493164,564000
1994-09-07,17.65625,17.71875,17.625,17.65625,15.3937406539917,662400
1994-09-08,17.6875,17.6875,17.59375,17.65625,15.3937406539917,628800
1994-09-09,17.59375,17.59375,17.3125,17.3125,15.094045639038086,545600
1994-09-12,17.3125,17.3125,17.0625,17.0625,14.876081466674805,250400
1994-09-13,17.125,17.375,17.03125,17.25,15.039557456970215,606800
1994-09-14,17.28125,17.5625,17.21875,17.5625,15.312006950378418,954400
1994-09-15,17.78125,18.03125,16.5,16.9375,14.767099380493164,5908800
1994-09-16,16.9375,17.0625,16.65625,16.65625,14.52188777923584,2319200
1994-09-19,16.78125,16.78125,16.125,16.125,14.058706283569336,1379200
1994-09-20,16.125,16.15625,14.9375,15.0,13.077868461608887,8328000
1994-09-21,15.09375,15.21875,14.875,15.0,13.077868461608887,6732000
1994-09-22,15.09375,15.5,15.09375,15.40625,13.432063102722168,2544800
1994-09-23,15.5,15.5625,15.125,15.3125,13.350326538085938,1780000
1994-09-26,15.375,15.46875,15.34375,15.40625,13.432063102722168,1053600
1994-09-27,15.40625,15.59375,15.40625,15.40625,13.432063102722168,545200
1994-09-28,15.4375,15.6875,15.3125,15.6875,13.677271842956543,1088400
1994-09-29,15.875,15.875,15.4375,15.5625,13.568296432495117,1292000
1994-09-30,15.625,15.625,15.4375,15.46875,13.486555099487305,848000
1994-10-03,15.53125,15.53125,15.28125,15.3125,13.350326538085938,1763600
1994-10-04,15.28125,15.3125,14.6875,14.6875,12.805416107177734,3115200
1994-10-05,14.5625,15.0,14.34375,15.0,13.077868461608887,1380000
1994-10-06,15.1875,15.3125,15.0,15.25,13.295832633972168,939200
1994-10-07,15.28125,15.75,15.1875,15.71875,13.704520225524902,893200
1994-10-10,15.6875,15.84375,15.625,15.8125,13.7862548828125,731600
1994-10-11,15.96875,16.0625,15.9375,15.96875,13.922479629516602,1342400
1994-10-12,16.0,16.21875,15.9375,16.125,14.058706283569336,624000
1994-10-13,16.25,16.46875,16.03125,16.03125,13.976968765258789,731600
1994-10-14,16.03125,16.03125,15.875,15.96875,13.922479629516602,767200
1994-10-17,15.96875,15.96875,15.875,15.90625,13.867995262145996,373200
1994-10-18,15.875,15.875,15.65625,15.78125,13.759007453918457,978000
1994-10-19,15.875,16.46875,15.828125,16.40625,14.303924560546875,1424800
1994-10-20,16.34375,16.34375,16.15625,16.21875,14.140447616577148,742800
1994-10-21,16.15625,16.1875,15.8125,15.90625,13.867995262145996,1027200
1994-10-24,15.90625,15.90625,15.4375,15.46875,13.486555099487305,1651600
1994-10-25,15.40625,15.4375,15.125,15.125,13.18685245513916,888800
1994-10-26,15.15625,15.15625,14.75,14.875,12.968888282775879,1126000
1994-10-27,14.875,14.875,14.5625,14.8125,12.914392471313477,1119200
1994-10-28,14.875,15.34375,14.875,15.3125,13.350326538085938,1971600
1994-10-31,15.3125,15.375,15.125,15.1875,13.241345405578613,779600
1994-11-01,15.125,15.125,15.09375,15.09375,13.159605979919434,333600
1994-11-02,15.0625,15.09375,14.96875,15.0,13.077868461608887,790000
1994-11-03,15.0,15.125,15.0,15.03125,13.105118751525879,585600
1994-11-04,15.03125,15.09375,14.84375,14.875,12.968888282775879,473600
1994-11-07,14.9375,15.03125,14.875,14.875,12.968888282775879,691200
1994-11-08,14.8125,14.84375,14.625,14.6875,12.805416107177734,913600
1994-11-09,14.75,14.875,14.625,14.75,12.859903335571289,756400
1994-11-10,14.8125,14.8125,14.6875,14.6875,12.805416107177734,363600
1994-11-11,14.75,14.78125,14.59375,14.59375,12.72368049621582,264400
1994-11-14,14.65625,15.09375,14.59375,15.0625,13.13236141204834,1126800
1994-11-15,15.0625,15.125,14.78125,14.90625,12.996132850646973,1222400
1994-11-16,14.875,14.90625,14.78125,14.84375,12.941644668579102,508400
1994-11-17,14.78125,14.84375,14.6875,14.8125,12.914392471313477,990000
1994-11-18,15.0,15.03125,14.90625,14.90625,12.996132850646973,1010000
1994-11-21,14.9375,15.15625,14.90625,15.09375,13.159605979919434,723200
1994-11-22,15.03125,15.15625,15.0,15.03125,13.105118751525879,564800
1994-11-23,14.96875,14.96875,14.4375,14.4375,12.58745002746582,704800
1994-11-25,14.375,14.53125,14.375,14.46875,12.614697456359863,204000
1994-11-28,14.5,14.5,14.09375,14.125,12.314994812011719,872800
1994-11-29,14.1875,14.34375,14.125,14.3125,12.478469848632812,1280000
1994-11-30,14.46875,14.46875,14.1875,14.21875,12.396730422973633,466000
1994-12-01,14.21875,14.21875,14.0625,14.0625,12.260503768920898,404800
1994-12-02,14.0,14.09375,13.875,13.96875,12.178768157958984,630000
1994-12-05,13.9375,14.125,13.9375,13.9375,12.151517868041992,766800
1994-12-06,13.9375,13.9375,13.78125,13.875,12.097031593322754,740400
1994-12-07,13.90625,13.96875,13.90625,13.9375,12.151517868041992,907600
1994-12-08,14.0,14.0,13.46875,13.46875,11.742836952209473,908800
1994-12-09,13.5,13.71875,13.375,13.5,11.770085334777832,718800
1994-12-12,13.5625,13.84375,13.5625,13.84375,12.069785118103027,994800
1994-12-13,13.84375,13.96875,13.6875,13.75,11.988044738769531,718400
1994-12-14,13.8125,14.375,13.8125,14.28125,12.451218605041504,1783200
1994-12-15,14.28125,14.46875,14.28125,14.28125,12.451218605041504,762000
1994-12-16,14.46875,14.46875,14.25,14.34375,12.505717277526855,1748800
1994-12-19,14.3125,14.59375,14.28125,14.53125,12.66918659210205,426000
1994-12-20,14.5625,14.71875,14.5625,14.71875,12.832661628723145,374000
1994-12-21,14.6875,14.90625,14.6875,14.75,12.859903335571289,521200
1994-12-22,14.75,14.78125,14.625,14.625,12.750919342041016,387600
1994-12-23,14.65625,14.9375,14.625,14.84375,12.941644668579102,502000
1994-12-27,14.90625,14.9375,14.875,14.9375,13.023380279541016,309200
1994-12-28,14.9375,14.9375,14.8125,14.9375,13.023380279541016,370800
1994-12-29,14.90625,15.03125,14.90625,15.0,13.077868461608887,260400
1994-12-30,15.03125,15.125,15.0,15.0625,13.13236141204834,383200
1995-01-03,15.0625,15.125,14.96875,15.09375,13.159605979919434,639200
1995-01-04,15.09375,15.09375,14.96875,15.0625,13.13236141204834,740000
1995-01-05,15.0625,15.25,15.0625,15.21875,13.268592834472656,582800
1995-01-06,15.21875,15.25,15.15625,15.1875,13.241345405578613,396000
1995-01-09,15.21875,15.25,15.125,15.25,13.295832633972168,303200
1995-01-10,15.21875,15.4375,15.1875,15.21875,13.268592834472656,583200
1995-01-11,15.25,15.28125,15.09375,15.09375,13.159605979919434,637200
1995-01-12,15.15625,15.15625,14.96875,15.0,13.077868461608887,454400
1995-01-13,15.0625,15.25,14.96875,15.25,13.295832633972168,1176400
1995-01-16,15.28125,15.40625,15.25,15.40625,13.432063102722168,432000
1995-01-17,15.4375,15.65625,15.40625,15.625,13.622786521911621,646800
1995-01-18,15.65625,15.78125,15.65625,15.78125,13.759007453918457,834400
1995-01-19,15.78125,15.9375,15.75,15.84375,13.813502311706543,1018400
1995-01-20,15.8125,15.8125,15.46875,15.625,13.622786521911621,1330800
1995-01-23,15.4375,15.625,15.4375,15.53125,13.541043281555176,766400
1995-01-24,15.59375,15.59375,15.34375,15.375,13.40481948852539,214000
1995-01-25,15.3125,15.84375,15.3125,15.6875,13.677271842956543,295600
1995-01-26,15.6875,15.6875,15.3125,15.3125,13.350326538085938,299600
1995-01-27,15.40625,15.5,15.34375,15.375,13.40481948852539,424800
1995-01-30,15.46875,15.625,15.40625,15.5,13.513800621032715,269200
1995-01-31,15.5,15.5,15.15625,15.1875,13.241345405578613,683200
1995-02-01,15.1875,15.46875,15.125,15.1875,13.241345405578613,401200
1995-02-02,15.25,15.53125,15.25,15.53125,13.541043281555176,415200
1995-02-03,15.53125,15.65625,15.5,15.5,13.513800621032715,796800
1995-02-06,15.5625,15.59375,15.3125,15.375,13.40481948852539,312400
1995-02-07,15.4375,15.4375,15.25,15.28125,13.323077201843262,167200
1995-02-08,15.28125,15.3125,15.09375,15.09375,13.159605979919434,377600
1995-02-09,15.09375,15.25,15.03125,15.15625,13.214096069335938,1476400
1995-02-10,15.15625,15.53125,15.125,15.5,13.513800621032715,1040000
1995-02-13,15.75,16.09375,15.65625,16.09375,14.031465530395508,1476800
1995-02-14,16.03125,16.09375,15.65625,15.6875,13.677271842956543,722000
1995-02-15,15.75,15.8125,15.625,15.6875,13.677271842956543,1072800
1995-02-16,15.75,15.75,15.5,15.625,13.622786521911621,437200
1995-02-17,15.65625,15.75,15.625,15.625,13.622786521911621,406800
1995-02-21,15.71875,15.71875,15.5625,15.65625,13.650022506713867,456000
1995-02-22,15.625,15.6875,15.5,15.6875,13.677271842956543,876000
1995-02-23,15.71875,16.3125,15.71875,16.3125,14.222183227539062,993200
1995-02-24,16.375,16.5625,16.03125,16.09375,14.031465530395508,660400
1995-02-27,16.34375,16.375,16.09375,16.1875,14.113200187683105,916800
1995-02-28,16.21875,16.3125,16.15625,16.28125,14.194936752319336,294400
1995-03-01,16.1875,16.1875,15.90625,15.90625,13.867995262145996,790800
1995-03-02,15.96875,16.0625,15.71875,15.84375,13.813502311706543,1277200
1995-03-03,15.78125,15.84375,15.65625,15.6875,13.677271842956543,429600
1995-03-06,15.6875,15.6875,15.5625,15.65625,13.650022506713867,468400
1995-03-07,15.625,15.625,15.46875,15.5625,13.568296432495117,474400
1995-03-08,15.625,15.625,15.5,15.5,13.513800621032715,363200
1995-03-09,15.5,15.53125,15.4375,15.46875,13.486555099487305,405600
1995-03-10,15.5,15.71875,15.4375,15.71875,13.704520225524902,336000
1995-03-13,15.71875,16.375,15.71875,16.375,14.276674270629883,819200
1995-03-14,16.5625,16.71875,16.4375,16.71875,14.576372146606445,914800
1995-03-15,16.6875,16.71875,16.15625,16.53125,14.4129056930542,2819200
1995-03-16,16.375,16.46875,16.3125,16.4375,14.331164360046387,764800
1995-03-17,16.4375,16.4375,16.375,16.4375,14.331164360046387,618400
1995-03-20,16.4375,16.59375,16.40625,16.59375,14.46739387512207,791600
1995-03-21,16.4375,16.5625,16.15625,16.25,14.167695045471191,662000
1995-03-22,16.25,16.46875,16.15625,16.46875,14.358415603637695,384400
1995-03-23,16.40625,16.46875,16.34375,16.375,14.276674270629883,374000
1995-03-24,16.375,16.5625,16.375,16.40625,14.303924560546875,306000
1995-03-27,16.40625,17.0,16.375,17.0,14.821587562561035,812800
1995-03-28,16.96875,17.21875,16.90625,17.1875,14.985058784484863,564800
1995-03-29,17.1875,17.46875,17.0,17.03125,14.848835945129395,968400
1995-03-30,17.03125,17.25,16.9375,17.15625,14.957815170288086,462000
1995-03-31,16.96875,17.125,16.90625,16.90625,14.739852905273438,553600
1995-04-03,16.90625,16.90625,16.59375,16.59375,14.46739387512207,932400
1995-04-04,16.625,17.125,16.625,17.03125,14.848835945129395,961200
1995-04-05,16.96875,17.0,16.90625,16.96875,14.794340133666992,177600
1995-04-06,17.03125,17.34375,17.03125,17.34375,15.121285438537598,388000
1995-04-07,17.28125,17.4375,17.125,17.40625,15.175779342651367,543600
1995-04-10,17.34375,17.4375,17.3125,17.34375,15.121285438537598,423200
1995-04-11,17.28125,17.484375,17.28125,17.40625,15.175779342651367,630000
1995-04-12,17.34375,17.40625,17.21875,17.375,15.148529052734375,725200
1995-04-13,17.375,17.40625,17.3125,17.3125,15.094045639038086,535600
1995-04-17,17.3125,17.34375,17.0625,17.0625,14.876081466674805,289200
1995-04-18,17.125,17.1875,17.09375,17.125,14.930571556091309,360400
1995-04-19,17.1875,17.25,17.09375,17.125,14.930571556091309,998800
1995-04-20,17.125,17.125,16.96875,16.96875,14.794340133666992,532000
1995-04-21,17.0,17.0,16.90625,16.9375,14.767099380493164,690400
1995-04-24,16.875,16.90625,16.8125,16.84375,14.685354232788086,666000
1995-04-25,16.84375,16.84375,16.59375,16.71875,14.576372146606445,734400
1995-04-26,16.65625,16.875,16.59375,16.875,14.712605476379395,601600
1995-04-27,16.84375,16.96875,16.6875,16.96875,14.794340133666992,551600
1995-04-28,16.96875,17.03125,16.75,17.0,14.821587562561035,289600
1995-05-01,17.03125,17.0625,16.875,16.96875,14.794340133666992,302400
1995-05-02,16.96875,16.96875,16.71875,16.78125,14.630858421325684,708000
1995-05-03,16.78125,16.90625,16.5,16.5,14.385660171508789,1411600
1995-05-04,16.5625,16.5625,16.125,16.125,14.058706283569336,1028000
1995-05-05,16.125,16.125,15.40625,15.6875,13.677271842956543,2137200
1995-05-08,15.875,15.875,15.6875,15.75,13.731766700744629,909200
1995-05-09,15.84375,15.875,15.625,15.8125,13.7862548828125,594800
1995-05-10,15.8125,15.8125,15.53125,15.53125,13.541043281555176,576800
1995-05-11,15.59375,15.59375,15.34375,15.5625,13.568296432495117,926800
1995-05-12,15.53125,15.78125,15.53125,15.75,13.731766700744629,934000
1995-05-15,15.75,15.78125,15.65625,15.75,13.731766700744629,809600
1995-05-16,15.8125,15.84375,15.75,15.75,13.731766700744629,221600
1995-05-17,15.75,15.75,15.5625,15.6875,13.677271842956543,862400
1995-05-18,15.65625,15.84375,15.5625,15.5625,13.568296432495117,671600
1995-05-19,15.40625,15.4375,15.375,15.40625,13.432063102722168,640800
1995-05-22,15.4375,15.5625,15.28125,15.5625,13.568296432495117,769600
1995-05-23,15.5625,15.75,15.34375,15.4375,13.459308624267578,696000
1995-05-24,15.375,15.4375,14.8125,15.125,13.18685245513916,1673600
1995-05-25,15.09375,15.09375,14.9375,15.0625,13.13236141204834,1388400
1995-05-26,15.0625,15.375,15.0,15.1875,13.241345405578613,579200
1995-05-30,15.21875,15.21875,15.0,15.03125,13.105118751525879,964800
1995-05-31,15.03125,15.03125,14.90625,14.96875,13.050625801086426,1326400
1995-06-01,14.9375,14.9375,14.625,14.8125,12.914392471313477,2165200
1995-06-02,14.75,14.8125,14.6875,14.8125,12.914392471313477,1189600
1995-06-05,14.875,14.9375,14.6875,14.78125,12.887153625488281,1236800
1995-06-06,14.78125,14.8125,14.65625,14.6875,12.805416107177734,828000
1995-06-07,14.71875,14.8125,14.6875,14.75,12.859903335571289,1030000
1995-06-08,14.8125,15.0,14.75,14.90625,12.996132850646973,1590800
1995-06-09,14.9375,15.0625,14.8125,15.0,13.077868461608887,1060800
1995-06-12,15.0,15.28125,15.0,15.28125,13.323077201843262,1477200
1995-06-13,15.34375,15.6875,15.3125,15.65625,13.650022506713867,1669600
1995-06-14,15.5,15.71875,15.5,15.71875,13.704520225524902,2028800
1995-06-15,15.71875,15.71875,15.625,15.625,13.622786521911621,1083600
1995-06-16,15.25,15.375,15.25,15.375,13.40481948852539,2301200
1995-06-19,15.4375,15.53125,15.03125,15.21875,13.268592834472656,930400
1995-06-20,15.21875,15.21875,14.875,14.96875,13.050625801086426,1003200
1995-06-21,14.96875,15.4375,14.9375,15.34375,13.377567291259766,2852800
1995-06-22,15.46875,15.625,15.3125,15.625,13.622786521911621,989200
1995-06-23,15.5625,15.5625,15.40625,15.5,13.513800621032715,1096400
1995-06-26,15.53125,15.625,15.4375,15.4375,13.459308624267578,816800
1995-06-27,15.40625,15.59375,15.375,15.4375,13.459308624267578,1553600
1995-06-28,15.4375,15.53125,15.34375,15.46875,13.486555099487305,1205200
1995-06-29,15.46875,15.46875,15.1875,15.25,13.295832633972168,936000
1995-06-30,14.875,15.25,14.75,15.1875,13.241345405578613,2276800
1995-07-03,15.25,15.375,15.1875,15.34375,13.377567291259766,549200
1995-07-05,15.34375,15.40625,15.0625,15.40625,13.432063102722168,1205200
1995-07-06,15.59375,16.125,15.59375,16.0625,14.00422191619873,1392000
1995-07-07,16.0625,16.125,15.78125,16.09375,14.031465530395508,1446800
1995-07-10,16.125,16.65625,16.125,16.46875,14.358415603637695,1286000
1995-07-11,16.21875,16.359375,16.0625,16.09375,14.031465530395508,744000
1995-07-12,16.1875,16.25,15.84375,16.0625,14.00422191619873,1073600
1995-07-13,16.09375,16.46875,16.0,16.46875,14.358415603637695,844800
1995-07-14,16.40625,16.40625,16.03125,16.0625,14.00422191619873,298800
1995-07-17,16.0,16.0,15.875,15.9375,13.89523696899414,538800
1995-07-18,15.875,15.90625,15.6875,15.71875,13.704520225524902,410400
1995-07-19,15.65625,15.75,15.1875,15.46875,13.486555099487305,944400
1995-07-20,15.4375,15.53125,15.28125,15.5,13.513800621032715,1290800
1995-07-21,15.9375,16.375,15.9375,16.125,14.058706283569336,2365200
1995-07-24,16.125,16.125,15.71875,15.875,13.840744972229004,812800
1995-07-25,15.8125,16.21875,15.8125,16.1875,14.113200187683105,1194400
1995-07-26,16.1875,16.4375,16.15625,16.34375,14.249428749084473,1498800
1995-07-27,16.34375,16.9375,16.3125,16.90625,14.739852905273438,1539600
1995-07-28,16.875,16.9375,16.71875,16.9375,14.767099380493164,1214000
1995-07-31,16.9375,16.96875,16.78125,16.875,14.712605476379395,669600
1995-08-01,16.9375,16.9375,16.78125,16.875,14.712605476379395,685600
1995-08-02,16.90625,16.9375,16.75,16.84375,14.685354232788086,804800
1995-08-03,16.84375,17.21875,16.78125,17.1875,14.985058784484863,591200
1995-08-04,17.25,17.46875,17.25,17.375,15.148529052734375,575600
1995-08-07,17.40625,17.84375,17.40625,17.84375,15.557217597961426,1251600
1995-08-08,17.90625,18.21875,17.90625,18.1875,15.85692024230957,948000
1995-08-09,18.125,18.25,17.875,18.25,15.911408424377441,1170400
1995-08-10,18.1875,18.59375,18.15625,18.5,16.129369735717773,1408400
1995-08-11,18.5,18.5625,18.3125,18.40625,16.047643661499023,1219200
1995-08-14,18.34375,18.40625,18.25,18.375,16.02039337158203,481600
1995-08-15,18.375,18.59375,18.34375,18.5,16.129369735717773,654800
1995-08-16,18.4375,18.5,18.28125,18.5,16.129369735717773,465600
1995-08-17,18.4375,18.875,18.34375,18.84375,16.42906379699707,626400
1995-08-18,18.8125,18.8125,18.40625,18.40625,16.047643661499023,578000
1995-08-21,18.40625,18.625,18.375,18.375,16.02039337158203,336000
1995-08-22,18.3125,18.53125,18.125,18.53125,16.156614303588867,460800
1995-08-23,18.53125,18.59375,17.8125,17.8125,15.529973983764648,668800
1995-08-24,17.84375,17.9375,17.65625,17.90625,15.61170482635498,982800
1995-08-25,17.90625,18.0,17.90625,17.9375,15.638956069946289,370000
1995-08-28,17.96875,17.96875,17.90625,17.96875,15.666197776794434,318000
1995-08-29,17.96875,18.03125,17.90625,18.03125,15.720693588256836,454000
1995-08-30,18.03125,18.125,17.9375,17.96875,15.666197776794434,557600
1995-08-31,17.9375,18.03125,17.90625,17.9375,15.638956069946289,307600
1995-09-01,17.8125,17.9375,17.78125,17.9375,15.638956069946289,374000
1995-09-05,17.9375,18.4375,17.9375,18.1875,15.85692024230957,500400
1995-09-06,18.28125,18.59375,18.28125,18.53125,16.156614303588867,447600
1995-09-07,18.5,18.59375,18.34375,18.34375,15.993144035339355,268000
1995-09-08,18.4375,18.5625,18.28125,18.5,16.129369735717773,313600
1995-09-11,18.59375,18.59375,18.25,18.25,15.911408424377441,426800
1995-09-12,18.21875,18.21875,18.09375,18.09375,15.775181770324707,440000
1995-09-13,18.0625,18.15625,18.0,18.15625,15.829666137695312,443600
1995-09-14,18.1875,18.5625,18.1875,18.40625,16.047643661499023,376800
1995-09-15,19.3125,20.0,19.28125,19.96875,17.409915924072266,3154400
1995-09-18,19.8125,20.0,19.59375,19.9375,17.382675170898438,1546400
1995-09-19,20.0,20.46875,20.0,20.34375,17.73685646057129,1261200
1995-09-20,20.3125,20.53125,20.28125,20.5,17.873088836669922,1124400
1995-09-21,20.4375,20.71875,20.375,20.53125,17.90033721923828,1384000
1995-09-22,20.375,20.5,20.3125,20.375,17.764102935791016,972400
1995-09-25,20.46875,20.71875,20.4375,20.65625,18.009309768676758,1254000
1995-09-26,20.6875,21.0,20.625,20.875,18.20003890991211,746800
1995-09-27,20.75,20.75,20.3125,20.40625,17.791343688964844,842800
1995-09-28,20.375,20.8125,20.375,20.625,17.982072830200195,984800
1995-09-29,20.59375,20.9375,20.5625,20.75,18.09105110168457,946800
1995-10-02,20.8125,20.84375,20.71875,20.84375,18.17279052734375,662000
1995-10-03,20.78125,20.78125,20.59375,20.65625,18.009309768676758,716800
1995-10-04,20.625,20.65625,20.5,20.65625,18.009309768676758,836800
1995-10-05,20.625,21.0,20.53125,20.5625,17.927581787109375,1823600
1995-10-06,20.5,20.5,20.25,20.375,17.764102935791016,562000
1995-10-09,20.3125,20.3125,19.9375,20.0,17.437152862548828,787600
1995-10-10,19.75,20.09375,19.71875,20.0,17.437152862548828,836000
1995-10-11,19.90625,20.0,19.90625,19.9375,17.382675170898438,937600
1995-10-12,19.9375,20.09375,19.9375,20.0,17.437152862548828,886400
1995-10-13,20.0625,20.28125,20.0625,20.21875,17.627885818481445,1550000
1995-10-16,20.21875,20.28125,20.15625,20.21875,17.627885818481445,712800
1995-10-17,20.25,20.3125,20.1875,20.21875,17.627885818481445,587200
1995-10-18,20.34375,20.5,20.3125,20.40625,17.791343688964844,920800
1995-10-19,20.40625,20.40625,20.1875,20.21875,17.627885818481445,856000
1995-10-20,20.1875,20.3125,20.1875,20.3125,17.709611892700195,658800
1995-10-23,20.21875,20.21875,19.96875,20.1875,17.600629806518555,599200
1995-10-24,20.21875,21.125,20.1875,20.96875,18.281768798828125,1294000
1995-10-25,20.9375,20.96875,20.375,20.40625,17.791343688964844,890800
1995-10-26,20.375,20.53125,20.28125,20.40625,17.791343688964844,1130400
1995-10-27,20.40625,20.5,20.28125,20.3125,17.709611892700195,646400
1995-10-30,20.125,20.6875,20.125,20.65625,18.009309768676758,470400
1995-10-31,20.65625,20.65625,20.5,20.53125,17.90033721923828,732400
1995-11-01,20.46875,20.5,20.3125,20.46875,17.845842361450195,224800
1995-11-02,20.5,21.5,20.46875,21.5,18.744943618774414,746000
1995-11-03,21.375,21.375,21.09375,21.21875,18.499746322631836,658000
1995-11-06,21.0625,21.40625,21.03125,21.3125,18.581472396850586,1102800
1995-11-07,21.3125,21.3125,21.09375,21.15625,18.44524574279785,962800
1995-11-08,21.09375,21.09375,20.84375,20.875,18.20003890991211,396000
1995-11-09,20.8125,20.9375,20.65625,20.9375,18.254533767700195,542400
1995-11-10,20.84375,20.96875,20.78125,20.90625,18.22728729248047,359200
1995-11-13,20.9375,20.96875,20.59375,20.625,17.982072830200195,647200
1995-11-14,20.3125,20.3125,19.6875,19.84375,17.30093765258789,1203200
1995-11-15,19.84375,19.84375,19.4375,19.5,17.001235961914062,791200
1995-11-16,19.5,19.71875,19.4375,19.4375,16.946744918823242,981600
1995-11-17,19.53125,20.0,19.5,19.875,17.328182220458984,860000
1995-11-20,19.8125,20.03125,19.625,19.8125,17.273685455322266,2034000
1995-11-21,19.75,19.75,19.3125,19.375,16.892248153686523,926800
1995-11-22,19.34375,19.53125,19.3125,19.40625,16.919492721557617,246400
1995-11-24,19.46875,19.5,19.40625,19.5,17.001235961914062,101600
1995-11-27,19.375,19.5,19.28125,19.4375,16.946744918823242,1256800
1995-11-28,19.4375,19.4375,19.03125,19.09375,16.647045135498047,892800
1995-11-29,19.0625,19.09375,18.84375,18.875,16.456317901611328,706800
1995-11-30,18.875,19.21875,18.625,18.625,16.238353729248047,1388400
1995-12-01,18.8125,19.15625,18.8125,19.03125,16.592546463012695,835200
1995-12-04,19.09375,19.5,19.0625,19.46875,16.97399139404297,552400
1995-12-05,19.5,20.25,19.46875,20.1875,17.600629806518555,1608800
1995-12-06,20.1875,20.40625,19.96875,20.0625,17.491653442382812,783600
1995-12-07,20.15625,20.15625,19.9375,19.96875,17.409915924072266,544400
1995-12-08,20.0,20.1875,20.0,20.0625,17.491653442382812,536800
1995-12-11,20.0,20.125,19.9375,20.0,17.437152862548828,1144400
1995-12-12,20.03125,20.09375,19.96875,20.0625,17.491653442382812,215600
1995-12-13,19.96875,20.65625,19.96875,20.40625,17.791343688964844,665600
1995-12-14,19.5,19.53125,19.09375,19.09375,16.647045135498047,2566800
1995-12-15,19.09375,19.125,18.75,18.78125,16.374588012695312,2045200
1995-12-18,18.5625,18.5625,18.0,18.0,15.693448066711426,2337600
1995-12-19,18.0625,18.25,18.03125,18.25,15.911408424377441,1202000
1995-12-20,18.28125,18.34375,18.03125,18.0625,15.747932434082031,1501200
1995-12-21,18.0625,18.15625,17.125,17.28125,15.066800117492676,2700400
1995-12-22,17.9375,18.15625,17.53125,17.5625,15.312006950378418,1902000
1995-12-26,17.53125,17.6875,17.375,17.53125,15.28476619720459,924800
1995-12-27,17.5625,17.71875,17.4375,17.46875,15.230269432067871,1044800
1995-12-28,17.5625,17.5625,17.28125,17.375,15.148529052734375,2001200
1995-12-29,17.46875,18.46875,17.46875,18.46875,16.10213279724121,800800
1996-01-02,18.34375,18.4375,18.15625,18.375,16.02039337158203,648400
1996-01-03,18.4375,18.875,18.4375,18.53125,16.156614303588867,760800
1996-01-04,18.96875,19.09375,18.75,18.9375,16.51080894470215,840400
1996-01-05,18.875,18.875,18.625,18.71875,16.32008934020996,590400
1996-01-08,18.75,18.90625,18.75,18.90625,16.48356819152832,229600
1996-01-09,18.9375,18.9375,18.375,18.59375,16.211111068725586,692800
1996-01-10,18.65625,18.71875,18.1875,18.1875,15.85692024230957,548000
1996-01-11,18.21875,18.28125,17.9375,18.28125,15.938651084899902,879200
1996-01-12,18.21875,18.25,17.96875,18.25,15.911408424377441,1020000
1996-01-15,17.90625,18.03125,17.40625,17.4375,15.203023910522461,1092800
1996-01-16,17.5625,17.5625,16.71875,17.375,15.148529052734375,1652800
1996-01-17,17.40625,17.5,17.25,17.34375,15.121285438537598,543200
1996-01-18,17.40625,17.4375,17.28125,17.40625,15.175779342651367,419200
1996-01-19,17.375,17.6875,17.375,17.53125,15.28476619720459,1039200
1996-01-22,17.5625,17.6875,17.4375,17.65625,15.3937406539917,648800
1996-01-23,17.71875,18.09375,17.59375,17.8125,15.529973983764648,605600
1996-01-24,17.875,17.96875,17.6875,17.9375,15.638956069946289,378800
1996-01-25,17.875,18.09375,17.84375,17.84375,15.557217597961426,593600
1996-01-26,17.90625,17.96875,17.75,17.78125,15.50272274017334,690400
1996-01-29,17.78125,17.875,17.5625,17.59375,15.339247703552246,253200
1996-01-30,17.6875,17.75,17.375,17.625,15.366503715515137,598800
1996-01-31,17.75,19.0625,17.75,19.03125,16.592546463012695,1274000
1996-02-01,18.96875,19.09375,18.78125,18.875,16.456317901611328,822000
1996-02-02,18.8125,19.125,18.78125,18.875,16.456317901611328,520000
1996-02-05,18.875,18.875,18.4375,18.46875,16.10213279724121,627600
1996-02-06,18.46875,18.875,18.4375,18.75,16.347335815429688,1035600
1996-02-07,18.84375,18.9375,18.78125,18.8125,16.401830673217773,312400
1996-02-08,18.8125,19.59375,18.8125,19.375,16.892248153686523,702800
1996-02-09,19.375,19.375,19.03125,19.09375,16.647045135498047,1196000
1996-02-12,18.90625,19.03125,18.75,19.0,16.565298080444336,776000
1996-02-13,18.9375,19.09375,18.875,18.9375,16.51080894470215,1360000
1996-02-14,19.0,19.15625,18.9375,18.9375,16.51080894470215,956800
1996-02-15,19.0,19.09375,18.4375,18.46875,16.10213279724121,466400
1996-02-16,18.46875,18.46875,18.25,18.25,15.911408424377441,677200
1996-02-20,18.25,18.5,17.96875,18.40625,16.047643661499023,427600
1996-02-21,18.40625,18.96875,18.40625,18.890625,16.469940185546875,589600
1996-02-22,18.96875,19.4375,18.96875,19.40625,16.919492721557617,829600
1996-02-23,19.375,19.5,18.90625,19.03125,16.592546463012695,558800
1996-02-26,18.96875,18.96875,18.6875,18.71875,16.32008934020996,1626000
1996-02-27,18.65625,18.84375,18.625,18.6875,16.292850494384766,459600
1996-02-28,18.71875,19.0,18.4375,18.4375,16.074888229370117,479200
1996-02-29,18.4375,18.8125,18.4375,18.5,16.129369735717773,714000
1996-03-01,18.59375,18.59375,18.21875,18.53125,16.156614303588867,996000
1996-03-04,18.59375,19.0625,18.59375,18.6875,16.292850494384766,557200
1996-03-05,18.65625,18.875,18.59375,18.84375,16.42906379699707,966000
1996-03-06,18.90625,18.96875,18.5,18.5625,16.183866500854492,317200
1996-03-07,18.5625,18.5625,18.0625,18.1875,15.85692024230957,1415600
1996-03-08,18.125,18.15625,17.53125,17.625,15.366503715515137,1316000
1996-03-11,17.625,18.46875,17.53125,18.15625,15.829666137695312,513600
1996-03-12,18.09375,18.3125,17.9375,18.21875,15.884162902832031,549200
1996-03-13,18.21875,18.40625,18.15625,18.34375,15.993144035339355,314800
1996-03-14,18.34375,18.4375,17.875,18.0,15.693448066711426,824400
1996-03-15,17.625,18.0625,17.21875,17.5,15.257513999938965,3078000
1996-03-18,17.53125,17.84375,17.53125,17.6875,15.42099380493164,898800
1996-03-19,17.9375,18.125,17.78125,17.84375,15.557217597961426,823200
1996-03-20,17.875,17.875,17.65625,17.78125,15.50272274017334,450800
1996-03-21,17.9375,17.9375,17.59375,17.6875,15.42099380493164,594400
1996-03-22,17.71875,17.875,17.65625,17.875,15.584465026855469,741200
1996-03-25,17.90625,17.90625,17.5625,17.625,15.366503715515137,933600
1996-03-26,17.59375,17.71875,17.59375,17.65625,15.3937406539917,915200
1996-03-27,17.65625,17.65625,17.40625,17.40625,15.175779342651367,705200
1996-03-28,17.4375,17.875,17.4375,17.84375,15.557217597961426,797600
1996-03-29,18.03125,18.125,17.46875,17.46875,15.230269432067871,1248400
1996-04-01,17.5625,17.96875,17.5625,17.96875,15.666197776794434,716400
1996-04-02,17.96875,18.125,17.84375,18.0625,15.747932434082031,1027600
1996-04-03,18.03125,18.3125,17.96875,18.21875,15.884162902832031,689200
1996-04-04,18.28125,18.84375,18.25,18.5625,16.183866500854492,592400
1996-04-08,18.3125,18.3125,17.9375,17.96875,15.666197776794434,651200
1996-04-09,17.96875,18.34375,17.9375,18.21875,15.884162902832031,431600
1996-04-10,18.21875,18.375,18.09375,18.125,15.80242919921875,418000
1996-04-11,18.09375,18.1875,17.875,17.90625,15.61170482635498,610000
1996-04-12,17.90625,18.15625,17.90625,17.9375,15.638956069946289,234000
1996-04-15,18.0,18.84375,18.0,18.75,16.347335815429688,1063200
1996-04-16,18.8125,19.0625,18.65625,18.78125,16.374588012695312,587200
1996-04-17,18.71875,18.78125,18.65625,18.71875,16.32008934020996,248800
1996-04-18,18.78125,19.1875,18.78125,19.0,16.565298080444336,513600
1996-04-19,19.03125,19.0625,18.8125,19.0,16.565298080444336,456800
1996-04-22,19.0,19.3125,18.875,19.0625,16.619787216186523,470000
1996-04-23,19.0625,19.09375,18.65625,18.90625,16.48356819152832,368000
1996-04-24,19.3125,19.875,19.3125,19.78125,17.246448516845703,1215200
1996-04-25,19.84375,20.375,19.84375,20.375,17.764102935791016,982800
1996-04-26,20.5,20.625,20.15625,20.40625,17.791343688964844,1102800
1996-04-29,20.34375,20.34375,20.125,20.25,17.655122756958008,950800
1996-04-30,20.1875,20.21875,19.90625,20.1875,17.600629806518555,720800
1996-05-01,20.125,20.125,19.90625,20.0,17.437152862548828,308800
1996-05-02,19.875,19.875,19.53125,19.78125,17.246448516845703,476000
1996-05-03,19.71875,19.78125,19.25,19.46875,16.97399139404297,495600
1996-05-06,19.4375,19.4375,19.28125,19.4375,16.946744918823242,389200
1996-05-07,19.4375,19.53125,19.3125,19.3125,16.837764739990234,378000
1996-05-08,19.34375,19.34375,19.1875,19.34375,16.86500358581543,379600
1996-05-09,19.34375,19.65625,19.34375,19.5,17.001235961914062,543200
1996-05-10,19.5625,19.65625,19.5,19.65625,17.137462615966797,482400
1996-05-13,19.65625,19.75,19.65625,19.75,17.219202041625977,510000
1996-05-14,19.8125,19.8125,19.375,19.59375,17.082969665527344,455200
1996-05-15,19.71875,20.15625,19.6875,20.09375,17.518898010253906,941200
1996-05-16,20.0,20.15625,19.90625,20.03125,17.46440315246582,364000
1996-05-17,20.125,20.1875,20.09375,20.09375,17.518898010253906,465600
1996-05-20,20.125,20.34375,20.0,20.21875,17.627885818481445,313600
1996-05-21,20.28125,20.40625,20.21875,20.3125,17.709611892700195,238800
1996-05-22,20.3125,20.4375,20.28125,20.3125,17.709611892700195,432400
1996-05-23,20.375,20.375,19.8125,19.96875,17.409915924072266,640400
1996-05-24,20.03125,20.1875,20.03125,20.0625,17.491653442382812,266800
1996-05-28,20.0,20.03125,19.25,19.28125,16.81051254272461,587200
1996-05-29,19.46875,19.65625,19.28125,19.3125,16.837764739990234,427200
1996-05-30,19.34375,19.46875,19.25,19.34375,16.86500358581543,306000
1996-05-31,19.3125,19.34375,19.0,19.15625,16.70153045654297,195600
1996-06-03,19.15625,19.34375,19.03125,19.21875,16.75602149963379,182400
1996-06-04,19.34375,19.34375,19.1875,19.21875,16.75602149963379,488000
1996-06-05,19.28125,19.40625,19.15625,19.40625,16.919492721557617,328000
1996-06-06,19.46875,19.6875,19.4375,19.4375,16.946744918823242,429200
1996-06-07,19.125,19.21875,18.84375,19.15625,16.70153045654297,647600
1996-06-10,19.21875,19.5,19.125,19.15625,16.70153045654297,338400
1996-06-11,19.15625,19.46875,19.15625,19.34375,16.86500358581543,648000
1996-06-12,19.3125,19.9375,19.3125,19.71875,17.191953659057617,694400
1996-06-13,19.71875,19.8125,19.71875,19.75,17.219202041625977,407600
1996-06-14,19.75,19.84375,19.75,19.78125,17.246448516845703,399600
1996-06-17,19.75,19.8125,19.65625,19.71875,17.191953659057617,436400
1996-06-18,19.6875,20.125,19.65625,19.78125,17.246448516845703,750800
1996-06-19,19.71875,19.84375,19.5625,19.78125,17.246448516845703,461600
1996-06-20,19.78125,20.1875,19.75,20.1875,17.600629806518555,636400
1996-06-21,20.1875,20.4375,20.125,20.375,17.764102935791016,971600
1996-06-24,20.375,20.46875,20.3125,20.375,17.764102935791016,516400
1996-06-25,20.375,20.40625,20.28125,20.375,17.764102935791016,1626000
1996-06-26,20.3125,20.4375,20.15625,20.1875,17.600629806518555,539200
1996-06-27,20.09375,20.34375,20.0625,20.3125,17.709611892700195,439200
1996-06-28,20.34375,20.53125,20.28125,20.5,17.873088836669922,894800
1996-07-01,20.4375,20.9375,20.40625,20.75,18.09105110168457,832000
1996-07-02,20.6875,20.78125,20.46875,20.625,17.982072830200195,1355600
1996-07-03,20.6875,20.84375,20.6875,20.78125,18.118303298950195,801200
1996-07-05,20.71875,20.71875,20.28125,20.28125,17.6823673248291,157200
1996-07-08,20.1875,20.28125,20.0625,20.09375,17.518898010253906,688400
1996-07-09,20.125,20.1875,19.875,19.96875,17.409915924072266,728800
1996-07-10,19.9375,20.0,19.65625,19.8125,17.273685455322266,1049600
1996-07-11,19.75,19.78125,19.125,19.3125,16.837764739990234,1435600
1996-07-12,19.34375,19.46875,19.21875,19.21875,16.75602149963379,932000
1996-07-15,19.25,19.375,19.0625,19.09375,16.647045135498047,1040800
1996-07-16,18.90625,18.9375,18.40625,18.6875,16.292850494384766,1090800
1996-07-17,18.75,19.03125,18.6875,18.875,16.456317901611328,983200
1996-07-18,18.9375,19.96875,18.8125,19.9375,17.382675170898438,1053600
1996-07-19,19.6875,19.6875,19.28125,19.46875,16.97399139404297,703200
1996-07-22,19.40625,19.40625,19.03125,19.25,16.78327178955078,442000
1996-07-23,19.25,19.5,19.1875,19.28125,16.81051254272461,818800
1996-07-24,19.125,19.21875,19.125,19.21875,16.75602149963379,983600
1996-07-25,19.21875,19.4375,19.03125,19.28125,16.81051254272461,725600
1996-07-26,19.28125,19.3125,19.1875,19.21875,16.75602149963379,305600
1996-07-29,19.21875,19.21875,19.125,19.15625,16.70153045654297,421600
1996-07-30,19.15625,19.21875,19.0625,19.21875,16.75602149963379,684800
1996-07-31,19.1875,19.4375,19.1875,19.4375,16.946744918823242,417200
1996-08-01,19.5,19.71875,19.4375,19.59375,17.082969665527344,466000
1996-08-02,19.65625,19.8125,19.65625,19.65625,17.137462615966797,954000
1996-08-05,19.5625,19.5625,19.46875,19.5,17.001235961914062,1463600
1996-08-06,19.5,19.5,19.25,19.25,16.78327178955078,776000
1996-08-07,19.3125,19.3125,19.0,19.15625,16.70153045654297,1185600
1996-08-08,19.09375,19.125,18.875,19.0,16.565298080444336,2392400
1996-08-09,19.0625,19.09375,18.90625,18.96875,16.53805160522461,278000
1996-08-12,19.0,19.0,18.75,18.875,16.456317901611328,775600
1996-08-13,18.875,18.90625,18.78125,18.8125,16.401830673217773,774400
1996-08-14,18.71875,18.8125,18.6875,18.8125,16.401830673217773,612000
1996-08-15,18.8125,18.875,18.75,18.78125,16.374588012695312,510800
1996-08-16,18.8125,18.8125,18.6875,18.6875,16.292850494384766,449200
1996-08-19,18.6875,18.6875,18.46875,18.53125,16.156614303588867,1035600
1996-08-20,18.5625,18.65625,18.4375,18.59375,16.211111068725586,796800
1996-08-21,18.375,18.71875,18.25,18.625,16.238353729248047,1133200
1996-08-22,18.65625,18.71875,18.5,18.5625,16.183866500854492,578400
1996-08-23,18.625,18.84375,18.4375,18.75,16.347335815429688,820000
1996-08-26,18.6875,18.78125,18.59375,18.65625,16.265605926513672,440400
1996-08-27,18.65625,18.84375,18.625,18.84375,16.42906379699707,619600
1996-08-28,18.84375,19.03125,18.8125,18.96875,16.53805160522461,556800
1996-08-29,18.96875,18.96875,18.78125,18.84375,16.42906379699707,526800
1996-08-30,18.8125,18.8125,18.6875,18.71875,16.32008934020996,258400
1996-09-03,18.53125,18.625,18.40625,18.53125,16.156614303588867,905200
1996-09-04,18.5625,18.59375,18.28125,18.375,16.02039337158203,1670000
1996-09-05,18.34375,18.34375,18.125,18.125,15.80242919921875,742000
1996-09-06,18.15625,18.75,18.15625,18.59375,16.211111068725586,658800
1996-09-09,18.65625,18.8125,18.625,18.75,16.347335815429688,350400
1996-09-10,18.75,19.0,18.75,18.8125,16.401830673217773,551600
1996-09-11,18.78125,18.78125,18.5,18.75,16.347335815429688,744400
1996-09-12,18.71875,18.78125,18.625,18.625,16.238353729248047,1036400
1996-09-13,18.75,18.8125,18.65625,18.75,16.347335815429688,442800
1996-09-16,18.78125,18.9375,18.5625,18.65625,16.265605926513672,881200
1996-09-17,18.625,18.90625,18.21875,18.75,16.347335815429688,2359200
1996-09-18,18.75,18.78125,18.625,18.71875,16.32008934020996,592000
1996-09-19,18.6875,18.75,18.625,18.71875,16.32008934020996,530000
1996-09-20,18.875,19.5,18.84375,19.375,16.892248153686523,1576800
1996-09-23,19.1875,19.21875,18.90625,19.1875,16.728782653808594,989600
1996-09-24,19.1875,19.25,19.09375,19.21875,16.75602149963379,1016400
1996-09-25,19.21875,19.46875,19.1875,19.40625,16.919492721557617,521200
1996-09-26,19.34375,19.40625,19.3125,19.34375,16.86500358581543,702800
1996-09-27,19.34375,19.71875,19.3125,19.59375,17.082969665527344,389600
1996-09-30,19.5625,19.84375,19.5625,19.8125,17.273685455322266,688000
1996-10-01,19.8125,20.375,19.6875,20.34375,17.73685646057129,1242400
1996-10-02,20.53125,20.5625,20.375,20.4375,17.818603515625,1324000
1996-10-03,20.46875,20.71875,20.46875,20.65625,18.009309768676758,1008400
1996-10-04,20.71875,21.09375,20.65625,21.0,18.30901527404785,1557600
1996-10-07,21.03125,21.0625,20.84375,20.84375,18.17279052734375,686400
1996-10-08,20.78125,20.78125,20.625,20.625,17.982072830200195,587600
1996-10-09,20.65625,20.65625,20.3125,20.5,17.873088836669922,1006000
1996-10-10,20.4375,20.625,20.28125,20.28125,17.6823673248291,792800
1996-10-11,20.3125,20.53125,20.3125,20.40625,17.791343688964844,793600
1996-10-14,20.40625,20.4375,20.3125,20.34375,17.73685646057129,469200
1996-10-15,20.375,20.46875,20.28125,20.46875,17.845842361450195,1023200
1996-10-16,20.53125,20.53125,20.09375,20.15625,17.57339096069336,1512400
1996-10-17,20.3125,20.34375,19.9375,20.03125,17.46440315246582,802400
1996-10-18,20.15625,20.15625,20.0,20.0,17.437152862548828,784800
1996-10-21,20.0,20.25,20.0,20.0,17.437152862548828,720400
1996-10-22,20.0,20.0,19.84375,20.0,17.437152862548828,303200
1996-10-23,19.90625,20.0,19.8125,19.90625,17.355426788330078,554800
1996-10-24,19.96875,20.125,19.875,19.9375,17.382675170898438,630000
1996-10-25,19.90625,19.90625,19.78125,19.8125,17.273685455322266,160000
1996-10-28,19.875,20.0625,19.6875,19.6875,17.16471290588379,754000
1996-10-29,19.6875,19.6875,19.40625,19.53125,17.028484344482422,652000
1996-10-30,19.4375,19.5625,19.40625,19.46875,16.97399139404297,878000
1996-10-31,19.46875,20.125,19.4375,20.125,17.546146392822266,755600
1996-11-01,20.125,20.1875,19.75,20.03125,17.46440315246582,514800
1996-11-04,20.09375,20.84375,20.09375,20.75,18.09105110168457,1116000
1996-11-05,20.875,21.375,20.6875,20.75,18.09105110168457,661200
1996-11-06,20.625,20.6875,20.25,20.4375,17.818603515625,364800
1996-11-07,20.25,21.1875,20.25,21.1875,18.47249412536621,439800
1996-11-08,21.1875,21.375,21.0625,21.375,18.63595962524414,566800
1996-11-11,21.375,21.375,21.0,21.0625,18.363508224487305,735400
1996-11-12,21.125,21.5,21.0,21.375,18.63595962524414,1443000
1996-11-13,21.375,21.375,21.0,21.0,18.30901527404785,513800
1996-11-14,21.0625,21.3125,21.0625,21.125,18.418001174926758,303400
1996-11-15,21.1875,21.1875,20.875,20.9375,18.254533767700195,716800
1996-11-18,21.0625,21.25,20.9375,21.0,18.30901527404785,438400
1996-11-19,21.0,21.0625,20.875,21.0,18.30901527404785,368000
1996-11-20,21.0,21.1875,20.875,21.0625,18.363508224487305,746800
1996-11-21,21.1875,21.6875,21.125,21.125,18.418001174926758,546800
1996-11-22,21.1875,21.3125,21.125,21.1875,18.47249412536621,615000
1996-11-25,21.3125,22.25,21.3125,22.125,19.289854049682617,1050200
1996-11-26,22.1875,22.5,22.0625,22.4375,19.562307357788086,896800
1996-11-27,22.5,22.5,21.875,21.875,19.071895599365234,275200
1996-11-29,21.75,22.125,21.75,22.125,19.289854049682617,168000
1996-12-02,21.9375,22.375,21.6875,22.0625,19.235374450683594,506000
1996-12-03,22.0,22.1875,21.75,21.75,18.962915420532227,242600
1996-12-04,21.8125,21.8125,21.3125,21.5625,18.799436569213867,495200
1996-12-05,21.5625,21.625,21.3125,21.4375,18.69045639038086,383200
1996-12-06,21.0625,21.4375,20.6875,21.1875,18.47249412536621,517400
1996-12-09,21.25,21.4375,21.0,21.3125,18.581472396850586,374000
1996-12-10,21.25,21.875,21.1875,21.625,18.853931427001953,1101200
1996-12-11,21.375,21.4375,21.0625,21.3125,18.581472396850586,373000
1996-12-12,21.375,21.375,20.0625,20.0625,17.491653442382812,620600
1996-12-13,20.5,21.25,20.5,20.8125,18.145544052124023,1317200
1996-12-16,20.9375,21.4375,20.6875,20.6875,18.036548614501953,583800
1996-12-17,20.5,21.0625,20.5,20.9375,18.254533767700195,483200
1996-12-18,20.875,21.0625,20.1875,20.5,17.873088836669922,725000
1996-12-19,20.625,21.4375,20.5625,21.3125,18.581472396850586,381800
1996-12-20,21.875,21.875,21.4375,21.5625,18.799436569213867,1163400
1996-12-23,21.3125,21.5,21.125,21.3125,18.581472396850586,270400
1996-12-24,21.4375,21.5625,21.3125,21.3125,18.581472396850586,303600
1996-12-26,21.4375,22.0,21.4375,21.875,19.071895599365234,506200
1996-12-27,22.0,22.0,21.875,21.9375,19.126386642456055,199800
1996-12-30,22.0,22.4375,22.0,22.3125,19.453327178955078,559000
1996-12-31,22.25,22.4375,22.25,22.25,19.398845672607422,792000
1997-01-02,22.1875,22.25,21.6875,21.8125,19.017406463623047,801600
1997-01-03,21.9375,22.25,21.8125,22.25,19.398845672607422,521800
1997-01-06,22.25,22.375,21.8125,21.8125,19.017406463623047,670800
1997-01-07,21.6875,22.1875,21.625,21.75,18.962915420532227,368400
1997-01-08,21.625,21.8125,21.0,21.3125,18.581472396850586,1151200
1997-01-09,21.375,22.0,21.375,21.9375,19.126386642456055,349400
1997-01-10,21.9375,22.0,21.5,21.875,19.071895599365234,374600
1997-01-13,21.625,22.0,21.625,21.875,19.071895599365234,487400
1997-01-14,22.0,22.4375,21.9375,22.25,19.398845672607422,1713000
1997-01-15,22.125,22.9375,21.9375,22.6875,19.7802734375,1186400
1997-01-16,22.9375,23.25,22.5625,23.1875,20.216211318969727,1363200
1997-01-17,23.25,23.5625,23.1875,23.5625,20.54315757751465,1296000
1997-01-20,23.625,23.9375,23.5,23.75,20.70662498474121,676800
1997-01-21,23.6875,24.25,23.3125,24.0625,20.97909164428711,688800
1997-01-22,23.875,24.3125,23.375,24.3125,21.197057723999023,920600
1997-01-23,24.375,24.8125,24.0625,24.25,21.142562866210938,1208200
1997-01-24,24.1875,24.25,24.0,24.125,21.033578872680664,504800
1997-01-27,24.125,24.125,23.375,23.375,20.379671096801758,517000
1997-01-28,23.4375,23.8125,23.25,23.5,20.488664627075195,734000
1997-01-29,24.375,24.875,24.125,24.6875,21.523998260498047,1489600
1997-01-30,24.9375,25.4375,24.5625,25.3125,22.06890869140625,1160600
1997-01-31,25.3125,26.6875,25.3125,25.625,22.341360092163086,1209600
1997-02-03,25.6875,25.75,25.25,25.5,22.232383728027344,1099800
1997-02-04,25.625,25.6875,25.25,25.3125,22.06890869140625,539400
1997-02-05,25.3125,25.3125,25.0625,25.125,21.90543556213379,686600
1997-02-06,25.0625,25.1875,24.875,25.0,21.79645347595215,774400
1997-02-07,25.125,25.625,25.0,25.5,22.232383728027344,423400
1997-02-10,25.625,25.9375,25.3125,25.375,22.12339210510254,335000
1997-02-11,25.375,25.5625,25.125,25.5,22.232383728027344,342400
1997-02-12,25.375,25.4375,25.1875,25.3125,22.06890869140625,1065200
1997-02-13,25.3125,26.25,25.3125,26.0625,22.722795486450195,892400
1997-02-14,26.25,26.5625,25.9375,26.1875,22.831787109375,655400
1997-02-18,26.0,26.25,25.875,26.0,22.66831398010254,697800
1997-02-19,25.875,26.0,25.75,25.875,22.559326171875,354200
1997-02-20,25.8125,26.0,25.6875,25.9375,22.613815307617188,489000
1997-02-21,26.0,26.0625,25.75,26.0625,22.722795486450195,403800
1997-02-24,26.0625,26.625,25.9375,26.375,22.995264053344727,1164800
1997-02-25,26.375,26.5625,26.1875,26.5625,23.158737182617188,737000
1997-02-26,26.5625,26.5625,26.0,26.1875,22.831787109375,756000
1997-02-27,26.125,26.1875,25.4375,25.4375,22.177879333496094,408600
1997-02-28,25.5,26.0,25.4375,25.75,22.45034408569336,588200
1997-03-03,25.75,26.1875,25.625,25.9375,22.613815307617188,690800
1997-03-04,25.9375,26.6875,25.75,26.5,23.1042423248291,466600
1997-03-05,26.5,27.25,26.3125,27.1875,23.70363998413086,613400
1997-03-06,27.25,27.9375,27.0,27.6875,24.139570236206055,878000
1997-03-07,27.625,27.625,27.3125,27.5,23.976089477539062,509000
1997-03-10,27.5,27.625,27.25,27.375,23.86711883544922,706000
1997-03-11,27.25,27.3125,26.9375,27.0,23.540170669555664,1315600
1997-03-12,26.875,27.625,26.875,27.375,23.86711883544922,1277000
1997-03-13,27.375,27.4375,27.0,27.4375,23.921606063842773,1213600
1997-03-14,27.375,27.4375,26.75,27.0625,23.59465789794922,727200
1997-03-17,27.125,27.6875,26.8125,27.625,24.08507537841797,884000
1997-03-18,27.5625,28.25,27.5625,28.125,24.521007537841797,1048600
1997-03-19,28.0,28.0,27.125,27.3125,23.812610626220703,1026200
1997-03-20,27.3125,27.625,27.1875,27.5,23.976089477539062,1396600
1997-03-21,28.125,28.125,27.8125,28.125,24.521007537841797,870800
1997-03-24,28.0,28.5,27.8125,28.4375,24.793460845947266,852400
1997-03-25,28.4375,28.9375,28.25,28.5625,24.902437210083008,1206600
1997-03-26,28.25,28.3125,27.125,27.25,23.758134841918945,1420400
1997-03-27,27.5,27.6875,26.8125,26.9375,23.485673904418945,837800
1997-03-31,26.875,26.875,26.0,26.0625,22.722795486450195,764000
1997-04-01,26.0625,26.375,25.875,26.25,22.886276245117188,631200
1997-04-02,26.25,26.25,25.375,25.375,22.12339210510254,1246600
1997-04-03,25.25,25.6875,25.125,25.5625,22.286876678466797,974400
1997-04-04,25.25,26.625,25.1875,26.625,23.213224411010742,959800
1997-04-07,26.75,26.875,26.375,26.6875,23.267719268798828,572000
1997-04-08,26.6875,26.6875,26.125,26.5625,23.158737182617188,483600
1997-04-09,26.6875,26.6875,25.875,26.0,22.66831398010254,385200
1997-04-10,26.0,26.1875,25.8125,25.8125,22.50482749938965,257800
1997-04-11,25.8125,25.8125,25.1875,25.1875,21.959930419921875,329200
1997-04-14,25.25,25.375,24.75,25.375,22.12339210510254,336400
1997-04-15,25.75,26.375,25.6875,26.1875,22.831787109375,588000
1997-04-16,26.3125,26.875,26.0625,26.8125,23.376697540283203,725800
1997-04-17,26.875,27.0625,26.4375,26.4375,23.04974365234375,582600
1997-04-18,26.5,27.0,26.5,26.875,23.431188583374023,372200
1997-04-21,26.8125,26.875,25.625,25.875,22.559326171875,344000
1997-04-22,26.0,27.625,26.0,27.5625,24.030597686767578,963600
1997-04-23,27.25,27.25,26.625,26.6875,23.267719268798828,986600
1997-04-24,26.6875,26.9375,26.5625,26.625,23.213224411010742,1055000
1997-04-25,26.5,26.5,25.875,25.875,22.559326171875,388200
1997-04-28,26.0,26.125,25.8125,25.875,22.559326171875,801200
1997-04-29,26.125,26.25,26.125,26.25,22.886276245117188,951400
1997-04-30,26.25,27.0,26.1875,27.0,23.540170669555664,2379600
1997-05-01,26.75,26.875,26.625,26.6875,23.267719268798828,844400
1997-05-02,26.8125,27.125,26.5625,27.125,23.64915657043457,570600
1997-05-05,27.125,27.125,26.625,27.125,23.64915657043457,453000
1997-05-06,27.125,27.3125,26.6875,26.875,23.431188583374023,720000
1997-05-07,27.0,27.3125,27.0,27.125,23.64915657043457,813800
1997-05-08,27.125,27.875,27.0625,27.1875,23.70363998413086,595200
1997-05-09,27.375,27.5,26.9375,27.125,23.64915657043457,273600
1997-05-12,27.1875,27.375,27.1875,27.25,23.758134841918945,282800
1997-05-13,27.5,27.6875,27.0625,27.375,23.86711883544922,361000
1997-05-14,27.5,27.5,26.9375,26.9375,23.485673904418945,314000
1997-05-15,27.0625,27.1875,26.5,26.75,23.322202682495117,393800
1997-05-16,26.75,26.8125,26.3125,26.3125,22.940765380859375,796600
1997-05-19,26.5,26.75,26.5,26.6875,23.267719268798828,285400
1997-05-20,26.6875,26.6875,26.5,26.625,23.213224411010742,264200
1997-05-21,26.625,26.6875,25.5,25.8125,22.50482749938965,899000
1997-05-22,25.875,26.1875,25.875,26.125,22.77729606628418,578400
1997-05-23,26.0,26.4375,26.0,26.4375,23.04974365234375,332600
1997-05-27,26.1875,26.1875,25.625,25.625,22.341360092163086,717800
1997-05-28,25.75,25.8125,25.375,25.625,22.341360092163086,780200
1997-05-29,25.875,26.0625,25.625,25.875,22.559326171875,586200
1997-05-30,25.875,26.5,25.8125,26.1875,22.831787109375,574200
1997-06-02,26.4375,26.625,26.25,26.5625,23.158737182617188,502800
1997-06-03,26.4375,26.875,26.375,26.5,23.1042423248291,417600
1997-06-04,26.5,26.625,26.3125,26.5625,23.158737182617188,318000
1997-06-05,26.5625,27.375,26.5625,27.0625,23.59465789794922,438600
1997-06-06,26.875,28.125,26.875,28.125,24.521007537841797,528800
1997-06-09,28.125,28.1875,27.375,27.5625,24.030597686767578,642800
1997-06-10,27.5625,27.5625,27.125,27.25,23.758134841918945,355000
1997-06-11,27.125,27.375,27.0,27.125,23.64915657043457,270400
1997-06-12,27.25,27.3125,27.0625,27.1875,23.70363998413086,409800
1997-06-13,27.25,28.5,27.25,28.4375,24.793460845947266,666600
1997-06-16,28.5,28.5,28.0,28.125,24.521007537841797,328400
1997-06-17,28.0,28.6875,28.0,28.375,24.73897933959961,326200
1997-06-18,28.4375,29.4375,28.375,29.25,25.50183868408203,435400
1997-06-19,29.3125,29.8125,29.1875,29.5625,25.774307250976562,598000
1997-06-20,29.25,29.8125,29.125,29.75,25.937776565551758,881200
1997-06-23,29.625,29.625,29.0625,29.1875,25.44736099243164,441600
1997-06-24,29.4375,29.75,29.03125,29.625,25.828784942626953,405000
1997-06-25,29.5,29.5,28.75,28.8125,25.120418548583984,324800
1997-06-26,28.6875,29.4375,28.53125,29.1875,25.44736099243164,299600
1997-06-27,29.3125,29.625,28.78125,28.78125,25.09315299987793,540400
1997-06-30,28.8125,28.9375,28.4375,28.9375,25.229394912719727,628000
1997-07-01,29.125,29.625,29.0,29.28125,25.529098510742188,994400
1997-07-02,29.40625,29.75,29.25,29.4375,25.66532325744629,747800
1997-07-03,29.46875,29.65625,29.4375,29.5625,25.774307250976562,304200
1997-07-07,29.875,30.53125,29.875,30.0625,26.210237503051758,610400
1997-07-08,29.875,30.3125,29.875,30.03125,26.182985305786133,452400
1997-07-09,30.0,30.0,29.0625,29.15625,25.420106887817383,1113400
1997-07-10,29.15625,29.1875,28.75,28.78125,25.09315299987793,1055800
1997-07-11,29.1875,29.28125,28.75,29.0,25.28388023376465,671200
1997-07-14,28.9375,29.09375,28.1875,28.21875,24.602752685546875,733000
1997-07-15,28.3125,29.0625,28.28125,28.90625,25.20215606689453,1409000
1997-07-16,29.5625,30.4375,29.5625,30.375,26.482690811157227,1095600
1997-07-17,30.375,30.375,29.9375,30.0,26.155736923217773,714800
1997-07-18,29.9375,30.0625,29.25,30.0,26.155736923217773,882400
1997-07-21,30.0,30.375,29.5,29.5,25.719806671142578,366800
1997-07-22,29.75,30.0625,29.71875,30.0,26.155736923217773,492400
1997-07-23,30.0,30.0625,29.46875,29.65625,25.856042861938477,453600
1997-07-24,29.75,30.5,29.65625,30.4375,26.537185668945312,815600
1997-07-25,30.875,31.03125,30.3125,30.4375,26.537185668945312,908000
1997-07-28,30.4375,30.78125,29.71875,29.875,26.04676055908203,350000
1997-07-29,29.9375,30.6875,29.75,30.40625,26.509931564331055,617400
1997-07-30,30.40625,31.875,30.40625,31.71875,27.654247283935547,451200
1997-07-31,31.71875,32.78125,31.25,32.28125,28.144670486450195,1081600
1997-08-01,32.21875,32.28125,31.375,31.46875,27.436279296875,706600
1997-08-04,31.75,32.5625,31.75,31.84375,27.76322364807129,1296400
1997-08-05,32.65625,32.6875,32.25,32.46875,28.308135986328125,604400
1997-08-06,32.59375,33.0,32.59375,32.90625,28.689584732055664,544600
1997-08-07,32.78125,32.78125,32.03125,32.125,28.00844383239746,533200
1997-08-08,32.0,32.0,31.40625,31.40625,27.381792068481445,331400
1997-08-11,31.40625,32.25,31.40625,31.96875,27.872209548950195,550600
1997-08-12,32.3125,32.5625,32.125,32.375,28.22640037536621,486200
1997-08-13,32.5,32.75,32.1875,32.625,28.444366455078125,869400
1997-08-14,32.8125,33.0625,32.625,32.8125,28.60784912109375,992200
1997-08-15,32.75,33.25,32.65625,32.65625,28.471616744995117,1212600
1997-08-18,32.65625,33.46875,32.625,33.09375,28.853057861328125,1007600
1997-08-19,32.96875,34.03125,32.8125,33.5,29.207244873046875,1346800
1997-08-20,33.5,34.78125,33.5,34.59375,30.160846710205078,632000
1997-08-21,35.0,35.21875,34.6875,35.0,30.51502799987793,947400
1997-08-22,34.6875,34.75,34.5,34.65625,30.215335845947266,713400
1997-08-25,34.53125,34.84375,34.09375,34.25,29.861143112182617,564800
1997-08-26,34.25,34.25,33.625,33.625,29.316225051879883,1166400
1997-08-27,33.625,33.625,33.25,33.53125,29.2344913482666,811200
1997-08-28,33.53125,33.53125,32.9375,32.96875,28.744077682495117,649800
1997-08-29,32.84375,33.375,32.75,33.21875,28.962032318115234,610600
1997-09-02,33.25,33.8125,33.25,33.59375,29.288976669311523,684200
1997-09-03,33.78125,34.4375,33.78125,34.15625,29.77939796447754,1145400
1997-09-04,34.21875,34.4375,34.0,34.0,29.64317512512207,479400
1997-09-05,34.125,34.3125,34.125,34.21875,29.83389663696289,647800
1997-09-08,34.4375,35.21875,34.4375,34.8125,30.351558685302734,558000
1997-09-09,34.8125,34.90625,34.4375,34.5,30.07911491394043,336400
1997-09-10,34.25,34.65625,34.125,34.21875,29.83389663696289,371400
1997-09-11,34.0,34.25,33.53125,33.5625,29.261716842651367,421600
1997-09-12,33.6875,34.0625,33.125,33.6875,29.370708465576172,398400
1997-09-15,33.65625,35.625,33.65625,35.625,31.059947967529297,1227800
1997-09-16,37.75,38.125,37.5,37.875,33.0216178894043,2574000
1997-09-17,38.375,38.375,37.59375,37.625,32.80366134643555,2342600
1997-09-18,37.5625,39.46875,37.53125,39.4375,34.383907318115234,1181000
1997-09-19,39.375,42.25,38.875,40.9375,35.69168472290039,2897200
1997-09-22,40.875,41.5,40.625,41.28125,35.99138641357422,1542800
1997-09-23,41.3125,41.3125,40.125,40.5,35.310245513916016,756200
1997-09-24,40.3125,40.4375,39.875,40.1875,35.03779602050781,1565200
1997-09-25,40.1875,40.6875,39.9375,40.15625,35.01056671142578,1373200
1997-09-26,40.15625,40.21875,39.875,40.0625,34.92880630493164,1318400
1997-09-29,40.0,40.0625,39.6875,39.6875,34.60187530517578,1522600
1997-09-30,39.6875,40.25,39.46875,40.0,34.874305725097656,741000
1997-10-01,40.125,40.25,39.5625,40.0,34.874305725097656,830200
1997-10-02,40.0,40.0,39.6875,40.0,34.874305725097656,705200
1997-10-03,40.125,40.625,38.15625,39.375,34.32942581176758,1365000
1997-10-06,38.875,39.4375,37.28125,37.625,32.80366134643555,3479600
1997-10-07,37.5,38.125,36.5,38.0625,33.18509292602539,5125600
1997-10-08,38.03125,38.0625,37.0625,37.1875,32.42222213745117,2590800
1997-10-09,37.0,37.0625,36.3125,36.75,32.04078674316406,1645800
1997-10-10,36.625,36.6875,35.40625,35.6875,31.11443519592285,1688200
1997-10-13,35.75,37.25,35.75,37.25,32.476707458496094,2471800
1997-10-14,38.0,38.0625,37.0,37.875,33.0216178894043,2348000
1997-10-15,37.75,38.1875,37.5,38.15625,33.266845703125,1601400
1997-10-16,38.1875,38.21875,37.0625,37.1875,32.42222213745117,843600
1997-10-17,36.9375,36.9375,36.0625,36.59375,31.904569625854492,714000
1997-10-20,36.65625,37.0625,36.28125,37.03125,32.285980224609375,1269400
1997-10-21,37.1875,38.03125,37.0,38.0,33.13059616088867,1239200
1997-10-22,38.0,38.0,37.34375,37.71875,32.88539505004883,1191600
1997-10-23,36.9375,37.0625,36.5,36.5625,31.877302169799805,666400
1997-10-24,36.78125,36.875,35.0,35.0,30.51502799987793,1304400
1997-10-27,34.25,34.59375,31.75,31.75,27.681489944458008,1958600
1997-10-28,31.0,32.875,30.125,32.75,28.553348541259766,3284200
1997-10-29,33.125,34.0625,32.96875,33.1875,28.93478775024414,1503800
1997-10-30,33.1875,33.8125,32.6875,33.03125,28.79855728149414,1251600
1997-10-31,33.125,33.6875,32.90625,33.375,29.0982723236084,919600
1997-11-03,33.625,34.15625,33.375,34.03125,29.670412063598633,1132800
1997-11-04,34.03125,34.03125,33.3125,33.75,29.42521095275879,709200
1997-11-05,33.78125,33.9375,33.46875,33.53125,29.2344913482666,633200
1997-11-06,33.5625,33.90625,33.28125,33.84375,29.506940841674805,710400
1997-11-07,33.25,33.84375,33.09375,33.84375,29.506940841674805,1443200
1997-11-10,33.5,33.65625,32.125,32.15625,28.035682678222656,1258000
1997-11-11,32.15625,32.34375,32.0,32.1875,28.062931060791016,1331800
1997-11-12,31.8125,31.8125,30.875,30.875,26.918617248535156,904800
1997-11-13,31.0,31.25,30.40625,30.6875,26.75513458251953,1249800
1997-11-14,30.875,31.625,30.8125,31.46875,27.436279296875,1173400
1997-11-17,31.46875,32.3125,31.46875,31.9375,27.844959259033203,1082200
1997-11-18,31.96875,32.03125,31.3125,31.34375,27.327301025390625,921600
1997-11-19,31.28125,31.3125,30.53125,30.53125,26.618913650512695,1060800
1997-11-20,30.78125,32.46875,30.78125,32.375,28.22640037536621,2377200
1997-11-21,32.375,32.6875,32.15625,32.65625,28.471616744995117,1187200
1997-11-24,32.46875,32.65625,32.125,32.21875,28.090177536010742,793200
1997-11-25,32.25,32.6875,32.09375,32.4375,28.280895233154297,555600
1997-11-26,33.125,34.0,32.59375,33.375,29.0982723236084,1602200
1997-11-28,33.625,33.6875,33.40625,33.53125,29.2344913482666,266400
1997-12-01,33.875,34.84375,33.875,34.84375,30.37880516052246,1138600
1997-12-02,34.5625,35.0,34.46875,34.5,30.07911491394043,759600
1997-12-03,34.5,34.59375,33.1875,33.84375,29.506940841674805,1071000
1997-12-04,33.96875,34.21875,33.5625,33.5625,29.261716842651367,896600
1997-12-05,33.5625,33.6875,33.3125,33.53125,29.2344913482666,483200
1997-12-08,33.53125,34.375,33.53125,34.25,29.861143112182617,1755200
1997-12-09,34.25,34.28125,33.6875,33.90625,29.561439514160156,880200
1997-12-10,33.71875,33.875,33.53125,33.6875,29.370708465576172,1392400
1997-12-11,32.0,32.0625,30.3125,31.1875,27.191062927246094,2045600
1997-12-12,31.6875,32.4375,31.65625,32.25,28.117412567138672,2669400
1997-12-15,32.28125,32.28125,31.375,31.4375,27.409040451049805,1282600
1997-12-16,31.34375,31.375,30.25,30.5,26.591665267944336,1129600
1997-12-17,30.625,30.71875,30.0625,30.1875,26.319211959838867,946200
1997-12-18,30.1875,30.1875,28.125,28.40625,24.766218185424805,3450200
1997-12-19,28.25,28.3125,27.71875,28.1875,24.575502395629883,2309400
1997-12-22,28.0625,28.65625,28.0625,28.28125,24.657236099243164,1164200
1997-12-23,28.375,28.53125,28.21875,28.28125,24.657236099243164,884800
1997-12-24,28.53125,28.5625,28.3125,28.46875,24.820701599121094,704000
1997-12-26,28.5,28.96875,28.5,28.90625,25.20215606689453,473800
1997-12-29,29.0,29.0,28.625,28.6875,25.01143455505371,949000
1997-12-30,28.9375,31.03125,28.875,30.40625,26.509931564331055,2036400
1997-12-31,30.46875,30.75,30.15625,30.53125,26.618913650512695,1894800
1998-01-02,30.5,30.78125,30.3125,30.40625,26.509931564331055,660000
1998-01-05,30.71875,30.71875,30.4375,30.5625,26.646154403686523,621800
1998-01-06,30.5625,32.21875,30.4375,31.9375,27.844959259033203,2091600
1998-01-07,31.9375,32.65625,31.6875,32.3125,28.171913146972656,1461200
1998-01-08,32.59375,33.15625,32.375,32.4375,28.280895233154297,1812600
1998-01-09,32.3125,32.375,31.21875,31.28125,27.272808074951172,1569800
1998-01-12,30.375,31.6875,30.34375,31.25,27.245573043823242,1430400
1998-01-13,31.5625,31.84375,31.375,31.625,27.572509765625,795400
1998-01-14,31.9375,31.9375,31.28125,31.3125,27.300045013427734,984000
1998-01-15,31.28125,31.96875,31.03125,31.75,27.681489944458008,1718800
1998-01-16,32.0625,33.8125,32.0625,32.9375,28.71683120727539,2630000
1998-01-20,33.0,33.3125,32.875,33.21875,28.962032318115234,1289600
1998-01-21,33.21875,33.4375,33.0,33.0,28.771320343017578,877200
1998-01-22,33.25,33.65625,32.78125,32.84375,28.635089874267578,700200
1998-01-23,33.15625,33.28125,31.90625,32.0,27.89946746826172,1185600
1998-01-26,32.0,32.46875,31.90625,31.96875,27.872209548950195,798200
1998-01-27,32.21875,32.34375,31.90625,32.0625,27.953937530517578,1097000
1998-01-28,32.0625,33.3125,32.0625,33.21875,28.962032318115234,1706200
1998-01-29,33.21875,33.21875,32.5,32.8125,28.60784912109375,2512600
1998-01-30,32.125,32.8125,32.0625,32.53125,28.362628936767578,1020200
1998-02-02,33.625,33.8125,33.3125,33.71875,29.39797592163086,2061600
1998-02-03,33.625,33.875,33.4375,33.875,29.534198760986328,767800
1998-02-04,33.625,34.65625,33.5625,34.46875,30.051864624023438,1311400
1998-02-05,34.4375,34.4375,33.1875,33.28125,29.016515731811523,1583600
1998-02-06,33.28125,33.28125,33.0,33.09375,28.853057861328125,1154400
1998-02-09,33.21875,33.84375,33.0625,33.84375,29.506940841674805,785400
1998-02-10,33.96875,34.34375,33.8125,34.03125,29.670412063598633,939600
1998-02-11,34.0,34.0625,33.4375,33.5,29.207244873046875,643400
1998-02-12,33.5625,34.375,33.5,34.28125,29.88838768005371,1079800
1998-02-13,34.28125,34.375,33.96875,34.1875,29.806644439697266,978600
1998-02-17,34.34375,34.4375,33.84375,33.9375,29.588680267333984,505400
1998-02-18,33.9375,33.9375,33.0,33.625,29.316225051879883,1142600
1998-02-19,33.75,33.75,32.875,32.875,28.662328720092773,842000
1998-02-20,32.9375,32.9375,32.1875,32.8125,28.60784912109375,1341200
1998-02-23,32.78125,33.5625,32.78125,33.0,28.771320343017578,889800
1998-02-24,32.75,32.75,32.375,32.5,28.335390090942383,732600
1998-02-25,33.0,33.65625,32.78125,33.625,29.316225051879883,716000
1998-02-26,33.4375,33.46875,32.65625,33.03125,28.79855728149414,1533200
1998-02-27,32.96875,33.0,31.78125,31.84375,27.76322364807129,2835600
1998-03-02,31.53125,32.3125,31.375,31.8125,27.735990524291992,2260600
1998-03-03,31.8125,32.5,31.78125,32.5,28.335390090942383,2417000
1998-03-04,32.625,32.625,32.0,32.125,28.00844383239746,955800
1998-03-05,31.75,32.125,31.625,32.0,27.89946746826172,928000
1998-03-06,31.875,32.75,31.875,32.75,28.553348541259766,861200
1998-03-09,32.71875,33.40625,32.6875,33.1875,28.93478775024414,1018800
1998-03-10,33.1875,34.125,33.1875,33.9375,29.588680267333984,1477200
1998-03-11,33.8125,34.0,33.375,33.4375,29.15274429321289,1172800
1998-03-12,33.375,33.9375,33.0,33.8125,29.479705810546875,985600
1998-03-13,33.84375,34.625,33.84375,34.5,30.07911491394043,1576000
1998-03-16,34.5625,35.5,34.5,35.34375,30.814733505249023,1107000
1998-03-17,35.625,36.5,35.34375,36.46875,31.79557228088379,1592600
1998-03-18,35.75,36.71875,35.6875,36.6875,31.98628807067871,1670400
1998-03-19,36.59375,36.96875,35.5,35.53125,30.97820472717285,1403600
1998-03-20,36.0,36.0,34.84375,35.0,30.51502799987793,1754600
1998-03-23,34.25,34.25,33.71875,34.0,29.64317512512207,1881200
1998-03-24,33.9375,34.5,33.65625,33.65625,29.34347152709961,1661000
1998-03-25,33.8125,34.125,31.875,32.5,28.335390090942383,2692200
1998-03-26,32.5,34.6875,32.5,34.65625,30.215335845947266,4222200
1998-03-27,35.0,35.0,34.03125,34.25,29.861143112182617,1854600
1998-03-30,34.1875,34.34375,33.78125,34.125,29.75216293334961,1059600
1998-03-31,34.5,35.8125,34.40625,35.5625,31.00544548034668,1598600
1998-04-01,35.59375,36.1875,35.59375,35.96875,31.359647750854492,1341400
1998-04-02,36.0,36.09375,35.6875,36.09375,31.468631744384766,801600
1998-04-03,36.09375,36.25,35.625,35.8125,31.22340965270996,986400
1998-04-06,36.5,36.5,35.8125,35.90625,31.305158615112305,1279400
1998-04-07,35.375,35.46875,34.8125,34.8125,30.351558685302734,1140800
1998-04-08,34.9375,35.5625,34.90625,35.375,30.84198760986328,730000
1998-04-09,35.53125,36.5625,35.46875,36.34375,31.686588287353516,1371600
1998-04-13,36.40625,36.5,35.28125,36.5,31.822816848754883,1155800
1998-04-14,36.4375,36.78125,36.21875,36.5,31.822816848754883,769600
1998-04-15,36.375,36.90625,36.375,36.625,31.931806564331055,1187200
1998-04-16,36.59375,37.5,36.53125,37.125,32.367733001708984,2279000
1998-04-17,37.125,37.1875,36.5,36.96875,32.23149871826172,1055800
1998-04-20,36.84375,37.0,36.0,36.4375,31.768325805664062,762400
1998-04-21,36.4375,36.84375,36.40625,36.84375,32.122520446777344,902600
1998-04-22,36.5,36.5625,36.125,36.1875,31.550363540649414,944200
1998-04-23,36.0625,36.1875,35.59375,35.6875,31.11443519592285,604800
1998-04-24,35.5625,35.625,34.875,35.5,30.950956344604492,920800
1998-04-27,34.8125,34.875,34.0,34.09375,29.724916458129883,813200
1998-04-28,34.5,34.625,33.34375,33.625,29.316225051879883,1035600
1998-04-29,33.65625,33.90625,33.59375,33.75,29.42521095275879,904400
1998-04-30,34.0,34.40625,33.84375,34.0,29.64317512512207,979400
1998-05-01,34.25,34.53125,33.6875,33.90625,29.561439514160156,667200
1998-05-04,33.96875,34.6875,33.96875,34.25,29.861143112182617,1413000
1998-05-05,34.25,34.25,33.5,33.625,29.316225051879883,484200
1998-05-06,33.375,33.46875,32.84375,32.875,28.662328720092773,979800
1998-05-07,32.875,33.09375,32.53125,32.65625,28.471616744995117,818400
1998-05-08,32.65625,33.21875,32.65625,33.09375,28.853057861328125,944800
1998-05-11,33.125,33.6875,33.0625,33.25,28.98928451538086,757800
1998-05-12,33.25,33.25,32.5625,32.78125,28.58058738708496,799400
1998-05-13,32.75,32.96875,32.53125,32.8125,28.60784912109375,601600
1998-05-14,32.75,33.0,32.5625,32.78125,28.58058738708496,1379800
1998-05-15,32.65625,32.75,32.09375,32.21875,28.090177536010742,1452200
1998-05-18,31.875,31.96875,31.4375,31.5,27.463533401489258,821400
1998-05-19,31.46875,31.46875,30.5,30.625,26.700653076171875,2311800
1998-05-20,31.0,32.3125,30.96875,32.1875,28.062931060791016,2457000
1998-05-21,32.3125,32.78125,32.09375,32.65625,28.471616744995117,1472200
1998-05-22,33.15625,33.15625,32.59375,32.9375,28.71683120727539,1093600
1998-05-26,33.5,33.6875,32.53125,32.53125,28.362628936767578,1312000
1998-05-27,32.375,32.5,31.8125,32.40625,28.253652572631836,993200
1998-05-28,32.34375,32.5,32.0625,32.40625,28.253652572631836,729600
1998-05-29,32.46875,32.5,32.0625,32.0625,27.953937530517578,994400
1998-06-01,32.09375,32.09375,31.875,32.03125,27.92670249938965,1297000
1998-06-02,32.15625,32.375,31.15625,31.3125,27.300045013427734,1399200
1998-06-03,31.5625,31.9375,31.3125,31.375,27.354543685913086,769400
1998-06-04,31.3125,31.3125,30.6875,31.3125,27.300045013427734,1112200
1998-06-05,31.28125,32.0625,31.25,32.0,27.89946746826172,699800
1998-06-08,32.0,32.03125,31.5,31.5625,27.518014907836914,650200
1998-06-09,31.6875,32.09375,31.625,32.0,27.89946746826172,1160800
1998-06-10,31.875,31.875,30.90625,31.0625,27.08208656311035,1794000
1998-06-11,31.125,31.3125,30.5,30.5,26.591665267944336,1484000
1998-06-12,30.59375,30.9375,29.78125,30.75,26.80963897705078,958200
1998-06-15,30.375,30.5625,29.75,29.78125,25.965023040771484,1519800
1998-06-16,29.9375,30.3125,29.625,29.96875,26.128498077392578,1133400
1998-06-17,30.375,31.1875,30.375,30.8125,26.864126205444336,896800
1998-06-18,30.75,31.5,30.4375,31.09375,27.10934066772461,623600
1998-06-19,31.5,31.5,31.0,31.34375,27.327301025390625,913000
1998-06-22,31.0,31.5,30.71875,30.90625,26.945859909057617,833000
1998-06-23,30.75,31.125,30.53125,30.90625,26.945859909057617,660600
1998-06-24,30.90625,31.5,30.6875,31.5,27.463533401489258,1022000
1998-06-25,31.5,31.5,30.875,30.9375,26.97311019897461,1227400
1998-06-26,30.96875,31.15625,30.5,31.03125,27.054853439331055,1791000
1998-06-29,31.03125,31.4375,31.0,31.1875,27.191062927246094,505000
1998-06-30,31.1875,31.375,30.71875,31.375,27.354543685913086,822000
1998-07-01,31.46875,31.5625,31.0,31.46875,27.436279296875,935000
1998-07-02,30.96875,31.5,30.6875,31.40625,27.381792068481445,914400
1998-07-06,31.4375,31.4375,30.375,30.5625,26.646154403686523,1975800
1998-07-07,30.65625,31.1875,30.65625,31.0,27.02760124206543,1013600
1998-07-08,31.0,31.0,30.375,30.5625,26.646154403686523,849000
1998-07-09,31.75,33.25,31.375,33.03125,28.79855728149414,3383600
1998-07-10,33.0,33.375,32.5625,33.28125,29.016515731811523,1673600
1998-07-13,33.28125,33.28125,32.375,32.375,28.22640037536621,1345000
1998-07-14,32.75,33.34375,32.625,33.09375,28.853057861328125,1608800
1998-07-15,33.09375,33.125,32.53125,32.78125,28.58058738708496,982400
1998-07-16,32.78125,33.84375,32.625,33.75,29.42521095275879,1197000
1998-07-17,33.875,33.90625,32.90625,33.0625,28.8258113861084,756400
1998-07-20,32.96875,33.625,32.8125,33.0,28.771320343017578,495200
1998-07-21,33.5,33.5,32.53125,32.65625,28.471616744995117,622400
1998-07-22,32.6875,33.21875,32.6875,32.96875,28.744077682495117,631800
1998-07-23,33.28125,33.4375,32.3125,32.5,28.335390090942383,559000
1998-07-24,32.75,32.75,31.75,32.0625,27.953937530517578,685400
1998-07-27,32.09375,32.09375,31.40625,31.59375,27.545265197753906,615800
1998-07-28,31.5,31.5,30.5,30.625,26.700653076171875,1353600
1998-07-29,30.75,31.375,30.71875,30.875,26.918617248535156,952200
1998-07-30,30.90625,31.25,30.375,30.4375,26.537185668945312,868200
1998-07-31,30.75,30.90625,30.25,30.34375,26.4554443359375,984600
1998-08-03,30.28125,30.5,29.9375,30.15625,26.29196548461914,1217400
1998-08-04,30.40625,30.90625,29.9375,29.9375,26.10125160217285,1081800
1998-08-05,29.9375,30.625,29.9375,30.625,26.700653076171875,916400
1998-08-06,30.5,31.0625,30.5,30.6875,26.75513458251953,767400
1998-08-07,30.5625,30.5625,28.90625,29.25,25.50183868408203,1559200
1998-08-10,29.0,29.0,27.5,27.75,24.194063186645508,2310800
1998-08-11,27.8125,27.8125,27.1875,27.75,24.194063186645508,2279400
1998-08-12,27.875,28.65625,27.875,28.15625,24.548254013061523,1256200
1998-08-13,28.03125,28.3125,27.4375,27.46875,23.948848724365234,606400
1998-08-14,27.59375,27.65625,27.09375,27.15625,23.676395416259766,656600
1998-08-17,27.28125,27.4375,26.875,27.0,23.540170669555664,602400
1998-08-18,27.1875,27.21875,26.78125,26.875,23.431188583374023,1909600
1998-08-19,26.875,26.90625,25.3125,25.5,22.232383728027344,2440800
1998-08-20,25.5,26.21875,25.125,25.65625,22.368600845336914,4432600
1998-08-21,25.625,26.125,25.25,26.0,22.66831398010254,1018000
1998-08-24,25.875,26.09375,25.03125,25.96875,22.64106559753418,1170600
1998-08-25,26.0,26.625,25.96875,26.09375,22.750059127807617,1240000
1998-08-26,25.9375,26.3125,25.5,25.5,22.232383728027344,1871800
1998-08-27,25.3125,26.09375,24.9375,25.65625,22.368600845336914,2453000
1998-08-28,25.65625,26.1875,25.625,25.875,22.559326171875,1742000
1998-08-31,25.875,26.03125,24.34375,25.03125,21.823692321777344,1440800
1998-09-01,25.03125,25.6875,24.6875,24.875,21.687461853027344,969000
1998-09-02,25.1875,25.75,24.75,25.34375,22.096153259277344,668200
1998-09-03,25.28125,25.34375,24.3125,24.78125,21.605728149414062,1000800
1998-09-04,24.84375,25.0,24.40625,24.8125,21.632978439331055,873200
1998-09-08,25.875,26.25,25.65625,25.84375,22.532087326049805,877400
1998-09-09,25.75,25.8125,24.875,24.875,21.687461853027344,1508400
1998-09-10,24.875,24.875,24.0,24.1875,21.08806800842285,1269400
1998-09-11,24.125,24.21875,23.5625,23.96875,20.897356033325195,916400
1998-09-14,24.15625,24.75,24.0625,24.75,21.578481674194336,1519400
1998-09-15,24.625,24.96875,24.40625,24.96875,21.769203186035156,974400
1998-09-16,25.03125,25.375,24.9375,25.375,22.12339210510254,799400
1998-09-17,25.0,25.0625,23.96875,24.25,21.142562866210938,1348000
1998-09-18,24.1875,24.21875,23.625,23.875,20.81560707092285,1870600
1998-09-21,23.5,23.5,22.6875,23.25,20.270700454711914,1326400
1998-09-22,23.375,23.6875,23.28125,23.5,20.488664627075195,1511800
1998-09-23,23.75,25.0625,23.40625,25.0,21.79645347595215,1329600
1998-09-24,25.6875,26.375,25.03125,25.6875,22.395862579345703,2044800
1998-09-25,25.625,25.625,24.5,25.34375,22.096153259277344,1399400
1998-09-28,25.53125,25.90625,24.46875,24.5625,21.415006637573242,1031200
1998-09-29,24.5625,24.59375,23.53125,23.625,20.597637176513672,968600
1998-09-30,23.5,23.5,22.0,22.40625,19.53506851196289,1204200
1998-10-01,22.5,22.5,21.8125,22.1875,19.34435272216797,1144800
1998-10-02,22.40625,22.84375,22.21875,22.53125,19.644044876098633,811400
1998-10-05,22.53125,22.71875,22.125,22.46875,19.589563369750977,633200
1998-10-06,22.59375,23.5,22.59375,23.4375,20.434173583984375,839600
1998-10-07,23.4375,23.5625,23.25,23.40625,20.406925201416016,1016800
1998-10-08,23.03125,23.03125,21.90625,22.8125,19.88925552368164,1239600
1998-10-09,22.9375,23.21875,21.875,23.1875,20.216211318969727,1428600
1998-10-12,23.5625,24.0,23.40625,23.59375,20.570402145385742,494800
1998-10-13,23.78125,23.9375,23.65625,23.875,20.81560707092285,531000
1998-10-14,23.96875,24.9375,23.9375,24.6875,21.523998260498047,733600
1998-10-15,24.5625,26.125,24.28125,26.03125,22.6955509185791,904200
1998-10-16,26.5,27.875,26.5,27.625,24.08507537841797,1891200
1998-10-19,27.75,27.8125,26.71875,26.875,23.431188583374023,1541400
1998-10-20,27.25,27.71875,27.03125,27.25,23.758134841918945,1186800
1998-10-21,27.5,27.5,26.6875,26.78125,23.34944725036621,708400
1998-10-22,26.65625,27.0625,26.53125,27.0,23.540170669555664,528800
1998-10-23,27.125,27.125,25.71875,25.75,22.45034408569336,788000
1998-10-26,25.53125,25.53125,24.15625,24.15625,21.060819625854492,1084400
1998-10-27,24.375,24.65625,24.0625,24.4375,21.306032180786133,2176400
1998-10-28,24.625,24.78125,24.3125,24.5,21.36052131652832,1252600
1998-10-29,24.8125,26.09375,24.78125,25.40625,22.150636672973633,1092200
1998-10-30,25.5,26.625,25.5,26.28125,22.91351318359375,912400
1998-11-02,26.40625,26.96875,26.125,26.90625,23.458433151245117,1178000
1998-11-03,26.8125,27.4375,26.75,27.375,23.86711883544922,2759000
1998-11-04,27.5625,27.8125,26.90625,27.125,23.64915657043457,3118000
1998-11-05,26.8125,27.125,25.8125,26.625,23.213224411010742,1522800
1998-11-06,27.125,27.4375,26.90625,27.21875,23.730884552001953,1070400
1998-11-09,27.34375,27.46875,27.21875,27.34375,23.839872360229492,924200
1998-11-10,27.3125,27.375,26.34375,26.71875,23.294952392578125,1179200
1998-11-11,26.71875,27.25,26.59375,26.78125,23.34944725036621,774600
1998-11-12,27.0,27.0,25.875,26.4375,23.04974365234375,1265200
1998-11-13,26.65625,27.03125,26.59375,27.0,23.540170669555664,867000
1998-11-16,27.0,27.625,27.0,27.625,24.08507537841797,1057000
1998-11-17,27.5,27.59375,26.96875,27.4375,23.921606063842773,775800
1998-11-18,27.6875,29.5625,27.53125,29.53125,25.74706268310547,2093600
1998-11-19,29.46875,29.71875,28.78125,29.40625,25.63808250427246,1537000
1998-11-20,30.75,30.75,29.6875,30.34375,26.4554443359375,3198800
1998-11-23,30.84375,31.875,30.78125,31.5625,27.518014907836914,1472200
1998-11-24,32.6875,33.71875,32.65625,32.84375,28.635089874267578,3072800
1998-11-25,32.75,32.75,31.75,31.875,27.79047393798828,1524000
1998-11-27,31.875,32.15625,31.75,31.90625,27.81772804260254,721600
1998-11-30,32.0625,32.75,32.03125,32.4375,28.280895233154297,2171000
1998-12-01,32.3125,33.1875,32.28125,33.1875,28.93478775024414,3072800
1998-12-02,33.3125,33.625,32.75,33.375,29.0982723236084,2107400
1998-12-03,33.40625,33.6875,33.28125,33.4375,29.15274429321289,3046000
1998-12-04,33.5,33.8125,33.46875,33.625,29.316225051879883,2263400
1998-12-07,38.75,39.75,36.0,36.0,31.38689613342285,18363000
1998-12-08,36.6875,37.5625,36.3125,36.53125,31.850069046020508,9087000
1998-12-09,36.625,36.9375,36.5,36.875,32.149776458740234,2572000
1998-12-10,36.75,37.375,36.1875,36.25,31.6048583984375,2282600
1998-12-11,36.0625,36.40625,35.28125,35.90625,31.305158615112305,2511000
1998-12-14,35.90625,36.28125,34.75,35.125,30.624013900756836,1928200
1998-12-15,35.25,35.5625,35.03125,35.46875,30.923725128173828,2223800
1998-12-16,35.5625,36.25,35.53125,36.0,31.38689613342285,2657200
1998-12-17,36.9375,38.8125,36.8125,38.15625,33.266845703125,6941600
1998-12-18,38.65625,41.46875,38.625,41.1875,35.90965270996094,8115600
1998-12-21,41.5625,42.6875,41.53125,42.25,36.836002349853516,4557200
1998-12-22,42.96875,45.71875,42.125,45.34375,39.53330612182617,5505400
1998-12-23,45.96875,46.5625,43.75,44.875,39.12461471557617,4679000
1998-12-24,45.0,45.03125,44.28125,44.34375,38.66144561767578,917600
1998-12-28,44.375,45.9375,44.125,44.75,39.01565170288086,2581800
1998-12-29,45.0,45.5,43.75,44.25,38.579708099365234,2199200
1998-12-30,44.5625,45.4375,43.90625,44.59375,38.87940979003906,2103800
1998-12-31,44.6875,45.59375,44.5,44.59375,38.87940979003906,1619400
1999-01-04,44.5,45.03125,43.0,43.3125,37.7623291015625,3636800
1999-01-05,43.28125,43.59375,42.5,42.78125,37.299163818359375,2848400
1999-01-06,43.5,44.71875,43.40625,44.4375,38.743194580078125,2928400
1999-01-07,44.25,44.28125,43.03125,43.65625,38.06204605102539,2220200
1999-01-08,44.0,44.34375,43.71875,43.96875,38.33451461791992,2035600
1999-01-11,44.1875,44.21875,43.0625,43.5625,37.980323791503906,1692000
1999-01-12,42.8125,42.84375,41.875,42.65625,37.19019317626953,2800400
1999-01-13,41.65625,42.40625,40.75,41.78125,36.42731857299805,2122200
1999-01-14,41.90625,42.09375,38.5,39.15625,34.13867950439453,4242000
1999-01-15,40.0,40.34375,38.625,39.53125,34.46565628051758,3575200
1999-01-19,39.96875,40.4375,39.59375,39.90625,34.79258728027344,2169800
1999-01-20,40.0625,40.34375,38.3125,38.84375,33.8662223815918,2865800
1999-01-21,39.125,39.25,38.65625,38.71875,33.757259368896484,2416200
1999-01-22,38.28125,38.8125,37.9375,38.125,33.23957443237305,1594000
1999-01-25,38.125,40.3125,37.9375,39.90625,34.79258728027344,3107800
1999-01-26,40.75,42.0,40.65625,41.5,36.18210220336914,2792200
1999-01-27,41.6875,42.375,40.28125,41.0,35.746177673339844,2549200
1999-01-28,40.9375,41.3125,40.34375,40.9375,35.69168472290039,1510400
1999-01-29,40.875,41.25,40.5,40.71875,35.5009765625,1521600
1999-02-01,41.0625,42.71875,40.9375,42.5625,37.10845947265625,2860400
1999-02-02,42.96875,42.96875,41.78125,42.0625,36.67253494262695,1670200
1999-02-03,41.65625,41.875,41.34375,41.5,36.18210220336914,1221800
1999-02-04,41.625,41.71875,40.78125,40.96875,35.718929290771484,1360600
1999-02-05,41.0625,41.65625,41.0625,41.28125,35.99138641357422,1837000
1999-02-08,41.15625,41.9375,41.125,41.65625,36.318336486816406,2107000
1999-02-09,41.65625,41.9375,41.09375,41.53125,36.209354400634766,2095000
1999-02-10,41.4375,41.4375,39.75,39.9375,34.81983184814453,2215600
1999-02-11,40.4375,43.5,40.375,43.1875,37.65336990356445,2813200
1999-02-12,42.5625,43.0,40.84375,41.375,36.073097229003906,2677600
1999-02-16,41.3125,41.78125,40.59375,41.75,36.40007781982422,2649600
1999-02-17,41.75,43.0,41.75,42.6875,37.217445373535156,2824000
1999-02-18,42.6875,42.90625,41.65625,42.0,36.6180305480957,1664200
1999-02-19,42.0,43.40625,42.0,43.0625,37.544403076171875,1463000
1999-02-22,43.0625,45.4375,43.03125,45.0625,39.288089752197266,2584000
1999-02-23,45.4375,45.4375,44.25,44.9375,39.17912673950195,2292000
1999-02-24,46.25,49.0,46.25,46.71875,40.73213577270508,4422800
1999-02-25,46.75,47.46875,45.875,47.125,41.0863151550293,2877000
1999-02-26,47.1875,47.96875,46.375,47.625,41.522239685058594,1609600
1999-03-01,47.53125,48.375,46.75,46.90625,40.895591735839844,1935200
1999-03-02,46.90625,46.90625,45.9375,46.34375,40.4051628112793,2047000
1999-03-03,46.5625,46.625,45.71875,45.875,39.996498107910156,1347600
1999-03-04,46.125,46.75,45.875,46.34375,40.4051628112793,1015600
1999-03-05,46.90625,48.0,46.84375,47.84375,41.712955474853516,1765000
1999-03-08,47.9375,48.375,47.59375,47.59375,41.49498748779297,1172000
1999-03-09,47.6875,48.5,46.6875,46.75,40.759342193603516,2801400
1999-03-10,46.8125,47.9375,46.59375,47.125,41.0863151550293,1298600
1999-03-11,47.8125,47.8125,45.875,47.375,41.30427169799805,1975200
1999-03-12,47.0625,47.0625,44.5625,45.84375,39.96923828125,2730400
1999-03-15,45.84375,47.09375,45.84375,47.09375,41.05905532836914,1425800
1999-03-16,47.0,47.96875,47.0,47.375,41.30427169799805,1275600
1999-03-17,47.375,47.75,45.9375,46.46875,40.51416778564453,1203600
1999-03-18,48.125,50.34375,47.125,49.0625,42.775535583496094,6469400
1999-03-19,50.0,50.1875,48.0,48.0,41.84917449951172,3607200
1999-03-22,48.1875,48.875,48.0,48.09375,41.93092346191406,1564200
1999-03-23,48.03125,48.0625,46.0,46.78125,40.78660202026367,2340000
1999-03-24,46.75,47.0625,45.53125,46.78125,40.78660202026367,1533800
1999-03-25,47.46875,47.84375,47.25,47.46875,41.38602066040039,1249400
1999-03-26,47.375,47.625,46.53125,47.34375,41.27703094482422,1006800
1999-03-29,47.78125,48.375,47.78125,48.125,41.95818328857422,1179200
1999-03-30,48.0625,49.40625,47.8125,48.75,42.503082275390625,1821800
1999-03-31,48.3125,48.34375,46.3125,46.5,40.54140090942383,1865000
1999-04-01,47.75,48.0625,47.125,48.0625,41.903682708740234,1619600
1999-04-05,48.1875,48.84375,47.78125,48.5625,42.339603424072266,1482200
1999-04-06,48.6875,50.21875,48.59375,49.71875,43.34769058227539,2293400
1999-04-07,50.15625,51.75,49.875,51.375,44.791725158691406,4376200
1999-04-08,51.9375,52.375,50.71875,52.3125,45.60906982421875,3815600
1999-04-09,52.28125,52.4375,51.1875,51.6875,45.06417465209961,1581600
1999-04-12,51.6875,53.0,51.1875,52.84375,46.07225799560547,2369200
1999-04-13,53.1875,53.46875,52.1875,52.46875,45.745296478271484,1242200
1999-04-14,52.71875,53.125,52.125,52.84375,46.07225799560547,1791400
1999-04-15,52.78125,53.0,50.40625,51.1875,44.62821960449219,1809200
1999-04-16,51.15625,52.6875,51.03125,52.6875,45.935997009277344,2310800
1999-04-19,53.5625,54.46875,52.6875,52.75,45.99052810668945,3541400
1999-04-20,53.25,54.0625,51.6875,53.5625,46.69889450073242,2724000
1999-04-21,54.0,55.1875,53.8125,55.0,47.952178955078125,2186600
1999-04-22,56.0,59.46875,55.84375,59.25,51.657569885253906,3530800
1999-04-23,59.0,59.0,56.78125,57.53125,50.15908432006836,2022200
1999-04-26,57.5625,57.875,57.3125,57.3125,49.968345642089844,1651400
1999-04-27,57.0,57.375,56.5625,57.03125,49.723148345947266,2820000
1999-04-28,56.15625,56.1875,53.1875,53.71875,46.835121154785156,3731600
1999-04-29,54.0625,55.96875,54.0625,55.125,48.061195373535156,1401600
1999-04-30,55.75,57.59375,54.625,56.375,49.151004791259766,1838800
1999-05-03,56.46875,57.6875,56.375,57.4375,50.07734680175781,1406200
1999-05-04,57.5,57.65625,56.4375,56.4375,49.20550537109375,1051800
1999-05-05,56.4375,56.46875,54.03125,55.96875,48.79680252075195,1538000
1999-05-06,55.84375,56.4375,54.375,55.875,48.71507263183594,1607200
1999-05-07,55.0,56.4375,54.9375,55.625,48.49712371826172,1276000
1999-05-10,56.4375,58.75,56.125,58.75,51.22166442871094,2219500
1999-05-11,58.75,59.625,58.125,58.8125,51.27616500854492,1241200
1999-05-12,59.3125,60.125,58.625,59.4375,51.82106018066406,1611800
1999-05-13,60.125,61.875,59.875,61.75,53.83723449707031,1967600
1999-05-14,60.75,60.9375,59.3125,59.875,52.2025032043457,1204800
1999-05-17,59.625,60.3125,58.0,59.8125,52.14799880981445,1237300
1999-05-18,60.0,60.0,59.0,60.0,52.31147384643555,1010200
1999-05-19,60.5,60.875,59.0625,59.25,51.657569885253906,910400
1999-05-20,59.375,59.75,56.875,57.1875,49.859397888183594,1323600
1999-05-21,56.75,57.25,55.1875,55.25,48.17015075683594,1516600
1999-05-24,55.3125,56.5625,52.25,53.0,46.2084846496582,2086500
1999-05-25,53.875,55.9375,53.125,54.75,47.73423767089844,1782100
1999-05-26,55.0,55.6875,53.9375,55.3125,48.22462844848633,1214100
1999-05-27,55.3125,55.6875,53.25,53.9375,47.025848388671875,1371100
1999-05-28,53.9375,55.25,53.5625,54.8125,47.7887077331543,1085400
1999-06-01,55.1875,57.125,54.75,56.875,49.58692169189453,2098900
1999-06-02,56.8125,57.0,53.375,54.75,47.73423767089844,1536300
1999-06-03,54.125,54.1875,51.25,52.0,45.33662796020508,2220000
1999-06-04,52.25,52.9375,51.3125,52.25,45.55459213256836,1379600
1999-06-07,52.75,52.875,50.875,52.0,45.33662796020508,1227600
1999-06-08,52.0,52.6875,50.25,50.5625,44.08332061767578,852600
1999-06-09,50.875,51.8125,50.3125,50.6875,44.19230651855469,869100
1999-06-10,50.25,50.6875,49.875,50.125,43.70187759399414,990400
1999-06-11,50.0,51.5,48.875,50.4375,43.974342346191406,2683000
1999-06-14,51.5625,51.5625,49.125,49.3125,42.99350357055664,724400
1999-06-15,49.5,50.5625,48.875,50.1875,43.756378173828125,908200
1999-06-16,51.25,52.75,51.0,52.625,45.88153076171875,1166200
1999-06-17,52.8125,53.5625,51.4375,53.0,46.2084846496582,907800
1999-06-18,53.0,54.875,52.75,54.5625,47.57075119018555,1146100
1999-06-21,55.0625,56.625,54.875,56.125,48.93303680419922,1100000
1999-06-22,55.875,56.0625,54.625,54.6875,47.679744720458984,1051400
1999-06-23,54.1875,54.375,53.0625,54.125,47.18931579589844,825900
1999-06-24,54.125,54.1875,51.8125,52.4375,45.71806335449219,812700
1999-06-25,52.9375,53.5,52.0625,52.5,45.772552490234375,709100
1999-06-28,54.5,56.5,54.125,55.375,48.27914047241211,2094900
1999-06-29,55.1875,55.375,54.5,55.125,48.061195373535156,1594800
1999-06-30,54.125,54.875,52.375,54.25,47.29831314086914,3306600
1999-07-01,54.5,55.8125,53.3125,54.25,47.29831314086914,2053800
1999-07-02,54.625,55.375,54.4375,54.9375,47.89769744873047,1469100
1999-07-06,54.9375,55.125,53.4375,53.5625,46.69889450073242,1311100
1999-07-07,53.3125,53.375,50.625,50.875,44.35575866699219,2552400
1999-07-08,48.625,51.4375,48.5,50.0,43.5929069519043,3815800
1999-07-09,49.875,49.9375,48.375,48.5,42.285125732421875,2780500
1999-07-12,48.875,49.3125,48.6875,48.6875,42.44858169555664,1660600
1999-07-13,48.0,48.125,47.5,47.875,41.7402229309082,1557400
1999-07-14,48.0,49.625,48.0,49.125,42.830013275146484,1341800
1999-07-15,49.5,49.875,48.4375,48.4375,42.230628967285156,1135100
1999-07-16,48.5,48.5,46.875,47.4375,41.3587646484375,2081500
1999-07-19,47.5,48.0,47.0625,47.5625,41.467742919921875,1136400
1999-07-20,47.5625,48.3125,47.0625,47.5,41.41324996948242,1039600
1999-07-21,47.5,47.6875,46.1875,46.3125,40.37793731689453,1467000
1999-07-22,46.25,47.0,45.8125,46.25,40.323455810546875,1434100
1999-07-23,46.25,46.5,44.625,45.0,39.23361587524414,1588900
1999-07-26,44.25,45.3125,43.875,44.0,38.361751556396484,1926000
1999-07-27,44.25,45.125,44.0,44.75,39.01565170288086,2119200
1999-07-28,44.5625,47.6875,44.5625,47.1875,41.140804290771484,2287500
1999-07-29,46.1875,46.5,44.625,45.3125,39.50606155395508,1650200
1999-07-30,45.75,46.375,44.375,44.75,39.01565170288086,1433100
1999-08-02,45.5,45.5,44.3125,44.75,39.01565170288086,943100
1999-08-03,45.375,45.375,43.4375,43.8125,38.198265075683594,1522400
1999-08-04,43.6875,43.6875,41.25,41.75,36.40007781982422,1877800
1999-08-05,41.5625,43.5,41.5625,43.0625,37.544403076171875,1744500
1999-08-06,43.1875,43.8125,42.1875,42.4375,36.99949264526367,970100
1999-08-09,42.75,43.1875,42.0,42.3125,36.8904914855957,942100
1999-08-10,41.75,41.8125,38.5,40.125,34.983306884765625,2650400
1999-08-11,41.25,41.875,40.0,40.8125,35.58268737792969,1878500
1999-08-12,41.0,42.25,41.0,41.75,36.40007781982422,1410300
1999-08-13,42.125,43.4375,42.0,43.0,37.48988723754883,2277800
1999-08-16,43.375,43.9375,42.0625,42.75,37.27191925048828,1177500
1999-08-17,43.0,43.5,41.375,42.125,36.72701644897461,1494100
1999-08-18,42.125,42.125,41.0,41.3125,36.018619537353516,1492400
1999-08-19,40.0,40.875,39.75,40.375,35.20125961303711,1949300
1999-08-20,40.0,40.375,39.875,40.0,34.874305725097656,1753400
1999-08-23,40.0,41.625,40.0,41.5625,36.23660659790039,2704000
1999-08-24,41.375,42.6875,41.3125,41.9375,36.56353759765625,2269900
1999-08-25,43.75,45.25,43.0,45.25,39.451568603515625,3717700
1999-08-26,45.4375,45.4375,44.0,44.125,38.47074890136719,2065700
1999-08-27,44.25,45.0,43.0625,43.0625,37.544403076171875,1262200
1999-08-30,43.0625,43.5625,42.0,42.0,36.6180305480957,1066600
1999-08-31,42.125,42.9375,41.8125,42.4375,36.99949264526367,1385200
1999-09-01,42.5,44.375,42.4375,44.0625,38.416236877441406,1200300
1999-09-02,43.0,44.25,42.6875,44.125,38.47074890136719,2059300
1999-09-03,45.4375,45.8125,44.5,45.4375,39.61504364013672,1548000
1999-09-07,45.4375,45.5,44.25,45.0625,39.288089752197266,920500
1999-09-08,44.5,46.875,44.4375,46.6875,40.704856872558594,1705600
1999-09-09,46.6875,47.3125,45.5625,46.5625,40.59588623046875,1733200
1999-09-10,46.9375,47.25,45.8125,46.25,40.323455810546875,1091700
1999-09-13,46.875,46.875,44.875,45.5625,39.724029541015625,1519700
1999-09-14,45.5,45.5,44.75,44.9375,39.17912673950195,1019300
1999-09-15,45.375,45.4375,43.625,43.6875,38.08930587768555,1670400
1999-09-16,39.3125,39.3125,37.4375,38.25,33.348567962646484,10235500
1999-09-17,38.125,38.8125,38.0625,38.5625,33.62102508544922,3614400
1999-09-20,38.75,39.0,38.125,38.125,33.23957443237305,1681600
1999-09-21,38.875,38.9375,37.625,38.0,33.13059616088867,1718300
1999-09-22,37.875,37.875,35.625,36.375,31.71384048461914,3049000
1999-09-23,36.75,37.4375,35.125,35.25,30.733007431030273,3015500
1999-09-24,35.25,35.5,34.875,35.1875,30.678495407104492,1865800
1999-09-27,36.5,36.5625,35.3125,35.5,30.950956344604492,2126000
1999-09-28,35.5625,36.625,35.5,36.375,31.71384048461914,1953300
1999-09-29,36.75,38.0,36.6875,38.0,33.13059616088867,3426800
1999-09-30,38.375,39.1875,38.0,38.875,33.893489837646484,2307000
1999-10-01,38.875,39.25,38.125,38.125,33.23957443237305,1741700
1999-10-04,38.875,40.625,38.875,40.375,35.20125961303711,3040800
1999-10-05,40.5625,41.1875,40.0,41.0,35.746177673339844,3125600
1999-10-06,41.6875,42.1875,41.4375,41.625,36.29108810424805,2559100
1999-10-07,42.625,43.3125,42.25,42.9375,37.43539810180664,3253400
1999-10-08,43.625,43.625,42.3125,42.3125,36.8904914855957,2486300
1999-10-11,42.3125,43.4375,42.125,42.75,37.27191925048828,1722800
1999-10-12,42.8125,43.1875,42.25,42.25,36.836002349853516,1966300
1999-10-13,42.3125,42.3125,40.0,40.375,35.20125961303711,1820700
1999-10-14,40.1875,40.5625,39.0625,40.375,35.20125961303711,1403600
1999-10-15,39.9375,40.625,38.875,39.875,34.765350341796875,1740200
1999-10-18,40.0625,40.1875,39.1875,40.0625,34.92880630493164,1029700
1999-10-19,40.625,40.6875,39.4375,39.5,34.43840408325195,1060900
1999-10-20,39.3125,39.5625,38.8125,39.25,34.22042465209961,1503600
1999-10-21,38.5,39.0,37.8125,39.0,34.002471923828125,1463200
1999-10-22,39.0,40.375,38.25,40.0,34.874305725097656,1668000
1999-10-25,39.3125,39.875,38.8125,39.5,34.43840408325195,884200
1999-10-26,39.0625,39.1875,38.5,38.9375,33.94798278808594,1564300
1999-10-27,39.375,41.4375,39.3125,41.25,35.96414566040039,1984800
1999-10-28,41.875,42.9375,41.3125,42.9375,37.43539810180664,1589700
1999-10-29,43.5,44.9375,43.0625,43.0625,37.544403076171875,1942500
1999-11-01,42.75,42.75,40.875,41.5,36.18210220336914,1403500
1999-11-02,41.5,42.5,40.75,41.9375,36.56353759765625,1433000
1999-11-03,42.0,42.25,41.0,41.4375,36.12762451171875,1178000
1999-11-04,41.4375,41.4375,40.1875,40.75,35.52820587158203,1501200
1999-11-05,41.0625,42.4375,41.0,41.875,36.50906753540039,2124500
1999-11-08,41.875,44.375,41.5625,44.3125,38.63420867919922,2718800
1999-11-09,45.75,45.9375,42.9375,44.0,38.361751556396484,2905600
1999-11-10,44.25,45.8125,42.1875,43.25,37.707862854003906,4589100
1999-11-11,43.25,45.1875,43.25,44.75,39.01565170288086,2241500
1999-11-12,46.5,46.5,45.25,45.5625,39.724029541015625,1945000
1999-11-15,45.75,46.25,44.375,44.625,38.906654357910156,1601300
1999-11-16,44.9375,45.1875,44.125,44.4375,38.743194580078125,1261400
1999-11-17,44.625,44.6875,42.875,43.0625,37.544403076171875,1650300
1999-11-18,43.25,43.5,42.6875,43.375,37.81685256958008,1200600
1999-11-19,43.4375,43.4375,42.0625,42.1875,36.78150939941406,1322900
1999-11-22,41.6875,41.75,40.75,40.9375,35.69168472290039,1876600
1999-11-23,40.875,42.125,40.5,41.6875,36.3455810546875,1872100
1999-11-24,40.5625,41.4375,40.5,40.9375,35.69168472290039,1807700
1999-11-26,40.9375,41.3125,40.75,41.25,35.96414566040039,786300
1999-11-29,41.6875,43.3125,41.5625,42.875,37.38091278076172,2739100
1999-11-30,43.125,43.5,42.0625,42.1875,36.78150939941406,1506400
1999-12-01,41.9375,42.4375,41.375,41.734375,36.38645553588867,1317300
1999-12-02,41.75,42.0,40.75,40.875,35.63720703125,1634600
1999-12-03,41.625,42.0,41.4375,41.9375,36.56353759765625,1697200
1999-12-06,42.1875,42.1875,40.75,40.9375,35.69168472290039,1500000
1999-12-07,40.625,41.0,39.9375,40.75,35.52820587158203,1671800
1999-12-08,41.5,42.0625,40.6875,40.6875,35.47371292114258,1413400
1999-12-09,40.4375,40.5,39.5625,40.0,34.874305725097656,1265600
1999-12-10,40.0625,40.625,39.375,39.75,34.65636444091797,1888700
1999-12-13,39.6875,39.6875,38.8125,39.0,34.002471923828125,1825700
1999-12-14,38.5,38.875,38.25,38.625,33.67552947998047,1448300
1999-12-15,38.0625,39.75,38.0,38.84375,33.8662223815918,2051600
1999-12-16,39.875,42.9375,39.625,42.875,37.38091278076172,4120000
1999-12-17,42.75,42.75,40.0,40.0,34.874305725097656,3311100
1999-12-20,40.0625,41.25,39.0,40.3125,35.14678192138672,1642500
1999-12-21,39.0,40.25,39.0,39.9375,34.81983184814453,1525000
1999-12-22,40.0,40.1875,38.9375,39.75,34.65636444091797,1215100
1999-12-23,40.0625,40.3125,39.6875,40.0,34.874305725097656,1031600
1999-12-27,40.9375,42.5625,40.625,42.0,36.6180305480957,1839300
1999-12-28,41.5,42.375,40.875,42.375,36.94498825073242,1364300
1999-12-29,41.4375,42.9375,41.4375,42.25,36.836002349853516,1103800
1999-12-30,42.0625,42.625,41.3125,41.5,36.18210220336914,845600
1999-12-31,41.5,41.875,40.5,40.9375,35.69168472290039,788900
2000-01-03,42.375,43.625,41.0,42.9375,37.43539810180664,1734000
2000-01-04,42.5,43.1875,41.0,41.5,36.18210220336914,1571900
2000-01-05,41.875,43.25,41.375,42.4375,36.99949264526367,2239400
2000-01-06,42.5,47.3125,42.4375,47.25,41.195274353027344,4630500
2000-01-07,47.25,47.5,44.25,47.5,41.41324996948242,3532800
2000-01-10,47.4375,47.4375,45.75,46.5,40.54140090942383,1437300
2000-01-11,45.9375,46.5625,45.5,45.625,39.77851104736328,1055100
2000-01-12,44.875,45.4375,44.125,45.25,39.451568603515625,1050900
2000-01-13,46.625,47.875,45.75,47.0,40.97732925415039,1900200
2000-01-14,47.1875,47.9375,45.6875,46.5625,40.59588623046875,1291100
2000-01-18,46.0,46.375,43.125,44.1875,38.52524185180664,2412200
2000-01-19,43.9375,45.875,43.8125,44.25,38.579708099365234,1876500
2000-01-20,42.875,43.625,41.8125,42.5,37.05397033691406,2111300
2000-01-21,42.3125,42.3125,41.0,41.75,36.40007781982422,2363300
2000-01-24,41.6875,41.75,40.25,41.0,35.746177673339844,1742000
2000-01-25,40.875,41.3125,40.25,40.25,35.09229278564453,1686500
2000-01-26,40.3125,42.625,40.0625,42.375,36.94498825073242,2031900
2000-01-27,41.375,42.3125,40.125,40.75,35.52820587158203,1519900
2000-01-28,40.0625,40.25,38.25,38.6875,33.73000717163086,1970600
2000-01-31,38.4375,39.5625,38.0625,39.5625,34.492897033691406,1489600
2000-02-01,39.0625,39.4375,37.9375,38.9375,33.94798278808594,1677800
2000-02-02,39.0,39.125,38.0,38.5625,33.62102508544922,1539000
2000-02-03,38.9375,40.1875,38.25,39.5,34.43840408325195,1491500
2000-02-04,39.625,40.1875,38.9375,39.1875,34.16593933105469,911100
2000-02-07,39.25,39.9375,38.75,39.1875,34.16593933105469,1038600
2000-02-08,39.1875,39.9375,39.1875,39.6875,34.60187530517578,1054400
2000-02-09,39.0,39.5,38.625,39.0625,34.056968688964844,1242900
2000-02-10,38.875,39.0,37.625,38.6875,33.73000717163086,1463200
2000-02-11,38.6875,38.6875,36.9375,37.125,32.367733001708984,1496000
2000-02-14,36.5625,37.8125,36.0,36.3125,31.659332275390625,1834400
2000-02-15,36.5,36.5625,35.0625,35.9375,31.332395553588867,2040700
2000-02-16,36.0,37.5625,35.375,36.4375,31.768325805664062,1787800
2000-02-17,36.0625,37.375,35.375,35.625,31.059947967529297,1452200
2000-02-18,36.3125,37.4375,35.375,36.8125,32.09528732299805,1602000
2000-02-22,35.6875,37.0,35.6875,36.0,31.38689613342285,1669000
2000-02-23,36.0625,36.1875,35.125,35.375,30.84198760986328,945600
2000-02-24,35.125,35.75,34.0,34.125,29.75216293334961,1451700
2000-02-25,34.75,34.9375,33.25,33.5625,29.261716842651367,1386500
2000-02-28,33.3125,35.1875,33.1875,34.75,30.29705810546875,1390700
2000-02-29,34.5,35.4375,34.1875,34.9375,30.460538864135742,2101100
2000-03-01,35.375,35.6875,34.1875,34.4375,30.02460479736328,1121500
2000-03-02,34.25,34.25,33.375,33.875,29.534198760986328,1307900
2000-03-03,34.125,35.6875,33.75,34.75,30.29705810546875,1691000
2000-03-06,34.0625,34.5625,32.25,32.75,28.553348541259766,1336900
2000-03-07,32.5,33.125,30.5625,31.0625,27.08208656311035,2191400
2000-03-08,32.5,34.25,31.8125,33.0625,28.8258113861084,1946000
2000-03-09,33.3125,34.25,32.375,33.375,29.0982723236084,1306300
2000-03-10,33.375,33.875,32.6875,33.5625,29.261716842651367,1155700
2000-03-13,33.0,33.6875,32.6875,32.8125,28.60784912109375,1148000
2000-03-14,33.0,33.375,32.0,32.5,28.335390090942383,767900
2000-03-15,32.0625,34.6875,32.0625,33.8125,29.479705810546875,1697700
2000-03-16,34.625,35.9375,34.1875,35.5,30.950956344604492,2261200
2000-03-17,35.3125,36.0,34.1875,34.1875,29.806644439697266,2056400
2000-03-20,35.625,36.25,35.125,35.4375,30.896467208862305,1455600
2000-03-21,35.0625,37.4375,35.0625,36.625,31.931806564331055,2092000
2000-03-22,37.125,38.5,36.6875,37.25,32.476707458496094,2207400
2000-03-23,38.375,40.25,37.5,39.75,34.65636444091797,4524200
2000-03-24,40.125,40.8125,39.25,39.625,34.54737091064453,1836100
2000-03-27,39.625,39.75,38.5,38.78125,33.81174850463867,991100
2000-03-28,38.25,39.8125,38.0625,38.375,33.45756530761719,1256600
2000-03-29,39.0,39.4375,37.5625,38.0625,33.18509292602539,1411800
2000-03-30,37.8125,39.1875,37.75,38.625,33.67552947998047,1530400
2000-03-31,39.5,39.5,38.5625,38.8125,33.838985443115234,1351400
2000-04-03,39.0,39.625,38.6875,39.1875,34.16593933105469,1009500
2000-04-04,39.1875,39.9375,36.5625,38.5,33.56654357910156,1714700
2000-04-05,37.8125,39.6875,37.8125,39.375,34.32942581176758,1198400
2000-04-06,39.5,39.8125,38.25,38.9375,33.94798278808594,1193500
2000-04-07,38.75,39.6875,37.4375,38.1875,33.294090270996094,1600000
2000-04-10,38.9375,41.4375,38.75,40.5,35.310245513916016,3331200
2000-04-11,40.9375,41.625,40.5,41.125,35.85516357421875,1422500
2000-04-12,41.625,42.4375,41.1875,41.5625,36.23660659790039,2123200
2000-04-13,41.0,41.1875,39.875,40.25,35.09229278564453,1481800
2000-04-14,39.25,39.3125,37.125,37.25,32.476707458496094,1988600
2000-04-17,37.5,38.0,36.25,36.25,31.6048583984375,1535100
2000-04-18,36.375,37.75,36.3125,37.5,32.694671630859375,1178500
2000-04-19,38.0,38.5,37.4375,38.1875,33.294090270996094,884300
2000-04-20,38.0625,39.125,37.5,38.0625,33.18509292602539,817400
2000-04-24,38.25,38.3125,36.875,37.25,32.476707458496094,801800
2000-04-25,37.4375,39.6875,37.0625,39.6875,34.60187530517578,1330200
2000-04-26,39.125,39.5,38.375,38.375,33.45756530761719,1109100
2000-04-27,38.625,38.625,36.9375,37.875,33.0216178894043,1322100
2000-04-28,38.0,38.1875,37.5,37.6875,32.85812759399414,977100
2000-05-01,37.4375,37.625,36.875,37.125,32.367733001708984,975300
2000-05-02,37.625,37.6875,36.5625,36.9375,32.20426559448242,1324700
2000-05-03,36.1875,36.6875,35.75,36.0,31.38689613342285,878800
2000-05-04,35.625,37.75,35.5625,37.0625,32.313228607177734,1724600
2000-05-05,36.8125,39.5625,36.8125,39.5625,34.492897033691406,1689600
2000-05-08,40.0,41.25,39.5,40.125,34.983306884765625,1870500
2000-05-09,40.125,40.8125,39.375,39.8125,34.710853576660156,1347000
2000-05-10,39.5,39.75,37.8125,38.5,33.56654357910156,1256000
2000-05-11,39.25,40.0625,38.5,39.5,34.43840408325195,1472000
2000-05-12,40.25,40.4375,38.5625,38.875,33.893489837646484,741600
2000-05-15,37.125,37.6875,36.1875,36.4375,31.768325805664062,2548500
2000-05-16,37.5,37.6875,36.3125,36.5,31.822816848754883,1806300
2000-05-17,36.25,36.8125,35.6875,36.0625,31.441387176513672,1334200
2000-05-18,36.125,37.0625,35.625,36.8125,32.09528732299805,1051600
2000-05-19,35.875,36.3125,35.8125,36.25,31.6048583984375,866900
2000-05-22,35.875,36.5625,35.5,36.25,31.6048583984375,910500
2000-05-23,36.375,36.5,35.75,36.0,31.38689613342285,545900
2000-05-24,36.0625,36.6875,35.875,36.125,31.495864868164062,692800
2000-05-25,36.0625,36.1875,35.125,35.1875,30.678495407104492,968200
2000-05-26,35.0625,35.25,33.25,33.8125,29.479705810546875,1146600
2000-05-30,34.5,35.75,34.5,35.5,30.950956344604492,1081200
2000-05-31,35.4375,35.9375,35.1875,35.5,30.950956344604492,1135000
2000-06-01,35.5,36.75,35.25,35.6875,31.11443519592285,1443700
2000-06-02,36.25,37.0,35.6875,36.6875,31.98628807067871,1130800
2000-06-05,36.0,37.75,36.0,37.4375,32.64017868041992,1006900
2000-06-06,37.25,37.25,36.5,36.875,32.149776458740234,769500
2000-06-07,36.625,37.125,36.125,36.75,32.04078674316406,574400
2000-06-08,36.5,36.5,36.125,36.125,31.495864868164062,459100
2000-06-09,36.3125,36.8125,36.125,36.3125,31.659332275390625,385200
2000-06-12,36.9375,37.3125,35.875,36.03125,31.414155960083008,584300
2000-06-13,35.9375,36.5,35.8125,36.5,31.822816848754883,391600
2000-06-14,36.5,37.25,36.4375,37.1875,32.42222213745117,723000
2000-06-15,37.25,37.3125,36.0625,36.4375,31.768325805664062,593500
2000-06-16,36.5,36.625,35.625,35.75,31.168930053710938,1117000
2000-06-19,35.5625,35.75,35.3125,35.4375,30.896467208862305,607100
2000-06-20,35.0,35.4375,34.875,35.125,30.624013900756836,1221900
2000-06-21,35.5625,35.6875,34.25,34.4375,30.02460479736328,843400
2000-06-22,34.6875,34.6875,34.0,34.6875,30.242570877075195,995400
2000-06-23,34.3125,34.8125,33.9375,33.9375,29.588680267333984,686000
2000-06-26,34.3125,34.5,33.375,34.0625,29.69767189025879,725700
2000-06-27,34.625,37.4375,34.625,37.0,32.25873947143555,2797200
2000-06-28,37.625,39.25,37.25,39.0,34.002471923828125,2012600
2000-06-29,38.125,39.8125,38.0,38.9375,33.94798278808594,1537100
2000-06-30,38.6875,40.1875,37.984375,38.0,33.13059616088867,2150700
2000-07-03,38.75,40.1875,38.625,39.8125,34.710853576660156,606200
2000-07-05,40.375,41.625,40.25,40.875,35.63720703125,1231400
2000-07-06,40.25,40.4375,39.4375,39.9375,34.81983184814453,809900
2000-07-07,39.5625,39.75,39.0,39.3125,34.274925231933594,851600
2000-07-10,39.5625,40.375,39.3125,40.25,35.09229278564453,699200
2000-07-11,40.25,40.5,39.625,40.0,34.874305725097656,776700
2000-07-12,40.8125,41.0625,39.4375,41.0,35.746177673339844,1188500
2000-07-13,41.0,41.875,40.875,41.8125,36.45457458496094,1088600
2000-07-14,42.5,43.4375,42.25,42.4375,36.99949264526367,1549700
2000-07-17,42.0,42.0,40.75,40.9375,35.69168472290039,812600
2000-07-18,40.6875,41.3125,40.5625,40.9375,35.69168472290039,745300
2000-07-19,39.9375,41.5,38.9375,40.0,34.874305725097656,1316400
2000-07-20,39.9375,40.4375,39.25,39.75,34.65636444091797,697300
2000-07-21,39.75,40.375,39.75,40.0625,34.92880630493164,679200
2000-07-24,39.8125,40.4375,39.0625,39.6875,34.60187530517578,676300
2000-07-25,39.5,39.875,39.125,39.5625,34.492897033691406,736400
2000-07-26,39.1875,39.25,38.6875,38.875,33.893489837646484,651600
2000-07-27,38.5,39.25,38.4375,38.875,33.893489837646484,546500
2000-07-28,38.3125,39.25,37.9375,39.125,34.1114616394043,706500
2000-07-31,39.0,40.0,38.5625,39.625,34.54737091064453,909600
2000-08-01,39.875,40.1875,39.25,39.875,34.765350341796875,655800
2000-08-02,39.75,40.4375,39.625,40.375,35.20125961303711,788800
2000-08-03,40.375,40.375,39.3125,39.5625,34.492897033691406,527000
2000-08-04,39.3125,39.6875,38.9375,39.3125,34.274925231933594,463000
2000-08-07,38.8125,39.5,38.6875,39.375,34.32942581176758,513200
2000-08-08,39.375,39.75,38.5,39.25,34.22042465209961,660400
2000-08-09,39.0,39.4375,38.375,38.5,33.56654357910156,591100
2000-08-10,38.75,40.9375,38.6875,40.8125,35.58268737792969,1283700
2000-08-11,40.375,41.75,40.375,41.5625,36.23660659790039,863900
2000-08-14,41.3125,41.4375,40.6875,41.125,35.85516357421875,440800
2000-08-15,40.875,41.1875,40.1875,41.0625,35.80067443847656,561900
2000-08-16,40.625,40.875,40.375,40.75,35.52820587158203,397900
2000-08-17,41.125,41.125,40.0625,40.4375,35.25577163696289,405700
2000-08-18,40.0,40.3125,39.8125,40.0,34.874305725097656,417600
2000-08-21,39.75,40.1875,39.625,39.875,34.765350341796875,422900
2000-08-22,39.5625,40.875,39.5625,40.6875,35.47371292114258,629400
2000-08-23,40.375,40.625,39.25,39.4375,34.383907318115234,638000
2000-08-24,39.625,40.125,39.3125,39.8125,34.710853576660156,545200
2000-08-25,39.25,41.3125,39.25,41.25,35.96414566040039,691000
2000-08-28,41.04999923706055,41.79999923706055,40.650001525878906,40.709999084472656,35.49334716796875,556300
2000-08-29,40.77000045776367,41.29999923706055,40.25,40.540000915527344,35.34512710571289,511200
2000-08-30,40.25,40.45000076293945,39.470001220703125,39.630001068115234,34.55173110961914,584200
2000-08-31,39.150001525878906,40.79999923706055,39.150001525878906,40.349998474121094,35.17946243286133,652600
2000-09-01,40.349998474121094,40.849998474121094,39.400001525878906,39.54999923706055,34.48198318481445,547500
2000-09-05,39.349998474121094,40.29999923706055,39.25,39.45000076293945,34.3947868347168,604600
2000-09-06,39.29999923706055,40.29999923706055,39.29999923706055,40.27000045776367,35.10971450805664,550000
2000-09-07,41.75,41.959999084472656,39.54999923706055,39.81999969482422,34.71739196777344,1178600
2000-09-08,39.04999923706055,39.779998779296875,38.93000030517578,39.2599983215332,34.22914505004883,1221800
2000-09-11,39.04999923706055,39.58000183105469,38.470001220703125,38.709999084472656,33.7496223449707,784100
2000-09-12,38.040000915527344,40.369998931884766,38.040000915527344,39.36000061035156,34.316341400146484,969700
2000-09-13,39.02000045776367,40.95000076293945,39.02000045776367,40.720001220703125,35.502052307128906,747400
2000-09-14,40.20000076293945,40.4900016784668,40.0,40.369998931884766,35.196922302246094,1018600
2000-09-15,40.5,40.59000015258789,39.20000076293945,39.20000076293945,34.176841735839844,1184400
2000-09-18,39.75,40.0,38.31999969482422,38.61000061035156,33.66244125366211,716300
2000-09-19,39.29999923706055,39.650001525878906,38.099998474121094,39.31999969482422,34.28145217895508,1234100
2000-09-20,38.75,39.310001373291016,38.5,39.04999923706055,34.046051025390625,694300
2000-09-21,39.349998474121094,40.290000915527344,39.29999923706055,40.2599983215332,35.10099411010742,836600
2000-09-22,40.099998474121094,40.720001220703125,39.849998474121094,40.54999923706055,35.353824615478516,866400
2000-09-25,41.0,41.45000076293945,40.599998474121094,40.75,35.52820587158203,1098000
2000-09-26,40.75,42.5,40.75,42.25,36.836002349853516,1272300
2000-09-27,42.5,43.0,42.0,42.79999923706055,37.31551742553711,1847300
2000-09-28,42.900001525878906,45.040000915527344,42.09000015258789,45.0,39.23361587524414,1897200
2000-09-29,44.75,44.75,43.900001525878906,44.34000015258789,38.658172607421875,1560200
2000-10-02,44.400001525878906,44.4900016784668,43.25,43.45000076293945,37.88224792480469,1016200
2000-10-03,43.20000076293945,44.75,43.20000076293945,44.04999923706055,38.40534591674805,971500
2000-10-04,44.29999923706055,45.0,44.20000076293945,45.0,39.23361587524414,1118300
2000-10-05,44.849998474121094,45.029998779296875,44.04999923706055,44.150001525878906,38.4925422668457,586700
2000-10-06,43.869998931884766,44.25,42.52000045776367,42.75,37.27191925048828,750700
2000-10-09,42.650001525878906,42.72999954223633,41.650001525878906,41.79999923706055,36.443668365478516,436400
2000-10-10,41.400001525878906,43.88999938964844,41.29999923706055,43.349998474121094,37.79503631591797,1174600
2000-10-11,43.099998474121094,43.25,42.31999969482422,42.619998931884766,37.158592224121094,842400
2000-10-12,42.369998931884766,42.459999084472656,40.439998626708984,40.45000076293945,35.266666412353516,1305700
2000-10-13,39.45000076293945,40.68000030517578,39.45000076293945,40.63999938964844,35.43232727050781,1038900
2000-10-16,40.099998474121094,41.15999984741211,39.79999923706055,41.099998474121094,35.8333625793457,692700
2000-10-17,41.11000061035156,41.849998474121094,40.0,40.220001220703125,35.06612014770508,809000
2000-10-18,39.75,39.849998474121094,38.88999938964844,39.380001068115234,34.33377456665039,756200
2000-10-19,39.5,42.79999923706055,39.5,42.29999923706055,36.87960433959961,1027000
2000-10-20,41.5,42.779998779296875,41.29999923706055,42.66999816894531,37.20216751098633,675500
2000-10-23,42.41999816894531,42.41999816894531,41.150001525878906,41.380001068115234,36.077476501464844,529800
2000-10-24,41.630001068115234,42.540000915527344,41.45000076293945,42.529998779296875,37.08012771606445,722800
2000-10-25,42.529998779296875,42.529998779296875,41.349998474121094,41.849998474121094,36.48726272583008,472100
2000-10-26,41.900001525878906,42.31999969482422,41.18000030517578,42.29999923706055,36.87960433959961,540500
2000-10-27,42.099998474121094,43.20000076293945,41.41999816894531,43.060001373291016,37.542213439941406,476200
2000-10-30,42.810001373291016,47.09000015258789,42.79999923706055,46.9900016784668,40.96860885620117,2003700
2000-10-31,45.5,47.0,44.029998779296875,46.86000061035156,40.85527038574219,1808500
2000-11-01,46.29999923706055,46.38999938964844,45.2400016784668,46.0,40.10546875,786000
2000-11-02,46.650001525878906,47.029998779296875,45.540000915527344,47.0,40.97732925415039,886600
2000-11-03,45.5,46.79999923706055,44.849998474121094,46.75,40.759342193603516,1433100
2000-11-06,46.31999969482422,47.099998474121094,46.02000045776367,46.70000076293945,40.71575927734375,750600
2000-11-07,46.29999923706055,46.68000030517578,45.65999984741211,46.029998779296875,40.13162612915039,688000
2000-11-08,45.29999923706055,46.5,45.20000076293945,46.310001373291016,40.37575149536133,685000
2000-11-09,45.79999923706055,46.54999923706055,45.400001525878906,46.20000076293945,40.27983474731445,751400
2000-11-10,45.650001525878906,46.0,45.119998931884766,45.16999816894531,39.381832122802734,516000
2000-11-13,44.0,45.369998931884766,43.900001525878906,45.27000045776367,39.468997955322266,831800
2000-11-14,45.5,45.810001373291016,44.7599983215332,45.75,39.887508392333984,854200
2000-11-15,45.25,47.52000045776367,45.20000076293945,47.5099983215332,41.42198944091797,1087200
2000-11-16,46.79999923706055,47.75,46.400001525878906,47.75,41.6312141418457,1372600
2000-11-17,47.75,47.75,46.66999816894531,46.97999954223633,40.959903717041016,884900
2000-11-20,46.97999954223633,47.0,46.0,46.5,40.54140090942383,622600
2000-11-21,46.75,49.400001525878906,46.65999984741211,49.400001525878906,43.06979751586914,3030000
2000-11-22,49.29999923706055,49.75,48.279998779296875,49.7400016784668,43.36621856689453,1754100
2000-11-24,49.709999084472656,49.849998474121094,49.04999923706055,49.849998474121094,43.462127685546875,504500
2000-11-27,49.400001525878906,49.599998474121094,48.900001525878906,49.099998474121094,42.8082275390625,953900
2000-11-28,48.5,48.9900016784668,48.150001525878906,48.959999084472656,42.6861572265625,969000
2000-11-29,48.709999084472656,49.5099983215332,48.459999084472656,48.869998931884766,42.60768508911133,1037800
2000-11-30,48.5,48.91999816894531,47.599998474121094,47.91999816894531,41.779441833496094,1066100
2000-12-01,47.70000076293945,48.400001525878906,47.220001220703125,47.47999954223633,41.39581298828125,830600
2000-12-04,46.900001525878906,46.90999984741211,46.060001373291016,46.400001525878906,40.45421600341797,1240500
2000-12-05,46.029998779296875,48.0,46.0099983215332,47.650001525878906,41.544044494628906,2210700
2000-12-06,47.79999923706055,48.0,47.029998779296875,47.279998779296875,41.22145462036133,981800
2000-12-07,46.5,47.70000076293945,46.5,46.939998626708984,40.92502212524414,634400
2000-12-08,47.900001525878906,47.900001525878906,46.81999969482422,46.9900016784668,40.96860885620117,1286500
2000-12-11,47.150001525878906,47.88999938964844,46.900001525878906,47.529998779296875,41.43939971923828,1203500
2000-12-12,47.650001525878906,48.20000076293945,46.619998931884766,47.130001068115234,41.09067153930664,1711000
2000-12-13,46.880001068115234,47.45000076293945,46.150001525878906,46.279998779296875,40.34959030151367,1330200
2000-12-14,44.0,44.0,41.25,41.970001220703125,36.591880798339844,4580600
2000-12-15,40.599998474121094,41.0,38.25,39.20000076293945,34.176841735839844,3607500
2000-12-18,39.0,39.400001525878906,37.29999923706055,37.52000045776367,32.71209716796875,2381900
2000-12-19,37.79999923706055,39.09000015258789,37.4900016784668,37.75,32.912635803222656,2408400
2000-12-20,37.900001525878906,38.029998779296875,36.599998474121094,37.25,32.476707458496094,2073400
2000-12-21,37.25,37.95000076293945,36.349998474121094,37.63999938964844,32.81673812866211,1331700
2000-12-22,37.150001525878906,38.70000076293945,36.900001525878906,38.529998779296875,33.59268569946289,1433200
2000-12-26,37.75,38.5,37.40999984741211,38.150001525878906,33.261383056640625,964100
2000-12-27,38.5,39.20000076293945,37.75,38.790000915527344,33.81938171386719,1383600
2000-12-28,38.25,39.18000030517578,38.0,38.81999969482422,33.84552764892578,1178100
2000-12-29,38.810001373291016,40.25,38.810001373291016,39.959999084472656,34.83943557739258,1048500
2001-01-02,39.45000076293945,39.970001220703125,38.20000076293945,38.20000076293945,33.30497360229492,936600
2001-01-03,38.209999084472656,41.2599983215332,38.0,41.060001373291016,35.79848861694336,2203000
2001-01-04,43.0,45.0,42.70000076293945,44.2599983215332,38.58842468261719,3410600
2001-01-05,44.70000076293945,44.70000076293945,43.0099983215332,43.810001373291016,38.19609832763672,1485800
2001-01-08,42.95000076293945,43.349998474121094,42.66999816894531,43.130001068115234,37.60322952270508,1120700
2001-01-09,42.75,42.95000076293945,42.0099983215332,42.27000045776367,36.853431701660156,1134400
2001-01-10,40.70000076293945,43.25,40.36000061035156,41.90999984741211,36.539554595947266,1895500
2001-01-11,42.40999984741211,43.33000183105469,41.20000076293945,41.20000076293945,35.92057418823242,1561200
2001-01-12,41.70000076293945,42.31999969482422,40.849998474121094,41.5,36.18210220336914,1044300
2001-01-16,41.5099983215332,43.150001525878906,41.45000076293945,42.349998474121094,36.923187255859375,893300
2001-01-17,42.54999923706055,44.25,42.54999923706055,43.75,38.14379119873047,1334100
2001-01-18,42.5,42.849998474121094,41.5,41.5,36.18210220336914,1549500
2001-01-19,41.099998474121094,41.63999938964844,39.900001525878906,39.90999984741211,34.79586410522461,2299800
2001-01-22,39.9900016784668,42.349998474121094,39.81999969482422,41.22999954223633,35.94670104980469,1137300
2001-01-23,41.47999954223633,43.5,41.47999954223633,42.84000015258789,37.35038757324219,1946300
2001-01-24,42.5,43.2400016784668,42.040000915527344,42.040000915527344,36.65290832519531,751700
2001-01-25,42.20000076293945,43.849998474121094,41.7599983215332,43.400001525878906,37.8386344909668,1176700
2001-01-26,43.75,44.45000076293945,43.560001373291016,43.709999084472656,38.10890579223633,1057200
2001-01-29,43.349998474121094,44.599998474121094,43.29999923706055,44.029998779296875,38.38789367675781,1223500
2001-01-30,44.70000076293945,45.150001525878906,44.04999923706055,44.439998626708984,38.745361328125,1067800
2001-01-31,45.25,45.95000076293945,45.04999923706055,45.380001068115234,39.564937591552734,1677700
2001-02-01,45.400001525878906,45.52000045776367,44.41999816894531,45.27000045776367,39.468997955322266,799000
2001-02-02,45.11000061035156,45.29999923706055,44.279998779296875,44.290000915527344,38.61459732055664,744700
2001-02-05,44.0,44.38999938964844,43.83000183105469,44.18000030517578,38.51869201660156,553400
2001-02-06,43.779998779296875,44.5099983215332,43.779998779296875,43.79999923706055,38.187381744384766,750100
2001-02-07,44.150001525878906,44.150001525878906,42.900001525878906,43.09000015258789,37.5683708190918,624700
2001-02-08,43.75,45.0,43.58000183105469,44.86000061035156,39.111534118652344,1424600
2001-02-09,44.70000076293945,44.709999084472656,43.0,43.33000183105469,37.777610778808594,1241700
2001-02-12,43.45000076293945,44.099998474121094,43.220001220703125,43.68000030517578,38.082763671875,966500
2001-02-13,44.400001525878906,44.95000076293945,44.16999816894531,44.70000076293945,38.9720458984375,1371200
2001-02-14,44.70000076293945,44.70000076293945,43.650001525878906,43.650001525878906,38.056602478027344,683500
2001-02-15,43.849998474121094,45.20000076293945,43.83000183105469,45.119998931884766,39.33824157714844,949100
2001-02-16,44.849998474121094,45.0099983215332,44.099998474121094,44.59000015258789,38.876136779785156,688900
2001-02-20,44.29999923706055,45.0,43.279998779296875,43.279998779296875,37.7340087890625,1759300
2001-02-21,43.279998779296875,43.45000076293945,42.0,42.0099983215332,36.626747131347656,871800
2001-02-22,41.599998474121094,42.45000076293945,41.20000076293945,42.0,36.6180305480957,1004300
2001-02-23,42.150001525878906,42.4900016784668,41.11000061035156,41.68000030517578,36.339046478271484,717000
2001-02-26,41.2599983215332,41.54999923706055,40.29999923706055,41.45000076293945,36.13851547241211,1757700
2001-02-27,41.0,42.630001068115234,41.0,41.70000076293945,36.35647201538086,1283900
2001-02-28,41.70000076293945,41.70000076293945,40.88999938964844,40.93000030517578,35.685150146484375,1051200
2001-03-01,40.470001220703125,41.11000061035156,40.20000076293945,41.02000045776367,35.76361846923828,1062800
2001-03-02,40.849998474121094,42.4900016784668,40.59000015258789,41.95000076293945,36.5744514465332,968400
2001-03-05,41.95000076293945,42.7400016784668,41.65999984741211,42.47999954223633,37.03651809692383,674800
2001-03-06,42.5,43.54999923706055,42.310001373291016,43.119998931884766,37.59451675415039,571100
2001-03-07,43.0,43.97999954223633,43.0,43.20000076293945,37.664268493652344,1097700
2001-03-08,43.29999923706055,44.20000076293945,43.25,43.849998474121094,38.23097610473633,863500
2001-03-09,43.349998474121094,44.2400016784668,42.599998474121094,43.91999816894531,38.29197311401367,995400
2001-03-12,43.58000183105469,43.650001525878906,41.880001068115234,41.900001525878906,36.530853271484375,1125300
2001-03-13,41.650001525878906,42.29999923706055,40.380001068115234,42.0,36.6180305480957,1696100
2001-03-14,40.75,41.5,40.52000045776367,41.18000030517578,35.903106689453125,1305000
2001-03-15,41.43000030517578,41.79999923706055,41.29999923706055,41.31999969482422,36.02515411376953,1195600
2001-03-16,41.400001525878906,41.84000015258789,40.54999923706055,40.79999923706055,35.571815490722656,2689400
2001-03-19,40.810001373291016,42.29999923706055,40.599998474121094,41.93000030517578,36.557010650634766,1263600
2001-03-20,41.25,41.619998931884766,40.0,40.25,35.09229278564453,1805200
2001-03-21,40.2400016784668,43.18000030517578,39.599998474121094,42.599998474121094,37.14115524291992,2483400
2001-03-22,41.0,41.20000076293945,39.25,41.029998779296875,35.772342681884766,2282200
2001-03-23,41.029998779296875,41.400001525878906,39.95000076293945,40.16999816894531,35.02252960205078,1408600
2001-03-26,40.29999923706055,41.20000076293945,39.5,40.279998779296875,35.11843490600586,1361600
2001-03-27,40.5,42.349998474121094,40.400001525878906,41.97999954223633,36.60060501098633,1053100
2001-03-28,41.9900016784668,42.150001525878906,41.06999969482422,41.97999954223633,36.60060501098633,752800
2001-03-29,41.0,41.849998474121094,40.7599983215332,41.220001220703125,35.937992095947266,659600
2001-03-30,40.79999923706055,41.959999084472656,40.7400016784668,41.68000030517578,36.339046478271484,703800
2001-04-02,41.54999923706055,41.790000915527344,40.70000076293945,40.91999816894531,35.676429748535156,615600
2001-04-03,40.25,40.25,38.9900016784668,39.0,34.002471923828125,1228400
2001-04-04,39.25,39.849998474121094,39.0,39.599998474121094,34.52558517456055,697400
2001-04-05,39.599998474121094,39.599998474121094,35.5,38.970001220703125,33.976314544677734,3433400
2001-04-06,38.0,38.060001373291016,36.790000915527344,37.4900016784668,32.68595504760742,1744700
2001-04-09,37.7400016784668,38.599998474121094,37.709999084472656,38.369998931884766,33.45319747924805,975100
2001-04-10,38.619998931884766,39.400001525878906,38.45000076293945,38.900001525878906,33.9152717590332,820200
2001-04-11,39.29999923706055,40.20000076293945,39.150001525878906,39.88999938964844,34.77841567993164,1216800
2001-04-12,39.599998474121094,39.79999923706055,38.79999923706055,39.79999923706055,34.699947357177734,1046000
2001-04-16,39.70000076293945,40.22999954223633,39.0,39.540000915527344,34.47325897216797,510200
2001-04-17,38.849998474121094,40.099998474121094,38.61000061035156,40.0099983215332,34.88303756713867,1039100
2001-04-18,39.900001525878906,42.36000061035156,39.61000061035156,41.4900016784668,36.17339324951172,1236500
2001-04-19,41.4900016784668,43.349998474121094,41.279998779296875,43.349998474121094,37.79503631591797,1143000
2001-04-20,43.349998474121094,43.75,43.0,43.5,37.92583084106445,1074300
2001-04-23,43.25,43.2599983215332,42.2599983215332,42.369998931884766,36.94063949584961,652900
2001-04-24,42.0,42.45000076293945,41.70000076293945,41.810001373291016,36.45236587524414,761000
2001-04-25,41.70000076293945,42.310001373291016,40.29999923706055,41.040000915527344,35.78105163574219,1545700
2001-04-26,40.849998474121094,41.97999954223633,40.5,41.29999923706055,36.00774002075195,747300
2001-04-27,41.54999923706055,42.84000015258789,41.54999923706055,42.47999954223633,37.03651809692383,825100
2001-04-30,42.150001525878906,42.310001373291016,41.900001525878906,42.06999969482422,36.67908477783203,544200
2001-05-01,41.81999969482422,41.900001525878906,41.310001373291016,41.83000183105469,36.469818115234375,627200
2001-05-02,41.599998474121094,42.75,41.20000076293945,42.75,37.27191925048828,1097800
2001-05-03,42.29999923706055,42.400001525878906,40.90999984741211,41.349998474121094,36.05132293701172,713900
2001-05-04,40.349998474121094,41.31999969482422,40.349998474121094,41.279998779296875,35.990291595458984,820800
2001-05-07,40.0,40.869998931884766,39.36000061035156,40.279998779296875,35.11843490600586,1644300
2001-05-08,39.79999923706055,39.95000076293945,38.08000183105469,38.45000076293945,33.52294921875,2480400
2001-05-09,38.459999084472656,39.20000076293945,38.0099983215332,39.09000015258789,34.0809211730957,1356600
2001-05-10,39.0,39.2599983215332,38.5,39.20000076293945,34.176841735839844,889200
2001-05-11,39.349998474121094,39.40999984741211,38.400001525878906,38.40999984741211,33.48807144165039,1260800
2001-05-14,38.25,38.70000076293945,38.11000061035156,38.20000076293945,33.30497360229492,794200
2001-05-15,38.150001525878906,38.560001373291016,38.029998779296875,38.25,33.348567962646484,1027600
2001-05-16,38.20000076293945,39.540000915527344,38.099998474121094,39.2599983215332,34.22914505004883,1150700
2001-05-17,39.2599983215332,40.5,39.099998474121094,40.25,35.09229278564453,1337600
2001-05-18,40.599998474121094,40.599998474121094,40.06999969482422,40.5099983215332,35.31897735595703,659100
2001-05-21,40.5,40.75,40.130001068115234,40.61000061035156,35.40614318847656,798900
2001-05-22,40.61000061035156,40.75,40.119998931884766,40.52000045776367,35.327701568603516,939500
2001-05-23,39.900001525878906,40.27000045776367,39.619998931884766,40.0099983215332,34.88303756713867,1866700
2001-05-24,40.0099983215332,40.45000076293945,39.900001525878906,40.36000061035156,35.18818664550781,1121700
2001-05-25,39.79999923706055,40.25,39.599998474121094,39.720001220703125,34.63020324707031,574800
2001-05-29,39.5,40.099998474121094,39.5,39.63999938964844,34.56045913696289,539800
2001-05-30,39.88999938964844,40.099998474121094,39.630001068115234,39.79999923706055,34.699947357177734,906500
2001-05-31,39.599998474121094,40.29999923706055,39.47999954223633,40.0,34.874305725097656,1122700
2001-06-01,40.0,41.25,39.72999954223633,40.849998474121094,35.61540222167969,1174200
2001-06-04,40.599998474121094,40.599998474121094,39.900001525878906,40.06999969482422,34.935359954833984,978200
2001-06-05,39.900001525878906,40.400001525878906,39.720001220703125,39.88999938964844,34.77841567993164,1170400
2001-06-06,40.25,40.25,39.5,39.54999923706055,34.48198318481445,1175000
2001-06-07,39.54999923706055,39.79999923706055,39.38999938964844,39.70000076293945,34.61276626586914,782600
2001-06-08,39.63999938964844,39.63999938964844,39.290000915527344,39.599998474121094,34.52558517456055,485000
2001-06-11,39.349998474121094,39.349998474121094,38.54999923706055,38.79999923706055,33.82809829711914,761300
2001-06-12,38.54999923706055,38.54999923706055,37.34000015258789,38.11000061035156,33.22649383544922,1390000
2001-06-13,38.04999923706055,38.11000061035156,37.5,37.52000045776367,32.71209716796875,1136800
2001-06-14,38.04999923706055,38.099998474121094,37.31999969482422,37.439998626708984,32.64238357543945,955500
2001-06-15,37.25,38.119998931884766,37.20000076293945,37.959999084472656,33.09572982788086,1364600
2001-06-18,37.900001525878906,38.25,37.439998626708984,37.54999923706055,32.738277435302734,747100
2001-06-19,37.5,37.689998626708984,37.0,37.040000915527344,32.29361343383789,838700
2001-06-20,37.0,37.29999923706055,36.75,37.0,32.25873947143555,1024700
2001-06-21,37.18000030517578,38.650001525878906,37.099998474121094,38.650001525878906,33.697330474853516,1063000
2001-06-22,37.900001525878906,38.13999938964844,37.47999954223633,37.47999954223633,32.677249908447266,783300
2001-06-25,37.22999954223633,37.36000061035156,36.369998931884766,36.630001068115234,31.936159133911133,1467900
2001-06-26,36.0,36.7400016784668,35.9900016784668,36.349998474121094,31.69203758239746,1927200
2001-06-27,36.349998474121094,36.880001068115234,36.0,36.79999923706055,32.08438491821289,1495000
2001-06-28,37.0,39.5,37.0,38.709999084472656,33.7496223449707,2771100
2001-06-29,38.720001220703125,40.20000076293945,38.709999084472656,40.20000076293945,35.04868698120117,1644400
2001-07-02,40.0,40.70000076293945,39.5,40.47999954223633,35.29281997680664,1617500
2001-07-03,40.47999954223633,41.220001220703125,40.349998474121094,41.220001220703125,35.937992095947266,958200
2001-07-05,40.849998474121094,41.11000061035156,40.29999923706055,40.599998474121094,35.39743423461914,720000
2001-07-06,40.599998474121094,40.599998474121094,39.52000045776367,39.9900016784668,34.865604400634766,904500
2001-07-09,39.900001525878906,40.349998474121094,39.56999969482422,40.13999938964844,34.99637985229492,747000
2001-07-10,40.0,40.2400016784668,39.70000076293945,39.81999969482422,34.71739196777344,401500
2001-07-11,39.400001525878906,40.29999923706055,39.400001525878906,39.95000076293945,34.83073043823242,1113900
2001-07-12,40.099998474121094,41.150001525878906,39.900001525878906,41.13999938964844,35.86824035644531,867700
2001-07-13,40.900001525878906,42.34000015258789,40.25,42.08000183105469,36.68777847290039,1053000
2001-07-16,42.0,42.599998474121094,41.75,41.849998474121094,36.48726272583008,1076600
2001-07-17,42.04999923706055,42.45000076293945,41.880001068115234,42.130001068115234,36.73137664794922,1319100
2001-07-18,41.900001525878906,42.099998474121094,41.11000061035156,41.400001525878906,36.094940185546875,916700
2001-07-19,41.400001525878906,41.54999923706055,40.70000076293945,41.369998931884766,36.06875991821289,806600
2001-07-20,41.2599983215332,41.27000045776367,40.83000183105469,41.25,35.96414566040039,518100
2001-07-23,41.04999923706055,41.15999984741211,40.15999984741211,40.5,35.310245513916016,1010300
2001-07-24,40.75,40.75,39.75,40.130001068115234,34.9876594543457,901500
2001-07-25,40.0,40.720001220703125,39.720001220703125,40.619998931884766,35.414886474609375,831100
2001-07-26,40.400001525878906,40.9900016784668,40.36000061035156,40.880001068115234,35.64155960083008,535300
2001-07-27,40.939998626708984,41.0,40.54999923706055,40.88999938964844,35.6502685546875,388500
2001-07-30,41.099998474121094,41.220001220703125,40.70000076293945,41.0099983215332,35.7548942565918,522900
2001-07-31,41.02000045776367,41.59000015258789,41.0099983215332,41.369998931884766,36.06875991821289,731200
2001-08-01,41.20000076293945,41.75,41.099998474121094,41.70000076293945,36.35647201538086,843700
2001-08-02,41.5,41.869998931884766,41.150001525878906,41.7400016784668,36.39136505126953,879000
2001-08-03,41.4900016784668,41.4900016784668,40.599998474121094,41.0,35.746177673339844,602800
2001-08-06,41.22999954223633,41.29999923706055,40.56999969482422,41.0,35.746177673339844,310500
2001-08-07,40.79999923706055,41.099998474121094,40.68000030517578,41.04999923706055,35.78977584838867,463300
2001-08-08,40.65999984741211,41.310001373291016,40.65999984741211,40.7599983215332,35.53693771362305,524600
2001-08-09,40.650001525878906,40.779998779296875,39.900001525878906,40.0,34.874305725097656,956400
2001-08-10,39.79999923706055,40.20000076293945,39.630001068115234,39.970001220703125,34.84817123413086,636900
2001-08-13,40.0,40.349998474121094,39.650001525878906,40.150001525878906,35.00510025024414,557200
2001-08-14,40.25,40.560001373291016,39.900001525878906,40.20000076293945,35.04868698120117,544000
2001-08-15,40.27000045776367,40.369998931884766,39.79999923706055,39.95000076293945,34.83073043823242,715700
2001-08-16,40.04999923706055,40.5,39.79999923706055,40.41999816894531,35.24051284790039,772800
2001-08-17,40.0,40.54999923706055,39.939998626708984,40.13999938964844,34.99637985229492,820400
2001-08-20,39.88999938964844,40.20000076293945,39.849998474121094,40.16999816894531,35.02252960205078,368300
2001-08-21,40.16999816894531,40.630001068115234,40.0,40.060001373291016,34.92662811279297,637900
2001-08-22,40.150001525878906,40.4900016784668,39.779998779296875,40.33000183105469,35.16202926635742,697900
2001-08-23,40.20000076293945,40.630001068115234,40.150001525878906,40.5,35.310245513916016,428500
2001-08-24,40.27000045776367,41.54999923706055,40.0,41.349998474121094,36.05132293701172,767700
2001-08-27,41.349998474121094,41.59000015258789,41.06999969482422,41.310001373291016,36.016475677490234,502200
2001-08-28,41.31999969482422,42.459999084472656,41.220001220703125,42.349998474121094,36.923187255859375,1296100
2001-08-29,42.54999923706055,43.58000183105469,42.5,42.9900016784668,37.48119354248047,1547900
2001-08-30,42.650001525878906,43.40999984741211,41.75,42.04999923706055,36.66164016723633,990200
2001-08-31,42.0,42.630001068115234,41.849998474121094,42.099998474121094,36.705223083496094,732500
2001-09-04,42.0,42.869998931884766,41.45000076293945,42.529998779296875,37.08012771606445,1146300
2001-09-05,41.5,42.5,41.5,42.18000030517578,36.774959564208984,1063800
2001-09-06,41.75,41.900001525878906,40.75,41.25,35.96414566040039,1227700
2001-09-07,40.5,41.099998474121094,40.0,40.209999084472656,35.05739212036133,988200
2001-09-10,39.709999084472656,40.150001525878906,39.54999923706055,39.97999954223633,34.85688018798828,1202800
2001-09-17,33.5,38.380001068115234,33.290000915527344,38.29999923706055,33.392147064208984,3823900
2001-09-18,38.0,38.0,34.599998474121094,35.900001525878906,31.299718856811523,3167100
2001-09-19,35.75,36.0,33.400001525878906,34.83000183105469,30.3668155670166,2794500
2001-09-20,34.25,35.70000076293945,33.150001525878906,34.95000076293945,30.471435546875,1838600
2001-09-21,33.900001525878906,36.20000076293945,33.5,34.45000076293945,30.035507202148438,2294600
2001-09-24,35.5,36.400001525878906,35.369998931884766,35.72999954223633,31.1514949798584,1916700
2001-09-25,36.7400016784668,37.209999084472656,35.02000045776367,35.75,31.168930053710938,1686300
2001-09-26,35.900001525878906,36.4900016784668,34.79999923706055,34.900001525878906,30.427841186523438,1295300
2001-09-27,35.0,35.29999923706055,33.75,34.75,30.29705810546875,1259400
2001-09-28,34.849998474121094,36.75,34.650001525878906,36.75,32.04078674316406,1319900
2001-10-01,36.70000076293945,36.70000076293945,35.25,35.63999938964844,31.073015213012695,952300
2001-10-02,35.900001525878906,36.599998474121094,35.900001525878906,36.5,31.822816848754883,1074400
2001-10-03,36.25,37.900001525878906,36.220001220703125,37.900001525878906,33.043418884277344,805100
2001-10-04,37.900001525878906,39.2400016784668,37.29999923706055,37.970001220703125,33.10445785522461,916500
2001-10-05,38.0,38.91999816894531,37.560001373291016,38.70000076293945,33.740909576416016,713500
2001-10-08,38.45000076293945,39.349998474121094,37.849998474121094,38.130001068115234,33.24394607543945,807200
2001-10-09,37.84000015258789,38.0,37.18000030517578,37.27000045776367,32.494140625,711700
2001-10-10,37.25,38.81999969482422,37.25,38.709999084472656,33.7496223449707,628300
2001-10-11,38.709999084472656,39.88999938964844,38.709999084472656,39.70000076293945,34.61276626586914,741700
2001-10-12,39.5,39.5,36.5,38.09000015258789,33.20907974243164,1691700
2001-10-15,37.650001525878906,38.34000015258789,37.29999923706055,38.25,33.348567962646484,904400
2001-10-16,38.349998474121094,39.25,37.9900016784668,38.5,33.56654357910156,1050500
2001-10-17,39.0,39.34000015258789,38.400001525878906,39.0099983215332,34.01118087768555,1285100
2001-10-18,38.400001525878906,38.83000183105469,37.75,38.290000915527344,33.383445739746094,658600
2001-10-19,38.290000915527344,38.369998931884766,37.5,38.13999938964844,33.252655029296875,463700
2001-10-22,37.95000076293945,38.599998474121094,37.70000076293945,38.40999984741211,33.48807144165039,496800
2001-10-23,38.40999984741211,39.5,38.400001525878906,39.5,34.43840408325195,686100
2001-10-24,39.54999923706055,39.560001373291016,38.68000030517578,38.779998779296875,33.81064987182617,641400
2001-10-25,38.150001525878906,39.349998474121094,38.0099983215332,39.18000030517578,34.15940475463867,685800
2001-10-26,39.04999923706055,39.599998474121094,38.86000061035156,39.47999954223633,34.42094802856445,487500
2001-10-29,40.25,42.0,40.0,40.86000061035156,35.62412643432617,2409900
2001-10-30,40.54999923706055,40.86000061035156,39.650001525878906,40.099998474121094,34.96149826049805,1404600
2001-10-31,40.04999923706055,41.529998779296875,40.04999923706055,41.08000183105469,35.81595230102539,1152400
2001-11-01,41.0,42.16999816894531,40.459999084472656,42.11000061035156,36.71393966674805,1367800
2001-11-02,41.79999923706055,42.34000015258789,41.47999954223633,42.25,36.836002349853516,940600
2001-11-05,42.33000183105469,43.400001525878906,42.33000183105469,43.400001525878906,37.8386344909668,1144300
2001-11-06,43.25,44.45000076293945,42.70000076293945,44.349998474121094,38.666927337646484,1222200
2001-11-07,44.20000076293945,44.349998474121094,43.7599983215332,44.099998474121094,38.44894790649414,2049100
2001-11-08,43.95000076293945,44.91999816894531,43.79999923706055,44.66999816894531,38.945892333984375,1273000
2001-11-09,44.279998779296875,45.08000183105469,44.119998931884766,44.959999084472656,39.1987419128418,924500
2001-11-12,44.5,45.0099983215332,43.7400016784668,44.900001525878906,39.146419525146484,1402300
2001-11-13,45.400001525878906,46.77000045776367,45.11000061035156,46.709999084472656,40.72450637817383,1931500
2001-11-14,47.0,47.5,46.439998626708984,46.61000061035156,40.637306213378906,1947500
2001-11-15,46.79999923706055,47.15999984741211,46.31999969482422,46.599998474121094,40.62859344482422,1145200
2001-11-16,46.599998474121094,46.650001525878906,44.95000076293945,45.599998474121094,39.7567253112793,1861800
2001-11-19,46.0,46.29999923706055,45.470001220703125,46.2599983215332,40.33214569091797,1165500
2001-11-20,46.099998474121094,46.099998474121094,45.20000076293945,45.369998931884766,39.556209564208984,847400
2001-11-21,45.599998474121094,45.599998474121094,44.900001525878906,45.380001068115234,39.564937591552734,538300
2001-11-23,45.380001068115234,46.400001525878906,45.25,46.400001525878906,40.45421600341797,414200
2001-11-26,46.150001525878906,46.27000045776367,45.869998931884766,45.95000076293945,40.06188201904297,1168800
2001-11-27,45.70000076293945,45.97999954223633,45.20000076293945,45.27000045776367,39.468997955322266,1271700
2001-11-28,45.2599983215332,45.27000045776367,44.349998474121094,44.61000061035156,38.893592834472656,1064200
2001-11-29,45.150001525878906,45.470001220703125,44.45000076293945,45.25,39.451568603515625,1339500
2001-11-30,45.5,46.2400016784668,45.5,45.86000061035156,39.983421325683594,1411700
2001-12-03,45.86000061035156,46.04999923706055,45.130001068115234,45.45000076293945,39.625946044921875,904600
2001-12-04,46.5,48.45000076293945,45.900001525878906,48.29999923706055,42.1107177734375,2994900
2001-12-05,48.0,49.75,48.0,49.45000076293945,43.11336898803711,1969100
2001-12-06,49.2599983215332,50.099998474121094,48.869998931884766,49.439998626708984,43.10466384887695,2536100
2001-12-07,49.290000915527344,49.290000915527344,47.7400016784668,48.31999969482422,42.12818145751953,1843100
2001-12-10,48.52000045776367,48.650001525878906,47.599998474121094,47.599998474121094,41.50043869018555,799400
2001-12-11,47.599998474121094,48.349998474121094,47.04999923706055,47.900001525878906,41.761985778808594,835800
2001-12-12,48.099998474121094,48.099998474121094,46.75,47.130001068115234,41.09067153930664,971000
2001-12-13,47.04999923706055,47.150001525878906,46.70000076293945,46.83000183105469,40.82912063598633,973700
2001-12-14,46.70000076293945,48.7400016784668,46.70000076293945,48.04999923706055,41.892784118652344,1367900
2001-12-17,48.79999923706055,49.25,48.29999923706055,48.959999084472656,42.6861572265625,1402000
2001-12-18,49.5,50.95000076293945,49.41999816894531,50.79999923706055,44.2904052734375,2345100
2001-12-19,50.29999923706055,51.25,49.25,49.9900016784668,43.584190368652344,4329500
2001-12-20,50.5,52.56999969482422,50.40999984741211,52.099998474121094,45.423797607421875,3752600
2001-12-21,52.209999084472656,52.5,51.619998931884766,51.83000183105469,45.18840789794922,2504600
2001-12-24,52.0,52.880001068115234,51.75,51.880001068115234,45.23200988769531,1178000
2001-12-26,52.25,53.45000076293945,52.16999816894531,53.20000076293945,46.382850646972656,1214800
2001-12-27,53.45000076293945,53.47999954223633,52.84000015258789,53.15999984741211,46.34796142578125,1651400
2001-12-28,52.95000076293945,53.04999923706055,52.189998626708984,52.189998626708984,45.50226593017578,1094900
2001-12-31,52.20000076293945,52.4900016784668,51.880001068115234,51.880001068115234,45.23200988769531,990100
2002-01-02,51.70000076293945,52.20000076293945,50.25,50.900001525878906,44.37759017944336,2178000
2002-01-03,51.099998474121094,52.33000183105469,51.040000915527344,52.279998779296875,45.58073043823242,2056500
2002-01-04,52.349998474121094,55.20000076293945,52.29999923706055,54.08000183105469,47.150081634521484,2848900
2002-01-07,53.630001068115234,55.75,53.630001068115234,55.27000045776367,48.187591552734375,2864900
2002-01-08,54.86000061035156,55.0,54.11000061035156,54.9900016784668,47.9434814453125,2223500
2002-01-09,54.900001525878906,55.099998474121094,53.619998931884766,53.75,46.86237716674805,2287400
2002-01-10,54.400001525878906,54.400001525878906,52.900001525878906,53.0,46.2084846496582,2404000
2002-01-11,51.54999923706055,51.689998626708984,49.900001525878906,50.40999984741211,43.95035934448242,4696600
2002-01-14,50.63999938964844,50.869998931884766,49.619998931884766,50.709999084472656,44.211910247802734,1626300
2002-01-15,50.709999084472656,51.470001220703125,49.349998474121094,49.9900016784668,43.584190368652344,1819400
2002-01-16,50.20000076293945,50.54999923706055,48.70000076293945,48.70000076293945,42.45948028564453,2284800
2002-01-17,49.25,50.310001373291016,48.75,50.20000076293945,43.76725769042969,2459400
2002-01-18,50.0,50.939998626708984,49.70000076293945,50.81999969482422,44.30782699584961,1399300
2002-01-22,51.349998474121094,51.459999084472656,50.75,50.9900016784668,44.4560546875,1187500
2002-01-23,51.2400016784668,52.29999923706055,51.16999816894531,52.25,45.55459213256836,1758100
2002-01-24,52.25,52.900001525878906,52.22999954223633,52.5,45.772552490234375,1653500
2002-01-25,52.5099983215332,53.25,52.25,53.13999938964844,46.33053970336914,995000
2002-01-28,53.13999938964844,54.09000015258789,53.13999938964844,53.650001525878906,46.77519607543945,1812400
2002-01-29,53.65999984741211,53.65999984741211,51.939998626708984,52.47999954223633,45.75511169433594,1637100
2002-01-30,52.099998474121094,53.38999938964844,52.040000915527344,53.15999984741211,46.34796142578125,1665800
2002-01-31,52.810001373291016,53.650001525878906,52.61000061035156,53.54999923706055,46.68799591064453,1433600
2002-02-01,53.54999923706055,53.939998626708984,52.810001373291016,53.54999923706055,46.68799591064453,1530000
2002-02-04,53.400001525878906,53.970001220703125,52.79999923706055,53.130001068115234,46.321815490722656,1377800
2002-02-05,53.130001068115234,54.900001525878906,53.06999969482422,54.5,47.51626968383789,2481900
2002-02-06,54.70000076293945,54.70000076293945,53.04999923706055,53.2599983215332,46.43516159057617,1559100
2002-02-07,52.45000076293945,52.70000076293945,51.650001525878906,51.779998779296875,45.144798278808594,2399000
2002-02-08,51.5,53.400001525878906,51.349998474121094,53.400001525878906,46.557228088378906,1703900
2002-02-11,53.400001525878906,55.16999816894531,53.29999923706055,55.130001068115234,48.065547943115234,2101700
2002-02-12,55.0,56.0,54.630001068115234,55.33000183105469,48.23991775512695,1638700
2002-02-13,55.58000183105469,56.849998474121094,54.72999954223633,55.0,47.952178955078125,2537300
2002-02-14,55.0,55.0,54.45000076293945,54.70000076293945,47.69064712524414,842600
2002-02-15,54.25,55.060001373291016,54.220001220703125,54.959999084472656,47.91731262207031,1005200
2002-02-19,54.150001525878906,54.54999923706055,53.81999969482422,54.0,47.08034133911133,1404100
2002-02-20,54.20000076293945,55.349998474121094,54.130001068115234,55.220001220703125,48.14400100708008,1479500
2002-02-21,55.0,55.36000061035156,54.70000076293945,54.70000076293945,47.69064712524414,1486600
2002-02-22,54.599998474121094,55.29999923706055,54.25,55.13999938964844,48.074256896972656,865500
2002-02-25,55.75,56.540000915527344,55.29999923706055,56.400001525878906,49.172794342041016,1158000
2002-02-26,56.70000076293945,57.45000076293945,56.439998626708984,57.189998626708984,49.861572265625,988900
2002-02-27,57.20000076293945,58.119998931884766,56.70000076293945,58.119998931884766,50.67238998413086,1486300
2002-02-28,58.0,58.90999984741211,57.86000061035156,57.86000061035156,50.44570541381836,1390200
2002-03-01,57.61000061035156,58.45000076293945,57.400001525878906,58.45000076293945,50.96010971069336,2031400
2002-03-04,58.650001525878906,61.220001220703125,58.650001525878906,61.220001220703125,53.37514877319336,2232800
2002-03-05,61.25,61.349998474121094,60.2599983215332,60.88999938964844,53.08745574951172,2483000
2002-03-06,60.79999923706055,61.099998474121094,59.93000030517578,60.0,52.31147384643555,1732800
2002-03-07,60.150001525878906,60.400001525878906,59.5099983215332,59.599998474121094,51.962730407714844,1735100
2002-03-08,60.150001525878906,60.58000183105469,59.86000061035156,60.29999923706055,52.57304763793945,2540700
2002-03-11,60.29999923706055,60.29999923706055,58.900001525878906,59.0099983215332,51.4483528137207,1653500
2002-03-12,57.84000015258789,59.29999923706055,57.79999923706055,58.09000015258789,50.646240234375,1950400
2002-03-13,58.08000183105469,58.09000015258789,57.20000076293945,57.779998779296875,50.37595748901367,1441800
2002-03-14,58.0,58.25,57.68000030517578,57.95000076293945,50.52416229248047,2287700
2002-03-15,57.95000076293945,58.0,56.869998931884766,57.45000076293945,50.08824157714844,2256700
2002-03-18,58.150001525878906,58.52000045776367,57.150001525878906,57.70000076293945,50.30622482299805,1205500
2002-03-19,58.0,58.4900016784668,57.400001525878906,57.72999954223633,50.33236312866211,1609200
2002-03-20,57.4900016784668,57.599998474121094,56.099998474121094,56.79999923706055,49.52152633666992,2374700
2002-03-21,56.599998474121094,57.43000030517578,55.5,57.0,49.6959114074707,2011500
2002-03-22,56.45000076293945,57.75,56.45000076293945,57.560001373291016,50.18415832519531,918300
2002-03-25,57.79999923706055,57.79999923706055,56.400001525878906,56.540000915527344,49.29486083984375,1231500
2002-03-26,56.29999923706055,58.02000045776367,56.279998779296875,57.5,50.13182067871094,1142000
2002-03-27,57.099998474121094,58.11000061035156,56.900001525878906,58.060001373291016,50.62009811401367,1087300
2002-03-28,57.70000076293945,58.900001525878906,57.54999923706055,58.099998474121094,50.654945373535156,1174800
2002-04-01,57.5,57.68000030517578,56.650001525878906,57.41999816894531,50.06209182739258,819700
2002-04-02,56.900001525878906,57.5,55.869998931884766,55.91999816894531,48.75430679321289,1641400
2002-04-03,56.04999923706055,56.2400016784668,54.79999923706055,55.0,47.952178955078125,1656200
2002-04-04,55.0,55.68000030517578,54.86000061035156,55.380001068115234,48.283504486083984,1780800
2002-04-05,55.5,55.70000076293945,54.20000076293945,54.400001525878906,47.42909622192383,1599600
2002-04-08,53.20000076293945,53.689998626708984,52.529998779296875,53.119998931884766,46.3131103515625,1692300
2002-04-09,53.58000183105469,53.7400016784668,52.75,53.5099983215332,46.65311813354492,1745200
2002-04-10,53.650001525878906,54.709999084472656,53.59000015258789,54.709999084472656,47.6993522644043,1286700
2002-04-11,54.709999084472656,54.810001373291016,53.75,53.95000076293945,47.03675079345703,1149300
2002-04-12,54.099998474121094,55.13999938964844,54.099998474121094,55.0,47.952178955078125,938700
2002-04-15,54.79999923706055,54.79999923706055,53.20000076293945,54.150001525878906,47.211124420166016,1239100
2002-04-16,55.0,55.70000076293945,54.720001220703125,55.70000076293945,48.56250762939453,1426200
2002-04-17,55.5,55.5,54.04999923706055,54.41999816894531,47.44651794433594,1080600
2002-04-18,54.16999816894531,54.560001373291016,52.81999969482422,53.36000061035156,46.522342681884766,1450900
2002-04-19,54.0,54.31999969482422,53.5,54.099998474121094,47.167510986328125,927500
2002-04-22,53.849998474121094,54.099998474121094,53.349998474121094,53.84000015258789,46.94083023071289,1048900
2002-04-23,53.900001525878906,54.400001525878906,53.630001068115234,53.91999816894531,47.01058578491211,952300
2002-04-24,53.91999816894531,54.15999984741211,52.95000076293945,52.9900016784668,46.199764251708984,1885300
2002-04-25,53.0,54.040000915527344,52.779998779296875,53.709999084472656,46.827491760253906,1138200
2002-04-26,53.65999984741211,54.58000183105469,53.619998931884766,54.34000015258789,47.37676239013672,1224400
2002-04-29,54.349998474121094,54.97999954223633,53.810001373291016,53.810001373291016,46.91468811035156,900300
2002-04-30,53.45000076293945,53.79999923706055,51.25,51.66999816894531,45.04890441894531,3057900
2002-05-01,51.66999816894531,51.66999816894531,50.0,51.310001373291016,44.73502731323242,2961600
2002-05-02,51.619998931884766,52.29999923706055,51.400001525878906,51.63999938964844,45.022743225097656,1712800
2002-05-03,51.63999938964844,52.18000030517578,51.279998779296875,51.4900016784668,44.89198684692383,969800
2002-05-06,51.029998779296875,51.779998779296875,50.630001068115234,50.63999938964844,44.15090560913086,719700
2002-05-07,50.63999938964844,50.95000076293945,49.849998474121094,49.90999984741211,43.51443862915039,1052000
2002-05-08,50.349998474121094,52.83000183105469,50.34000015258789,52.7599983215332,45.99924087524414,1918100
2002-05-09,53.0,53.400001525878906,52.25,52.29999923706055,45.59817886352539,1448700
2002-05-10,52.349998474121094,52.630001068115234,51.43000030517578,51.58000183105469,44.970428466796875,892500
2002-05-13,52.099998474121094,53.380001068115234,51.93000030517578,52.939998626708984,46.156166076660156,824500
2002-05-14,53.11000061035156,54.400001525878906,53.02000045776367,53.70000076293945,46.81877136230469,923900
2002-05-15,54.0,54.900001525878906,54.0,54.41999816894531,47.44651794433594,905500
2002-05-16,54.599998474121094,54.689998626708984,53.79999923706055,54.47999954223633,47.49882888793945,598600
2002-05-17,55.099998474121094,55.29999923706055,53.54999923706055,54.33000183105469,47.36803436279297,1317300
2002-05-20,54.33000183105469,55.08000183105469,53.70000076293945,54.130001068115234,47.193687438964844,885600
2002-05-21,54.029998779296875,54.439998626708984,53.099998474121094,53.20000076293945,46.382850646972656,962000
2002-05-22,53.099998474121094,53.470001220703125,52.95000076293945,53.40999984741211,46.565948486328125,734900
2002-05-23,53.29999923706055,54.189998626708984,53.20000076293945,54.0,47.08034133911133,733000
2002-05-24,53.349998474121094,53.84000015258789,52.959999084472656,52.959999084472656,46.17359924316406,889100
2002-05-28,52.5,52.900001525878906,52.0,52.099998474121094,45.423797607421875,1204500
2002-05-29,52.349998474121094,53.470001220703125,52.27000045776367,53.150001525878906,46.33924865722656,683200
2002-05-30,52.95000076293945,53.84000015258789,52.95000076293945,53.790000915527344,46.89724349975586,944800
2002-05-31,54.0,54.599998474121094,53.68000030517578,53.95000076293945,47.03675079345703,1216800
2002-06-03,54.040000915527344,54.2400016784668,53.29999923706055,53.400001525878906,46.557228088378906,928700
2002-06-04,53.29999923706055,53.369998931884766,52.06999969482422,52.650001525878906,45.9033317565918,1190300
2002-06-05,52.75,53.25,52.439998626708984,53.20000076293945,46.382850646972656,867700
2002-06-06,53.70000076293945,54.20000076293945,53.15999984741211,53.970001220703125,47.054168701171875,1444600
2002-06-07,53.29999923706055,54.779998779296875,53.29999923706055,54.34000015258789,47.37676239013672,1127300
2002-06-10,54.40999984741211,55.97999954223633,54.349998474121094,55.45000076293945,48.344520568847656,1134400
2002-06-11,56.099998474121094,56.900001525878906,55.849998474121094,56.0,48.824058532714844,2216900
2002-06-12,55.599998474121094,56.2400016784668,55.22999954223633,55.900001525878906,48.736846923828125,1006800
2002-06-13,56.099998474121094,57.09000015258789,56.02000045776367,56.7400016784668,49.513526916503906,1148200
2002-06-14,56.7400016784668,57.25,55.540000915527344,56.06999969482422,48.92884826660156,1462700
2002-06-17,56.25,56.75,56.20000076293945,56.619998931884766,49.4088134765625,1648300
2002-06-18,56.25,56.38999938964844,55.599998474121094,55.959999084472656,48.83285903930664,1190500
2002-06-19,55.86000061035156,56.22999954223633,55.2599983215332,55.400001525878906,48.34419250488281,1450700
2002-06-20,55.099998474121094,55.70000076293945,55.0,55.290000915527344,48.248191833496094,1332500
2002-06-21,55.04999923706055,56.66999816894531,55.04999923706055,56.38999938964844,49.20810317993164,2268700
2002-06-24,56.38999938964844,57.029998779296875,55.650001525878906,56.02000045776367,48.88520812988281,1526000
2002-06-25,51.04999923706055,52.5,47.41999816894531,48.0,41.88663864135742,14649800
2002-06-26,48.0099983215332,50.61000061035156,47.25,50.25,43.85009002685547,4947200
2002-06-27,51.349998474121094,52.119998931884766,51.04999923706055,51.58000183105469,45.01068878173828,2547700
2002-06-28,51.83000183105469,53.7599983215332,51.63999938964844,53.400001525878906,46.598907470703125,2175000
2002-07-01,53.400001525878906,53.7400016784668,52.209999084472656,52.400001525878906,45.726253509521484,1313100
2002-07-02,52.20000076293945,52.540000915527344,51.650001525878906,51.81999969482422,45.22012710571289,1938800
2002-07-03,52.0,53.06999969482422,52.0,52.810001373291016,46.08403396606445,1448700
2002-07-05,53.0,53.20000076293945,52.70000076293945,53.150001525878906,46.380733489990234,506400
2002-07-08,53.0,53.349998474121094,52.630001068115234,52.720001220703125,46.0055046081543,1435500
2002-07-09,52.91999816894531,53.91999816894531,52.900001525878906,53.09000015258789,46.32837677001953,1079700
2002-07-10,53.29999923706055,53.599998474121094,52.209999084472656,52.25,45.595375061035156,2148100
2002-07-11,51.75,52.04999923706055,50.25,50.439998626708984,44.01588439941406,2564900
2002-07-12,50.45000076293945,51.45000076293945,49.4900016784668,49.900001525878906,43.54466247558594,1520500
2002-07-15,49.939998626708984,50.849998474121094,48.560001373291016,50.779998779296875,44.312599182128906,2093000
2002-07-16,50.099998474121094,51.5,49.209999084472656,51.150001525878906,44.63547897338867,2293200
2002-07-17,51.70000076293945,52.099998474121094,49.90999984741211,50.66999816894531,44.216583251953125,1821100
2002-07-18,50.619998931884766,50.81999969482422,50.099998474121094,50.5099983215332,44.07695388793945,1661600
2002-07-19,50.25,50.5,48.779998779296875,49.209999084472656,42.942562103271484,3917600
2002-07-22,48.349998474121094,50.5,45.560001373291016,46.0,40.14137268066406,4937000
2002-07-23,46.150001525878906,47.4900016784668,45.2599983215332,45.9900016784668,40.13265609741211,3185800
2002-07-24,44.5,46.150001525878906,43.709999084472656,45.95000076293945,40.097747802734375,4137400
2002-07-25,45.95000076293945,47.400001525878906,45.0,46.7400016784668,40.787132263183594,2374600
2002-07-26,46.7400016784668,47.04999923706055,45.79999923706055,47.029998779296875,41.04020309448242,1050600
2002-07-29,47.70000076293945,49.68000030517578,47.650001525878906,49.619998931884766,43.300331115722656,1777700
2002-07-30,48.75,49.86000061035156,48.54999923706055,49.06999969482422,42.82038116455078,2137300
2002-07-31,49.099998474121094,50.95000076293945,48.88999938964844,50.95000076293945,44.460941314697266,2305800
2002-08-01,49.95000076293945,50.0,48.45000076293945,48.70000076293945,42.49748992919922,1723000
2002-08-02,48.689998626708984,48.689998626708984,45.84000015258789,46.720001220703125,40.76966857910156,1946800
2002-08-05,45.900001525878906,46.369998931884766,44.83000183105469,44.900001525878906,39.18146514892578,1551300
2002-08-06,45.79999923706055,48.0,45.75,47.02000045776367,41.031471252441406,1874800
2002-08-07,47.900001525878906,47.959999084472656,45.900001525878906,47.27000045776367,41.24961471557617,1496800
2002-08-08,47.400001525878906,48.72999954223633,46.75,48.290000915527344,42.13972091674805,1809500
2002-08-09,48.040000915527344,49.33000183105469,47.5,48.849998474121094,42.628387451171875,1105500
2002-08-12,48.04999923706055,48.099998474121094,47.0,47.540000915527344,41.4852294921875,1231800
2002-08-13,47.099998474121094,48.290000915527344,46.79999923706055,46.91999816894531,40.94419860839844,1112000
2002-08-14,47.0,48.56999969482422,46.349998474121094,48.38999938964844,42.22697830200195,1210000
2002-08-15,48.59000015258789,49.279998779296875,47.900001525878906,48.0,41.88663864135742,1656800
2002-08-16,47.79999923706055,49.599998474121094,47.619998931884766,48.95000076293945,42.71566390991211,1402700
2002-08-19,48.650001525878906,49.79999923706055,48.470001220703125,49.61000061035156,43.291622161865234,876600
2002-08-20,49.0,49.47999954223633,48.400001525878906,48.83000183105469,42.61093521118164,1039900
2002-08-21,48.83000183105469,49.279998779296875,48.459999084472656,49.150001525878906,42.89018630981445,1427000
2002-08-22,49.0,50.20000076293945,48.849998474121094,49.97999954223633,43.61447525024414,1090300
2002-08-23,49.9900016784668,50.2400016784668,48.400001525878906,48.619998931884766,42.42768096923828,678700
2002-08-26,48.5,48.54999923706055,47.11000061035156,48.04999923706055,41.9302864074707,1298800
2002-08-27,48.599998474121094,49.5,47.900001525878906,48.209999084472656,42.06987380981445,968900
2002-08-28,47.959999084472656,48.029998779296875,47.04999923706055,47.41999816894531,41.380531311035156,933600
2002-08-29,46.75,47.529998779296875,46.560001373291016,47.119998931884766,41.11874008178711,857100
2002-08-30,47.20000076293945,47.869998931884766,46.970001220703125,47.349998474121094,41.31943130493164,734300
2002-09-03,46.95000076293945,47.20000076293945,45.900001525878906,46.029998779296875,40.16755294799805,1619200
2002-09-04,46.279998779296875,47.54999923706055,46.06999969482422,47.5,41.45032501220703,1067800
2002-09-05,46.75,46.900001525878906,45.56999969482422,45.83000183105469,40.03515625,1614900
2002-09-06,46.25,46.849998474121094,46.099998474121094,46.5099983215332,40.62917709350586,1451800
2002-09-09,46.43000030517578,46.5,44.900001525878906,46.400001525878906,40.5330810546875,2746300
2002-09-10,46.400001525878906,46.75,45.790000915527344,46.0,40.183677673339844,1267400
2002-09-11,46.5,46.75,45.91999816894531,46.0,40.183677673339844,762300
2002-09-12,45.97999954223633,46.0,45.029998779296875,45.150001525878906,39.44113540649414,1213900
2002-09-13,44.95000076293945,44.95000076293945,44.06999969482422,44.5,38.87334060668945,2512500
2002-09-16,44.650001525878906,44.650001525878906,43.45000076293945,43.970001220703125,38.41033935546875,1261200
2002-09-17,44.900001525878906,45.349998474121094,44.029998779296875,44.400001525878906,38.78596878051758,1757000
2002-09-18,44.099998474121094,44.45000076293945,42.75,42.79999923706055,37.388282775878906,2278500
2002-09-19,45.0,48.599998474121094,44.95000076293945,47.7599983215332,41.72113800048828,6335400
2002-09-20,48.20000076293945,48.88999938964844,47.150001525878906,47.75,41.71238708496094,2646900
2002-09-23,47.75,49.25,47.310001373291016,48.79999923706055,42.629634857177734,1808600
2002-09-24,48.04999923706055,48.75,47.5,47.599998474121094,41.581363677978516,1744800
2002-09-25,48.599998474121094,49.650001525878906,47.9900016784668,49.400001525878906,43.15378189086914,1435800
2002-09-26,49.650001525878906,52.099998474121094,49.599998474121094,51.95000076293945,45.38134765625,2591900
2002-09-27,51.869998931884766,52.29999923706055,50.27000045776367,50.45000076293945,44.071006774902344,2290800
2002-09-30,50.45000076293945,50.45000076293945,48.0099983215332,50.06999969482422,43.73906326293945,3432100
2002-10-01,50.900001525878906,52.5,50.16999816894531,52.43000030517578,45.8006591796875,2226100
2002-10-02,51.9900016784668,52.54999923706055,50.5,51.150001525878906,44.682498931884766,2508200
2002-10-03,51.400001525878906,52.45000076293945,50.900001525878906,52.02000045776367,45.44248962402344,2288600
2002-10-04,51.970001220703125,51.97999954223633,49.959999084472656,51.060001373291016,44.6038818359375,2764800
2002-10-07,51.06999969482422,51.06999969482422,48.25,49.04999923706055,42.84803771972656,2935400
2002-10-08,49.75,49.9900016784668,48.459999084472656,49.060001373291016,42.856754302978516,2434100
2002-10-09,48.95000076293945,49.06999969482422,47.029998779296875,47.77000045776367,41.7298698425293,2798200
2002-10-10,47.720001220703125,50.439998626708984,47.40999984741211,49.91999816894531,43.60802459716797,1749100
2002-10-11,49.91999816894531,52.0,49.91999816894531,51.459999084472656,44.95329284667969,1911300
2002-10-14,51.209999084472656,52.0,50.849998474121094,51.380001068115234,44.883399963378906,1048200
2002-10-15,52.29999923706055,54.150001525878906,52.099998474121094,53.720001220703125,46.927528381347656,2365700
2002-10-16,52.63999938964844,53.09000015258789,51.72999954223633,52.45000076293945,45.81813049316406,2182700
2002-10-17,52.45000076293945,53.869998931884766,51.75,53.75,46.953758239746094,2081000
2002-10-18,53.369998931884766,53.599998474121094,51.900001525878906,53.34000015258789,46.59558868408203,2142100
2002-10-21,53.09000015258789,53.5,52.41999816894531,53.5,46.7353630065918,1411300
2002-10-22,53.02000045776367,53.349998474121094,51.959999084472656,53.25,46.516971588134766,1851200
2002-10-23,53.0,53.349998474121094,51.650001525878906,53.349998474121094,46.604331970214844,1509200
2002-10-24,53.349998474121094,53.75,52.5,52.779998779296875,46.10638427734375,1026800
2002-10-25,53.20000076293945,54.25,52.310001373291016,54.04999923706055,47.2158203125,1567500
2002-10-28,54.900001525878906,54.9900016784668,53.459999084472656,53.72999954223633,46.9362678527832,1378900
2002-10-29,53.59000015258789,54.099998474121094,51.75,52.599998474121094,45.949161529541016,3198900
2002-10-30,53.0,54.349998474121094,52.72999954223633,53.779998779296875,46.97996520996094,1981000
2002-10-31,53.599998474121094,54.029998779296875,52.619998931884766,53.189998626708984,46.46455764770508,1483300
2002-11-01,52.9900016784668,54.0099983215332,52.599998474121094,53.81999969482422,47.014888763427734,1170500
2002-11-04,53.95000076293945,54.25,53.189998626708984,53.2599983215332,46.52570343017578,1467800
2002-11-05,53.400001525878906,54.380001068115234,53.099998474121094,54.22999954223633,47.373050689697266,1443500
2002-11-06,54.150001525878906,54.95000076293945,53.880001068115234,54.599998474121094,47.69626998901367,1324400
2002-11-07,54.61000061035156,54.77000045776367,53.75,53.970001220703125,47.14592361450195,1972600
2002-11-08,53.970001220703125,54.75,53.869998931884766,54.599998474121094,47.69626998901367,1114300
2002-11-11,54.45000076293945,54.90999984741211,53.650001525878906,54.06999969482422,47.23328399658203,1564200
2002-11-12,53.400001525878906,54.5,53.369998931884766,53.599998474121094,46.82273483276367,1694800
2002-11-13,53.54999923706055,54.86000061035156,52.900001525878906,54.70000076293945,47.78364181518555,2550500
2002-11-14,55.0,56.2400016784668,55.0,56.119998931884766,49.02406311035156,2526700
2002-11-15,54.75,55.34000015258789,52.75,53.45000076293945,46.691673278808594,4210400
2002-11-18,53.56999969482422,54.0,53.08000183105469,53.22999954223633,46.49949645996094,1054400
2002-11-19,52.400001525878906,52.75,52.0,52.369998931884766,45.74824523925781,1326800
2002-11-20,52.119998931884766,52.9900016784668,51.599998474121094,52.79999923706055,46.123878479003906,1181600
2002-11-21,53.0,53.47999954223633,52.779998779296875,53.15999984741211,46.4383430480957,1274900
2002-11-22,53.040000915527344,53.70000076293945,52.369998931884766,52.7400016784668,46.07146453857422,1027600
2002-11-25,53.0,53.0099983215332,51.75,52.310001373291016,45.69583511352539,988600
2002-11-26,51.75,51.959999084472656,50.599998474121094,50.77000045776367,44.35053634643555,1307400
2002-11-27,50.880001068115234,53.20000076293945,50.79999923706055,52.59000015258789,45.940425872802734,1356600
2002-11-29,52.79999923706055,53.099998474121094,52.400001525878906,52.56999969482422,45.9229621887207,445400
2002-12-02,53.400001525878906,54.52000045776367,52.400001525878906,52.880001068115234,46.19374465942383,1873300
2002-12-03,52.90999984741211,52.95000076293945,52.099998474121094,52.529998779296875,45.88799285888672,980500
2002-12-04,52.29999923706055,53.849998474121094,52.029998779296875,53.27000045776367,46.53443145751953,1085900
2002-12-05,53.52000045776367,53.52000045776367,52.529998779296875,52.88999938964844,46.202484130859375,883100
2002-12-06,51.79999923706055,53.63999938964844,51.7599983215332,53.63999938964844,46.85763931274414,789800
2002-12-09,53.38999938964844,53.400001525878906,52.560001373291016,52.75,46.08021545410156,795000
2002-12-10,53.04999923706055,53.400001525878906,52.400001525878906,53.380001068115234,46.67477798461914,535700
2002-12-11,52.54999923706055,52.650001525878906,51.7400016784668,51.959999084472656,45.43315124511719,1208600
2002-12-12,51.900001525878906,52.150001525878906,51.29999923706055,52.040000915527344,45.50308609008789,935500
2002-12-13,51.849998474121094,52.900001525878906,51.63999938964844,52.099998474121094,45.55554962158203,1275100
2002-12-16,52.5,53.5,52.25,53.47999954223633,46.7622184753418,1307000
2002-12-17,53.349998474121094,53.900001525878906,53.130001068115234,53.599998474121094,46.86716079711914,1192500
2002-12-18,52.849998474121094,53.45000076293945,52.4900016784668,52.90999984741211,46.26382064819336,1953200
2002-12-19,52.90999984741211,54.599998474121094,52.84000015258789,53.95000076293945,47.173187255859375,1974000
2002-12-20,53.29999923706055,54.599998474121094,53.29999923706055,54.349998474121094,47.522926330566406,2592500
2002-12-23,54.349998474121094,54.95000076293945,54.18000030517578,54.33000183105469,47.505428314208984,1386000
2002-12-24,54.45000076293945,54.63999938964844,53.959999084472656,54.099998474121094,47.304325103759766,455300
2002-12-26,54.25,54.70000076293945,54.0,54.279998779296875,47.46173858642578,652700
2002-12-27,54.29999923706055,54.45000076293945,53.79999923706055,53.95000076293945,47.173187255859375,722500
2002-12-30,54.0,54.369998931884766,53.400001525878906,54.16999816894531,47.365543365478516,1121200
2002-12-31,54.04999923706055,54.5,53.33000183105469,54.220001220703125,47.40925216674805,936900
2003-01-02,54.36000061035156,55.560001373291016,54.22999954223633,55.560001373291016,48.58094024658203,1051200
2003-01-03,55.29999923706055,55.619998931884766,55.029998779296875,55.5,48.528480529785156,877800
2003-01-06,56.5,58.599998474121094,56.349998474121094,58.18000030517578,50.8718376159668,2995500
2003-01-07,58.0,58.29999923706055,57.84000015258789,57.95000076293945,50.670719146728516,2603200
2003-01-08,57.95000076293945,57.9900016784668,57.400001525878906,57.54999923706055,50.32097625732422,1520700
2003-01-09,57.7599983215332,58.099998474121094,57.380001068115234,57.65999984741211,50.417152404785156,1413100
2003-01-10,57.65999984741211,57.65999984741211,56.84000015258789,57.349998474121094,50.146080017089844,1855600
2003-01-13,57.599998474121094,57.849998474121094,57.099998474121094,57.56999969482422,50.33847427368164,1477200
2003-01-14,57.04999923706055,57.599998474121094,56.849998474121094,57.2599983215332,50.0673828125,1144000
2003-01-15,57.650001525878906,57.650001525878906,56.459999084472656,56.630001068115234,49.51654052734375,1407600
2003-01-16,56.43000030517578,56.779998779296875,55.7599983215332,56.11000061035156,49.06183624267578,1869900
2003-01-17,55.599998474121094,55.84000015258789,55.150001525878906,55.54999923706055,48.57219696044922,1120600
2003-01-21,55.79999923706055,56.2400016784668,54.349998474121094,54.47999954223633,47.6366081237793,1260400
2003-01-22,54.04999923706055,54.630001068115234,52.54999923706055,52.54999923706055,45.949031829833984,1947300
2003-01-23,52.79999923706055,52.97999954223633,51.5,52.52000045776367,45.92280197143555,2306500
2003-01-24,52.099998474121094,52.529998779296875,50.630001068115234,50.79999923706055,44.418861389160156,1664500
2003-01-27,51.349998474121094,52.4900016784668,51.25,51.650001525878906,45.162086486816406,2427400
2003-01-28,51.900001525878906,52.959999084472656,51.59000015258789,52.650001525878906,46.036468505859375,2414400
2003-01-29,52.20000076293945,52.95000076293945,51.400001525878906,52.29999923706055,45.730438232421875,1658400
2003-01-30,52.400001525878906,52.68000030517578,51.880001068115234,51.88999938964844,45.37192916870117,1191700
2003-01-31,51.88999938964844,53.0,51.540000915527344,52.599998474121094,45.99275588989258,1099600
2003-02-03,52.59000015258789,53.33000183105469,52.54999923706055,52.970001220703125,46.3162727355957,1244500
2003-02-04,52.97999954223633,52.97999954223633,51.5099983215332,52.029998779296875,45.494346618652344,1183500
2003-02-05,51.939998626708984,53.20000076293945,51.529998779296875,52.349998474121094,45.77415466308594,1088800
2003-02-06,52.099998474121094,52.97999954223633,52.099998474121094,52.68000030517578,46.06269836425781,1048300
2003-02-07,53.099998474121094,53.150001525878906,51.83000183105469,52.119998931884766,45.57305145263672,1029600
2003-02-10,51.79999923706055,52.11000061035156,51.02000045776367,51.93000030517578,45.406917572021484,1032200
2003-02-11,52.060001373291016,52.349998474121094,51.34000015258789,51.540000915527344,45.06591033935547,834100
2003-02-12,51.54999923706055,51.810001373291016,50.5,50.869998931884766,44.48006057739258,1057900
2003-02-13,50.849998474121094,50.95000076293945,49.900001525878906,50.45000076293945,44.11281967163086,1218300
2003-02-14,50.400001525878906,51.70000076293945,50.400001525878906,51.70000076293945,45.20581817626953,1291500
2003-02-18,51.900001525878906,52.54999923706055,51.900001525878906,52.15999984741211,45.60801315307617,997100
2003-02-19,52.20000076293945,52.20000076293945,51.529998779296875,51.70000076293945,45.20581817626953,802500
2003-02-20,51.70000076293945,51.70000076293945,50.84000015258789,50.95000076293945,44.55002212524414,1052900
2003-02-21,51.0,51.599998474121094,50.45000076293945,51.29999923706055,44.85604476928711,1362400
2003-02-24,50.95000076293945,50.959999084472656,49.20000076293945,49.439998626708984,43.22969055175781,1393800
2003-02-25,49.25,49.97999954223633,47.70000076293945,49.849998474121094,43.58819580078125,2210900
2003-02-26,49.849998474121094,50.900001525878906,49.7400016784668,50.20000076293945,43.894203186035156,1841900
2003-02-27,50.209999084472656,51.099998474121094,49.970001220703125,50.34000015258789,44.01665115356445,1271600
2003-02-28,50.29999923706055,51.72999954223633,50.279998779296875,51.400001525878906,44.943477630615234,1683000
2003-03-03,52.47999954223633,52.91999816894531,52.31999969482422,52.349998474121094,45.77415466308594,2154000
2003-03-04,52.349998474121094,52.36000061035156,51.709999084472656,51.7599983215332,45.25825881958008,1384700
2003-03-05,51.7599983215332,51.77000045776367,50.84000015258789,51.439998626708984,44.978458404541016,1471200
2003-03-06,51.38999938964844,51.5,50.75,51.029998779296875,44.66338348388672,1506600
2003-03-07,50.5,51.0,50.459999084472656,50.84000015258789,44.49708938598633,1906900
2003-03-10,50.5,50.75,49.560001373291016,49.61000061035156,43.42055130004883,1148100
2003-03-11,49.72999954223633,50.31999969482422,49.54999923706055,49.66999816894531,43.473045349121094,1116400
2003-03-12,49.58000183105469,49.900001525878906,48.18000030517578,49.0,42.88664245605469,2116000
2003-03-13,48.849998474121094,50.06999969482422,48.5,50.02000045776367,43.77936935424805,3163800
2003-03-14,49.75,50.08000183105469,48.619998931884766,49.79999923706055,43.586830139160156,1920100
2003-03-17,49.79999923706055,51.40999984741211,49.5099983215332,51.40999984741211,44.995967864990234,2210500
2003-03-18,51.900001525878906,51.959999084472656,51.16999816894531,51.68000030517578,45.2322883605957,1566100
2003-03-19,52.79999923706055,55.220001220703125,52.70000076293945,55.18000030517578,48.29561996459961,3981600
2003-03-20,55.18000030517578,57.349998474121094,55.18000030517578,56.79999923706055,49.7134895324707,4067500
2003-03-21,57.150001525878906,57.45000076293945,56.5,57.2599983215332,50.11609649658203,2163300
2003-03-24,56.349998474121094,56.400001525878906,55.0,55.459999084472656,48.54067611694336,2066300
2003-03-25,55.400001525878906,56.43000030517578,55.279998779296875,55.880001068115234,48.908287048339844,1728000
2003-03-26,55.880001068115234,56.68000030517578,55.65999984741211,56.20000076293945,49.1883659362793,1391400
2003-03-27,55.599998474121094,56.77000045776367,55.599998474121094,56.650001525878906,49.582218170166016,1682700
2003-03-28,56.150001525878906,56.65999984741211,55.40999984741211,56.5,49.45091247558594,1313900
2003-03-31,55.75,55.849998474121094,54.81999969482422,55.06999969482422,48.199317932128906,1549800
2003-04-01,55.099998474121094,55.68000030517578,54.400001525878906,55.25,48.35688781738281,1281500
2003-04-02,55.2599983215332,57.16999816894531,55.2599983215332,56.93000030517578,49.8272819519043,2671500
2003-04-03,57.349998474121094,57.349998474121094,56.04999923706055,56.08000183105469,49.08333206176758,2014200
2003-04-04,56.09000015258789,56.400001525878906,55.47999954223633,55.849998474121094,48.88203811645508,1264300
2003-04-07,56.900001525878906,57.31999969482422,56.11000061035156,56.119998931884766,49.11833572387695,1761700
2003-04-08,55.880001068115234,56.599998474121094,55.119998931884766,55.61000061035156,48.67197036743164,1367800
2003-04-09,56.0,56.7599983215332,55.52000045776367,55.97999954223633,48.99580383300781,2062300
2003-04-10,55.9900016784668,56.34000015258789,55.47999954223633,56.209999084472656,49.19711685180664,1654000
2003-04-11,57.099998474121094,57.9900016784668,56.540000915527344,57.459999084472656,50.29115295410156,2256400
2003-04-14,57.75,58.29999923706055,57.65999984741211,58.279998779296875,51.00885009765625,1748200
2003-04-15,58.279998779296875,59.529998779296875,57.45000076293945,59.45000076293945,52.03287887573242,2537700
2003-04-16,59.380001068115234,59.900001525878906,58.099998474121094,58.18000030517578,50.921329498291016,2974100
2003-04-17,58.099998474121094,58.900001525878906,57.79999923706055,58.900001525878906,51.55148696899414,1599000
2003-04-21,58.900001525878906,58.900001525878906,57.290000915527344,57.529998779296875,50.3524284362793,2154500
2003-04-22,57.529998779296875,58.70000076293945,57.5,58.54999923706055,51.24516677856445,2568800
2003-04-23,59.20000076293945,59.22999954223633,58.08000183105469,58.63999938964844,51.32392883300781,1525100
2003-04-24,58.150001525878906,59.5,57.9900016784668,59.279998779296875,51.88407897949219,2099100
2003-04-25,59.099998474121094,59.279998779296875,58.400001525878906,58.790000915527344,51.4552116394043,1359600
2003-04-28,58.70000076293945,60.0,58.630001068115234,59.93000030517578,52.452999114990234,1557600
2003-04-29,59.900001525878906,59.9900016784668,59.189998626708984,59.61000061035156,52.17290496826172,1684200
2003-04-30,59.58000183105469,60.11000061035156,59.0,59.880001068115234,52.409217834472656,2093200
2003-05-01,59.79999923706055,59.79999923706055,58.459999084472656,59.25,51.85783767700195,1418200
2003-05-02,58.75,60.900001525878906,58.619998931884766,60.7400016784668,53.16193771362305,2162200
2003-05-05,60.95000076293945,61.9900016784668,60.779998779296875,61.72999954223633,54.028419494628906,2439700
2003-05-06,61.45000076293945,62.06999969482422,61.25,61.65999984741211,53.96715545654297,2118200
2003-05-07,61.66999816894531,61.9900016784668,61.0,61.189998626708984,53.5557975769043,1799700
2003-05-08,60.9900016784668,61.29999923706055,60.68000030517578,60.779998779296875,53.196937561035156,1162800
2003-05-09,60.900001525878906,62.09000015258789,60.70000076293945,62.04999923706055,54.30848693847656,1552100
2003-05-12,61.88999938964844,63.70000076293945,61.56999969482422,63.34000015258789,55.43754577636719,1926300
2003-05-13,63.150001525878906,63.16999816894531,62.65999984741211,62.810001373291016,54.97366714477539,1467600
2003-05-14,62.810001373291016,62.869998931884766,61.75,61.77000045776367,54.06342697143555,1854600
2003-05-15,62.0,62.5,61.70000076293945,62.06999969482422,54.32600021362305,2289900
2003-05-16,62.06999969482422,62.5,61.220001220703125,62.5,54.702362060546875,1398400
2003-05-19,62.0,62.099998474121094,60.54999923706055,60.779998779296875,53.196937561035156,1465800
2003-05-20,60.779998779296875,61.150001525878906,60.45000076293945,61.0,53.389495849609375,1573700
2003-05-21,60.66999816894531,60.77000045776367,59.58000183105469,59.900001525878906,52.42675018310547,1986500
2003-05-22,59.900001525878906,60.5,59.81999969482422,60.16999816894531,52.66305923461914,1618900
2003-05-23,60.29999923706055,61.220001220703125,60.060001373291016,61.13999938964844,53.51202392578125,998000
2003-05-27,61.0,62.2599983215332,60.65999984741211,62.09000015258789,54.343505859375,1355200
2003-05-28,62.29999923706055,62.810001373291016,61.93000030517578,62.220001220703125,54.457279205322266,1249800
2003-05-29,62.099998474121094,62.970001220703125,62.0,62.630001068115234,54.81614685058594,1779700
2003-05-30,62.630001068115234,64.3499984741211,62.630001068115234,63.97999954223633,55.997711181640625,1810000
2003-06-02,63.9900016784668,65.25,63.810001373291016,64.61000061035156,56.54909896850586,2497700
2003-06-03,63.0,63.95000076293945,62.77000045776367,62.9900016784668,55.13121795654297,4223000
2003-06-04,62.0,64.4000015258789,62.0,64.2300033569336,56.21651840209961,2599000
2003-06-05,63.70000076293945,64.5,63.16999816894531,64.5,56.45281219482422,1591000
2003-06-06,64.93000030517578,65.3499984741211,62.810001373291016,63.209999084472656,55.32377243041992,2140300
2003-06-09,63.0,63.45000076293945,62.36000061035156,62.79999923706055,54.96492004394531,1092400
2003-06-10,63.459999084472656,64.01000213623047,63.20000076293945,63.66999816894531,55.770782470703125,1444700
2003-06-11,63.79999923706055,64.5,63.34000015258789,64.48999786376953,56.48905563354492,1033500
2003-06-12,64.61000061035156,64.98999786376953,64.19999694824219,64.97000122070312,56.90950012207031,1991300
2003-06-13,64.9000015258789,64.94999694824219,63.66999816894531,63.86000061035156,55.93721389770508,1236000
2003-06-16,63.86000061035156,65.13999938964844,63.779998779296875,65.13999938964844,57.05839538574219,1680200
2003-06-17,65.1500015258789,65.3499984741211,64.19999694824219,64.5,56.49781036376953,1450900
2003-06-18,64.51000213623047,64.98999786376953,63.880001068115234,64.5,56.49781036376953,983700
2003-06-19,64.69999694824219,64.94999694824219,63.45000076293945,63.52000045776367,55.639400482177734,1115200
2003-06-20,63.72999954223633,64.2300033569336,62.5,63.0099983215332,55.192665100097656,1876200
2003-06-23,63.20000076293945,63.41999816894531,61.9900016784668,61.9900016784668,54.299224853515625,1752900
2003-06-24,61.0099983215332,61.04999923706055,60.099998474121094,60.470001220703125,52.96778869628906,3916900
2003-06-25,60.470001220703125,60.5,59.0099983215332,59.70000076293945,52.2933235168457,2406200
2003-06-26,59.20000076293945,62.689998626708984,59.20000076293945,62.41999816894531,54.67585754394531,2923900
2003-06-27,62.43000030517578,63.09000015258789,62.15999984741211,62.540000915527344,54.780982971191406,2557500
2003-06-30,62.650001525878906,62.849998474121094,61.310001373291016,62.029998779296875,54.334259033203125,2203400
2003-07-01,61.599998474121094,61.81999969482422,60.63999938964844,61.59000015258789,53.948848724365234,2038700
2003-07-02,61.2599983215332,62.189998626708984,61.2599983215332,62.16999816894531,54.45689392089844,1437000
2003-07-03,62.18000030517578,62.18000030517578,61.5099983215332,61.52000045776367,53.88752746582031,720300
2003-07-07,61.650001525878906,63.0,61.630001068115234,62.970001220703125,55.15763473510742,1933500
2003-07-08,62.400001525878906,64.5,62.400001525878906,64.33000183105469,56.348899841308594,1829100
2003-07-09,64.25,64.5,63.5099983215332,64.36000061035156,56.37517166137695,1517700
2003-07-10,64.27999877929688,64.48999786376953,63.529998779296875,63.84000015258789,55.919708251953125,1461200
2003-07-11,63.720001220703125,63.790000915527344,63.06999969482422,63.7400016784668,55.832115173339844,1325600
2003-07-14,64.3499984741211,64.91000366210938,64.04000091552734,64.30000305175781,56.32263946533203,1190600
2003-07-15,64.5,64.75,63.880001068115234,64.31999969482422,56.34015655517578,1069700
2003-07-16,64.31999969482422,64.48999786376953,63.38999938964844,64.0999984741211,56.14744186401367,1447400
2003-07-17,64.08000183105469,64.1500015258789,63.630001068115234,64.12000274658203,56.16496276855469,1140900
2003-07-18,64.12000274658203,65.5,63.7599983215332,65.31999969482422,57.21608352661133,1812300
2003-07-21,65.31999969482422,66.01000213623047,65.0199966430664,66.0,57.811710357666016,1776900
2003-07-22,65.9000015258789,65.9000015258789,64.62000274658203,64.98999786376953,56.92704391479492,2423200
2003-07-23,64.95999908447266,65.02999877929688,64.16000366210938,64.95999908447266,56.9007453918457,869000
2003-07-24,65.19999694824219,65.5,64.4000015258789,64.55000305175781,56.5416145324707,1210900
2003-07-25,64.61000061035156,65.30999755859375,63.7599983215332,65.25,57.154754638671875,1641400
2003-07-28,65.05000305175781,65.3499984741211,64.19999694824219,65.16000366210938,57.07594299316406,1654300
2003-07-29,65.0999984741211,65.44999694824219,64.48999786376953,64.83000183105469,56.78688049316406,1523300
2003-07-30,64.83999633789062,64.83999633789062,63.310001373291016,63.83000183105469,55.91094207763672,2059000
2003-07-31,64.05999755859375,65.13999938964844,63.75,64.38999938964844,56.401458740234375,1821700
2003-08-01,63.84000015258789,65.0,63.84000015258789,64.66000366210938,56.63795471191406,1466300
2003-08-04,64.5,64.87999725341797,64.01000213623047,64.69999694824219,56.672996520996094,1277800
2003-08-05,64.68000030517578,64.93000030517578,63.95000076293945,64.01000213623047,56.06861877441406,1502700
2003-08-06,63.77000045776367,64.80000305175781,63.689998626708984,64.25,56.27882385253906,1475800
2003-08-07,64.16000366210938,64.63999938964844,63.81999969482422,64.37000274658203,56.38394546508789,947500
2003-08-08,64.5999984741211,65.4000015258789,64.4000015258789,65.19999694824219,57.110965728759766,1716300
2003-08-11,65.4000015258789,66.12000274658203,65.27999877929688,66.01000213623047,57.82046890258789,1388600
2003-08-12,66.25,66.9800033569336,65.98999786376953,66.87999725341797,58.5825309753418,1228200
2003-08-13,66.9800033569336,67.12000274658203,66.55000305175781,66.87000274658203,58.573768615722656,1164300
2003-08-14,67.08999633789062,67.4800033569336,66.6500015258789,67.0,58.687644958496094,885700
2003-08-15,67.0,67.38999938964844,64.91999816894531,67.36000061035156,59.00300598144531,348100
2003-08-18,67.33999633789062,67.69999694824219,67.30999755859375,67.56999969482422,59.18693542480469,985700
2003-08-19,67.58000183105469,68.26000213623047,67.56999969482422,68.1500015258789,59.694984436035156,1318200
2003-08-20,68.1500015258789,68.25,67.41999816894531,67.56999969482422,59.18693542480469,1162700
2003-08-21,67.66000366210938,68.94999694824219,67.62000274658203,68.33000183105469,59.85263442993164,1323200
2003-08-22,68.55000305175781,68.95999908447266,66.81999969482422,67.08999633789062,58.766475677490234,1469600
2003-08-25,67.30000305175781,67.37000274658203,66.08999633789062,66.37000274658203,58.13580322265625,1386500
2003-08-26,66.0,66.30999755859375,65.4000015258789,66.08000183105469,57.88178253173828,1307400
2003-08-27,66.06999969482422,66.08999633789062,65.55000305175781,65.9000015258789,57.724117279052734,739400
2003-08-28,66.05000305175781,67.13999938964844,65.66000366210938,67.02999877929688,58.71392822265625,1072200
2003-08-29,67.04000091552734,67.47000122070312,66.73999786376953,67.0999984741211,58.77524185180664,758600
2003-09-02,67.30000305175781,68.44999694824219,66.97000122070312,68.29000091552734,59.81761169433594,1232300
2003-09-03,68.29000091552734,68.29000091552734,67.37000274658203,67.94999694824219,59.519771575927734,1835600
2003-09-04,67.95999908447266,67.95999908447266,66.87999725341797,67.25,58.906646728515625,1194900
2003-09-05,66.54000091552734,67.19999694824219,66.31999969482422,66.68000030517578,58.4073371887207,1006300
2003-09-08,66.81999969482422,67.2300033569336,66.08000183105469,66.55999755859375,58.34599685668945,1576200
2003-09-09,66.05000305175781,66.19999694824219,65.76000213623047,65.76000213623047,57.64472198486328,1253900
2003-09-10,65.72000122070312,65.91000366210938,65.0,65.12000274658203,57.08371353149414,1485600
2003-09-11,65.12000274658203,65.63999938964844,64.51000213623047,65.26000213623047,57.206424713134766,1335800
2003-09-12,65.08000183105469,65.3499984741211,64.30000305175781,65.23999786376953,57.18889236450195,1151000
2003-09-15,65.38999938964844,65.58999633789062,64.66999816894531,64.9800033569336,56.96097946166992,1720100
2003-09-16,65.22000122070312,66.19000244140625,65.06999969482422,66.08000183105469,57.92522048950195,1237600
2003-09-17,65.5,66.6500015258789,65.01000213623047,66.51000213623047,58.30215835571289,2293400
2003-09-18,66.55000305175781,69.0,66.3499984741211,68.5999984741211,60.13423538208008,2194500
2003-09-19,66.91000366210938,67.86000061035156,66.0,66.25,58.07423400878906,3682800
2003-09-22,66.01000213623047,66.4000015258789,65.54000091552734,65.98999786376953,57.84634780883789,1047300
2003-09-23,66.19000244140625,67.20999908447266,65.88999938964844,66.69999694824219,58.468719482421875,1027600
2003-09-24,66.62999725341797,67.0199966430664,65.12000274658203,65.19000244140625,57.14506912231445,1156800
2003-09-25,65.11000061035156,65.52999877929688,64.30000305175781,64.30000305175781,56.36489486694336,1378000
2003-09-26,64.37000274658203,64.44000244140625,63.70000076293945,63.790000915527344,55.9178466796875,1445200
2003-09-29,63.88999938964844,65.05999755859375,63.70000076293945,64.81999969482422,56.82072448730469,932000
2003-09-30,64.81999969482422,65.18000030517578,63.900001525878906,64.43000030517578,56.47884750366211,1229200
2003-10-01,64.87999725341797,65.86000061035156,64.51000213623047,65.76000213623047,57.64472198486328,1277800
2003-10-02,65.75,65.75,64.68000030517578,65.44000244140625,57.36420822143555,1154200
2003-10-03,66.19999694824219,67.5,66.12999725341797,66.91000366210938,58.65278625488281,1665200
2003-10-06,67.06999969482422,68.0,66.9800033569336,67.80000305175781,59.4329833984375,1055600
2003-10-07,67.55000305175781,67.55999755859375,66.86000061035156,67.37000274658203,59.056053161621094,1208400
2003-10-08,67.37000274658203,67.7699966430664,67.30000305175781,67.58999633789062,59.24885940551758,747700
2003-10-09,68.61000061035156,69.5199966430664,68.05000305175781,68.80000305175781,60.309566497802734,1713500
2003-10-10,68.98999786376953,68.98999786376953,68.12999725341797,68.55999755859375,60.09918212890625,1085200
2003-10-13,69.69999694824219,71.55000305175781,69.54000091552734,71.3499984741211,62.54487228393555,3991400
2003-10-14,71.33999633789062,73.73999786376953,71.19999694824219,73.6500015258789,64.56103515625,4101300
2003-10-15,73.8499984741211,74.0,72.72000122070312,73.2699966430664,64.22796630859375,1977800
2003-10-16,73.0999984741211,73.98999786376953,73.08000183105469,73.91000366210938,64.78892517089844,1670100
2003-10-17,73.98999786376953,73.98999786376953,72.58000183105469,72.94999694824219,63.947425842285156,1472100
2003-10-20,72.9000015258789,72.9000015258789,72.08000183105469,72.58999633789062,63.6318359375,1415400
2003-10-21,72.4000015258789,72.79000091552734,72.04000091552734,72.5999984741211,63.640602111816406,2477900
2003-10-22,72.4000015258789,72.43000030517578,71.83000183105469,72.19000244140625,63.28118896484375,1253700
2003-10-23,72.08999633789062,72.3499984741211,71.55000305175781,72.1500015258789,63.246131896972656,1430200
2003-10-24,72.1500015258789,72.55999755859375,71.6500015258789,72.55999755859375,63.60552978515625,1200000
2003-10-27,72.80999755859375,73.5999984741211,71.81999969482422,72.0,63.114646911621094,1363300
2003-10-28,72.5,73.16999816894531,71.94999694824219,73.16999816894531,64.14026641845703,1377700
2003-10-29,73.0,73.11000061035156,72.4000015258789,73.04000091552734,64.02632141113281,906800
2003-10-30,73.75,74.3499984741211,73.5,73.91999816894531,64.79771423339844,1508600
2003-10-31,74.0,75.95999908447266,73.80000305175781,75.76000213623047,66.41063690185547,2932700
2003-11-03,75.7699966430664,76.61000061035156,75.61000061035156,76.26000213623047,66.84893798828125,1880000
2003-11-04,76.30999755859375,76.37999725341797,75.91999816894531,76.01000213623047,66.62976837158203,1380500
2003-11-05,75.9000015258789,76.41999816894531,75.4000015258789,75.97000122070312,66.5947265625,1033600
2003-11-06,75.94000244140625,77.55000305175781,75.62999725341797,77.16000366210938,67.63786315917969,1066000
2003-11-07,77.16000366210938,78.05000305175781,76.83999633789062,76.9000015258789,67.40995788574219,1136200
2003-11-10,77.1500015258789,77.4000015258789,76.5199966430664,76.68000030517578,67.21707916259766,968900
2003-11-11,76.56999969482422,76.87999725341797,75.83000183105469,76.05999755859375,66.67362213134766,883800
2003-11-12,76.05999755859375,76.41999816894531,75.69000244140625,76.37999725341797,66.9541015625,1326900
2003-11-13,76.19000244140625,77.19000244140625,75.9000015258789,77.08000183105469,67.56771850585938,1204500
2003-11-14,77.0199966430664,77.38999938964844,76.37000274658203,76.9000015258789,67.40995788574219,1077200
2003-11-17,76.9000015258789,76.9000015258789,75.75,76.01000213623047,66.62976837158203,1644300
2003-11-18,76.08999633789062,76.3499984741211,75.02999877929688,75.04000091552734,65.77950286865234,1065100
2003-11-19,75.02999877929688,75.30999755859375,74.56999969482422,74.9000015258789,65.65680694580078,1208200
2003-11-20,74.4000015258789,75.0,74.19999694824219,74.41000366210938,65.22723388671875,1232400
2003-11-21,72.75,73.1500015258789,70.06999969482422,70.4800033569336,61.78223419189453,6087600
2003-11-24,71.0,71.33999633789062,70.25,71.23999786376953,62.44843292236328,2849800
2003-11-25,70.98999786376953,72.12000274658203,70.69999694824219,71.87999725341797,63.009429931640625,1424700
2003-11-26,72.05000305175781,72.66000366210938,71.18000030517578,71.73999786376953,62.88671875,1055800
2003-11-28,71.98999786376953,72.7699966430664,71.87999725341797,72.69999694824219,63.728275299072266,631900
2003-12-01,73.05999755859375,74.44000244140625,72.9000015258789,73.5,64.42955780029297,1377300
2003-12-02,73.44999694824219,74.30000305175781,73.11000061035156,73.58000183105469,64.49966430664062,1410300
2003-12-03,73.83000183105469,74.01000213623047,73.19000244140625,73.19000244140625,64.15780639648438,1874500
2003-12-04,73.19000244140625,73.44999694824219,72.19000244140625,72.91000366210938,63.91239929199219,1512500
2003-12-05,72.91999816894531,73.37999725341797,72.5,72.52999877929688,63.57923126220703,1006100
2003-12-08,72.44000244140625,73.0199966430664,71.69999694824219,72.23999786376953,63.325035095214844,1998600
2003-12-09,72.37000274658203,72.62000274658203,71.63999938964844,71.76000213623047,62.90428924560547,1199700
2003-12-10,72.05000305175781,72.3499984741211,71.33999633789062,72.04000091552734,63.202579498291016,842500
2003-12-11,72.3499984741211,73.44999694824219,72.30999755859375,73.19000244140625,64.21150970458984,1075700
2003-12-12,73.19000244140625,73.95999908447266,72.69000244140625,73.75,64.7027587890625,1026400
2003-12-15,74.69999694824219,75.1500015258789,74.06999969482422,74.16000366210938,65.0625,1334500
2003-12-16,74.16000366210938,74.62000274658203,73.68000030517578,74.30999755859375,65.194091796875,1051500
2003-12-17,72.94999694824219,72.94999694824219,70.11000061035156,71.01000213623047,62.29890060424805,4075900
2003-12-18,70.19999694824219,70.33999633789062,67.80000305175781,69.69999694824219,61.14960861206055,7426800
2003-12-19,69.69999694824219,70.19999694824219,68.86000061035156,69.43000030517578,60.912750244140625,2322900
2003-12-22,69.12999725341797,69.41999816894531,68.7699966430664,69.30000305175781,60.798675537109375,1387300
2003-12-23,69.30000305175781,69.56999969482422,68.5999984741211,68.98999786376953,60.52671813964844,1483000
2003-12-24,68.72000122070312,68.98999786376953,68.69999694824219,68.81999969482422,60.37754440307617,566000
2003-12-26,68.91999816894531,69.05000305175781,68.44000244140625,68.86000061035156,60.41264724731445,363600
2003-12-29,68.9800033569336,69.95999908447266,68.94000244140625,69.94000244140625,61.360145568847656,1559500
2003-12-30,70.0,70.0,68.19999694824219,69.0,60.53550338745117,2497000
2003-12-31,68.98999786376953,68.98999786376953,67.05999755859375,67.5,59.21949768066406,3188500
2004-01-02,67.69999694824219,68.62000274658203,67.54000091552734,67.88999938964844,59.56165313720703,1398300
2004-01-05,68.4000015258789,68.58999633789062,67.80000305175781,67.94999694824219,59.614288330078125,3520700
2004-01-06,67.95999908447266,68.01000213623047,67.54000091552734,67.5999984741211,59.30720520019531,3129300
2004-01-07,67.5999984741211,67.73999786376953,66.68000030517578,66.93000030517578,58.71943283081055,3475500
2004-01-08,66.97000122070312,67.22000122070312,65.9000015258789,66.37999725341797,58.23688507080078,3543200
2004-01-09,66.19999694824219,66.47000122070312,64.83999633789062,65.04000091552734,57.061279296875,3394100
2004-01-12,66.5,68.43000030517578,66.02999877929688,68.19000244140625,59.824867248535156,4607500
2004-01-13,68.9000015258789,69.52999877929688,68.2699966430664,69.0,60.53550338745117,3985700
2004-01-14,69.38999938964844,69.58999633789062,68.68000030517578,69.04000091552734,60.57058334350586,1221900
2004-01-15,69.19999694824219,69.5999984741211,68.77999877929688,69.31999969482422,60.81627655029297,1339800
2004-01-16,69.5,69.94999694824219,69.05000305175781,69.94000244140625,61.360145568847656,1866400
2004-01-20,70.0,70.4000015258789,69.12000274658203,69.19999694824219,60.71095275878906,1186400
2004-01-21,69.19000244140625,70.31999969482422,69.01000213623047,70.0,61.41280746459961,1317400
2004-01-22,69.93000030517578,69.93000030517578,69.01000213623047,69.54000091552734,61.00924301147461,1495700
2004-01-23,69.63999938964844,69.80000305175781,69.19999694824219,69.62999725341797,61.088199615478516,1118900
2004-01-26,69.4800033569336,69.68000030517578,68.30000305175781,69.55000305175781,61.018035888671875,1454800
2004-01-27,69.30000305175781,70.12999725341797,69.01000213623047,69.25,60.75485610961914,1267900
2004-01-28,69.19999694824219,69.19999694824219,68.19999694824219,68.33999633789062,59.956451416015625,1644700
2004-01-29,68.33999633789062,68.58999633789062,67.55999755859375,68.30000305175781,59.92138671875,1248300
2004-01-30,68.30999755859375,68.30999755859375,67.16000366210938,67.27999877929688,59.0264892578125,1006700
2004-02-02,67.3499984741211,67.56999969482422,66.70999908447266,67.16999816894531,58.929996490478516,1642100
2004-02-03,67.16999816894531,67.8499984741211,66.37000274658203,66.7699966430664,58.57905197143555,1140300
2004-02-04,66.30000305175781,66.72000122070312,65.11000061035156,65.2300033569336,57.22798538208008,2541100
2004-02-05,65.38999938964844,65.69999694824219,64.91000366210938,64.91999816894531,56.955997467041016,2537200
2004-02-06,65.02999877929688,66.41000366210938,64.95999908447266,66.12999725341797,58.01754379272461,1820600
2004-02-09,67.0999984741211,68.04000091552734,66.58000183105469,67.6500015258789,59.35109329223633,2427600
2004-02-10,67.75,68.5999984741211,67.4000015258789,68.5999984741211,60.18455123901367,1562500
2004-02-11,68.3499984741211,69.97000122070312,68.0199966430664,69.80999755859375,61.24612808227539,1950200
2004-02-12,69.30000305175781,69.41999816894531,68.5999984741211,69.37000274658203,60.860103607177734,1000200
2004-02-13,69.25,69.69999694824219,68.69999694824219,68.91000366210938,60.45652389526367,1260600
2004-02-17,69.19999694824219,69.4000015258789,68.43000030517578,69.27999877929688,60.7811393737793,1068200
2004-02-18,68.97000122070312,69.08999633789062,68.5199966430664,68.69999694824219,60.272254943847656,916300
2004-02-19,69.02999877929688,69.55000305175781,68.70999908447266,68.7699966430664,60.33369064331055,918900
2004-02-20,68.9000015258789,69.30999755859375,68.7300033569336,69.01000213623047,60.544273376464844,1217100
2004-02-23,69.02999877929688,69.25,68.19000244140625,68.63999938964844,60.219627380371094,921600
2004-02-24,68.05000305175781,68.9000015258789,68.05000305175781,68.7699966430664,60.33369064331055,1370300
2004-02-25,68.30000305175781,68.87999725341797,68.2699966430664,68.55999755859375,60.14945983886719,1173500
2004-02-26,68.62999725341797,69.0999984741211,68.37000274658203,68.77999877929688,60.34250259399414,1177500
2004-02-27,68.9000015258789,69.5,68.55000305175781,68.68000030517578,60.254764556884766,1229300
2004-03-01,68.69000244140625,69.19000244140625,68.26000213623047,69.18000030517578,60.69337844848633,1435300
2004-03-02,69.19000244140625,69.69999694824219,68.98999786376953,69.44000244140625,60.92152404785156,1295700
2004-03-03,69.37000274658203,69.5999984741211,68.62999725341797,69.23999786376953,60.746063232421875,997300
2004-03-04,69.25,69.25,68.37000274658203,68.75,60.31616973876953,998700
2004-03-05,68.25,69.62999725341797,68.19999694824219,69.5,60.97415542602539,1400800
2004-03-08,69.41000366210938,69.9000015258789,68.95999908447266,69.0199966430664,60.55303955078125,864700
2004-03-09,68.95999908447266,69.31999969482422,68.22000122070312,68.55000305175781,60.193031311035156,1198200
2004-03-10,68.48999786376953,68.48999786376953,66.0,66.19999694824219,58.12950134277344,2332400
2004-03-11,66.19999694824219,67.5999984741211,65.87999725341797,66.2699966430664,58.19098663330078,2076200
2004-03-12,66.5999984741211,67.95999908447266,66.54000091552734,67.83999633789062,59.56956100463867,1492700
2004-03-15,67.7300033569336,67.7300033569336,67.0,67.0999984741211,58.919795989990234,1343000
2004-03-16,68.0,68.5,67.38999938964844,68.43000030517578,60.087642669677734,1983200
2004-03-17,68.75,72.45999908447266,68.75,71.58999633789062,62.862396240234375,5887100
2004-03-18,71.6500015258789,72.25,71.12999725341797,71.9800033569336,63.20484924316406,2303200
2004-03-19,71.5,72.05000305175781,71.26000213623047,71.27999877929688,62.590206146240234,1539100
2004-03-22,71.29000091552734,71.7300033569336,70.9000015258789,71.06999969482422,62.40580749511719,1634300
2004-03-23,71.44999694824219,72.06999969482422,71.0999984741211,71.58999633789062,62.862396240234375,1717600
2004-03-24,71.5999984741211,71.76000213623047,70.52999877929688,71.05000305175781,62.388248443603516,1766300
2004-03-25,71.5,73.05000305175781,71.37000274658203,73.01000213623047,64.10929870605469,1915500
2004-03-26,72.5999984741211,73.38999938964844,72.2300033569336,72.79000091552734,63.91614532470703,1570800
2004-03-29,73.0,74.73999786376953,72.7699966430664,73.98999786376953,64.96981811523438,2161800
2004-03-30,74.19999694824219,74.75,73.27999877929688,74.62000274658203,65.52303314208984,1471400
2004-03-31,74.62000274658203,75.26000213623047,74.2300033569336,75.16000366210938,65.9972152709961,1678000
2004-04-01,74.97000122070312,75.55000305175781,74.47000122070312,74.80000305175781,65.68107604980469,1815700
2004-04-02,75.54000091552734,76.06999969482422,75.12999725341797,76.06999969482422,66.79627227783203,1470500
2004-04-05,75.5,76.0,74.91000366210938,75.54000091552734,66.33085632324219,1379300
2004-04-06,75.37000274658203,75.94999694824219,74.7699966430664,75.73999786376953,66.50648498535156,1499000
2004-04-07,75.73999786376953,75.73999786376953,74.61000061035156,75.05999755859375,65.90937805175781,1222600
2004-04-08,75.5999984741211,75.5999984741211,73.31999969482422,73.81999969482422,64.82054138183594,2577200
2004-04-12,74.27999877929688,75.19000244140625,73.93000030517578,74.80999755859375,65.68985748291016,954200
2004-04-13,75.1500015258789,75.3499984741211,74.1500015258789,74.31999969482422,65.25961303710938,1169900
2004-04-14,73.94999694824219,75.0,73.81999969482422,74.76000213623047,65.64595031738281,1112600
2004-04-15,74.95999908447266,75.63999938964844,74.4800033569336,74.94999694824219,65.81279754638672,1023800
2004-04-16,75.29000091552734,75.30000305175781,74.12999725341797,74.5,65.41767120361328,1263900
2004-04-19,74.19999694824219,74.37000274658203,73.56999969482422,73.87999725341797,64.87323760986328,877500
2004-04-20,73.94999694824219,74.3499984741211,73.02999877929688,73.02999877929688,64.12686920166016,767500
2004-04-21,72.95999908447266,74.08999633789062,72.55000305175781,73.83000183105469,64.829345703125,915400
2004-04-22,73.62999725341797,75.66000366210938,73.4800033569336,75.37999725341797,66.19035339355469,1581700
2004-04-23,75.0999984741211,75.0999984741211,73.55000305175781,74.1500015258789,65.11033630371094,1454700
2004-04-26,74.19999694824219,74.72000122070312,72.70999908447266,72.9800033569336,64.0829849243164,1653200
2004-04-27,73.36000061035156,74.7300033569336,73.36000061035156,74.19999694824219,65.15421295166016,1558300
2004-04-28,74.23999786376953,74.30000305175781,73.02999877929688,73.06999969482422,64.16197204589844,795000
2004-04-29,73.30000305175781,73.58000183105469,72.0,72.33999633789062,63.520992279052734,1236900
2004-04-30,72.5999984741211,72.5999984741211,71.5999984741211,71.91000366210938,63.1434211730957,1198900
2004-05-03,72.0999984741211,73.02999877929688,71.9000015258789,72.83000183105469,63.95124053955078,914600
2004-05-04,72.83000183105469,73.73999786376953,72.44000244140625,73.05999755859375,64.15322875976562,962900
2004-05-05,73.16999816894531,73.16999816894531,72.08999633789062,73.08999633789062,64.17955017089844,841500
2004-05-06,72.6500015258789,72.9000015258789,71.83000183105469,72.33000183105469,63.51219940185547,744400
2004-05-07,71.5199966430664,72.23999786376953,71.12999725341797,71.62000274658203,62.88873291015625,988600
2004-05-10,71.4000015258789,71.4800033569336,70.20999908447266,70.68000030517578,62.063350677490234,1422000
2004-05-11,70.9000015258789,71.22000122070312,69.91000366210938,71.18000030517578,62.50239944458008,1228800
2004-05-12,71.0,71.44999694824219,69.75,71.30000305175781,62.60777282714844,1439600
2004-05-13,71.19999694824219,71.23999786376953,70.27999877929688,70.62999725341797,62.01944351196289,1070700
2004-05-14,70.62999725341797,71.33999633789062,70.05999755859375,71.0,62.3443489074707,1018500
2004-05-17,70.75,70.87999725341797,69.3499984741211,70.55000305175781,61.94919967651367,1107600
2004-05-18,70.69999694824219,71.88999938964844,70.5,71.7300033569336,62.98533630371094,1163300
2004-05-19,72.0,72.30999755859375,71.01000213623047,71.23999786376953,62.55508804321289,997800
2004-05-20,71.16999816894531,71.29000091552734,70.4800033569336,71.01000213623047,62.35311508178711,707200
2004-05-21,71.5,71.5,70.30000305175781,70.63999938964844,62.02824020385742,1118000
2004-05-24,71.05000305175781,72.11000061035156,70.93000030517578,71.9000015258789,63.1346435546875,993200
2004-05-25,72.0,74.0,71.38999938964844,73.7699966430664,64.7765884399414,1380200
2004-05-26,73.69999694824219,74.11000061035156,73.01000213623047,73.9000015258789,64.89079284667969,1129200
2004-05-27,74.4000015258789,74.5999984741211,72.48999786376953,73.23999786376953,64.31126403808594,1473100
2004-05-28,73.3499984741211,73.8499984741211,73.05999755859375,73.58000183105469,64.60980224609375,577100
2004-06-01,73.41000366210938,73.41000366210938,72.27999877929688,72.81999969482422,63.94244384765625,1119500
2004-06-02,72.8499984741211,73.8499984741211,72.8499984741211,73.7699966430664,64.7765884399414,912400
2004-06-03,73.5,74.33999633789062,73.13999938964844,74.16000366210938,65.11909484863281,1259900
2004-06-04,74.55000305175781,74.69999694824219,73.80999755859375,74.22000122070312,65.17179870605469,808200
2004-06-07,74.45999908447266,75.83000183105469,74.29000091552734,75.69999694824219,66.47137451171875,1159600
2004-06-08,75.69999694824219,76.47000122070312,75.31999969482422,76.47000122070312,67.20964050292969,1267200
2004-06-09,76.47000122070312,76.47000122070312,75.80000305175781,76.01000213623047,66.80534362792969,812000
2004-06-10,77.4000015258789,77.9000015258789,76.18000030517578,76.94000244140625,67.62271881103516,1917900
2004-06-14,76.5999984741211,77.3499984741211,76.20999908447266,76.69000244140625,67.40303039550781,1034400
2004-06-15,76.94000244140625,77.80000305175781,76.80000305175781,77.4000015258789,68.02703094482422,1259600
2004-06-16,77.75,78.25,77.5999984741211,78.16999816894531,68.70378112792969,1475600
2004-06-17,78.16000366210938,78.16000366210938,76.9000015258789,77.93000030517578,68.49284362792969,1014500
2004-06-18,77.91000366210938,78.62000274658203,77.51000213623047,78.2300033569336,68.75650024414062,957800
2004-06-21,78.19999694824219,78.54000091552734,77.9800033569336,77.9800033569336,68.53675842285156,599600
2004-06-22,78.02999877929688,78.4800033569336,77.76000213623047,78.43000030517578,68.93228912353516,888400
2004-06-23,79.02999877929688,80.43000030517578,78.86000061035156,80.05000305175781,70.3561019897461,2908000
2004-06-24,79.76000213623047,80.13999938964844,79.36000061035156,79.75,70.09245300292969,1270300
2004-06-25,79.81999969482422,80.33999633789062,79.45999908447266,79.83000183105469,70.1627426147461,1199800
2004-06-28,80.0999984741211,81.77999877929688,80.0999984741211,80.77999877929688,70.99771118164062,1710100
2004-06-29,80.80999755859375,81.36000061035156,80.80000305175781,81.06999969482422,71.25257873535156,1056200
2004-06-30,80.95999908447266,81.81999969482422,80.3499984741211,81.69000244140625,71.79750061035156,1458500
2004-07-01,81.55000305175781,81.98999786376953,80.12000274658203,80.9000015258789,71.10317993164062,1735500
2004-07-02,81.04000091552734,81.0999984741211,80.0999984741211,80.5,70.75160217285156,799200
2004-07-06,79.9000015258789,80.44999694824219,79.47000122070312,80.05999755859375,70.3648910522461,1001200
2004-07-07,80.05999755859375,80.9800033569336,80.05999755859375,80.9800033569336,71.17345428466797,992900
2004-07-08,80.55999755859375,80.68000030517578,79.33000183105469,79.33000183105469,69.72329711914062,1180900
2004-07-09,79.5999984741211,80.02999877929688,78.83000183105469,79.94000244140625,70.25942993164062,1263000
2004-07-12,79.94000244140625,80.26000213623047,79.22000122070312,79.93000030517578,70.25064849853516,743100
2004-07-13,79.9000015258789,79.9800033569336,79.3499984741211,79.5,69.87271118164062,663800
2004-07-14,79.1500015258789,80.75,79.06999969482422,80.0,70.3121566772461,1634000
2004-07-15,80.0,81.94999694824219,79.95999908447266,81.30000305175781,71.45472717285156,1309500
2004-07-16,81.86000061035156,81.87000274658203,80.76000213623047,80.80000305175781,71.01528930664062,971100
2004-07-19,80.98999786376953,81.25,80.26000213623047,80.81999969482422,71.03285217285156,994700
2004-07-20,80.83000183105469,82.80999755859375,80.81999969482422,82.80999755859375,72.7818832397461,1557200
2004-07-21,82.80999755859375,83.47000122070312,81.56999969482422,81.56999969482422,71.69202423095703,1605500
2004-07-22,81.56999969482422,81.91999816894531,80.37999725341797,81.16999816894531,71.34046936035156,2267800
2004-07-23,80.7699966430664,81.5,79.98999786376953,80.56999969482422,70.81316375732422,1481000
2004-07-26,80.61000061035156,81.12999725341797,79.98999786376953,80.36000061035156,70.62857818603516,961400
2004-07-27,80.4000015258789,81.0,79.63999938964844,80.45999908447266,70.7164535522461,1268600
2004-07-28,80.19999694824219,81.47000122070312,79.51000213623047,81.19999694824219,71.3668441772461,1393100
2004-07-29,81.20999908447266,81.97000122070312,80.69000244140625,81.91999816894531,71.9996566772461,1413700
2004-07-30,81.91999816894531,81.91999816894531,81.2699966430664,81.87999725341797,71.96449279785156,846200
2004-08-02,81.69999694824219,82.76000213623047,81.25,82.44999694824219,72.46546173095703,1330500
2004-08-03,82.45999908447266,82.80000305175781,81.62000274658203,81.80999755859375,71.9029769897461,912100
2004-08-04,81.3499984741211,81.98999786376953,80.70999908447266,81.4800033569336,71.6129379272461,1308600
2004-08-05,81.68000030517578,81.68000030517578,79.25,79.25,69.65298461914062,1573900
2004-08-06,78.30000305175781,78.69999694824219,77.5,78.13999938964844,68.67741394042969,1711900
2004-08-09,77.94000244140625,78.41999816894531,77.31999969482422,77.31999969482422,67.95669555664062,1100600
2004-08-10,77.62000274658203,79.01000213623047,77.55000305175781,79.01000213623047,69.4420394897461,1054100
2004-08-11,78.75,79.12999725341797,77.58000183105469,78.69000244140625,69.1607894897461,1594000
2004-08-12,78.5,78.56999969482422,76.66999816894531,77.3499984741211,67.98307800292969,1230300
2004-08-13,77.3499984741211,77.83000183105469,76.25,76.43000030517578,67.17449951171875,1094400
2004-08-16,76.5,78.56999969482422,76.5,78.56999969482422,69.05534362792969,1578900
2004-08-17,78.91999816894531,79.56999969482422,78.47000122070312,78.62999725341797,69.10806274414062,1149000
2004-08-18,78.62999725341797,79.41000366210938,78.27999877929688,79.30000305175781,69.69692993164062,864200
2004-08-19,79.13999938964844,79.37999725341797,78.08999633789062,78.5999984741211,69.08171844482422,806500
2004-08-20,78.69000244140625,79.45999908447266,77.94999694824219,79.30000305175781,69.69692993164062,1293800
2004-08-23,81.4000015258789,82.33999633789062,80.18000030517578,80.94999694824219,71.14710998535156,3446900
2004-08-24,81.30000305175781,82.05000305175781,81.0199966430664,81.72000122070312,71.8238754272461,2105200
2004-08-25,81.94000244140625,82.58999633789062,81.33000183105469,82.01000213623047,72.07872009277344,1582500
2004-08-26,82.05000305175781,82.44000244140625,80.9800033569336,81.54000091552734,71.66566467285156,1611700
2004-08-27,81.77999877929688,81.9800033569336,81.1500015258789,81.33000183105469,71.48111724853516,1349200
2004-08-30,81.0,81.93000030517578,81.0,81.25,71.4107894897461,1087000
2004-08-31,81.6500015258789,82.12000274658203,81.26000213623047,81.98999786376953,72.06117248535156,1205200
2004-09-01,82.30000305175781,82.91000366210938,81.87999725341797,82.27999877929688,72.31605529785156,1722600
2004-09-02,82.5,83.48999786376953,82.41000366210938,83.33000183105469,73.23889923095703,1405900
2004-09-03,83.25,83.5199966430664,82.66000366210938,83.01000213623047,72.95767211914062,841400
2004-09-07,83.5,84.33999633789062,83.5,84.19999694824219,74.00355529785156,1232200
2004-09-08,83.91000366210938,84.19000244140625,83.68000030517578,83.83000183105469,73.7396469116211,920000
2004-09-09,84.0999984741211,84.19999694824219,83.54000091552734,83.94999694824219,73.84522247314453,1070300
2004-09-10,84.6500015258789,85.83000183105469,84.4000015258789,85.66000366210938,75.34939575195312,2081800
2004-09-13,85.9800033569336,86.66999816894531,85.58000183105469,86.5,76.08828735351562,1439000
2004-09-14,86.5,86.51000213623047,85.72000122070312,86.33000183105469,75.93878173828125,1500200
2004-09-15,86.33000183105469,86.52999877929688,85.7699966430664,85.87999725341797,75.54287719726562,1218200
2004-09-16,86.06999969482422,87.0,85.80000305175781,87.0,76.52806854248047,1081900
2004-09-17,87.4000015258789,88.11000061035156,87.33000183105469,88.11000061035156,77.50450897216797,2052200
2004-09-20,88.01000213623047,88.9000015258789,87.80000305175781,88.55000305175781,77.89153289794922,1862500
2004-09-21,87.8499984741211,88.80000305175781,87.52999877929688,88.69000244140625,78.01467895507812,2225800
2004-09-22,87.18000030517578,87.5,84.62999725341797,85.20999908447266,74.95353698730469,4711200
2004-09-23,84.19999694824219,84.83000183105469,83.70999908447266,83.95999908447266,73.85401153564453,2615400
2004-09-24,83.5,85.0199966430664,83.5,84.58999633789062,74.40818786621094,1894900
2004-09-27,84.6500015258789,85.6500015258789,84.30999755859375,85.4000015258789,75.12071228027344,1665700
2004-09-28,85.54000091552734,85.7300033569336,84.69999694824219,85.19999694824219,74.94474029541016,1102800
2004-09-29,85.1500015258789,85.1500015258789,84.12999725341797,85.04000091552734,74.80401611328125,1429100
2004-09-30,85.05000305175781,85.94999694824219,84.4800033569336,85.69000244140625,75.37576293945312,1931200
2004-10-01,85.9800033569336,86.80000305175781,85.69999694824219,86.26000213623047,75.87713623046875,1675500
2004-10-04,86.9800033569336,87.79000091552734,86.81999969482422,87.63999938964844,77.09107971191406,1731700
2004-10-05,87.63999938964844,87.94999694824219,87.0199966430664,87.38999938964844,76.87117004394531,1211600
2004-10-06,87.58000183105469,88.3499984741211,87.44000244140625,88.29000091552734,77.66281127929688,983100
2004-10-07,87.80000305175781,88.0,86.69999694824219,86.8499984741211,76.39617156982422,1189000
2004-10-08,86.8499984741211,86.8499984741211,85.5199966430664,85.94000244140625,75.5956802368164,1098600
2004-10-11,86.3499984741211,86.77999877929688,85.75,86.44999694824219,76.04431915283203,779800
2004-10-12,86.45999908447266,86.97000122070312,85.69000244140625,86.88999938964844,76.43133544921875,1082200
2004-10-13,87.05000305175781,87.58000183105469,84.56999969482422,84.93000030517578,74.707275390625,1899400
2004-10-14,85.33000183105469,85.66999816894531,84.70999908447266,85.0,74.76883697509766,1282700
2004-10-15,85.0999984741211,86.4800033569336,85.0999984741211,86.19999694824219,75.82438659667969,2771600
2004-10-18,86.20999908447266,87.12999725341797,85.33000183105469,86.9000015258789,76.44015502929688,1404600
2004-10-19,86.9000015258789,88.0199966430664,86.5999984741211,86.5999984741211,76.17620849609375,1501700
2004-10-20,86.5999984741211,87.87000274658203,86.29000091552734,87.87000274658203,77.29338073730469,1400400
2004-10-21,87.87000274658203,89.95999908447266,87.87000274658203,89.44999694824219,78.68319702148438,2820200
2004-10-22,89.45999908447266,90.0,87.68000030517578,87.77999877929688,77.21422576904297,1689900
2004-10-25,87.4000015258789,87.98999786376953,86.69000244140625,86.94000244140625,76.47532653808594,1932200
2004-10-26,87.04000091552734,88.61000061035156,86.70999908447266,88.61000061035156,77.9443130493164,1719100
2004-10-27,88.61000061035156,90.05999755859375,88.12000274658203,89.79000091552734,78.98228454589844,1635500
2004-10-28,89.80000305175781,90.55000305175781,88.68000030517578,90.55000305175781,79.65081787109375,1720400
2004-10-29,90.51000213623047,91.12000274658203,90.37999725341797,91.12000274658203,80.15216064453125,1825400
2004-11-01,91.12000274658203,91.62999725341797,90.13999938964844,90.69999694824219,79.7827377319336,1837000
2004-11-02,90.70999908447266,91.91999816894531,89.76000213623047,90.97000122070312,80.02024841308594,2711000
2004-11-03,91.69999694824219,91.91000366210938,89.63999938964844,90.16000366210938,79.30774688720703,2272800
2004-11-04,90.38999938964844,91.73999786376953,90.19999694824219,91.4800033569336,80.4688949584961,2346800
2004-11-05,91.58999633789062,92.61000061035156,91.44000244140625,91.94000244140625,80.87346649169922,1202500
2004-11-08,92.16000366210938,93.52999877929688,91.98999786376953,93.31999969482422,82.08740997314453,1415500
2004-11-09,93.0999984741211,93.91999816894531,92.4000015258789,92.62000274658203,81.47161102294922,1178600
2004-11-10,92.94999694824219,93.3499984741211,92.13999938964844,92.62000274658203,81.47161102294922,1159700
2004-11-11,93.30000305175781,94.98999786376953,93.05000305175781,94.80000305175781,83.38923645019531,1748800
2004-11-12,94.80000305175781,95.4000015258789,93.83999633789062,95.37000274658203,83.89063262939453,1871700
2004-11-15,95.52999877929688,95.63999938964844,94.55999755859375,94.95999908447266,83.52996826171875,1376800
2004-11-16,94.95999908447266,94.97000122070312,93.30000305175781,93.73999786376953,82.4568099975586,1465500
2004-11-17,93.94999694824219,95.23999786376953,93.94999694824219,94.44999694824219,83.08135986328125,1694400
2004-11-18,94.75,94.98999786376953,94.4000015258789,94.77999877929688,83.37165069580078,737000
2004-11-19,95.2300033569336,95.2300033569336,93.58000183105469,94.05000305175781,82.72953033447266,1277400
2004-11-22,94.4000015258789,95.41000366210938,94.19999694824219,95.27999877929688,83.8114242553711,1185600
2004-11-23,95.44999694824219,95.61000061035156,94.62000274658203,95.43000030517578,83.94341278076172,1089200
2004-11-24,95.5,96.20999908447266,95.48999786376953,95.70999908447266,84.1897201538086,1071200
2004-11-26,95.6500015258789,95.9000015258789,95.3499984741211,95.70999908447266,84.1897201538086,530400
2004-11-29,96.33000183105469,96.62999725341797,94.81999969482422,95.43000030517578,83.94341278076172,2134500
2004-11-30,95.55000305175781,95.58000183105469,94.94000244140625,95.02999877929688,83.59153747558594,1719000
2004-12-01,95.04000091552734,96.08999633789062,95.0199966430664,95.94000244140625,84.39202117919922,1387900
2004-12-02,95.94000244140625,97.69000244140625,95.62999725341797,96.91000366210938,85.24527740478516,1637000
2004-12-03,96.91999816894531,97.55999755859375,96.05000305175781,96.69999694824219,85.06055450439453,1612700
2004-12-06,96.5,97.7699966430664,96.4800033569336,97.43000030517578,85.70269012451172,1089000
2004-12-07,97.52999877929688,98.05000305175781,95.77999877929688,96.26000213623047,84.6734848022461,1075900
2004-12-08,97.80000305175781,99.0999984741211,97.75,99.02999877929688,87.11012268066406,3193200
2004-12-09,98.95999908447266,99.83000183105469,98.1500015258789,99.61000061035156,87.68225860595703,2324000
2004-12-10,99.70999908447266,99.72000122070312,98.6500015258789,98.8499984741211,87.01325225830078,1127600
2004-12-13,99.5,99.58000183105469,98.69999694824219,99.19999694824219,87.32133483886719,876200
2004-12-14,99.55999755859375,99.87999725341797,99.19000244140625,99.5,87.58540344238281,1359600
2004-12-15,99.69999694824219,100.30000305175781,98.62000274658203,98.75,86.92523193359375,2355500
2004-12-16,95.58999633789062,97.75,95.31999969482422,97.70999908447266,86.00975036621094,5145000
2004-12-17,97.80000305175781,100.05999755859375,97.80000305175781,100.01000213623047,88.03436279296875,3176500
2004-12-20,99.98999786376953,100.62000274658203,99.62999725341797,100.08999633789062,88.10478973388672,1958000
2004-12-21,100.9000015258789,100.91999816894531,100.12999725341797,100.52999877929688,88.49208068847656,1754800
2004-12-22,100.30000305175781,100.37000274658203,99.38999938964844,99.62999725341797,87.69987487792969,1922600
2004-12-23,99.80000305175781,99.80000305175781,98.25,98.76000213623047,86.93401336669922,1606600
2004-12-27,99.4000015258789,99.41999816894531,97.80999755859375,97.80999755859375,86.09779357910156,1531800
2004-12-28,98.0999984741211,98.91000366210938,97.98999786376953,98.91000366210938,87.06605529785156,1573800
2004-12-29,99.43000030517578,99.51000213623047,98.69000244140625,99.43000030517578,87.5238037109375,843100
2004-12-30,99.44000244140625,99.75,98.58999633789062,98.94999694824219,87.10126495361328,814300
2004-12-31,98.94999694824219,99.0,98.36000061035156,98.48999786376953,86.69636535644531,682200
2005-01-03,99.12000274658203,99.30000305175781,97.37000274658203,97.4000015258789,85.73688507080078,1478400
2005-01-04,97.4000015258789,97.66999816894531,95.5,95.66000366210938,84.20526123046875,2527100
2005-01-05,95.91999816894531,96.2300033569336,95.16000366210938,95.54000091552734,84.099609375,2320700
2005-01-06,95.54000091552734,95.9800033569336,95.0,95.19000244140625,83.79151916503906,2044700
2005-01-07,96.30000305175781,97.48999786376953,94.66000366210938,94.91000366210938,83.5450439453125,3214500
2005-01-10,94.91000366210938,95.83000183105469,94.91000366210938,95.58999633789062,84.14360046386719,2154200
2005-01-11,95.19999694824219,95.81999969482422,95.18000030517578,95.41000366210938,83.98518371582031,2231700
2005-01-12,94.38999938964844,95.30000305175781,93.5,94.47000122070312,83.15774536132812,4172200
2005-01-13,94.77999877929688,95.33999633789062,93.55000305175781,93.76000213623047,82.53278350830078,3112400
2005-01-14,93.94999694824219,94.22000122070312,93.0,93.31999969482422,82.14543914794922,2170300
2005-01-18,93.31999969482422,94.88999938964844,93.0999984741211,93.8499984741211,82.61199188232422,1951000
2005-01-19,94.02999877929688,94.69999694824219,93.08000183105469,93.25,82.08382415771484,2215100
2005-01-20,93.1500015258789,93.62999725341797,91.3499984741211,91.56999969482422,80.60501098632812,2697200
2005-01-21,91.37999725341797,92.02999877929688,89.75,90.33999633789062,79.52229309082031,3142200
2005-01-24,91.5999984741211,93.08999633789062,91.2300033569336,92.44000244140625,81.37083435058594,2818900
2005-01-25,93.25,94.9000015258789,92.55000305175781,94.51000213623047,83.19293975830078,2827200
2005-01-26,94.9000015258789,95.08999633789062,93.77999877929688,94.44999694824219,83.14013671875,2327500
2005-01-27,94.62000274658203,95.0,93.33999633789062,94.16999816894531,82.89366912841797,1941600
2005-01-28,94.18000030517578,94.5199966430664,93.29000091552734,94.43000030517578,83.12256622314453,1437600
2005-01-31,94.95999908447266,95.9000015258789,94.5999984741211,95.6500015258789,84.19645690917969,1848300
2005-02-01,96.0,96.0,95.37999725341797,95.72000122070312,84.25804138183594,1205800
2005-02-02,95.5,95.91999816894531,95.0999984741211,95.41000366210938,83.98518371582031,1581600
2005-02-03,95.41999816894531,95.41999816894531,94.08999633789062,94.43000030517578,83.12256622314453,1990200
2005-02-04,94.80000305175781,96.36000061035156,94.54000091552734,96.36000061035156,84.8214340209961,3484300
2005-02-07,96.19000244140625,96.58999633789062,95.80999755859375,96.0999984741211,84.59255981445312,1366700
2005-02-08,96.0999984741211,96.8499984741211,95.0999984741211,96.79000091552734,85.19994354248047,2639600
2005-02-09,96.4800033569336,97.4000015258789,96.30999755859375,96.66999816894531,85.09430694580078,1976300
2005-02-10,96.87000274658203,97.19999694824219,96.1500015258789,96.47000122070312,84.91825103759766,1210700
2005-02-11,96.7300033569336,98.56999969482422,96.58000183105469,98.01000213623047,86.27384948730469,1401900
2005-02-14,97.75,97.76000213623047,95.88999938964844,96.30999755859375,84.77742004394531,2372600
2005-02-15,96.77999877929688,97.19999694824219,95.9800033569336,97.18000030517578,85.54322814941406,1331900
2005-02-16,97.08999633789062,98.61000061035156,96.81999969482422,98.3499984741211,86.57312774658203,1242800
2005-02-17,98.1500015258789,98.41000366210938,96.97000122070312,97.75,86.04499816894531,1023200
2005-02-18,97.80000305175781,98.19000244140625,96.83999633789062,97.3499984741211,85.69285583496094,998200
2005-02-22,97.04000091552734,97.33999633789062,95.52999877929688,95.63999938964844,84.1876449584961,1200100
2005-02-23,95.63999938964844,97.08000183105469,95.63999938964844,96.63999938964844,85.06787109375,1109400
2005-02-24,96.61000061035156,97.83999633789062,95.9000015258789,97.72000122070312,86.01853942871094,954100
2005-02-25,97.69000244140625,98.63999938964844,97.44000244140625,98.44000244140625,86.65235137939453,1226000
2005-02-28,98.26000213623047,98.91000366210938,97.22000122070312,97.77999877929688,86.0713882446289,1505600
2005-03-01,97.83999633789062,98.30999755859375,97.62999725341797,98.0999984741211,86.35308074951172,1134000
2005-03-02,97.5,97.8499984741211,96.76000213623047,97.16000366210938,85.5256576538086,1176600
2005-03-03,97.30000305175781,98.02999877929688,96.73999786376953,97.93000030517578,86.20340728759766,1293500
2005-03-04,98.16000366210938,99.98999786376953,98.13999938964844,99.5999984741211,87.6734619140625,1266300
2005-03-07,99.66999816894531,101.87000274658203,99.33999633789062,101.55000305175781,89.38996887207031,1784100
2005-03-08,101.0,101.54000091552734,100.51000213623047,100.7300033569336,88.66814422607422,980700
2005-03-09,100.25,100.4000015258789,99.54000091552734,99.56999969482422,87.70797729492188,995600
2005-03-10,99.4000015258789,99.69000244140625,98.5,99.12000274658203,87.31161499023438,1261200
2005-03-11,99.12000274658203,100.19000244140625,98.83999633789062,99.7300033569336,87.84893798828125,1013600
2005-03-14,100.41999816894531,100.9000015258789,99.48999786376953,100.58000183105469,88.59769439697266,1693900
2005-03-15,100.75,101.18000030517578,98.62000274658203,98.62999725341797,86.87997436523438,1899900
2005-03-16,98.70999908447266,99.0999984741211,96.36000061035156,96.93000030517578,85.38250732421875,2330100
2005-03-17,96.93000030517578,98.37999725341797,95.0199966430664,96.83999633789062,85.30321502685547,2803400
2005-03-18,96.93000030517578,97.18000030517578,95.22000122070312,96.12999725341797,84.67784118652344,3362200
2005-03-21,95.5,96.0,93.97000122070312,94.81999969482422,83.52387237548828,1920800
2005-03-22,94.94000244140625,96.48999786376953,94.6500015258789,94.6500015258789,83.3741226196289,1526300
2005-03-23,93.69999694824219,94.25,92.75,93.87000274658203,82.68708038330078,1522400
2005-03-24,94.23999786376953,94.83000183105469,93.8499984741211,93.88999938964844,82.70465850830078,1044400
2005-03-28,94.01000213623047,95.08000183105469,94.01000213623047,94.5999984741211,83.33009338378906,1055900
2005-03-29,94.19000244140625,94.45999908447266,92.88999938964844,93.20999908447266,82.10567474365234,1757300
2005-03-30,93.5,95.18000030517578,93.5,95.0,83.68244171142578,1103200
2005-03-31,94.81999969482422,95.1500015258789,93.55999755859375,93.94999694824219,82.75752258300781,1356400
2005-04-01,94.06999969482422,94.97000122070312,92.0199966430664,92.3499984741211,81.34811401367188,2497800
2005-04-04,92.3499984741211,93.19999694824219,91.51000213623047,92.87999725341797,81.81498718261719,1372500
2005-04-05,92.87000274658203,93.55999755859375,92.54000091552734,92.88999938964844,81.82382202148438,802500
2005-04-06,92.9000015258789,94.04000091552734,92.62999725341797,93.11000061035156,82.01762390136719,898400
2005-04-07,93.05000305175781,93.30000305175781,92.0,92.91000366210938,81.8414306640625,1428400
2005-04-08,92.76000213623047,92.7699966430664,90.83999633789062,91.0199966430664,80.17656707763672,1536100
2005-04-11,91.4000015258789,91.95999908447266,90.5999984741211,90.69000244140625,79.8858871459961,1361000
2005-04-12,90.5,92.04000091552734,89.11000061035156,91.81999969482422,80.88126373291016,2184200
2005-04-13,91.41000366210938,91.41999816894531,88.61000061035156,89.25,78.61743927001953,1820300
2005-04-14,89.25,89.44000244140625,85.66999816894531,86.18000030517578,75.91317749023438,3631100
2005-04-15,85.75,86.68000030517578,83.33000183105469,83.94999694824219,73.94883728027344,4082800
2005-04-18,84.19999694824219,85.5199966430664,83.25,84.76000213623047,74.66236114501953,2442200
2005-04-19,84.87000274658203,85.41000366210938,84.0,85.05000305175781,74.91781616210938,1806100
2005-04-20,84.75,84.87000274658203,83.11000061035156,83.69000244140625,73.71983337402344,2410100
2005-04-21,84.94000244140625,87.29000091552734,84.55000305175781,87.0999984741211,76.72359466552734,2426000
2005-04-22,86.5,86.98999786376953,85.05000305175781,85.61000061035156,75.41107177734375,2375800
2005-04-25,85.75,86.98999786376953,85.62000274658203,85.97000122070312,75.7281723022461,1322400
2005-04-26,86.08999633789062,86.41999816894531,84.5199966430664,84.62999725341797,74.54780578613281,1779100
2005-04-27,84.5,85.5,83.26000213623047,85.08999633789062,74.9530258178711,2015200
2005-04-28,84.29000091552734,85.12000274658203,83.61000061035156,83.66000366210938,73.69340515136719,1410400
2005-04-29,84.0,84.94999694824219,83.44000244140625,84.94999694824219,74.82969665527344,1259900
2005-05-02,84.80000305175781,86.0,84.5999984741211,86.0,75.7546157836914,1599700
2005-05-03,85.9000015258789,86.18000030517578,84.83999633789062,84.87999725341797,74.7680435180664,1416900
2005-05-04,85.0999984741211,86.61000061035156,84.61000061035156,86.54000091552734,76.23029327392578,1553800
2005-05-05,86.54000091552734,87.5999984741211,86.5199966430664,87.19000244140625,76.80287170410156,1440900
2005-05-06,87.3499984741211,87.58999633789062,86.3499984741211,86.69999694824219,76.3712158203125,907700
2005-05-09,87.05000305175781,88.05000305175781,86.69999694824219,87.66999816894531,77.22565460205078,1332500
2005-05-10,87.19999694824219,87.4800033569336,86.26000213623047,86.44999694824219,76.15103912353516,1588300
2005-05-11,88.25,88.6500015258789,86.87999725341797,87.5999984741211,77.16400146484375,2300000
2005-05-12,87.5999984741211,87.6500015258789,84.70999908447266,85.33999633789062,75.17323303222656,2089400
2005-05-13,85.33999633789062,85.5,84.0199966430664,84.61000061035156,74.53022766113281,2131300
2005-05-16,85.0,86.5199966430664,84.87999725341797,86.47000122070312,76.16861724853516,1808900
2005-05-17,86.0,87.7699966430664,85.5999984741211,87.52999877929688,77.10234832763672,1378600
2005-05-18,87.75,89.41000366210938,87.41999816894531,89.11000061035156,78.49410247802734,1316500
2005-05-19,89.11000061035156,89.69000244140625,88.41000366210938,89.22000122070312,78.59102630615234,844500
2005-05-20,89.47000122070312,89.55000305175781,87.87999725341797,88.30999755859375,77.78937530517578,1226100
2005-05-23,88.47000122070312,89.83000183105469,88.30999755859375,88.7300033569336,78.15941619873047,1313100
2005-05-24,88.7300033569336,88.91999816894531,87.47000122070312,88.68000030517578,78.11534881591797,1894800
2005-05-25,88.68000030517578,88.9000015258789,88.08999633789062,88.69999694824219,78.13294982910156,1203000
2005-05-26,89.22000122070312,90.7300033569336,89.0,90.33000183105469,79.56876373291016,1502500
2005-05-27,90.33999633789062,90.47000122070312,89.45999908447266,89.87999725341797,79.17237854003906,1161500
2005-05-31,89.88999938964844,90.04000091552734,88.83999633789062,89.41999816894531,78.76720428466797,1458800
2005-06-01,89.30999755859375,90.69999694824219,88.69999694824219,90.19000244140625,79.44544982910156,1798400
2005-06-02,90.20999908447266,91.4000015258789,89.87000274658203,91.25,80.37918090820312,1145300
2005-06-03,90.83999633789062,91.43000030517578,90.43000030517578,90.69000244140625,79.8858871459961,1113600
2005-06-06,90.55999755859375,90.87000274658203,90.12000274658203,90.5,79.71852111816406,1029400
2005-06-07,90.93000030517578,91.2300033569336,89.91999816894531,89.95999908447266,79.24285125732422,1554300
2005-06-08,90.0999984741211,90.16999816894531,89.44000244140625,89.69999694824219,79.08415222167969,2012100
2005-06-09,89.0,89.01000213623047,85.37999725341797,87.62000274658203,77.25033569335938,5990000
2005-06-10,87.29000091552734,87.5999984741211,86.41000366210938,86.44000244140625,76.20999145507812,3054600
2005-06-13,86.4000015258789,87.69999694824219,85.5999984741211,86.69999694824219,76.4391860961914,1733800
2005-06-14,86.91000366210938,86.94999694824219,85.05000305175781,85.16999816894531,75.09027862548828,2089100
2005-06-15,85.9800033569336,86.62000274658203,84.9000015258789,86.31999969482422,76.10417175292969,2218700
2005-06-16,86.5,86.86000061035156,85.62000274658203,86.70999908447266,76.44800567626953,1645500
2005-06-17,87.5199966430664,87.66999816894531,86.7300033569336,87.31999969482422,76.9858169555664,1623700
2005-06-20,87.37999725341797,88.19999694824219,86.51000213623047,87.81999969482422,77.42665100097656,2189400
2005-06-21,88.30999755859375,88.5999984741211,87.4000015258789,88.2300033569336,77.78813171386719,2219100
2005-06-22,88.44000244140625,88.79000091552734,87.25,88.12000274658203,77.6911392211914,1131100
2005-06-23,85.5,85.75,80.5999984741211,80.7699966430664,71.21102905273438,12035300
2005-06-24,81.5,81.5,79.55000305175781,80.0999984741211,70.62031555175781,5084300
2005-06-27,80.11000061035156,81.05000305175781,79.62999725341797,80.12000274658203,70.63792419433594,2446400
2005-06-28,80.3499984741211,81.69999694824219,80.3499984741211,81.55999755859375,71.90752410888672,2499700
2005-06-29,82.19999694824219,83.37000274658203,81.70999908447266,82.80000305175781,73.0007553100586,4286800
2005-06-30,83.0999984741211,83.3499984741211,80.9800033569336,81.01000213623047,71.42259979248047,2713300
2005-07-01,81.48999786376953,82.6500015258789,81.37999725341797,82.23999786376953,72.50702667236328,2058800
2005-07-05,82.0,83.30999755859375,81.30000305175781,83.0,73.1771011352539,2539800
2005-07-06,82.68000030517578,82.93000030517578,82.16999816894531,82.29000091552734,72.55115509033203,1871400
2005-07-07,81.5,83.06999969482422,80.5,82.81999969482422,73.01837921142578,1759500
2005-07-08,82.94000244140625,84.5,82.5999984741211,83.95999908447266,74.02349090576172,2316500
2005-07-11,84.25,84.5,83.43000030517578,83.75,73.83833312988281,2099500
2005-07-12,83.77999877929688,83.77999877929688,82.62000274658203,82.69999694824219,72.91259002685547,1715700
2005-07-13,82.69999694824219,83.68000030517578,82.30000305175781,83.48999786376953,73.60908508300781,1325600
2005-07-14,83.5999984741211,84.23999786376953,83.0999984741211,83.4000015258789,73.52974700927734,1798200
2005-07-15,83.5999984741211,83.5999984741211,82.58999633789062,83.04000091552734,73.21234893798828,1458100
2005-07-18,82.94000244140625,83.02999877929688,82.08000183105469,82.11000061035156,72.39242553710938,1165300
2005-07-19,82.5999984741211,82.94999694824219,82.05000305175781,82.16000366210938,72.43650817871094,1900100
2005-07-20,81.7300033569336,84.75,81.6500015258789,84.36000061035156,74.3761215209961,3061500
2005-07-21,84.5199966430664,85.87999725341797,83.61000061035156,84.97000122070312,74.9139404296875,2911800
2005-07-22,85.41000366210938,85.41000366210938,84.12000274658203,85.0999984741211,75.028564453125,1627300
2005-07-25,84.91999816894531,85.29000091552734,83.83999633789062,83.9000015258789,73.9705810546875,1998500
2005-07-26,84.0,84.98999786376953,83.12999725341797,84.6500015258789,74.63180541992188,1399900
2005-07-27,84.81999969482422,85.52999877929688,84.45999908447266,84.68000030517578,74.65827941894531,1561100
2005-07-28,84.91000366210938,85.75,84.70999908447266,85.5199966430664,75.39888763427734,1124200
2005-07-29,85.30000305175781,85.63999938964844,84.08999633789062,84.08999633789062,74.13809967041016,1233000
2005-08-01,84.13999938964844,85.05000305175781,84.0,84.76000213623047,74.72880554199219,1128500
2005-08-02,84.75,85.58999633789062,84.38999938964844,85.5,75.3812255859375,1324000
2005-08-03,85.25,85.25,84.05000305175781,84.6500015258789,74.63180541992188,1915500
2005-08-04,84.4000015258789,85.16000366210938,84.30999755859375,85.0,74.94038391113281,1595700
2005-08-05,85.01000213623047,85.3499984741211,84.4000015258789,84.5999984741211,74.58775329589844,1595200
2005-08-08,85.0,85.1500015258789,84.30999755859375,84.6500015258789,74.63180541992188,1503000
2005-08-09,84.8499984741211,85.19999694824219,84.5199966430664,84.62999725341797,74.61415100097656,1376000
2005-08-10,84.83999633789062,86.5,84.63999938964844,84.80000305175781,74.76408386230469,2396200
2005-08-11,84.80999755859375,85.69000244140625,84.6500015258789,85.3499984741211,75.24898529052734,1353200
2005-08-12,84.9000015258789,85.0199966430664,84.3499984741211,84.6500015258789,74.63180541992188,1246500
2005-08-15,84.55000305175781,85.44999694824219,84.05999755859375,85.05999755859375,74.9932861328125,852200
2005-08-16,84.8499984741211,85.44999694824219,84.19000244140625,84.36000061035156,74.3761215209961,2468300
2005-08-17,84.26000213623047,84.5999984741211,83.36000061035156,84.19999694824219,74.23503875732422,2327700
2005-08-18,83.94999694824219,85.30000305175781,83.66000366210938,84.69000244140625,74.66707611083984,1511600
2005-08-19,85.0999984741211,85.13999938964844,84.30999755859375,84.7699966430664,74.7376480102539,932800
2005-08-22,84.7699966430664,85.0,83.47000122070312,83.83999633789062,73.91767883300781,1497400
2005-08-23,84.05999755859375,84.06999969482422,82.5,82.51000213623047,72.74505615234375,1649400
2005-08-24,82.1500015258789,83.75,82.05000305175781,82.37999725341797,72.63048553466797,1724100
2005-08-25,82.62999725341797,82.8499984741211,82.08000183105469,82.44999694824219,72.6921615600586,1208800
2005-08-26,82.66000366210938,82.73999786376953,81.30999755859375,81.68000030517578,72.01335144042969,1387000
2005-08-29,81.22000122070312,82.37999725341797,80.83000183105469,82.19999694824219,72.47180938720703,1649500
2005-08-30,82.20999908447266,82.20999908447266,80.58000183105469,81.37000274658203,71.7400131225586,2163100
2005-08-31,81.62999725341797,82.0,80.69000244140625,81.44000244140625,71.80171966552734,2298000
2005-09-01,81.25,82.0,80.12000274658203,80.55000305175781,71.0170669555664,2266300
2005-09-02,80.31999969482422,81.13999938964844,80.31999969482422,80.51000213623047,70.98177337646484,1249600
2005-09-06,80.5999984741211,81.80999755859375,80.5999984741211,81.3499984741211,71.72233581542969,1436400
2005-09-07,81.43000030517578,81.70999908447266,80.95999908447266,81.1500015258789,71.54605865478516,1153100
2005-09-08,81.06999969482422,81.12999725341797,79.87999725341797,80.30000305175781,70.86649322509766,1910500
2005-09-09,80.30999755859375,80.41000366210938,79.33999633789062,79.76000213623047,70.38992309570312,2397800
2005-09-12,79.76000213623047,81.30000305175781,79.55000305175781,81.05000305175781,71.52838134765625,1671300
2005-09-13,81.05000305175781,81.05000305175781,79.69999694824219,80.0199966430664,70.61939239501953,1860200
2005-09-14,79.91999816894531,80.37999725341797,79.70999908447266,79.80000305175781,70.42523193359375,1132300
2005-09-15,79.98999786376953,80.4000015258789,79.25,79.72000122070312,70.35466003417969,1020900
2005-09-16,80.25,80.33999633789062,79.25,80.19000244140625,70.76941680908203,2288600
2005-09-19,79.5199966430664,79.80000305175781,77.76000213623047,77.93000030517578,68.77490997314453,2793600
2005-09-20,78.44000244140625,78.44000244140625,76.80999755859375,77.0,67.95417785644531,3150800
2005-09-21,82.29000091552734,83.56999969482422,81.66000366210938,83.1500015258789,73.38167572021484,7225000
2005-09-22,82.5999984741211,83.73999786376953,82.16000366210938,83.33000183105469,73.54055786132812,2819400
2005-09-23,83.54000091552734,83.87000274658203,82.7300033569336,83.0999984741211,73.33755493164062,2269500
2005-09-26,83.76000213623047,84.11000061035156,83.3499984741211,83.68000030517578,73.84944915771484,2741600
2005-09-27,83.95999908447266,84.56999969482422,83.58000183105469,84.3499984741211,74.44068908691406,1953900
2005-09-28,84.83000183105469,85.7300033569336,84.5,85.25,75.2349853515625,1935500
2005-09-29,85.5,87.2699966430664,84.69999694824219,87.01000213623047,76.7881851196289,2318300
2005-09-30,87.0199966430664,87.38999938964844,86.43000030517578,87.12999725341797,76.89410400390625,1196400
2005-10-03,86.87999725341797,87.12999725341797,86.02999877929688,86.29000091552734,76.15278625488281,1852400
2005-10-04,85.94000244140625,87.01000213623047,85.54000091552734,85.58999633789062,75.5350341796875,1529800
2005-10-05,85.8499984741211,86.95999908447266,85.08000183105469,85.61000061035156,75.55266571044922,2164600
2005-10-06,86.33000183105469,87.80000305175781,86.19999694824219,87.25,77.00000762939453,2796700
2005-10-07,87.38999938964844,87.9000015258789,86.7300033569336,87.4000015258789,77.13240814208984,1909500
2005-10-10,87.6500015258789,88.5999984741211,87.08000183105469,88.04000091552734,77.69719696044922,1301300
2005-10-11,88.3499984741211,88.83999633789062,87.94000244140625,88.29000091552734,77.91783905029297,1558600
2005-10-12,87.95999908447266,88.88999938964844,86.33999633789062,87.12000274658203,76.88532257080078,1819400
2005-10-13,86.5,87.18000030517578,85.9800033569336,86.58000183105469,76.40870666503906,1834300
2005-10-14,86.9000015258789,87.69999694824219,85.95999908447266,87.5999984741211,77.30889129638672,1373400
2005-10-17,87.5999984741211,88.16000366210938,87.23999786376953,88.16000366210938,77.80313110351562,959700
2005-10-18,87.94000244140625,88.26000213623047,87.44999694824219,88.08999633789062,77.74132537841797,1138200
2005-10-19,88.08999633789062,89.0999984741211,86.7699966430664,88.83000183105469,78.3943862915039,1743700
2005-10-20,89.44999694824219,90.0999984741211,88.58999633789062,89.20999908447266,78.72978210449219,2070300
2005-10-21,89.22000122070312,89.31999969482422,88.30000305175781,88.52999877929688,78.12965393066406,2026500
2005-10-24,88.9000015258789,91.44999694824219,88.87000274658203,90.98999786376953,80.30066680908203,2267000
2005-10-25,91.0,91.94000244140625,90.4800033569336,91.08999633789062,80.388916015625,2239200
2005-10-26,90.58999633789062,91.13999938964844,90.27999877929688,90.47000122070312,79.84175109863281,1235600
2005-10-27,90.19999694824219,90.48999786376953,88.94999694824219,89.51000213623047,78.99453735351562,1299700
2005-10-28,89.98999786376953,90.98999786376953,89.91000366210938,90.62999725341797,79.98294067382812,1437600
2005-10-31,90.68000030517578,92.23999786376953,90.68000030517578,91.93000030517578,81.1302261352539,1468200
2005-11-01,92.05000305175781,92.47000122070312,91.62999725341797,91.7300033569336,80.95370483398438,1672800
2005-11-02,92.4000015258789,93.5199966430664,91.9000015258789,93.5,82.5157470703125,2179500
2005-11-03,93.5,95.81999969482422,93.30000305175781,94.72000122070312,83.59244537353516,2335800
2005-11-04,94.72000122070312,94.9800033569336,93.05999755859375,93.54000091552734,82.55108642578125,1543500
2005-11-07,93.54000091552734,94.47000122070312,93.5199966430664,94.29000091552734,83.21295928955078,1012900
2005-11-08,94.29000091552734,94.80000305175781,93.80000305175781,94.2699966430664,83.19530487060547,851900
2005-11-09,94.2699966430664,94.98999786376953,93.69999694824219,94.87000274658203,83.72484588623047,859900
2005-11-10,94.68000030517578,95.66999816894531,93.95999908447266,95.61000061035156,84.37788391113281,1092300
2005-11-11,95.66000366210938,96.58999633789062,95.62000274658203,96.0,84.72211456298828,1778000
2005-11-14,95.94999694824219,96.5,95.45999908447266,96.3499984741211,85.03094482421875,1178600
2005-11-15,95.3499984741211,95.48999786376953,93.80999755859375,94.05999755859375,83.01001739501953,2155800
2005-11-16,93.94999694824219,94.08000183105469,92.0999984741211,93.47000122070312,82.4892578125,2115800
2005-11-17,94.05000305175781,95.73999786376953,94.05000305175781,95.73999786376953,84.4926528930664,1339800
2005-11-18,96.94999694824219,97.80999755859375,96.54000091552734,97.80000305175781,86.31063079833984,2189200
2005-11-21,97.80000305175781,98.69000244140625,97.18000030517578,97.98999786376953,86.47831726074219,1717000
2005-11-22,98.0,98.55999755859375,97.66000366210938,98.25,86.70777893066406,2078300
2005-11-23,98.05000305175781,98.72000122070312,97.80000305175781,98.0999984741211,86.57538604736328,781500
2005-11-25,98.3499984741211,98.69999694824219,98.0999984741211,98.18000030517578,86.64598083496094,292100
2005-11-28,98.18000030517578,98.5,96.69000244140625,96.86000061035156,85.48104858398438,1529700
2005-11-29,97.5,98.55000305175781,97.5,97.9000015258789,86.39888000488281,1199100
2005-11-30,98.19999694824219,98.80999755859375,97.47000122070312,97.62000274658203,86.15179443359375,1388200
2005-12-01,98.27999877929688,98.75,98.08000183105469,98.37999725341797,86.82243347167969,1116500
2005-12-02,98.58000183105469,98.68000030517578,97.5999984741211,97.81999969482422,86.3282699584961,543800
2005-12-05,97.5,97.51000213623047,95.79000091552734,95.79000091552734,84.5367431640625,1830500
2005-12-06,97.56999969482422,99.94000244140625,97.08999633789062,99.01000213623047,87.37848663330078,3073800
2005-12-07,98.5999984741211,100.16000366210938,98.4800033569336,99.4800033569336,87.79325866699219,1669700
2005-12-08,99.48999786376953,99.69000244140625,97.13999938964844,97.66999816894531,86.19588470458984,1650400
2005-12-09,98.0,98.5,97.86000061035156,98.08000183105469,86.62870025634766,947600
2005-12-12,98.25,98.77999877929688,97.41000366210938,98.08999633789062,86.63752746582031,883900
2005-12-13,98.0999984741211,98.55000305175781,97.37999725341797,98.55000305175781,87.0438461303711,1197700
2005-12-14,98.75,100.08000183105469,98.63999938964844,99.8499984741211,88.1920166015625,1447800
2005-12-15,99.44999694824219,100.94999694824219,99.4000015258789,100.5999984741211,88.85444641113281,1279700
2005-12-16,101.1500015258789,101.22000122070312,99.9000015258789,99.9000015258789,88.23621368408203,1449700
2005-12-19,99.9000015258789,100.63999938964844,99.05000305175781,99.2300033569336,87.64444732666016,1015200
2005-12-20,99.30000305175781,99.76000213623047,98.48999786376953,98.48999786376953,86.99081420898438,1701700
2005-12-21,100.62999725341797,104.02999877929688,100.62999725341797,103.69999694824219,91.5925521850586,4480700
2005-12-22,103.05000305175781,105.29000091552734,103.04000091552734,104.2699966430664,92.09600067138672,2888300
2005-12-23,104.20999908447266,104.91999816894531,103.93000030517578,104.55999755859375,92.3521499633789,1070900
2005-12-27,104.9000015258789,105.81999969482422,104.11000061035156,104.25,92.07833099365234,1403000
2005-12-28,104.3499984741211,104.80000305175781,104.1500015258789,104.20999908447266,92.04300689697266,1010100
2005-12-29,104.01000213623047,105.69000244140625,103.7300033569336,103.7300033569336,91.61898803710938,961300
2005-12-30,103.3499984741211,103.8499984741211,103.06999969482422,103.38999938964844,91.31873321533203,918200
2006-01-03,103.37999725341797,103.8499984741211,100.94000244140625,103.31999969482422,91.25689697265625,2227400
2006-01-04,103.31999969482422,105.36000061035156,103.30000305175781,104.83999633789062,92.59943389892578,1783900
2006-01-05,104.08999633789062,105.05000305175781,103.30999755859375,103.7699966430664,91.65433502197266,1351000
2006-01-06,103.6500015258789,103.9800033569336,101.51000213623047,102.58999633789062,90.61210632324219,1759100
2006-01-09,102.0,103.54000091552734,101.80000305175781,102.91999816894531,90.90360260009766,1512600
2006-01-10,102.91999816894531,102.91999816894531,101.70999908447266,101.98999786376953,90.08216094970703,1210200
2006-01-11,102.0999984741211,102.44999694824219,101.52999877929688,101.7699966430664,89.88785552978516,1231000
2006-01-12,100.98999786376953,101.16999816894531,99.5999984741211,100.30999755859375,88.59831237792969,1681700
2006-01-13,100.5,101.0199966430664,99.66999816894531,100.0,88.32450103759766,782600
2006-01-17,99.76000213623047,99.7699966430664,97.47000122070312,98.19000244140625,86.72586059570312,1973800
2006-01-18,98.19000244140625,100.83000183105469,97.4000015258789,100.62000274658203,88.87213134765625,1861500
2006-01-19,100.97000122070312,103.22000122070312,100.6500015258789,102.72000122070312,90.72694396972656,1931900
2006-01-20,103.4000015258789,103.8499984741211,99.52999877929688,99.94999694824219,88.28035736083984,2848500
2006-01-23,100.58000183105469,100.7300033569336,98.45999908447266,100.26000213623047,88.55415344238281,1414000
2006-01-24,100.44999694824219,101.55000305175781,99.30000305175781,101.22000122070312,89.4020767211914,1281300
2006-01-25,101.9000015258789,102.47000122070312,100.4000015258789,100.80000305175781,89.03113555908203,1387900
2006-01-26,101.5,102.19999694824219,101.13999938964844,101.9000015258789,90.002685546875,1033200
2006-01-27,101.8499984741211,102.83999633789062,100.75,102.45999908447266,90.4972915649414,1023300
2006-01-30,102.19000244140625,102.79000091552734,102.0,102.22000122070312,90.28534698486328,700900
2006-01-31,102.2300033569336,102.75,101.12000274658203,101.1500015258789,89.34026336669922,1210500
2006-02-01,101.19999694824219,101.3499984741211,99.44000244140625,99.73999786376953,88.0948486328125,2145900
2006-02-02,99.7300033569336,99.95999908447266,98.41999816894531,98.5,86.99964904785156,1522200
2006-02-03,98.0,98.69000244140625,96.5,98.48999786376953,86.99081420898438,1579700
2006-02-06,98.44999694824219,98.7300033569336,97.83000183105469,98.58999633789062,87.07913970947266,753700
2006-02-07,98.5,99.16999816894531,97.69999694824219,98.0199966430664,86.57569885253906,959900
2006-02-08,98.75,100.43000030517578,98.0,100.37999725341797,88.66011810302734,1420300
2006-02-09,100.44999694824219,101.02999877929688,99.37999725341797,99.55000305175781,87.92705535888672,1031700
2006-02-10,99.55000305175781,100.22000122070312,99.18000030517578,99.75,88.10372161865234,1073400
2006-02-13,99.80000305175781,102.38999938964844,99.80000305175781,101.12000274658203,89.31376647949219,1570700
2006-02-14,101.19999694824219,103.87000274658203,101.19999694824219,103.69999694824219,91.5925521850586,2046600
2006-02-15,103.25,104.5,102.55000305175781,104.30000305175781,92.1224594116211,1410700
2006-02-16,103.94999694824219,104.9000015258789,102.76000213623047,104.62999725341797,92.41393280029297,1326000
2006-02-17,104.69999694824219,105.1500015258789,103.91000366210938,105.05000305175781,92.78492736816406,1248700
2006-02-21,104.91999816894531,105.4000015258789,104.4000015258789,105.04000091552734,92.77609252929688,1784000
2006-02-22,105.0,106.91999816894531,105.0,106.4000015258789,93.97728729248047,2249800
2006-02-23,106.6500015258789,107.5,106.12999725341797,106.7300033569336,94.26876068115234,1179500
2006-02-24,107.4000015258789,107.62999725341797,106.75,107.16000366210938,94.6485595703125,1325600
2006-02-27,107.37000274658203,108.83000183105469,106.87999725341797,108.63999938964844,95.95574951171875,1276500
2006-02-28,108.44999694824219,108.54000091552734,106.83000183105469,107.23999786376953,94.71919250488281,1551800
2006-03-01,109.75,110.56999969482422,108.62000274658203,110.43000030517578,97.53678894042969,2693400
2006-03-02,110.0,110.0999984741211,108.63999938964844,109.4000015258789,96.62702178955078,1884100
2006-03-03,109.19000244140625,112.37000274658203,109.05000305175781,111.5,98.48185729980469,1874400
2006-03-06,111.29000091552734,111.83999633789062,110.02999877929688,111.58000183105469,98.55249786376953,1433200
2006-03-07,110.77999877929688,112.38999938964844,110.77999877929688,112.0,98.9234619140625,1314200
2006-03-08,112.08999633789062,112.19000244140625,109.98999786376953,111.77999877929688,98.72915649414062,1445100
2006-03-09,111.81999969482422,113.29000091552734,111.62999725341797,112.3499984741211,99.30362701416016,2125000
2006-03-10,112.08000183105469,113.18000030517578,111.66999816894531,112.01000213623047,99.0031509399414,1251600
2006-03-13,112.04000091552734,112.88999938964844,111.75,112.31999969482422,99.27714538574219,1208000
2006-03-14,112.5,114.80000305175781,112.44999694824219,114.76000213623047,101.43380737304688,1674500
2006-03-15,114.36000061035156,116.0,114.2300033569336,116.0,102.52981567382812,1573300
2006-03-16,116.0,116.0,114.0,114.51000213623047,101.21282196044922,1471800
2006-03-17,115.19999694824219,115.19999694824219,113.55000305175781,114.94000244140625,101.59291076660156,1732300
2006-03-20,114.62000274658203,114.97000122070312,113.41000366210938,114.0,100.76205444335938,1389000
2006-03-21,113.3499984741211,114.30000305175781,113.1500015258789,113.22000122070312,100.07264709472656,1590900
2006-03-22,112.70999908447266,114.87000274658203,111.4000015258789,114.44000244140625,101.15096282958984,2797400
2006-03-23,113.98999786376953,114.25,111.61000061035156,113.0,99.878173828125,2004300
2006-03-24,113.05000305175781,113.05000305175781,111.62999725341797,111.80999755859375,98.82637023925781,972000
2006-03-27,111.69999694824219,113.0,111.69999694824219,112.73999786376953,99.64836120605469,1009700
2006-03-28,112.54000091552734,113.3499984741211,112.1500015258789,112.62000274658203,99.54232025146484,896200
2006-03-29,112.12000274658203,112.56999969482422,111.48999786376953,111.81999969482422,98.8352279663086,1199300
2006-03-30,111.25,112.87000274658203,110.51000213623047,111.45999908447266,98.51704406738281,1175200
2006-03-31,111.83999633789062,113.13999938964844,111.66999816894531,112.94000244140625,99.82518005371094,1393200
2006-04-03,113.5999984741211,114.88999938964844,113.30000305175781,114.68000030517578,101.3630599975586,1476400
2006-04-04,114.68000030517578,117.0199966430664,114.44999694824219,116.91999816894531,103.34297943115234,1879000
2006-04-05,116.6500015258789,117.97000122070312,116.45999908447266,117.72000122070312,104.05010223388672,1460700
2006-04-06,117.72000122070312,118.9800033569336,117.0,118.19999694824219,104.474365234375,1294200
2006-04-07,119.19999694824219,119.25,116.91999816894531,117.0999984741211,103.5020980834961,1458900
2006-04-10,117.3499984741211,118.30000305175781,116.73999786376953,117.80000305175781,104.12081146240234,1325100
2006-04-11,118.4000015258789,118.55000305175781,115.81999969482422,116.05999755859375,102.5828628540039,1391700
2006-04-12,115.80000305175781,116.3499984741211,114.3499984741211,114.41999816894531,101.1332778930664,1859600
2006-04-13,114.30000305175781,114.91000366210938,113.80999755859375,114.8499984741211,101.51336669921875,971900
2006-04-17,114.30000305175781,114.79000091552734,112.9000015258789,113.29000091552734,100.1344985961914,1020100
2006-04-18,113.48999786376953,115.37000274658203,113.48999786376953,115.27999877929688,101.89339447021484,2126000
2006-04-19,116.04000091552734,116.7699966430664,115.20999908447266,115.66000366210938,102.22927856445312,1012100
2006-04-20,115.9000015258789,117.01000213623047,115.2300033569336,115.27999877929688,101.89339447021484,1278800
2006-04-21,116.08999633789062,116.5,114.94000244140625,115.38999938964844,101.99066162109375,1519300
2006-04-24,114.94999694824219,116.0,114.22000122070312,115.66999816894531,102.23812103271484,1091100
2006-04-25,115.5,115.5999984741211,113.58000183105469,113.77999877929688,100.5676040649414,1241500
2006-04-26,114.43000030517578,115.0,113.83999633789062,114.30999755859375,101.03607177734375,819200
2006-04-27,114.05999755859375,115.27999877929688,113.05999755859375,115.19999694824219,101.8227310180664,1191500
2006-04-28,114.58000183105469,115.23999786376953,113.97000122070312,115.12999725341797,101.7608413696289,1201100
2006-05-01,115.12999725341797,115.29000091552734,113.44000244140625,113.5999984741211,100.40850830078125,1197100
2006-05-02,114.19999694824219,116.44000244140625,113.5,116.08000183105469,102.6005630493164,1511000
2006-05-03,114.25,114.76000213623047,113.0,114.18000030517578,100.92115783691406,2104800
2006-05-04,114.51000213623047,118.29000091552734,114.37999725341797,118.19999694824219,104.474365234375,2298300
2006-05-05,118.98999786376953,120.01000213623047,118.41000366210938,119.30999755859375,105.45545196533203,2298600
2006-05-08,119.4000015258789,119.72000122070312,118.69999694824219,119.05999755859375,105.2344741821289,773300
2006-05-09,118.55000305175781,119.58999633789062,118.0999984741211,119.41999816894531,105.55266571044922,875800
2006-05-10,118.6500015258789,118.6500015258789,117.58000183105469,118.08999633789062,104.37710571289062,1281300
2006-05-11,117.68000030517578,117.98999786376953,116.25,117.2699966430664,103.65233612060547,1308500
2006-05-12,117.47000122070312,117.48999786376953,115.0,115.05999755859375,101.69894409179688,991000
2006-05-15,114.30000305175781,115.7300033569336,114.16000366210938,115.44000244140625,102.03482055664062,991400
2006-05-16,116.0999984741211,116.22000122070312,114.9000015258789,115.43000030517578,102.02600860595703,893000
2006-05-17,115.43000030517578,115.44000244140625,109.30000305175781,109.91999816894531,97.1558837890625,3206800
2006-05-18,110.25,110.5,108.55999755859375,109.25,96.56363677978516,2257100
2006-05-19,109.80000305175781,110.2300033569336,107.44000244140625,109.33999633789062,96.64317321777344,2277100
2006-05-22,109.19999694824219,110.37000274658203,107.9000015258789,110.05000305175781,97.270751953125,1822200
2006-05-23,110.75,110.98999786376953,107.68000030517578,107.68000030517578,95.17595672607422,1565800
2006-05-24,107.69000244140625,108.0999984741211,106.0,107.31999969482422,94.85774993896484,2329900
2006-05-25,108.30000305175781,108.48999786376953,107.05000305175781,107.72000122070312,95.2113037109375,1346200
2006-05-26,107.72000122070312,107.93000030517578,106.94999694824219,107.48999786376953,95.00802612304688,1018500
2006-05-30,107.23999786376953,107.98999786376953,106.05000305175781,107.30999755859375,94.84891510009766,1445300
2006-05-31,107.9000015258789,109.73999786376953,107.80000305175781,109.2699966430664,96.58129119873047,1517100
2006-06-01,109.2699966430664,111.4000015258789,109.2699966430664,111.3499984741211,98.41976165771484,1269300
2006-06-02,111.33999633789062,111.4800033569336,110.45999908447266,111.12999725341797,98.22534942626953,1157600
2006-06-05,110.4000015258789,110.95999908447266,107.58999633789062,107.73999786376953,95.2289810180664,1288500
2006-06-06,107.98999786376953,108.52999877929688,106.2300033569336,108.2699966430664,95.69744110107422,1648000
2006-06-07,109.22000122070312,110.4000015258789,107.68000030517578,107.75,95.23780059814453,1665400
2006-06-08,107.66000366210938,107.93000030517578,104.55000305175781,107.76000213623047,95.32630157470703,2169000
2006-06-09,107.87999725341797,108.41000366210938,106.26000213623047,106.56999969482422,94.27362060546875,1218700
2006-06-12,106.30999755859375,107.25,105.02999877929688,105.0999984741211,92.97322082519531,1144400
2006-06-13,105.0999984741211,106.55999755859375,103.73999786376953,105.19999694824219,93.06169128417969,1878900
2006-06-14,105.19000244140625,105.86000061035156,104.11000061035156,105.62000274658203,93.43318939208984,1384700
2006-06-15,106.5,109.73999786376953,106.05000305175781,109.5,96.8655014038086,1738500
2006-06-16,108.9800033569336,109.83999633789062,108.52999877929688,109.63999938964844,96.98937225341797,1430000
2006-06-19,109.8499984741211,110.9800033569336,109.27999877929688,109.72000122070312,97.06012725830078,1282600
2006-06-20,110.05000305175781,110.54000091552734,108.31999969482422,108.31999969482422,95.8216552734375,1944500
2006-06-21,110.94999694824219,113.98999786376953,110.1500015258789,113.86000061035156,100.72245788574219,4417000
2006-06-22,113.5,114.41000366210938,112.30000305175781,113.4800033569336,100.38630676269531,1703100
2006-06-23,113.25,115.9000015258789,113.19000244140625,115.04000091552734,101.76630401611328,1507200
2006-06-26,115.04000091552734,115.8499984741211,113.91999816894531,115.0199966430664,101.74858856201172,1230900
2006-06-27,115.3499984741211,116.2699966430664,114.01000213623047,114.01000213623047,100.85514831542969,1720800
2006-06-28,114.5,114.5999984741211,112.70999908447266,112.97000122070312,99.9351577758789,1988500
2006-06-29,114.0999984741211,117.0,113.58000183105469,117.0,103.5001449584961,2672000
2006-06-30,117.0,117.37000274658203,115.95999908447266,116.86000061035156,103.37628173828125,1102500
2006-07-03,116.98999786376953,118.29000091552734,116.88999938964844,118.29000091552734,104.64128875732422,549100
2006-07-05,118.05000305175781,118.73999786376953,115.9000015258789,117.16999816894531,103.65055084228516,1675200
2006-07-06,117.4000015258789,117.69999694824219,115.61000061035156,116.55999755859375,103.11088562011719,1353000
2006-07-07,116.55999755859375,116.55999755859375,114.2699966430664,114.4000015258789,101.20011901855469,1434100
2006-07-10,115.4000015258789,115.4000015258789,113.68000030517578,114.98999786376953,101.72203826904297,895300
2006-07-11,114.4000015258789,115.0,112.54000091552734,114.76000213623047,101.51860809326172,1512400
2006-07-12,114.94999694824219,115.06999969482422,112.48999786376953,112.5999984741211,99.60785675048828,1635000
2006-07-13,112.5999984741211,112.6500015258789,110.16000366210938,110.55000305175781,97.79437255859375,1820500
2006-07-14,110.30000305175781,110.48999786376953,107.4000015258789,109.01000213623047,96.43209075927734,2450500
2006-07-17,109.0,109.8499984741211,108.2699966430664,108.81999969482422,96.26400756835938,1289300
2006-07-18,109.5199966430664,109.91999816894531,107.30000305175781,108.4000015258789,95.89244842529297,1948200
2006-07-19,109.0,112.69000244140625,108.13999938964844,112.44999694824219,99.47513580322266,2646400
2006-07-20,113.5,113.87000274658203,108.08000183105469,108.12999725341797,95.65357971191406,2446700
2006-07-21,108.37999725341797,108.86000061035156,104.27999877929688,108.48999786376953,95.97205352783203,3207100
2006-07-24,109.44999694824219,110.9000015258789,108.5199966430664,110.44000244140625,97.69709777832031,1627900
2006-07-25,106.91000366210938,110.27999877929688,104.61000061035156,109.30999755859375,96.69742584228516,4954000
2006-07-26,109.0999984741211,109.0999984741211,105.05000305175781,106.66000366210938,94.35321807861328,3561400
2006-07-27,105.19000244140625,106.66999816894531,101.36000061035156,101.81999969482422,90.07166290283203,4047300
2006-07-28,101.87999725341797,105.9000015258789,101.69000244140625,105.29000091552734,93.14128875732422,2999600
2006-07-31,105.19999694824219,105.19999694824219,104.1500015258789,104.70999908447266,92.62818145751953,2174600
2006-08-01,104.5,104.5199966430664,101.8499984741211,103.20999908447266,91.3012924194336,2563100
2006-08-02,103.5999984741211,104.11000061035156,102.33000183105469,103.31999969482422,91.3985824584961,1663300
2006-08-03,101.61000061035156,106.22000122070312,101.61000061035156,105.3499984741211,93.19434356689453,1806200
2006-08-04,106.05000305175781,109.5999984741211,103.43000030517578,104.51000213623047,92.45130157470703,2705700
2006-08-07,104.5,104.94999694824219,102.76000213623047,103.16000366210938,91.25703430175781,1423200
2006-08-08,103.75,104.44000244140625,101.75,102.38999938964844,90.57588195800781,1750700
2006-08-09,103.0,103.9800033569336,97.93000030517578,98.4000015258789,87.0462875366211,4002400
2006-08-10,98.4000015258789,100.47000122070312,98.0199966430664,100.27999877929688,88.7093505859375,2848800
2006-08-11,100.1500015258789,100.1500015258789,97.79000091552734,98.33999633789062,86.99317169189453,2025100
2006-08-14,99.3499984741211,100.75,97.91999816894531,98.25,86.91361236572266,3220700
2006-08-15,98.75,100.3499984741211,98.06999969482422,100.11000061035156,88.55897521972656,3193500
2006-08-16,101.80000305175781,104.5199966430664,100.2699966430664,104.1500015258789,92.13279724121094,3961600
2006-08-17,103.1500015258789,104.68000030517578,102.75,104.2300033569336,92.20357513427734,1974200
2006-08-18,104.5,104.83999633789062,103.2300033569336,103.87999725341797,91.89396667480469,1342000
2006-08-21,103.4000015258789,103.45999908447266,101.06999969482422,101.38999938964844,89.6912841796875,1771500
2006-08-22,101.4000015258789,102.25,100.37999725341797,100.68000030517578,89.06317901611328,1857800
2006-08-23,100.80000305175781,101.18000030517578,98.52999877929688,99.16000366210938,87.71863555908203,2377700
2006-08-24,100.0,100.25,97.80999755859375,98.12000274658203,86.79859924316406,3731900
2006-08-25,98.12000274658203,99.66000366210938,97.91999816894531,99.1500015258789,87.709716796875,1433300
2006-08-28,99.5999984741211,101.97000122070312,99.58000183105469,100.9000015258789,89.25784301757812,1958300
2006-08-29,100.9000015258789,101.3499984741211,99.37000274658203,100.12000274658203,88.56781005859375,2141900
2006-08-30,100.75,101.16000366210938,99.33999633789062,100.54000091552734,88.9393539428711,1419100
2006-08-31,100.44000244140625,101.1500015258789,100.0999984741211,101.02999877929688,89.3728256225586,1227400
2006-09-01,101.4000015258789,102.08999633789062,100.43000030517578,101.81999969482422,90.07166290283203,1164000
2006-09-05,101.81999969482422,102.69999694824219,100.98999786376953,101.55000305175781,89.83283996582031,1881300
2006-09-06,101.55000305175781,101.69999694824219,99.94999694824219,100.76000213623047,89.13396453857422,2193600
2006-09-07,100.8499984741211,101.08000183105469,99.44999694824219,100.5,88.9834213256836,2049400
2006-09-08,100.83999633789062,100.83999633789062,99.75,100.70999908447266,89.16936492919922,1511200
2006-09-11,100.70999908447266,101.98999786376953,99.33999633789062,101.75,90.09020233154297,2216400
2006-09-12,102.44999694824219,104.86000061035156,102.33000183105469,104.80999755859375,92.799560546875,2539200
2006-09-13,104.79000091552734,107.30000305175781,104.5,106.55999755859375,94.34902954101562,2625000
2006-09-14,106.5,106.51000213623047,104.48999786376953,105.0,92.9677734375,1907200
2006-09-15,105.80000305175781,106.83999633789062,104.80000305175781,105.9000015258789,93.76466369628906,2554600
2006-09-18,106.5,108.69999694824219,106.4000015258789,107.58000183105469,95.25213623046875,2430400
2006-09-19,107.6500015258789,108.4800033569336,105.86000061035156,106.83999633789062,94.59693145751953,2505500
2006-09-20,107.69999694824219,108.37999725341797,106.66000366210938,107.52999877929688,95.2078628540039,2590600
2006-09-21,109.48999786376953,109.6500015258789,104.5999984741211,106.0,93.85319519042969,4931200
2006-09-22,106.5999984741211,107.0999984741211,104.80999755859375,106.02999877929688,93.87973022460938,1782600
2006-09-25,107.0,107.0,103.79000091552734,105.37000274658203,93.29541778564453,2549800
2006-09-26,105.94999694824219,109.69000244140625,105.73999786376953,109.56999969482422,97.01411437988281,3451100
2006-09-27,109.56999969482422,110.20999908447266,108.16000366210938,110.19999694824219,97.57189178466797,2525000
2006-09-28,109.56999969482422,110.01000213623047,108.38999938964844,109.68000030517578,97.11148834228516,1634800
2006-09-29,109.27999877929688,110.0199966430664,107.8499984741211,108.68000030517578,96.22610473632812,1697600
2006-10-02,108.9000015258789,109.12999725341797,107.7699966430664,108.33999633789062,95.925048828125,1184000
2006-10-03,108.0,110.0199966430664,107.37000274658203,109.54000091552734,96.98751068115234,1789400
2006-10-04,109.4000015258789,111.9000015258789,108.16999816894531,111.4000015258789,98.63439178466797,2376500
2006-10-05,111.4000015258789,113.43000030517578,110.7699966430664,112.93000030517578,99.98906707763672,1762400
2006-10-06,112.1500015258789,112.72000122070312,110.62000274658203,112.30000305175781,99.43125915527344,1630400
2006-10-09,112.30000305175781,112.30000305175781,110.43000030517578,111.69999694824219,98.90003967285156,1245000
2006-10-10,112.4000015258789,113.83999633789062,112.08000183105469,113.05000305175781,100.09529113769531,1895300
2006-10-11,112.6500015258789,112.6500015258789,110.19999694824219,111.0,98.28022003173828,1832100
2006-10-12,111.98999786376953,112.44999694824219,111.18000030517578,112.19000244140625,99.3338623046875,1739700
2006-10-13,112.66000366210938,114.55999755859375,111.73999786376953,113.9800033569336,100.91873931884766,2231900
2006-10-16,113.98999786376953,117.0,113.61000061035156,116.63999938964844,103.27393341064453,2347300
2006-10-17,116.13999938964844,116.19999694824219,113.55999755859375,115.81999969482422,102.54788970947266,2965600
2006-10-18,116.41999816894531,116.9800033569336,112.66999816894531,113.5,100.49376678466797,2438900
2006-10-19,113.80000305175781,116.0,113.73999786376953,115.27999877929688,102.06977844238281,1756300
2006-10-20,115.94999694824219,116.51000213623047,114.51000213623047,116.19999694824219,102.88434600830078,1603000
2006-10-23,116.19999694824219,116.58999633789062,114.37000274658203,114.6500015258789,101.5119857788086,1655400
2006-10-24,114.05000305175781,116.0,114.05000305175781,115.29000091552734,102.0786361694336,1964200
2006-10-25,115.20999908447266,116.4000015258789,113.76000213623047,115.16000366210938,101.96351623535156,2187300
2006-10-26,115.16000366210938,115.70999908447266,114.08999633789062,115.44999694824219,102.22028350830078,1271100
2006-10-27,114.94999694824219,115.0,113.83999633789062,114.02999877929688,100.9629898071289,1333600
2006-10-30,113.43000030517578,115.97000122070312,113.31999969482422,115.87999725341797,102.60101318359375,1362900
2006-10-31,116.0999984741211,116.9800033569336,114.02999877929688,114.54000091552734,101.41455078125,1504400
2006-11-01,114.88999938964844,115.26000213623047,111.72000122070312,112.5,99.60835266113281,2228300
2006-11-02,111.7699966430664,113.4800033569336,111.0,112.08999633789062,99.24533081054688,1298900
2006-11-03,113.18000030517578,114.0,111.86000061035156,112.06999969482422,99.22762298583984,1419900
2006-11-06,112.97000122070312,114.2699966430664,112.97000122070312,113.94000244140625,100.88333129882812,1243400
2006-11-07,113.8499984741211,115.41000366210938,113.19999694824219,115.02999877929688,101.84839630126953,1550600
2006-11-08,114.8499984741211,115.66000366210938,113.4000015258789,114.88999938964844,101.72447204589844,1418000
2006-11-09,115.37000274658203,115.37000274658203,113.4800033569336,113.4800033569336,100.47603607177734,1527700
2006-11-10,113.80000305175781,115.04000091552734,113.04000091552734,114.75,101.60051727294922,1103700
2006-11-13,115.0999984741211,116.91000366210938,115.0,115.41000366210938,102.18488311767578,1414300
2006-11-14,115.98999786376953,116.0,114.04000091552734,115.5,102.26455688476562,1626400
2006-11-15,115.88999938964844,117.98999786376953,115.69999694824219,117.30999755859375,103.86715698242188,1856300
2006-11-16,117.9800033569336,118.41999816894531,116.83999633789062,118.13999938964844,104.60202026367188,2077000
2006-11-17,118.1500015258789,118.47000122070312,117.0,117.44000244140625,103.98223114013672,1287800
2006-11-20,118.29000091552734,118.29000091552734,116.87000274658203,117.58000183105469,104.1062240600586,944500
2006-11-21,118.27999877929688,118.55000305175781,117.37999725341797,117.58000183105469,104.1062240600586,967000
2006-11-22,118.2300033569336,119.20999908447266,117.41000366210938,118.62999725341797,105.035888671875,1074200
2006-11-24,118.20999908447266,118.2699966430664,117.08999633789062,117.36000061035156,103.91143798828125,725600
2006-11-27,117.04000091552734,118.04000091552734,115.45999908447266,116.0999984741211,102.79581451416016,1812200
2006-11-28,116.0999984741211,116.43000030517578,114.41999816894531,115.9000015258789,102.61872863769531,1484900
2006-11-29,116.30999755859375,117.16000366210938,115.29000091552734,116.0,102.7072982788086,1436000
2006-11-30,116.0,116.0999984741211,114.38999938964844,115.43000030517578,102.20262145996094,1511900
2006-12-01,115.5,115.91000366210938,113.47000122070312,114.87000274658203,101.70675659179688,1568300
2006-12-04,115.4000015258789,117.16000366210938,115.19000244140625,116.02999877929688,102.73381042480469,1412000
2006-12-05,116.12000274658203,117.73999786376953,115.45999908447266,117.4800033569336,104.01766967773438,1442400
2006-12-06,117.16999816894531,117.58000183105469,116.36000061035156,116.47000122070312,103.12340545654297,1156600
2006-12-07,117.5,117.5,116.16999816894531,116.83000183105469,103.44215393066406,1337500
2006-12-08,116.27999877929688,116.5199966430664,114.94999694824219,115.30000305175781,102.16617584228516,1376800
2006-12-11,115.30000305175781,115.80000305175781,114.80999755859375,115.06999969482422,101.96238708496094,1320300
2006-12-12,115.06999969482422,115.41999816894531,114.0,114.69999694824219,101.63452911376953,1894700
2006-12-13,115.4000015258789,115.4000015258789,112.94999694824219,113.18000030517578,100.28767395019531,2247600
2006-12-14,113.18000030517578,115.22000122070312,112.66999816894531,114.97000122070312,101.87377166748047,1481000
2006-12-15,115.19999694824219,115.95999908447266,114.75,115.05999755859375,101.95350646972656,1883800
2006-12-18,115.0,115.55000305175781,114.4000015258789,115.05999755859375,101.95350646972656,2312400
2006-12-19,114.98999786376953,115.0,113.0,114.0,101.01427459716797,2285000
2006-12-20,110.08999633789062,112.37000274658203,109.5999984741211,111.8499984741211,99.10917663574219,5224900
2006-12-21,112.0,112.19999694824219,108.05999755859375,108.54000091552734,96.17622375488281,4037900
2006-12-22,109.0,109.0,106.69000244140625,107.47000122070312,95.22811126708984,2362800
2006-12-26,108.5,108.5,106.69000244140625,107.41999816894531,95.18379974365234,1607900
2006-12-27,108.0,108.9000015258789,107.18000030517578,107.94000244140625,95.64453125,1427900
2006-12-28,107.5999984741211,108.4800033569336,107.0999984741211,107.94999694824219,95.65338134765625,1328800
2006-12-29,107.80000305175781,108.88999938964844,107.62999725341797,108.62000274658203,96.24712371826172,1462200
2007-01-03,108.75,111.05999755859375,108.66000366210938,109.7699966430664,97.26609802246094,2596700
2007-01-04,109.7699966430664,109.7699966430664,108.23999786376953,108.4800033569336,96.12308502197266,2248200
2007-01-05,108.25,108.52999877929688,107.04000091552734,107.52999877929688,95.28126525878906,1346800
2007-01-08,108.0,108.30999755859375,106.91999816894531,107.8499984741211,95.5647964477539,1456700
2007-01-09,108.80000305175781,109.47000122070312,107.29000091552734,108.16999816894531,95.84835815429688,1627100
2007-01-10,107.51000213623047,107.88999938964844,106.62999725341797,107.58999633789062,95.33442687988281,1252800
2007-01-11,107.83999633789062,108.25,106.95999908447266,107.66999816894531,95.40528106689453,1613900
2007-01-12,107.51000213623047,109.20999908447266,107.5,108.86000061035156,96.45976257324219,1541700
2007-01-16,111.9000015258789,112.9000015258789,111.12999725341797,111.68000030517578,98.95856475830078,3118300
2007-01-17,111.12000274658203,111.94999694824219,111.05000305175781,111.25,98.57750701904297,1801900
2007-01-18,112.83000183105469,112.83000183105469,110.44999694824219,110.80999755859375,98.18763732910156,1857200
2007-01-19,111.25,111.62000274658203,110.52999877929688,110.9800033569336,98.33827209472656,1401200
2007-01-22,110.6500015258789,111.12000274658203,108.63999938964844,109.62000274658203,97.13321685791016,2168500
2007-01-23,109.62000274658203,110.5999984741211,108.66000366210938,109.22000122070312,96.77877044677734,1866900
2007-01-24,109.29000091552734,110.9000015258789,109.0,110.58000183105469,97.98384857177734,1214100
2007-01-25,110.4800033569336,111.1500015258789,110.26000213623047,110.55999755859375,97.96610260009766,1976900
2007-01-26,110.44999694824219,110.94999694824219,108.93000030517578,109.88999938964844,97.3724365234375,1879800
2007-01-29,110.23999786376953,111.58000183105469,110.0999984741211,110.80000305175781,98.17878723144531,1596200
2007-01-30,109.62000274658203,110.20999908447266,108.61000061035156,109.20999908447266,96.76988983154297,2447400
2007-01-31,109.19999694824219,110.45999908447266,108.4000015258789,110.4000015258789,97.8243637084961,1974100
2007-02-01,110.66999816894531,111.9000015258789,110.30000305175781,111.88999938964844,99.14464569091797,1626400
2007-02-02,113.69999694824219,115.36000061035156,113.0,114.9800033569336,101.88265991210938,2994800
2007-02-05,114.4000015258789,114.9000015258789,113.55999755859375,113.8499984741211,100.88134765625,1450300
2007-02-06,114.23999786376953,115.0999984741211,113.33000183105469,115.0,101.90035247802734,1887700
2007-02-07,115.0,115.68000030517578,114.37999725341797,115.2300033569336,102.10416412353516,1787800
2007-02-08,114.77999877929688,114.79000091552734,113.01000213623047,113.75,100.79273986816406,1463400
2007-02-09,114.19999694824219,114.38999938964844,113.05999755859375,113.38999938964844,100.47379302978516,1085200
2007-02-12,113.75,114.16000366210938,113.0,113.18000030517578,100.28767395019531,961900
2007-02-13,113.18000030517578,113.72000122070312,111.83999633789062,113.54000091552734,100.6066665649414,1512100
2007-02-14,115.0999984741211,118.1500015258789,114.98999786376953,117.58000183105469,104.18647003173828,3087900
2007-02-15,117.5,117.8499984741211,116.20999908447266,117.29000091552734,103.92951965332031,1357800
2007-02-16,117.5,117.58999633789062,116.45999908447266,117.05000305175781,103.71685028076172,1318100
2007-02-20,116.30000305175781,118.37000274658203,116.19999694824219,118.29000091552734,104.81560516357422,1587100
2007-02-21,118.0,119.41999816894531,117.6500015258789,119.12999725341797,105.5599136352539,1573900
2007-02-22,119.61000061035156,119.69999694824219,118.44000244140625,119.01000213623047,105.45357513427734,1376300
2007-02-23,119.01000213623047,120.97000122070312,118.02999877929688,120.97000122070312,107.19032287597656,2038800
2007-02-26,121.19999694824219,121.41999816894531,116.79000091552734,116.98999786376953,103.66368865966797,2392200
2007-02-27,116.0,116.38999938964844,112.5,113.72000122070312,100.76616668701172,2766200
2007-02-28,114.69999694824219,115.5,113.80000305175781,114.2300033569336,101.21808624267578,1697200
2007-03-01,113.05000305175781,114.75,111.29000091552734,114.16000366210938,101.15604400634766,2307000
2007-03-02,113.69999694824219,114.1500015258789,112.25,112.5,99.68515014648438,1590900
2007-03-05,110.4000015258789,112.41000366210938,110.37999725341797,111.16999816894531,98.50664520263672,2008200
2007-03-06,112.25,112.97000122070312,111.51000213623047,112.56999969482422,99.74714660644531,1558700
2007-03-07,112.19999694824219,112.91999816894531,111.88999938964844,112.3499984741211,99.55219268798828,1128600
2007-03-08,113.19999694824219,113.86000061035156,112.8499984741211,113.58999633789062,100.73168182373047,1267800
2007-03-09,115.87000274658203,116.76000213623047,114.11000061035156,114.66999816894531,101.68939208984375,1478400
2007-03-12,114.25,115.69000244140625,113.83999633789062,115.13999938964844,102.106201171875,1105200
2007-03-13,114.5999984741211,115.05000305175781,112.69000244140625,112.69000244140625,99.93355560302734,2088900
2007-03-14,113.08999633789062,113.56999969482422,109.94000244140625,112.62000274658203,99.87149047851562,2464700
2007-03-15,112.0999984741211,113.0,111.68000030517578,111.87999725341797,99.21524047851562,1268900
2007-03-16,111.87999725341797,112.37000274658203,110.43000030517578,111.13999938964844,98.55902862548828,2563600
2007-03-19,112.25,113.0,111.62999725341797,112.4800033569336,99.74734497070312,1528100
2007-03-20,112.43000030517578,112.66000366210938,111.73999786376953,112.29000091552734,99.57884216308594,1698100
2007-03-21,109.19999694824219,112.11000061035156,109.0,110.98999786376953,98.42596435546875,5472500
2007-03-22,111.0199966430664,111.3499984741211,110.0999984741211,110.62999725341797,98.10673522949219,2338200
2007-03-23,110.62999725341797,112.87999725341797,110.30000305175781,112.70999908447266,99.9512710571289,2005400
2007-03-26,112.19999694824219,113.0,110.54000091552734,110.83000183105469,98.28406524658203,2476000
2007-03-27,110.75,110.75,110.0,110.05000305175781,97.5924072265625,1995000
2007-03-28,110.0,110.0,107.62000274658203,107.66999816894531,95.4817886352539,2774300
2007-03-29,108.5999984741211,109.19999694824219,106.69000244140625,107.69999694824219,95.50841522216797,2261500
2007-03-30,107.94000244140625,108.26000213623047,106.29000091552734,107.43000030517578,95.26901245117188,2228800
2007-04-02,105.55000305175781,106.33000183105469,105.1500015258789,106.06999969482422,94.06293487548828,3368900
2007-04-03,107.05000305175781,107.75,106.52999877929688,107.62999725341797,95.44631958007812,2025200
2007-04-04,108.01000213623047,108.44000244140625,107.75,108.11000061035156,95.87200164794922,1799500
2007-04-05,108.0,108.94000244140625,107.5999984741211,108.81999969482422,96.50162506103516,1367300
2007-04-09,109.0,110.36000061035156,108.93000030517578,109.26000213623047,96.89180755615234,2094900
2007-04-10,109.0,109.37000274658203,108.05999755859375,108.33000183105469,96.0671157836914,1369400
2007-04-11,108.19999694824219,108.91000366210938,106.72000122070312,107.20999908447266,95.07388305664062,1711500
2007-04-12,107.0999984741211,108.55000305175781,106.30000305175781,108.55000305175781,96.26219177246094,1556000
2007-04-13,108.51000213623047,108.55000305175781,106.87999725341797,107.91000366210938,95.69467163085938,1028600
2007-04-16,108.30000305175781,108.93000030517578,107.7300033569336,108.47000122070312,96.19124603271484,2039000
2007-04-17,108.69999694824219,109.19999694824219,108.12000274658203,108.55000305175781,96.26219177246094,1686100
2007-04-18,107.94999694824219,108.5,107.58000183105469,107.88999938964844,95.67688751220703,1769300
2007-04-19,109.44000244140625,109.44000244140625,107.16000366210938,107.30000305175781,95.1537094116211,1570600
2007-04-20,109.1500015258789,110.25,107.55999755859375,109.02999877929688,96.68785095214844,2921300
2007-04-23,109.25,109.77999877929688,107.7300033569336,107.94000244140625,95.72123718261719,1210500
2007-04-24,107.80000305175781,107.91999816894531,106.62000274658203,107.1500015258789,95.02066040039062,1287000
2007-04-25,107.2699966430664,108.44000244140625,107.22000122070312,108.12000274658203,95.88087463378906,1474300
2007-04-26,107.91999816894531,108.66999816894531,107.54000091552734,108.2699966430664,96.01387786865234,1474000
2007-04-27,108.0,108.2699966430664,106.06999969482422,107.22000122070312,95.08273315429688,2145800
2007-04-30,107.5999984741211,107.72000122070312,105.44000244140625,105.44000244140625,93.50424194335938,1980300
2007-05-01,105.9000015258789,106.43000030517578,105.52999877929688,106.11000061035156,94.09839630126953,2834600
2007-05-02,106.30999755859375,108.26000213623047,105.9800033569336,107.70999908447266,95.51727294921875,2245300
2007-05-03,108.5999984741211,109.73999786376953,108.5999984741211,109.33999633789062,96.96273803710938,1948100
2007-05-04,109.47000122070312,109.9800033569336,109.16999816894531,109.5,97.10466766357422,1894800
2007-05-07,109.69000244140625,110.30000305175781,108.91999816894531,108.97000122070312,96.63467407226562,1458800
2007-05-08,108.95999908447266,109.05999755859375,107.79000091552734,108.72000122070312,96.4129638671875,1787300
2007-05-09,109.05000305175781,109.19000244140625,107.7699966430664,108.54000091552734,96.25332641601562,971500
2007-05-10,108.54000091552734,108.80000305175781,106.98999786376953,107.23999786376953,95.1004867553711,2268500
2007-05-11,107.37999725341797,108.47000122070312,107.04000091552734,108.26000213623047,96.00501251220703,1013300
2007-05-14,108.11000061035156,108.5999984741211,107.0,107.41000366210938,95.2512435913086,975100
2007-05-15,107.9000015258789,108.36000061035156,106.76000213623047,106.8499984741211,94.75462341308594,1393200
2007-05-16,107.0999984741211,109.18000030517578,107.0,108.94000244140625,96.6080322265625,1967900
2007-05-17,108.5,109.0,107.11000061035156,107.2300033569336,95.09159851074219,2147400
2007-05-18,107.5,107.5,106.19999694824219,106.55000305175781,94.48860931396484,3950800
2007-05-21,106.68000030517578,106.72000122070312,105.55999755859375,105.81999969482422,93.84123229980469,3626000
2007-05-22,106.0199966430664,106.05000305175781,104.01000213623047,104.48999786376953,92.66180419921875,5422000
2007-05-23,104.6500015258789,106.55000305175781,104.61000061035156,106.05999755859375,94.0540542602539,3424400
2007-05-24,106.44000244140625,107.1500015258789,105.70999908447266,105.91999816894531,93.9299087524414,3646900
2007-05-25,106.02999877929688,106.87999725341797,105.9000015258789,105.95999908447266,93.96533966064453,3449700
2007-05-29,106.6500015258789,109.0,106.5199966430664,108.48999786376953,96.20899200439453,2881200
2007-05-30,108.4000015258789,108.87000274658203,107.5999984741211,108.80999755859375,96.49275207519531,2016800
2007-05-31,108.91999816894531,111.66999816894531,108.6500015258789,111.62000274658203,98.98469543457031,3043900
2007-06-01,112.0,113.27999877929688,110.33000183105469,111.29000091552734,98.69206237792969,2766300
2007-06-04,111.4800033569336,111.8499984741211,110.4800033569336,110.91999816894531,98.36390686035156,1213300
2007-06-05,110.19999694824219,111.66999816894531,110.0,110.5,97.99143981933594,1336100
2007-06-06,109.9800033569336,110.0,108.51000213623047,109.27999877929688,96.90953063964844,1469400
2007-06-07,108.87999725341797,109.83000183105469,107.4000015258789,107.4000015258789,95.32962036132812,2504500
2007-06-08,107.5,109.4000015258789,107.5,109.4000015258789,97.1048583984375,2400900
2007-06-11,109.0199966430664,109.69000244140625,108.04000091552734,108.62999725341797,96.42134857177734,893100
2007-06-12,108.62999725341797,108.95999908447266,107.05000305175781,107.05000305175781,95.01892852783203,1490700
2007-06-13,107.9000015258789,108.81999969482422,107.12999725341797,108.81999969482422,96.59001922607422,1440200
2007-06-14,108.91999816894531,110.98999786376953,108.88999938964844,110.77999877929688,98.32974243164062,2546300
2007-06-15,111.44999694824219,112.70999908447266,110.5,111.37000274658203,98.85342407226562,1946600
2007-06-18,111.3499984741211,111.3499984741211,109.4000015258789,109.91999816894531,97.56639862060547,2143100
2007-06-19,109.41000366210938,109.44000244140625,107.80999755859375,108.05999755859375,95.91543579101562,3049300
2007-06-20,108.51000213623047,112.3499984741211,108.51000213623047,109.80000305175781,97.45985412597656,6007900
2007-06-21,110.01000213623047,111.73999786376953,109.79000091552734,110.91999816894531,98.4540023803711,2235300
2007-06-22,110.30999755859375,111.47000122070312,109.69999694824219,109.95999908447266,97.60187530517578,1898100
2007-06-25,109.98999786376953,112.63999938964844,109.69999694824219,111.58000183105469,99.0398178100586,2903300
2007-06-26,111.69999694824219,113.02999877929688,111.13999938964844,111.69000244140625,99.137451171875,2288900
2007-06-27,110.83999633789062,111.79000091552734,110.0,111.5999984741211,99.05757904052734,2045900
2007-06-28,111.45999908447266,113.0999984741211,110.56999969482422,112.37000274658203,99.74107360839844,2189600
2007-06-29,112.37999725341797,112.69000244140625,110.19999694824219,110.97000122070312,98.49837493896484,3282100
2007-07-02,111.8499984741211,111.8499984741211,109.41999816894531,110.79000091552734,98.33861541748047,1940500
2007-07-03,110.80000305175781,111.45999908447266,110.27999877929688,111.0,98.52498626708984,743000
2007-07-05,110.94999694824219,111.19999694824219,109.95999908447266,110.37999725341797,97.97467041015625,1206300
2007-07-06,110.37999725341797,111.0,109.83000183105469,110.83999633789062,98.38301086425781,1073000
2007-07-09,113.37000274658203,116.9000015258789,112.58000183105469,116.16999816894531,103.11397552490234,5535800
2007-07-10,115.0,116.0,112.33000183105469,112.80999755859375,100.13157653808594,3850400
2007-07-11,112.80999755859375,114.33000183105469,112.47000122070312,113.5199966430664,100.76179504394531,1742300
2007-07-12,114.30000305175781,114.43000030517578,113.2300033569336,114.41999816894531,101.56065368652344,1578400
2007-07-13,113.94999694824219,119.0999984741211,113.83000183105469,117.25,104.07257843017578,4619500
2007-07-16,116.75,117.23999786376953,115.16000366210938,115.63999938964844,102.64350891113281,1765400
2007-07-17,115.9000015258789,117.27999877929688,115.30000305175781,116.41999816894531,103.33586883544922,1844400
2007-07-18,116.0,117.66000366210938,115.12999725341797,116.55999755859375,103.46012115478516,2088500
2007-07-19,117.0999984741211,118.0199966430664,117.01000213623047,117.19999694824219,104.02823638916016,1974100
2007-07-20,116.94999694824219,117.0,115.30000305175781,115.66999816894531,102.67018127441406,2679300
2007-07-23,115.66999816894531,116.38999938964844,114.56999969482422,115.62999725341797,102.63467407226562,2762100
2007-07-24,114.9000015258789,115.19000244140625,113.16999816894531,113.38999938964844,100.64642333984375,3223800
2007-07-25,114.69000244140625,114.69000244140625,112.13999938964844,112.94999694824219,100.25586700439453,2389100
2007-07-26,110.62999725341797,118.5,108.80999755859375,110.9000015258789,98.43623352050781,5208900
2007-07-27,110.68000030517578,111.19999694824219,109.01000213623047,109.62999725341797,97.30896759033203,2819500
2007-07-30,109.62999725341797,112.05000305175781,109.4000015258789,112.0199966430664,99.43036651611328,1809100
2007-07-31,112.5999984741211,112.6500015258789,110.73999786376953,110.73999786376953,98.29423522949219,2264100
2007-08-01,110.0999984741211,112.18000030517578,109.5,111.13999938964844,98.6492691040039,2498400
2007-08-02,109.5,112.54000091552734,108.63999938964844,110.88999938964844,98.4273452758789,1950600
2007-08-03,111.05000305175781,111.1500015258789,108.55000305175781,108.55999755859375,96.35923767089844,2178600
2007-08-06,108.75,110.83999633789062,108.55000305175781,110.83000183105469,98.37410736083984,2034300
2007-08-07,110.0,112.12000274658203,109.98999786376953,111.30999755859375,98.80017852783203,2146300
2007-08-08,111.04000091552734,112.3499984741211,109.1500015258789,110.08999633789062,97.71726989746094,3084200
2007-08-09,108.55000305175781,110.33999633789062,107.75,109.5,97.193603515625,3530400
2007-08-10,108.44999694824219,109.6500015258789,108.0,109.04000091552734,96.78529357910156,3824100
2007-08-13,109.5999984741211,110.69999694824219,109.44999694824219,110.08000183105469,97.70841217041016,2756700
2007-08-14,110.02999877929688,110.19000244140625,107.52999877929688,107.56999969482422,95.48046875,2459700
2007-08-15,107.79000091552734,108.62000274658203,106.55000305175781,106.66999816894531,94.681640625,2460500
2007-08-16,104.70999908447266,105.0,99.30000305175781,104.16999816894531,92.46263122558594,5376200
2007-08-17,107.0,110.0,106.0,108.0,95.8621597290039,3066100
2007-08-20,107.97000122070312,109.06999969482422,107.55999755859375,108.93000030517578,96.68766021728516,2068700
2007-08-21,108.5999984741211,109.29000091552734,107.05000305175781,108.80999755859375,96.58110809326172,1978000
2007-08-22,110.76000213623047,110.76000213623047,109.26000213623047,110.56999969482422,98.14332580566406,1678000
2007-08-23,110.5999984741211,111.05000305175781,109.54000091552734,110.30999755859375,97.91253662109375,2005700
2007-08-24,110.05000305175781,111.08000183105469,109.83000183105469,111.08000183105469,98.59600830078125,1035600
2007-08-27,111.01000213623047,111.70999908447266,110.08999633789062,110.54000091552734,98.11669921875,746700
2007-08-28,109.8499984741211,110.30000305175781,107.75,107.77999877929688,95.66690063476562,1267800
2007-08-29,108.4000015258789,110.12000274658203,108.05000305175781,109.91999816894531,97.56639862060547,1086600
2007-08-30,108.80000305175781,110.47000122070312,108.4000015258789,108.97000122070312,96.72315216064453,1081500
2007-08-31,109.8499984741211,110.4000015258789,108.68000030517578,109.68000030517578,97.35336303710938,1298400
2007-09-04,109.80000305175781,111.29000091552734,108.9000015258789,110.8499984741211,98.39187622070312,1090500
2007-09-05,109.9000015258789,110.44000244140625,108.88999938964844,109.91999816894531,97.56639862060547,1302900
2007-09-06,109.58999633789062,110.30000305175781,108.5199966430664,110.16999816894531,97.87733459472656,917700
2007-09-07,108.8499984741211,109.29000091552734,107.80000305175781,108.20999908447266,96.13601684570312,1539800
2007-09-10,108.3499984741211,108.72000122070312,106.73999786376953,108.0,95.94945526123047,1528100
2007-09-11,107.98999786376953,109.3499984741211,107.76000213623047,108.62999725341797,96.50917053222656,1047300
2007-09-12,107.91000366210938,108.91999816894531,107.26000213623047,107.83000183105469,95.7984390258789,1232900
2007-09-13,108.48999786376953,109.76000213623047,108.08999633789062,108.91999816894531,96.76681518554688,1116400
2007-09-14,108.04000091552734,109.48999786376953,107.9800033569336,109.18000030517578,96.99783325195312,1006700
2007-09-17,108.3499984741211,108.80000305175781,107.83999633789062,108.11000061035156,96.04718780517578,1252400
2007-09-18,108.6500015258789,109.08000183105469,106.5,108.98999786376953,96.82898712158203,2906100
2007-09-19,109.27999877929688,109.87000274658203,106.80999755859375,107.51000213623047,95.51416015625,4351000
2007-09-20,105.91000366210938,106.25,103.5999984741211,104.44999694824219,92.79554748535156,7240600
2007-09-21,104.7300033569336,105.5999984741211,103.44000244140625,104.0999984741211,92.48460388183594,3570000
2007-09-24,104.11000061035156,104.6500015258789,102.05000305175781,102.86000061035156,91.38298034667969,3516500
2007-09-25,102.27999877929688,104.87999725341797,102.27999877929688,104.58999633789062,92.91997528076172,2522700
2007-09-26,104.87999725341797,105.01000213623047,103.86000061035156,104.7300033569336,93.04434967041016,2084300
2007-09-27,105.0,105.12000274658203,104.4000015258789,104.63999938964844,92.96438598632812,1766600
2007-09-28,104.72000122070312,104.94999694824219,104.05000305175781,104.75,93.06208801269531,1852900
2007-10-01,104.98999786376953,106.4800033569336,104.5,106.19999694824219,94.35029602050781,1628500
2007-10-02,106.0,106.97000122070312,105.16000366210938,106.5,94.61682891845703,1836900
2007-10-03,106.19999694824219,106.37999725341797,104.58000183105469,105.29000091552734,93.54185485839844,1741400
2007-10-04,105.5,105.62000274658203,104.31999969482422,104.75,93.06208801269531,1239400
2007-10-05,105.41000366210938,106.5,104.36000061035156,106.05999755859375,94.2259292602539,2323300
2007-10-08,106.30000305175781,106.47000122070312,105.0,106.0999984741211,94.26146697998047,1017600
2007-10-09,106.2699966430664,107.69999694824219,106.2699966430664,107.11000061035156,95.15873718261719,2122200
2007-10-10,107.11000061035156,107.69999694824219,106.70999908447266,107.29000091552734,95.31868743896484,1571800
2007-10-11,107.33999633789062,108.13999938964844,105.3499984741211,106.38999938964844,94.51910400390625,1993000
2007-10-12,106.38999938964844,107.91999816894531,106.19999694824219,107.51000213623047,95.51416015625,1447500
2007-10-15,107.41000366210938,107.54000091552734,105.16000366210938,105.77999877929688,93.97718048095703,1919500
2007-10-16,105.12999725341797,106.55000305175781,104.66999816894531,104.88999938964844,93.18646240234375,1745200
2007-10-17,106.0,106.31999969482422,103.4000015258789,104.87000274658203,93.16868591308594,1873200
2007-10-18,104.63999938964844,105.44999694824219,104.16000366210938,105.30999755859375,93.55963134765625,1269700
2007-10-19,104.87999725341797,105.05999755859375,103.19000244140625,103.31999969482422,91.79164123535156,2630000
2007-10-22,101.9000015258789,103.62999725341797,101.9000015258789,103.02999877929688,91.53401947021484,3303600
2007-10-23,103.75,104.33000183105469,103.19000244140625,104.22000122070312,92.59121704101562,1637400
2007-10-24,103.5199966430664,104.77999877929688,102.44000244140625,104.19999694824219,92.5734634399414,2323900
2007-10-25,104.51000213623047,104.51000213623047,101.88999938964844,103.30000305175781,91.77389526367188,3014800
2007-10-26,104.52999877929688,104.54000091552734,102.68000030517578,103.94000244140625,92.34249877929688,1686600
2007-10-29,104.5,105.0,102.88999938964844,103.38999938964844,91.85384368896484,1199900
2007-10-30,103.0,103.86000061035156,102.69999694824219,103.2300033569336,91.7116928100586,1216100
2007-10-31,103.69999694824219,104.25,102.44999694824219,103.33999633789062,91.80944061279297,2180000
2007-11-01,102.6500015258789,103.0,101.05999755859375,101.20999908447266,89.91704559326172,1956200
2007-11-02,101.5,104.0,100.4800033569336,102.43000030517578,91.00093078613281,2357500
2007-11-05,101.44999694824219,103.56999969482422,101.27999877929688,102.58999633789062,91.14309692382812,1503600
2007-11-06,102.6500015258789,103.94000244140625,102.55000305175781,103.83000183105469,92.24476623535156,1177500
2007-11-07,102.41000366210938,103.05999755859375,100.52999877929688,100.63999938964844,89.4106674194336,1793100
2007-11-08,101.0,103.0199966430664,99.55999755859375,102.44000244140625,91.0098648071289,2976500
2007-11-09,101.51000213623047,102.3499984741211,99.72000122070312,99.73999786376953,88.6111068725586,2536000
2007-11-12,100.41000366210938,101.37000274658203,99.0,99.4800033569336,88.380126953125,2273800
2007-11-13,100.5199966430664,102.05000305175781,99.87999725341797,101.94999694824219,90.57452392578125,2021300
2007-11-14,102.36000061035156,102.83999633789062,100.79000091552734,101.25,89.95262908935547,1634100
2007-11-15,100.6500015258789,102.6500015258789,100.56999969482422,101.37000274658203,90.05923461914062,1865700
2007-11-16,97.83999633789062,98.38999938964844,96.0999984741211,96.80000305175781,85.99913024902344,6216300
2007-11-19,96.0,96.48999786376953,92.80000305175781,94.05000305175781,83.55599212646484,4100200
2007-11-20,93.91000366210938,95.54000091552734,92.16999816894531,93.3499984741211,82.93408966064453,3491500
2007-11-21,92.4000015258789,93.87999725341797,91.55999755859375,91.70999908447266,81.47708892822266,3165800
2007-11-23,92.12999725341797,93.5999984741211,92.12999725341797,93.5999984741211,83.15621948242188,872400
2007-11-26,93.41999816894531,94.5999984741211,91.4000015258789,91.6500015258789,81.4238052368164,2344000
2007-11-27,92.30999755859375,93.20999908447266,91.0999984741211,93.20999908447266,82.80973052978516,2757300
2007-11-28,93.25,97.58000183105469,93.11000061035156,97.12000274658203,86.28346252441406,3489500
2007-11-29,96.62000274658203,96.97000122070312,95.69999694824219,96.19000244140625,85.45718383789062,1956100
2007-11-30,97.1500015258789,98.9000015258789,96.04000091552734,98.47000122070312,87.48280334472656,3192300
2007-12-03,97.4800033569336,98.80999755859375,96.98999786376953,97.25,86.39894104003906,2228200
2007-12-04,96.86000061035156,98.27999877929688,96.56999969482422,97.20999908447266,86.36341857910156,1856800
2007-12-05,98.30999755859375,98.30999755859375,96.58999633789062,97.37999725341797,86.51441955566406,1771600
2007-12-06,97.83999633789062,98.55999755859375,96.9000015258789,98.48999786376953,87.50055694580078,1165300
2007-12-07,98.87000274658203,100.69999694824219,98.87000274658203,100.22000122070312,89.03754425048828,1784200
2007-12-10,100.30000305175781,101.52999877929688,99.75,100.87000274658203,89.70453643798828,1927000
2007-12-11,100.81999969482422,101.20999908447266,97.66999816894531,97.66999816894531,86.85874938964844,2238500
2007-12-12,99.75,100.69000244140625,96.70999908447266,97.97000122070312,87.12550354003906,2182300
2007-12-13,95.4000015258789,97.33000183105469,95.26000213623047,97.19000244140625,86.43190002441406,2355700
2007-12-14,95.83000183105469,97.55999755859375,95.80999755859375,95.91999816894531,85.3024673461914,2568500
2007-12-17,95.30999755859375,96.68000030517578,95.04000091552734,95.9000015258789,85.28465270996094,2390700
2007-12-18,96.5,96.86000061035156,95.75,96.76000213623047,86.04948425292969,2071000
2007-12-19,96.7699966430664,96.7699966430664,94.41000366210938,94.62999725341797,84.15523529052734,2020900
2007-12-20,95.12000274658203,95.12000274658203,92.87000274658203,93.62999725341797,83.26595306396484,2781800
2007-12-21,92.61000061035156,95.4800033569336,92.61000061035156,94.29000091552734,83.8528823852539,3756800
2007-12-24,93.20999908447266,94.0,91.7699966430664,92.12999725341797,81.93193817138672,2206100
2007-12-26,92.0,93.19999694824219,91.8499984741211,92.91000366210938,82.62562561035156,2841200
2007-12-27,92.70999908447266,92.86000061035156,91.6500015258789,91.9000015258789,81.72743225097656,2679300
2007-12-28,91.61000061035156,92.5999984741211,89.47000122070312,90.62000274658203,80.58912658691406,2736700
2007-12-31,90.13999938964844,90.22000122070312,89.01000213623047,89.16999816894531,79.29959869384766,2865100
2008-01-02,88.56999969482422,88.56999969482422,85.05999755859375,86.16000366210938,76.62279510498047,6514400
2008-01-03,86.62000274658203,87.69000244140625,86.31999969482422,87.30999755859375,77.64552307128906,2623000
2008-01-04,86.75,86.76000213623047,83.18000030517578,84.0999984741211,74.79081726074219,4317400
2008-01-07,84.79000091552734,85.33000183105469,82.6500015258789,83.48999786376953,74.24835968017578,3991900
2008-01-08,84.06999969482422,84.69999694824219,82.66000366210938,82.77999877929688,73.61692810058594,4566100
2008-01-09,82.58999633789062,82.91000366210938,81.16999816894531,82.77999877929688,73.61692810058594,3818100
2008-01-10,82.01000213623047,85.86000061035156,82.01000213623047,85.0199966430664,75.60899353027344,4717200
2008-01-11,84.41999816894531,84.76000213623047,83.44000244140625,84.04000091552734,74.73746490478516,3546800
2008-01-14,84.88999938964844,85.38999938964844,83.91999816894531,84.63999938964844,75.27106475830078,1889700
2008-01-15,83.76000213623047,84.4000015258789,83.22000122070312,83.2699966430664,74.05268859863281,3182500
2008-01-16,82.7300033569336,85.12000274658203,82.31999969482422,84.41000366210938,75.06653594970703,4747700
2008-01-17,84.4800033569336,85.33999633789062,82.54000091552734,82.77999877929688,73.61692810058594,3386400
2008-01-18,83.19000244140625,84.44999694824219,82.31999969482422,84.01000213623047,74.71080780029297,3553900
2008-01-22,80.94999694824219,84.7300033569336,80.0,84.16999816894531,74.85308074951172,4534700
2008-01-23,81.55999755859375,89.51000213623047,81.04000091552734,88.98999786376953,79.13954162597656,7978800
2008-01-24,89.61000061035156,89.88999938964844,86.9000015258789,88.51000213623047,78.71266174316406,4091800
2008-01-25,89.18000030517578,91.44999694824219,88.93000030517578,89.95999908447266,80.00218200683594,5212300
2008-01-28,90.01000213623047,92.0199966430664,89.01000213623047,91.94999694824219,81.77186584472656,3518200
2008-01-29,92.33999633789062,93.83999633789062,92.08000183105469,92.83000183105469,82.55447387695312,3317900
2008-01-30,91.69999694824219,93.48999786376953,91.58999633789062,92.04000091552734,81.85192108154297,4069700
2008-01-31,90.75,94.30000305175781,90.16000366210938,93.31999969482422,82.990234375,2965000
2008-02-01,93.69000244140625,93.9000015258789,91.9000015258789,93.41999816894531,83.07917785644531,2749200
2008-02-04,93.44999694824219,94.12999725341797,91.5,91.75,81.59403991699219,1932500
2008-02-05,91.1500015258789,91.1500015258789,88.8499984741211,89.0,79.14844512939453,3149000
2008-02-06,89.62000274658203,91.58000183105469,88.66000366210938,89.56999969482422,79.65535736083984,1952600
2008-02-07,89.48999786376953,90.87999725341797,89.16999816894531,90.16000366210938,80.18000030517578,2505200
2008-02-08,89.51000213623047,90.22000122070312,87.62999725341797,88.0,78.2591323852539,2450900
2008-02-11,87.80000305175781,89.0,86.44000244140625,88.44999694824219,78.65933227539062,1762700
2008-02-12,88.81999969482422,89.63999938964844,87.55999755859375,88.0999984741211,78.34806823730469,1971000
2008-02-13,90.5,90.5,87.6500015258789,89.18000030517578,79.30848693847656,1880700
2008-02-14,89.02999877929688,89.98999786376953,87.97000122070312,88.01000213623047,78.26802825927734,1928300
2008-02-15,87.51000213623047,88.44999694824219,86.94999694824219,87.91999816894531,78.18798828125,2091500
2008-02-19,88.75,89.93000030517578,88.05999755859375,89.25,79.3707504272461,3426800
2008-02-20,88.6500015258789,90.45999908447266,88.29000091552734,89.94000244140625,79.98440551757812,2354200
2008-02-21,89.98999786376953,90.68000030517578,88.95999908447266,89.31999969482422,79.43299102783203,2227900
2008-02-22,89.83999633789062,89.83999633789062,87.13999938964844,89.08999633789062,79.22846221923828,2204500
2008-02-25,89.06999969482422,89.94999694824219,87.88999938964844,89.72000122070312,79.78873443603516,2074200
2008-02-26,89.45999908447266,91.69000244140625,89.33000183105469,90.97000122070312,80.90037536621094,1989300
2008-02-27,90.25,91.30000305175781,89.91000366210938,90.83000183105469,80.77588653564453,1666800
2008-02-28,90.18000030517578,90.4800033569336,89.05999755859375,89.19000244140625,79.3173828125,2049000
2008-02-29,88.5999984741211,89.79000091552734,88.0199966430664,88.12999725341797,78.37472534179688,2791100
2008-03-03,88.0,89.37999725341797,87.61000061035156,89.22000122070312,79.34408569335938,2314000
2008-03-04,88.22000122070312,90.55000305175781,87.61000061035156,90.30999755859375,80.31344604492188,3327600
2008-03-05,90.4000015258789,92.0999984741211,89.4000015258789,90.3499984741211,80.34902954101562,3255600
2008-03-06,90.08000183105469,90.1500015258789,88.4800033569336,88.8499984741211,79.01502227783203,2350200
2008-03-07,88.31999969482422,88.55000305175781,86.26000213623047,86.69999694824219,77.18991088867188,2982300
2008-03-10,86.94999694824219,87.79000091552734,84.9000015258789,84.97000122070312,75.6496810913086,2773100
2008-03-11,86.70999908447266,88.16000366210938,85.41000366210938,88.16000366210938,78.48975372314453,2592800
2008-03-12,87.41000366210938,88.91000366210938,85.8499984741211,87.05999755859375,77.51044464111328,2693600
2008-03-13,85.83000183105469,87.72000122070312,85.69999694824219,87.06999969482422,77.51931762695312,4627400
2008-03-14,87.54000091552734,87.81999969482422,83.58999633789062,84.80000305175781,75.49834442138672,4271100
2008-03-17,82.94999694824219,84.4000015258789,82.5,82.55000305175781,73.49510192871094,4669800
2008-03-18,83.94999694824219,86.91999816894531,83.44999694824219,86.91999816894531,77.38579559326172,3438200
2008-03-19,87.77999877929688,88.98999786376953,86.2300033569336,86.2300033569336,76.77147674560547,2967500
2008-03-20,84.0199966430664,87.02999877929688,83.80000305175781,87.0199966430664,77.47482299804688,4250100
2008-03-24,87.19999694824219,91.98999786376953,87.05000305175781,90.7699966430664,80.81343841552734,3333700
2008-03-25,91.0,91.93000030517578,89.5,91.44999694824219,81.41889953613281,2526200
2008-03-26,91.0,91.66999816894531,90.25,91.25,81.2408447265625,1969100
2008-03-27,91.27999877929688,92.41999816894531,90.54000091552734,91.72000122070312,81.65927124023438,3101100
2008-03-28,91.55000305175781,92.55999755859375,90.8499984741211,91.2699966430664,81.25862884521484,1971000
2008-03-31,91.05999755859375,93.13999938964844,90.56999969482422,92.66999816894531,82.50506591796875,2480900
2008-04-01,93.9000015258789,97.72000122070312,93.88999938964844,97.70999908447266,86.99224853515625,6178800
2008-04-02,97.70999908447266,99.0,96.81999969482422,97.33000183105469,86.65390014648438,2924500
2008-04-03,96.0999984741211,98.1500015258789,95.80000305175781,97.66999816894531,86.95663452148438,2189400
2008-04-04,97.37999725341797,98.05000305175781,96.19000244140625,96.87000274658203,86.24431610107422,2074100
2008-04-07,97.37999725341797,97.7699966430664,95.6500015258789,96.4800033569336,85.89712524414062,1793800
2008-04-08,95.7699966430664,96.25,94.58999633789062,96.05000305175781,85.5143051147461,2446400
2008-04-09,94.19999694824219,95.13999938964844,92.86000061035156,93.11000061035156,82.89680480957031,4008000
2008-04-10,93.0,94.87999725341797,92.5,94.33999633789062,83.99187469482422,2068800
2008-04-11,93.02999877929688,94.91000366210938,92.61000061035156,92.9000015258789,82.7098388671875,2593500
2008-04-14,92.55000305175781,93.44999694824219,92.1500015258789,92.81999969482422,82.63861083984375,1183400
2008-04-15,93.2300033569336,94.0,92.19999694824219,93.66999816894531,83.39533996582031,1352300
2008-04-16,94.83999633789062,97.20999908447266,94.19999694824219,97.02999877929688,86.38680267333984,1923200
2008-04-17,96.55999755859375,96.80999755859375,94.04000091552734,94.95999908447266,84.54386901855469,1567500
2008-04-18,96.69999694824219,97.30000305175781,95.91999816894531,96.70999908447266,86.1019058227539,2416100
2008-04-21,96.51000213623047,96.51000213623047,95.0,95.44999694824219,84.98011779785156,2094600
2008-04-22,95.08999633789062,95.41000366210938,92.93000030517578,93.56999969482422,83.30632019042969,2214200
2008-04-23,93.75,94.86000061035156,92.75,93.11000061035156,82.89680480957031,2082300
2008-04-24,93.5,95.25,92.8499984741211,94.75,84.35694885253906,1679000
2008-04-25,95.01000213623047,95.11000061035156,93.20999908447266,94.45999908447266,84.09871673583984,1805500
2008-04-28,94.75,96.2699966430664,93.41000366210938,95.55999755859375,85.07805633544922,2037700
2008-04-29,95.9800033569336,97.98999786376953,95.02999877929688,97.36000061035156,86.68062591552734,2319100
2008-04-30,97.30999755859375,97.9800033569336,95.87000274658203,95.87000274658203,85.35405731201172,2325600
2008-05-01,95.58999633789062,98.94000244140625,94.94000244140625,98.6500015258789,87.82911682128906,2596700
2008-05-02,99.0999984741211,99.45999908447266,96.11000061035156,96.86000061035156,86.23546600341797,2682800
2008-05-05,95.97000122070312,96.80999755859375,95.44000244140625,95.45999908447266,84.989013671875,1754500
2008-05-06,94.31999969482422,97.87000274658203,94.16999816894531,97.66999816894531,86.95663452148438,1965200
2008-05-07,97.51000213623047,97.62999725341797,93.7300033569336,93.75,83.46658325195312,2521600
2008-05-08,94.79000091552734,95.2300033569336,92.94999694824219,93.20999908447266,82.98583984375,2324300
2008-05-09,92.70999908447266,92.72000122070312,90.20999908447266,90.37000274658203,80.45734405517578,3536400
2008-05-12,87.9000015258789,91.0999984741211,87.58999633789062,90.5,80.57308959960938,4838800
2008-05-13,90.55999755859375,91.30000305175781,89.13999938964844,89.61000061035156,79.78071594238281,2891200
2008-05-14,89.83999633789062,91.77999877929688,89.61000061035156,91.06999969482422,81.08058166503906,2306500
2008-05-15,90.94000244140625,91.44000244140625,89.55000305175781,90.86000061035156,80.89359283447266,2394100
2008-05-16,90.44000244140625,91.44999694824219,89.58999633789062,90.94999694824219,80.97370910644531,2673400
2008-05-19,91.0,92.58999633789062,90.56999969482422,91.06999969482422,81.08058166503906,1910400
2008-05-20,90.62999725341797,91.0,89.48999786376953,89.81999969482422,79.96768951416016,2588700
2008-05-21,89.80999755859375,90.33000183105469,88.04000091552734,88.30999755859375,78.6233139038086,4734800
2008-05-22,87.9000015258789,89.69999694824219,87.8499984741211,88.83000183105469,79.08625793457031,1945600
2008-05-23,88.58000183105469,88.62000274658203,86.58000183105469,86.83000183105469,77.30567169189453,2815400
2008-05-27,86.95999908447266,90.1500015258789,86.95999908447266,89.66999816894531,79.83412170410156,3286900
2008-05-28,90.7699966430664,91.70999908447266,89.80000305175781,90.81999969482422,80.85800170898438,3288600
2008-05-29,90.62999725341797,92.94000244140625,90.51000213623047,92.16999816894531,82.05990600585938,2210200
2008-05-30,92.06999969482422,92.68000030517578,91.5,91.70999908447266,81.6503677368164,1859800
2008-06-02,91.16999816894531,91.69999694824219,89.91999816894531,90.6500015258789,80.70660400390625,1798100
2008-06-03,90.9800033569336,91.5,89.25,89.94000244140625,80.07449340820312,2090800
2008-06-04,89.51000213623047,92.30999755859375,89.43000030517578,91.55000305175781,81.50790405273438,1700600
2008-06-05,91.86000061035156,93.69000244140625,91.26000213623047,93.69000244140625,83.41315460205078,2391400
2008-06-06,92.27999877929688,92.44000244140625,88.7300033569336,88.86000061035156,79.11300659179688,2985000
2008-06-09,89.30999755859375,90.19999694824219,88.33000183105469,89.12999725341797,79.35338592529297,2180600
2008-06-10,88.6500015258789,90.72000122070312,87.76000213623047,90.27999877929688,80.3772201538086,3110200
2008-06-11,88.66999816894531,89.29000091552734,86.55000305175781,86.56999969482422,77.1681900024414,4736000
2008-06-12,87.16999816894531,89.43000030517578,86.0999984741211,87.44000244140625,77.9437026977539,4859600
2008-06-13,87.83999633789062,87.83999633789062,84.7699966430664,85.9800033569336,76.64226531982422,5189200
2008-06-16,85.05000305175781,86.3499984741211,84.70999908447266,86.02999877929688,76.68682861328125,3882600
2008-06-17,86.94999694824219,87.0,84.18000030517578,84.33000183105469,75.1714859008789,4795700
2008-06-18,80.75,83.76000213623047,80.37999725341797,82.5999984741211,73.62933349609375,11801000
2008-06-19,82.16000366210938,82.87000274658203,80.33000183105469,81.7300033569336,72.8538589477539,6201100
2008-06-20,81.01000213623047,81.5,80.11000061035156,80.54000091552734,71.79306030273438,4594100
2008-06-23,80.88999938964844,81.37999725341797,79.88999938964844,80.12999725341797,71.4276123046875,3566400
2008-06-24,79.63999938964844,81.47000122070312,78.44999694824219,79.9800033569336,71.29388427734375,4914000
2008-06-25,79.5,81.33000183105469,79.5,79.7699966430664,71.1066665649414,3833600
2008-06-26,79.26000213623047,79.55000305175781,77.93000030517578,78.08999633789062,69.6091537475586,3332200
2008-06-27,78.0199966430664,78.88999938964844,76.51000213623047,77.25,68.86038208007812,4898800
2008-06-30,77.04000091552734,79.54000091552734,76.30999755859375,78.79000091552734,70.23316955566406,4433200
2008-07-01,78.04000091552734,78.04000091552734,74.75,76.37000274658203,68.0759506225586,4692500
2008-07-02,76.80000305175781,77.3499984741211,74.69000244140625,74.69999694824219,66.58732604980469,2866500
2008-07-03,74.66999816894531,76.08000183105469,74.0,74.97000122070312,66.8279800415039,1964600
2008-07-07,75.5,77.19999694824219,74.26000213623047,75.0,66.8547134399414,3299900
2008-07-08,75.33000183105469,77.5199966430664,75.27999877929688,77.48999786376953,69.0743179321289,3276300
2008-07-09,77.7300033569336,77.7300033569336,75.5,75.62999725341797,67.41629791259766,3151300
2008-07-10,75.48999786376953,76.33000183105469,74.30999755859375,75.22000122070312,67.05085754394531,2450000
2008-07-11,74.16999816894531,75.1500015258789,72.81999969482422,73.94000244140625,65.90986633300781,2842000
2008-07-14,74.27999877929688,74.86000061035156,72.55000305175781,73.12000274658203,65.17889404296875,2446100
2008-07-15,72.38999938964844,74.48999786376953,71.33000183105469,73.01000213623047,65.08087158203125,3101000
2008-07-16,72.98999786376953,77.19999694824219,72.45999908447266,76.95999908447266,68.60186767578125,4519900
2008-07-17,77.20999908447266,79.38999938964844,75.29000091552734,79.05000305175781,70.46487426757812,5452900
2008-07-18,78.97000122070312,80.0999984741211,78.19000244140625,79.5199966430664,70.88385772705078,3354700
2008-07-21,79.8499984741211,79.8499984741211,77.44000244140625,77.80999755859375,69.35956573486328,2544600
2008-07-22,77.0999984741211,80.55000305175781,77.0999984741211,80.4800033569336,71.7396011352539,3089800
2008-07-23,81.0,83.47000122070312,80.86000061035156,83.04000091552734,74.02157592773438,3802800
2008-07-24,83.19000244140625,83.19999694824219,79.41999816894531,79.79000091552734,71.12450408935547,3226700
2008-07-25,80.01000213623047,80.93000030517578,78.8499984741211,79.48999786376953,70.85710906982422,1869800
2008-07-28,78.80000305175781,80.01000213623047,77.95999908447266,78.04000091552734,69.56458282470703,1651000
2008-07-29,77.97000122070312,82.12000274658203,77.93000030517578,82.12000274658203,73.20149230957031,2486700
2008-07-30,80.75,81.54000091552734,78.62000274658203,79.66000366210938,71.00867462158203,4019500
2008-07-31,78.69000244140625,80.33000183105469,78.66000366210938,78.83999633789062,70.27769470214844,2275100
2008-08-01,79.0,79.0,76.11000061035156,77.33999633789062,68.94058990478516,2599300
2008-08-04,77.43000030517578,79.55000305175781,77.05000305175781,78.66999816894531,70.12619018554688,2421500
2008-08-05,79.20999908447266,84.30999755859375,79.20999908447266,83.98999786376953,74.86837768554688,4441500
2008-08-06,82.62999725341797,83.38999938964844,81.25,82.95999908447266,73.95024108886719,2436300
2008-08-07,82.22000122070312,85.0,81.4000015258789,83.22000122070312,74.18202209472656,2498700
2008-08-08,84.70999908447266,88.56999969482422,84.70999908447266,88.16000366210938,78.58550262451172,4126300
2008-08-11,87.45999908447266,90.16000366210938,86.54000091552734,87.97000122070312,78.4161376953125,3534100
2008-08-12,87.58999633789062,88.44000244140625,86.3499984741211,87.62999725341797,78.11307525634766,2420200
2008-08-13,87.51000213623047,87.51000213623047,82.8499984741211,84.81999969482422,75.60823059082031,3379800
2008-08-14,84.62999725341797,87.05999755859375,84.44000244140625,86.95999908447266,77.51583862304688,2366200
2008-08-15,87.16000366210938,89.47000122070312,86.04000091552734,87.8499984741211,78.3092041015625,2925200
2008-08-18,87.48999786376953,87.83999633789062,85.48999786376953,85.91999816894531,76.58878326416016,1724100
2008-08-19,85.05999755859375,85.72000122070312,82.44999694824219,82.91000366210938,73.90567016601562,3476500
2008-08-20,82.69999694824219,84.12999725341797,81.04000091552734,82.18000030517578,73.25496673583984,2468900
2008-08-21,80.76000213623047,81.30999755859375,79.91999816894531,81.2699966430664,72.44378662109375,2538600
2008-08-22,81.54000091552734,82.94000244140625,81.23999786376953,82.68000030517578,73.70065307617188,2014400
2008-08-25,82.36000061035156,83.11000061035156,80.22000122070312,80.91000366210938,72.12287139892578,2189300
2008-08-26,80.70999908447266,81.58000183105469,79.80999755859375,80.87999725341797,72.09616088867188,2883800
2008-08-27,81.05000305175781,82.06999969482422,79.70999908447266,81.5199966430664,72.66666412353516,2025300
2008-08-28,81.93000030517578,84.2699966430664,81.80999755859375,83.93000030517578,74.81491088867188,2140700
2008-08-29,83.4800033569336,84.2300033569336,82.48999786376953,82.81999969482422,73.82545471191406,1681600
2008-09-02,86.08000183105469,87.93000030517578,84.05000305175781,84.66999816894531,75.47453308105469,3718700
2008-09-03,84.72000122070312,85.88999938964844,84.0,85.01000213623047,75.77759552001953,2238100
2008-09-04,84.01000213623047,85.25,82.30000305175781,82.80000305175781,73.80764770507812,2327600
2008-09-05,82.30000305175781,82.80999755859375,80.5199966430664,82.27999877929688,73.34410095214844,2146000
2008-09-08,83.97000122070312,85.08999633789062,83.30999755859375,84.86000061035156,75.7451400756836,2793300
2008-09-09,84.62999725341797,86.79000091552734,84.38999938964844,84.75,75.64697265625,4702300
2008-09-10,87.4800033569336,89.0999984741211,86.16000366210938,87.86000061035156,78.42290496826172,5665800
2008-09-11,86.45999908447266,90.62999725341797,86.45999908447266,90.47000122070312,80.75261688232422,3151600
2008-09-12,89.30000305175781,90.95999908447266,88.63999938964844,90.83999633789062,81.08285522460938,3242100
2008-09-15,89.0,92.43000030517578,89.0,90.5,80.77938842773438,4009100
2008-09-16,88.63999938964844,92.0,88.45999908447266,92.0,82.11824035644531,4995800
2008-09-17,89.87999725341797,90.9800033569336,87.20999908447266,88.06999969482422,78.61038208007812,4558100
2008-09-18,88.36000061035156,91.68000030517578,85.68000030517578,91.12999725341797,81.34171295166016,6109800
2008-09-19,96.01000213623047,96.6500015258789,89.5999984741211,90.08000183105469,80.40447235107422,4627300
2008-09-22,88.98999786376953,89.87999725341797,85.13999938964844,85.68000030517578,76.47711181640625,3943700
2008-09-23,86.01000213623047,87.1500015258789,84.27999877929688,84.79000091552734,75.68269348144531,2909700
2008-09-24,84.6500015258789,85.7300033569336,81.95999908447266,82.5,73.63864135742188,3640200
2008-09-25,83.08999633789062,84.20999908447266,81.30999755859375,81.87999725341797,73.08521270751953,2999300
2008-09-26,80.55999755859375,82.2300033569336,80.2699966430664,81.55999755859375,72.79959106445312,2638600
2008-09-29,80.27999877929688,81.4000015258789,78.69000244140625,79.61000061035156,71.05907440185547,4313700
2008-09-30,81.36000061035156,81.55999755859375,78.79000091552734,79.04000091552734,70.55029296875,3242000
2008-10-01,78.38999938964844,81.47000122070312,78.0999984741211,80.73999786376953,72.06770324707031,3392600
2008-10-02,80.44999694824219,80.5999984741211,76.72000122070312,77.5,69.17569732666016,3844500
2008-10-03,78.44000244140625,81.05000305175781,77.61000061035156,78.0,69.62199401855469,3577500
2008-10-06,76.2699966430664,78.23999786376953,74.62000274658203,77.33999633789062,69.03288269042969,4936800
2008-10-07,78.61000061035156,78.61000061035156,74.5,74.66000366210938,66.64079284667969,3934600
2008-10-08,71.75,75.30000305175781,70.31999969482422,70.97000122070312,63.3470573425293,7845100
2008-10-09,71.76000213623047,72.88999938964844,66.0,66.80000305175781,59.6250114440918,5116700
2008-10-10,64.08999633789062,70.5,61.68000030517578,68.36000061035156,61.01742935180664,7481800
2008-10-13,70.0,73.87000274658203,68.94999694824219,73.69999694824219,65.78384399414062,4282100
2008-10-14,75.25,75.80000305175781,69.55999755859375,70.75,63.15072250366211,4516300
2008-10-15,69.19000244140625,70.2300033569336,65.0,65.26000213623047,58.250404357910156,3358000
2008-10-16,64.5,66.81999969482422,60.900001525878906,66.23999786376953,59.12514114379883,4197400
2008-10-17,64.87000274658203,66.2699966430664,62.16999816894531,62.54999923706055,55.83148956298828,4505600
2008-10-20,63.220001220703125,64.87000274658203,62.08000183105469,64.16000366210938,57.26857376098633,2865200
2008-10-21,63.099998474121094,65.55999755859375,61.970001220703125,62.439998626708984,55.7332878112793,3122400
2008-10-22,61.97999954223633,62.040000915527344,56.36000061035156,58.0,51.770225524902344,5151000
2008-10-23,58.2599983215332,61.45000076293945,57.65999984741211,60.0,53.55537796020508,5891300
2008-10-24,56.59000015258789,59.029998779296875,56.029998779296875,56.810001373291016,50.70802307128906,4015500
2008-10-27,56.45000076293945,57.959999084472656,54.939998626708984,54.939998626708984,49.038856506347656,2788800
2008-10-28,56.290000915527344,58.279998779296875,53.900001525878906,58.15999984741211,51.913021087646484,3483200
2008-10-29,58.15999984741211,61.06999969482422,57.72999954223633,58.08000183105469,51.84161376953125,4070600
2008-10-30,59.380001068115234,61.2400016784668,59.0099983215332,61.0099983215332,54.456905364990234,3864900
2008-10-31,60.0,65.79000091552734,59.119998931884766,65.37000274658203,58.348594665527344,5287000
2008-11-03,65.37000274658203,66.2699966430664,64.68000030517578,66.0,58.9109001159668,2447800
2008-11-04,66.33000183105469,69.05000305175781,66.08999633789062,68.81999969482422,61.428016662597656,3169500
2008-11-05,68.12999725341797,68.72000122070312,63.779998779296875,63.91999816894531,57.05433654785156,2645700
2008-11-06,63.470001220703125,65.11000061035156,62.029998779296875,62.540000915527344,55.82256317138672,4151900
2008-11-07,62.84000015258789,64.93000030517578,62.5,64.58000183105469,57.64345169067383,2700300
2008-11-10,65.58000183105469,67.9800033569336,65.08000183105469,66.29000091552734,59.169776916503906,3180300
2008-11-11,64.56999969482422,67.51000213623047,64.0999984741211,66.5,59.35722732543945,3064500
2008-11-12,65.47000122070312,65.76000213623047,62.560001373291016,63.099998474121094,56.322410583496094,3199300
2008-11-13,63.70000076293945,67.26000213623047,60.630001068115234,67.13999938964844,59.92848587036133,4639000
2008-11-14,64.77999877929688,67.52999877929688,63.5,64.37000274658203,57.45601272583008,2892900
2008-11-17,63.720001220703125,65.47000122070312,61.68000030517578,62.7599983215332,56.0189323425293,3169700
2008-11-18,62.25,66.54000091552734,62.22999954223633,64.79000091552734,57.83089828491211,3980300
2008-11-19,63.31999969482422,65.4000015258789,59.65999984741211,60.58000183105469,54.07307052612305,3524200
2008-11-20,60.02000045776367,61.83000183105469,56.0,56.75,50.654449462890625,5085600
2008-11-21,57.7599983215332,61.33000183105469,55.41999816894531,60.90999984741211,54.36762619018555,4663900
2008-11-24,61.79999923706055,67.25,61.45000076293945,66.43000030517578,59.29473876953125,4359400
2008-11-25,67.41999816894531,68.37999725341797,57.29999923706055,67.12000274658203,59.91062927246094,3182500
2008-11-26,66.13999938964844,69.9000015258789,66.05999755859375,69.2300033569336,61.79401397705078,3013600
2008-11-28,69.04000091552734,70.6500015258789,68.5999984741211,70.6500015258789,63.06147384643555,1035700
2008-12-01,69.5,69.5,63.310001373291016,63.45000076293945,56.63482666015625,3510100
2008-12-02,64.54000091552734,67.20999908447266,63.619998931884766,67.08000183105469,59.87491226196289,2418300
2008-12-03,65.30000305175781,70.2699966430664,64.93000030517578,70.08000183105469,62.55268859863281,2880600
2008-12-04,68.94999694824219,73.69999694824219,68.72000122070312,70.93000030517578,63.31141662597656,3616500
2008-12-05,70.0,73.8499984741211,66.72000122070312,73.70999908447266,65.79278564453125,3392400
2008-12-08,75.19999694824219,76.94000244140625,72.5199966430664,74.43000030517578,66.43545532226562,3399500
2008-12-09,66.87999725341797,67.41999816894531,62.310001373291016,63.650001525878906,56.8133430480957,14149600
2008-12-10,63.470001220703125,63.529998779296875,59.7599983215332,61.02000045776367,54.56011962890625,6284000
2008-12-11,60.650001525878906,62.02000045776367,58.15999984741211,58.61000061035156,52.405250549316406,4390500
2008-12-12,57.5,61.470001220703125,57.33000183105469,61.34000015258789,54.84623718261719,4098200
2008-12-15,61.54999923706055,61.54999923706055,59.369998931884766,60.209999084472656,53.83586883544922,2764600
2008-12-16,60.63999938964844,63.560001373291016,60.189998626708984,63.38999938964844,56.679203033447266,3406800
2008-12-17,62.54999923706055,65.1500015258789,62.400001525878906,63.970001220703125,57.197818756103516,2477000
2008-12-18,64.98999786376953,65.4000015258789,61.65999984741211,62.599998474121094,55.97283172607422,4110900
2008-12-19,63.099998474121094,64.48999786376953,62.619998931884766,63.59000015258789,56.85804748535156,3218000
2008-12-22,63.75,64.0,62.0,62.959999084472656,56.294734954833984,2019800
2008-12-23,63.18000030517578,63.18000030517578,60.27000045776367,60.86000061035156,54.41706466674805,2424600
2008-12-24,60.27000045776367,61.459999084472656,60.27000045776367,61.20000076293945,54.7210578918457,1151400
2008-12-26,61.29999923706055,61.400001525878906,59.459999084472656,60.970001220703125,54.515403747558594,1402800
2008-12-29,60.70000076293945,60.95000076293945,59.529998779296875,60.13999938964844,53.77328109741211,1901100
2008-12-30,60.38999938964844,62.33000183105469,60.22999954223633,62.220001220703125,55.633087158203125,1925200
2008-12-31,62.25,64.58000183105469,62.25,64.1500015258789,57.35874938964844,2237700
2009-01-02,64.16000366210938,64.66999816894531,62.900001525878906,64.44000244140625,57.61804962158203,2368800
2009-01-05,63.95000076293945,64.33999633789062,63.56999969482422,63.95000076293945,57.179931640625,3766500
2009-01-06,64.5,64.75,63.45000076293945,64.08000183105469,57.296165466308594,4064900
2009-01-07,63.5099983215332,64.25,62.31999969482422,62.650001525878906,56.01755905151367,2474600
2009-01-08,62.52000045776367,63.130001068115234,61.349998474121094,62.09000015258789,55.51683807373047,2054500
2009-01-09,62.400001525878906,62.400001525878906,60.0099983215332,60.31999969482422,53.934207916259766,1879600
2009-01-12,60.310001373291016,60.9900016784668,60.0099983215332,60.310001373291016,53.92529296875,2002200
2009-01-13,60.220001220703125,61.52000045776367,59.599998474121094,60.470001220703125,54.068355560302734,2413400
2009-01-14,59.61000061035156,59.650001525878906,57.189998626708984,57.900001525878906,51.770423889160156,3050900
2009-01-15,57.93000030517578,59.029998779296875,56.20000076293945,58.560001373291016,52.36055374145508,2945300
2009-01-16,59.380001068115234,59.709999084472656,57.0099983215332,58.58000183105469,52.37842559814453,2864800
2009-01-20,58.380001068115234,58.4900016784668,54.91999816894531,54.97999954223633,49.159542083740234,3107300
2009-01-21,55.70000076293945,57.0099983215332,54.939998626708984,56.880001068115234,50.85838317871094,2694500
2009-01-22,56.0,57.25,55.34000015258789,56.33000183105469,50.36662292480469,2028600
2009-01-23,55.060001373291016,55.75,53.45000076293945,54.119998931884766,48.390586853027344,3673800
2009-01-26,53.939998626708984,55.63999938964844,53.79999923706055,54.56999969482422,48.792945861816406,2369200
2009-01-27,55.0,55.84000015258789,53.7599983215332,55.56999969482422,49.687095642089844,2466000
2009-01-28,56.4900016784668,57.77000045776367,55.5099983215332,56.75,50.74214172363281,2894100
2009-01-29,56.099998474121094,56.40999984741211,54.290000915527344,54.529998779296875,48.7571907043457,2479500
2009-01-30,55.09000015258789,55.09000015258789,50.54999923706055,50.939998626708984,45.54722595214844,4660300
2009-02-02,50.56999969482422,50.7400016784668,48.7599983215332,49.150001525878906,43.94673538208008,4418500
2009-02-03,49.68000030517578,53.099998474121094,49.5,52.83000183105469,47.23713684082031,4663900
2009-02-04,52.880001068115234,53.599998474121094,51.119998931884766,51.25,45.82441711425781,3718300
2009-02-05,50.779998779296875,52.689998626708984,50.45000076293945,52.58000183105469,47.01362991333008,3157900
2009-02-06,52.72999954223633,55.72999954223633,52.529998779296875,55.27000045776367,49.41884231567383,3918500
2009-02-09,55.349998474121094,56.720001220703125,54.880001068115234,55.65999984741211,49.76756286621094,2757900
2009-02-10,54.7599983215332,55.65999984741211,50.97999954223633,52.029998779296875,46.5218505859375,5126600
2009-02-11,52.40999984741211,53.08000183105469,51.7599983215332,52.540000915527344,46.97785568237305,2371600
2009-02-12,51.84000015258789,52.310001373291016,50.45000076293945,52.22999954223633,46.7006721496582,3040600
2009-02-13,52.209999084472656,54.119998931884766,51.720001220703125,51.810001373291016,46.32514572143555,3556800
2009-02-17,50.7400016784668,50.97999954223633,48.939998626708984,49.20000076293945,43.99144744873047,3870100
2009-02-18,49.4900016784668,50.380001068115234,47.470001220703125,48.0,42.91847610473633,3965600
2009-02-19,48.119998931884766,49.349998474121094,47.29999923706055,47.66999816894531,42.623409271240234,3257900
2009-02-20,47.0,47.5,45.540000915527344,46.959999084472656,41.98857498168945,3945600
2009-02-23,47.33000183105469,47.33000183105469,44.31999969482422,44.54999923706055,39.83370590209961,3984100
2009-02-24,44.88999938964844,47.22999954223633,43.84000015258789,46.869998931884766,41.90810775756836,4670700
2009-02-25,46.720001220703125,46.720001220703125,43.63999938964844,44.31999969482422,39.62805938720703,5631600
2009-02-26,44.72999954223633,44.84000015258789,43.209999084472656,43.33000183105469,38.742881774902344,4420400
2009-02-27,42.68000030517578,44.0099983215332,42.369998931884766,43.209999084472656,38.63558578491211,4057900
2009-03-02,42.40999984741211,42.959999084472656,40.29999923706055,40.29999923706055,36.03363037109375,5048500
2009-03-03,40.7599983215332,41.459999084472656,39.939998626708984,40.08000183105469,35.836917877197266,3437600
2009-03-04,40.599998474121094,43.150001525878906,40.2599983215332,42.58000183105469,38.0722770690918,5179000
2009-03-05,41.599998474121094,41.599998474121094,38.4900016784668,39.0,34.87126159667969,6425100
2009-03-06,39.56999969482422,39.849998474121094,35.060001373291016,35.7599983215332,31.97427749633789,9541200
2009-03-09,35.150001525878906,35.88999938964844,34.02000045776367,34.279998779296875,30.745519638061523,6793000
2009-03-10,35.0,37.18000030517578,34.54999923706055,37.09000015258789,33.26579284667969,6848000
2009-03-11,37.279998779296875,38.400001525878906,36.599998474121094,37.560001373291016,33.68733596801758,5591600
2009-03-12,37.41999816894531,38.689998626708984,36.150001525878906,38.560001373291016,34.5842399597168,4248000
2009-03-13,38.810001373291016,39.029998779296875,37.4900016784668,38.0,34.081974029541016,4126000
2009-03-16,38.720001220703125,41.560001373291016,38.54999923706055,40.15999984741211,36.01925277709961,6162800
2009-03-17,40.72999954223633,42.04999923706055,40.33000183105469,41.97999954223633,37.651607513427734,5130400
2009-03-18,42.0,44.209999084472656,41.099998474121094,43.04999923706055,38.61130142211914,7503100
2009-03-19,43.959999084472656,46.84000015258789,43.93000030517578,45.099998474121094,40.44992446899414,11256900
2009-03-20,44.9900016784668,45.4900016784668,41.40999984741211,41.900001525878906,37.5798454284668,9224600
2009-03-23,43.47999954223633,44.56999969482422,42.0099983215332,44.540000915527344,39.9476432800293,4125800
2009-03-24,44.099998474121094,44.900001525878906,43.36000061035156,43.56999969482422,39.07767105102539,3940600
2009-03-25,44.880001068115234,44.880001068115234,42.04999923706055,43.27000045776367,38.80860900878906,4345900
2009-03-26,43.75,47.18000030517578,43.599998474121094,46.97999954223633,42.13606643676758,4954900
2009-03-27,46.439998626708984,46.689998626708984,45.33000183105469,45.68000030517578,40.9701042175293,3643000
2009-03-30,45.0,45.0,43.470001220703125,44.08000183105469,39.53509521484375,3883900
2009-03-31,44.56999969482422,45.459999084472656,43.06999969482422,44.4900016784668,39.90281295776367,4408900
2009-04-01,44.2599983215332,45.2400016784668,43.939998626708984,44.959999084472656,40.3243408203125,3278500
2009-04-02,45.970001220703125,50.47999954223633,45.810001373291016,49.08000183105469,44.01955032348633,9218100
2009-04-03,48.310001373291016,50.150001525878906,48.09000015258789,50.02000045776367,44.862632751464844,4319000
2009-04-06,49.529998779296875,49.709999084472656,47.13999938964844,48.310001373291016,43.328941345214844,5286900
2009-04-07,47.45000076293945,47.5,46.29999923706055,46.4900016784668,41.69659423828125,2613200
2009-04-08,46.59000015258789,48.34000015258789,46.20000076293945,47.970001220703125,43.02399826049805,2812300
2009-04-09,49.16999816894531,51.13999938964844,48.93000030517578,50.91999816894531,45.66982650756836,3456900
2009-04-13,50.38999938964844,51.25,49.2400016784668,50.97999954223633,45.723655700683594,2756200
2009-04-14,50.0,52.22999954223633,50.0,50.66999816894531,45.445621490478516,3209800
2009-04-15,50.52000045776367,50.75,49.20000076293945,50.040000915527344,44.880584716796875,2978900
2009-04-16,50.25,54.52000045776367,50.040000915527344,54.2400016784668,48.64754104614258,5094200
2009-04-17,53.209999084472656,53.61000061035156,51.16999816894531,53.25,47.75958251953125,5406900
2009-04-20,52.25,52.43000030517578,50.900001525878906,51.08000183105469,45.81332015991211,3631600
2009-04-21,50.66999816894531,52.66999816894531,50.27000045776367,52.529998779296875,47.11384201049805,2908500
2009-04-22,52.15999984741211,55.75,52.15999984741211,53.2400016784668,47.7506217956543,4474800
2009-04-23,52.25,55.189998626708984,51.599998474121094,55.040000915527344,49.36504364013672,5572500
2009-04-24,55.040000915527344,56.75,54.709999084472656,56.060001373291016,50.279869079589844,3050700
2009-04-27,54.45000076293945,55.130001068115234,52.650001525878906,52.81999969482422,47.37395095825195,3006100
2009-04-28,52.11000061035156,54.22999954223633,52.0,53.310001373291016,47.81340408325195,2889900
2009-04-29,53.959999084472656,55.93000030517578,53.880001068115234,55.27000045776367,49.57133102416992,2442900
2009-04-30,55.900001525878906,57.72999954223633,55.560001373291016,55.959999084472656,50.190185546875,3892100
2009-05-01,55.900001525878906,56.27000045776367,54.33000183105469,55.130001068115234,49.44574737548828,2670000
2009-05-04,55.31999969482422,59.650001525878906,55.060001373291016,59.5099983215332,53.37416076660156,4228800
2009-05-05,59.439998626708984,61.0,59.279998779296875,60.7599983215332,54.49526596069336,3995300
2009-05-06,61.189998626708984,61.84000015258789,60.0,61.709999084472656,55.347328186035156,3633000
2009-05-07,62.04999923706055,62.15999984741211,58.61000061035156,59.31999969482422,53.2037467956543,4220500
2009-05-08,60.11000061035156,60.970001220703125,59.0,60.060001373291016,53.867462158203125,3158900
2009-05-11,58.459999084472656,59.09000015258789,57.0099983215332,57.16999816894531,51.27541732788086,4256400
2009-05-12,57.0,57.290000915527344,54.47999954223633,55.119998931884766,49.436798095703125,4108600
2009-05-13,54.459999084472656,54.459999084472656,52.27000045776367,52.709999084472656,47.27526092529297,3978100
2009-05-14,52.720001220703125,54.119998931884766,52.619998931884766,53.40999984741211,47.90310287475586,2720200
2009-05-15,53.61000061035156,54.59000015258789,52.58000183105469,52.97999954223633,47.51743698120117,3618800
2009-05-18,53.58000183105469,54.209999084472656,52.7599983215332,54.060001373291016,48.486080169677734,3608600
2009-05-19,54.099998474121094,55.33000183105469,54.0,54.63999938964844,49.00629425048828,2927000
2009-05-20,55.5,57.29999923706055,54.900001525878906,55.68000030517578,49.93904495239258,4441400
2009-05-21,54.91999816894531,54.91999816894531,52.63999938964844,53.43000030517578,47.92103576660156,2960600
2009-05-22,53.45000076293945,53.650001525878906,51.720001220703125,52.84000015258789,47.391876220703125,3033300
2009-05-26,52.380001068115234,55.68000030517578,52.349998474121094,55.349998474121094,49.643070220947266,3030500
2009-05-27,55.45000076293945,55.95000076293945,53.18000030517578,53.36000061035156,47.85826110839844,2437300
2009-05-28,54.08000183105469,54.4900016784668,52.15999984741211,53.58000183105469,48.05557632446289,2887200
2009-05-29,53.709999084472656,55.459999084472656,53.41999816894531,55.43000030517578,49.7148323059082,2832900
2009-06-01,57.290000915527344,58.2400016784668,55.779998779296875,57.880001068115234,51.9122200012207,2574900
2009-06-02,57.9900016784668,59.380001068115234,57.18000030517578,57.650001525878906,51.7059326171875,2331600
2009-06-03,57.2400016784668,57.41999816894531,55.70000076293945,56.29999923706055,50.4951286315918,2678700
2009-06-04,56.38999938964844,57.040000915527344,55.689998626708984,57.0,51.122962951660156,1907100
2009-06-05,57.720001220703125,58.880001068115234,56.880001068115234,57.11000061035156,51.221614837646484,3813400
2009-06-08,56.84000015258789,56.939998626708984,55.68000030517578,56.459999084472656,50.63862228393555,2491000
2009-06-09,56.310001373291016,57.56999969482422,56.11000061035156,57.060001373291016,51.17677688598633,2259400
2009-06-10,58.43000030517578,58.43000030517578,56.040000915527344,57.25,51.34717559814453,2479300
2009-06-11,56.849998474121094,57.540000915527344,56.0,56.15999984741211,50.36956024169922,3519600
2009-06-12,55.75,56.220001220703125,53.630001068115234,54.38999938964844,48.78206253051758,3844400
2009-06-15,53.689998626708984,53.9900016784668,51.72999954223633,52.0099983215332,46.64745330810547,4062300
2009-06-16,52.29999923706055,53.27000045776367,50.7400016784668,51.41999816894531,46.21602249145508,5007800
2009-06-17,50.279998779296875,51.70000076293945,49.7599983215332,50.70000076293945,45.56888961791992,9119400
2009-06-18,51.630001068115234,52.33000183105469,50.599998474121094,51.959999084472656,46.701385498046875,4140000
2009-06-19,52.29999923706055,52.56999969482422,51.0,51.45000076293945,46.242984771728516,2993500
2009-06-22,50.58000183105469,51.25,49.86000061035156,50.04999923706055,44.984683990478516,4424100
2009-06-23,51.310001373291016,52.0,50.54999923706055,50.75,45.613826751708984,4792200
2009-06-24,51.16999816894531,54.02000045776367,50.79999923706055,52.88999938964844,47.53725814819336,6542000
2009-06-25,52.7400016784668,56.380001068115234,52.560001373291016,56.290000915527344,50.59315872192383,6434200
2009-06-26,55.619998931884766,56.099998474121094,55.060001373291016,55.40999984741211,49.80222702026367,3304400
2009-06-29,55.54999923706055,56.279998779296875,54.75,55.630001068115234,49.99995040893555,2513500
2009-06-30,56.93000030517578,56.95000076293945,55.119998931884766,55.619998931884766,49.990966796875,4147600
2009-07-01,55.810001373291016,57.18000030517578,55.75,56.18000030517578,50.49428939819336,2311100
2009-07-02,55.150001525878906,55.54999923706055,54.06999969482422,54.31999969482422,48.82254409790039,3090800
2009-07-06,54.119998931884766,56.13999938964844,53.97999954223633,56.040000915527344,50.36845779418945,5143300
2009-07-07,55.93000030517578,55.93000030517578,54.310001373291016,54.31999969482422,48.82254409790039,2809400
2009-07-08,54.790000915527344,55.90999984741211,52.58000183105469,53.36000061035156,47.959686279296875,5429400
2009-07-09,53.59000015258789,54.5,53.36000061035156,53.93000030517578,48.47199630737305,2427300
2009-07-10,53.66999816894531,55.20000076293945,53.66999816894531,54.880001068115234,49.32585906982422,2348800
2009-07-13,55.34000015258789,55.79999923706055,53.790000915527344,55.79999923706055,50.15275192260742,2598700
2009-07-14,55.77000045776367,56.09000015258789,54.59000015258789,55.540000915527344,49.91905212402344,2247300
2009-07-15,56.310001373291016,57.439998626708984,56.060001373291016,57.36000061035156,51.55487060546875,4688000
2009-07-16,57.13999938964844,62.5099983215332,57.06999969482422,61.790000915527344,55.536529541015625,9769600
2009-07-17,61.31999969482422,62.22999954223633,60.16999816894531,60.470001220703125,54.35012435913086,5463400
2009-07-20,60.66999816894531,61.790000915527344,60.2599983215332,61.689998626708984,55.446651458740234,3228200
2009-07-21,62.0,62.130001068115234,59.619998931884766,60.470001220703125,54.35012435913086,3403600
2009-07-22,59.849998474121094,62.220001220703125,59.52000045776367,61.79999923706055,55.54552459716797,2966600
2009-07-23,61.290000915527344,64.66000366210938,61.0,64.23999786376953,57.73858642578125,4584000
2009-07-24,63.689998626708984,65.0,63.459999084472656,64.9800033569336,58.403682708740234,3360100
2009-07-27,65.04000091552734,66.62999725341797,64.5,66.58999633789062,59.85072326660156,3011200
2009-07-28,65.93000030517578,66.72000122070312,65.0999984741211,65.61000061035156,58.96993637084961,2914000
2009-07-29,65.1500015258789,66.66999816894531,64.62999725341797,65.75,59.09574508666992,2575500
2009-07-30,66.54000091552734,68.61000061035156,66.05000305175781,67.37999725341797,60.5607795715332,3500400
2009-07-31,67.37999725341797,68.5,67.0999984741211,67.83999633789062,60.9742317199707,2534300
2009-08-03,68.3499984741211,69.37999725341797,67.51000213623047,68.94000244140625,61.96289825439453,2601000
2009-08-04,68.51000213623047,68.80999755859375,67.81999969482422,68.44000244140625,61.51350402832031,3109500
2009-08-05,68.54000091552734,68.81999969482422,66.88999938964844,67.37999725341797,60.5607795715332,3416900
2009-08-06,67.79000091552734,67.79000091552734,66.16999816894531,66.37000274658203,59.65303039550781,3207500
2009-08-07,67.19999694824219,68.7699966430664,66.93000030517578,67.86000061035156,60.99220275878906,4829800
2009-08-10,66.66000366210938,67.83999633789062,66.66000366210938,67.12000274658203,60.32708740234375,2741000
2009-08-11,66.68000030517578,67.0,65.61000061035156,65.97000122070312,59.29351043701172,3195100
2009-08-12,66.0,67.19000244140625,65.52999877929688,66.37999725341797,59.66197967529297,2448700
2009-08-13,67.3499984741211,67.3499984741211,65.7699966430664,66.91000366210938,60.13835906982422,2111700
2009-08-14,66.79000091552734,67.13999938964844,64.98999786376953,66.01000213623047,59.3294677734375,1830500
2009-08-17,65.3499984741211,65.3499984741211,63.540000915527344,63.880001068115234,57.415000915527344,2355800
2009-08-18,64.27999877929688,66.0,64.16999816894531,65.7699966430664,59.11373519897461,2699700
2009-08-19,65.19999694824219,66.05000305175781,64.19999694824219,65.6500015258789,59.00587844848633,2066700
2009-08-20,65.43000030517578,66.38999938964844,65.33000183105469,66.0999984741211,59.41032028198242,1713200
2009-08-21,66.70999908447266,68.1500015258789,66.29000091552734,67.87000274658203,61.00119400024414,2966900
2009-08-24,67.98999786376953,68.7699966430664,67.63999938964844,67.83999633789062,60.9742317199707,1828100
2009-08-25,68.4000015258789,69.30000305175781,68.0999984741211,68.26000213623047,61.351749420166016,2719800
2009-08-26,68.2300033569336,68.68000030517578,67.38999938964844,67.76000213623047,60.90233612060547,2058500
2009-08-27,67.87000274658203,68.87999725341797,66.36000061035156,68.52999877929688,61.594425201416016,2784800
2009-08-28,69.13999938964844,70.2699966430664,68.8499984741211,69.86000061035156,62.789833068847656,3296300
2009-08-31,69.16000366210938,69.4000015258789,68.30000305175781,68.70999908447266,61.75619125366211,1822300
2009-09-01,68.8499984741211,71.33999633789062,68.68000030517578,69.04000091552734,62.05276870727539,5406900
2009-09-02,68.75,69.6500015258789,68.05999755859375,68.51000213623047,61.57642364501953,3041100
2009-09-03,69.23999786376953,69.81999969482422,68.2300033569336,69.73999786376953,62.68194580078125,1957900
2009-09-04,69.87999725341797,70.94999694824219,69.81999969482422,70.86000061035156,63.688602447509766,1961200
2009-09-08,71.66999816894531,71.94999694824219,69.93000030517578,70.93000030517578,63.85063934326172,3067200
2009-09-09,71.72000122070312,72.36000061035156,70.95999908447266,72.04000091552734,64.849853515625,3530000
2009-09-10,72.16999816894531,72.69999694824219,71.37000274658203,72.66000366210938,65.407958984375,2418300
2009-09-11,75.94999694824219,78.30000305175781,75.91999816894531,77.31999969482422,69.60285186767578,11095300
2009-09-14,77.0,78.98999786376953,76.69999694824219,78.87999725341797,71.00716400146484,5064200
2009-09-15,79.36000061035156,80.0,78.52999877929688,79.52999877929688,71.59228515625,4658700
2009-09-16,80.01000213623047,80.01000213623047,77.4000015258789,78.19999694824219,70.3950424194336,4444600
2009-09-17,76.44999694824219,78.48999786376953,75.55000305175781,76.45999908447266,68.82870483398438,6004400
2009-09-18,76.83999633789062,76.9000015258789,75.5,76.16999816894531,68.56761932373047,4293400
2009-09-21,75.72000122070312,76.0,74.25,75.58999633789062,68.0455093383789,2897600
2009-09-22,76.12999725341797,76.83000183105469,76.0,76.16000366210938,68.5586166381836,2928000
2009-09-23,76.47000122070312,77.0,75.2300033569336,75.27999877929688,67.76647186279297,2938400
2009-09-24,75.30000305175781,76.22000122070312,74.29000091552734,75.38999938964844,67.86547088623047,3120900
2009-09-25,74.87000274658203,75.52999877929688,72.9000015258789,73.37999725341797,66.05607604980469,2992600
2009-09-28,73.5199966430664,76.33000183105469,73.43000030517578,75.87000274658203,68.29756164550781,3308100
2009-09-29,76.04000091552734,76.33000183105469,74.86000061035156,75.04000091552734,67.55039978027344,2580500
2009-09-30,74.98999786376953,76.11000061035156,73.72000122070312,75.22000122070312,67.71247863769531,3547100
2009-10-01,75.54000091552734,76.0999984741211,73.45999908447266,73.68000030517578,66.326171875,4169600
2009-10-02,73.19999694824219,74.18000030517578,72.44999694824219,73.58000183105469,66.23615264892578,3360100
2009-10-05,73.77999877929688,75.66000366210938,73.27999877929688,75.44999694824219,67.91949462890625,3142900
2009-10-06,75.56999969482422,76.97000122070312,74.4000015258789,75.08000183105469,67.58645629882812,3080700
2009-10-07,74.95999908447266,76.33000183105469,74.4800033569336,76.20999908447266,68.60363006591797,2461000
2009-10-08,76.73999786376953,78.9000015258789,76.20999908447266,78.16999816894531,70.36802673339844,6976800
2009-10-09,78.11000061035156,78.5,77.0999984741211,77.4800033569336,69.74687957763672,2443800
2009-10-12,78.04000091552734,78.2699966430664,77.08000183105469,77.62000274658203,69.87287902832031,1518400
2009-10-13,77.58999633789062,78.20999908447266,76.58000183105469,78.19000244140625,70.38603973388672,2520900
2009-10-14,79.16999816894531,80.4000015258789,78.91000366210938,80.29000091552734,72.27645874023438,3034200
2009-10-15,79.81999969482422,81.12999725341797,79.44999694824219,80.91999816894531,72.84353637695312,2996200
2009-10-16,80.0999984741211,80.66999816894531,79.5,80.05000305175781,72.06041717529297,2865800
2009-10-19,80.30999755859375,80.66000366210938,79.70999908447266,79.98999786376953,72.00636291503906,2085100
2009-10-20,80.02999877929688,81.83000183105469,79.68000030517578,81.68000030517578,73.5277099609375,3419900
2009-10-21,81.48999786376953,82.33999633789062,79.45999908447266,79.61000061035156,71.66431427001953,2193900
2009-10-22,79.56999969482422,79.58000183105469,77.4000015258789,78.95999908447266,71.07916259765625,2318100
2009-10-23,79.29000091552734,79.80000305175781,76.7300033569336,77.0999984741211,69.40480041503906,2864100
2009-10-26,77.13999938964844,79.08000183105469,76.52999877929688,76.86000061035156,69.18875885009766,2095500
2009-10-27,76.95999908447266,77.1500015258789,74.66999816894531,74.77999877929688,67.31636810302734,3497200
2009-10-28,74.5,75.44000244140625,73.29000091552734,73.54000091552734,66.20014190673828,2856500
2009-10-29,74.38999938964844,75.70999908447266,73.77999877929688,74.94999694824219,67.46939086914062,2737000
2009-10-30,74.73999786376953,75.56999969482422,72.41000366210938,72.69000244140625,65.4349594116211,2969200
2009-11-02,73.01000213623047,73.80999755859375,71.77999877929688,72.87000274658203,65.59700775146484,2745900
2009-11-03,73.05999755859375,75.08999633789062,72.58999633789062,74.83000183105469,67.36138153076172,3519500
2009-11-04,75.44000244140625,75.47000122070312,72.7699966430664,72.91999816894531,65.64204406738281,2659600
2009-11-05,73.52999877929688,75.31999969482422,73.51000213623047,75.0,67.51441955566406,2204600
2009-11-06,74.44999694824219,77.36000061035156,74.44999694824219,77.12000274658203,69.42282104492188,2895000
2009-11-09,77.81999969482422,81.23999786376953,77.0199966430664,81.22000122070312,73.11361694335938,4110800
2009-11-10,80.68000030517578,82.27999877929688,80.30000305175781,82.12999725341797,73.93278503417969,3469800
2009-11-11,82.54000091552734,83.7699966430664,81.91000366210938,82.5,74.26585388183594,3882000
2009-11-12,82.30999755859375,82.80000305175781,80.5199966430664,80.76000213623047,72.69953918457031,2516600
2009-11-13,81.0199966430664,82.22000122070312,80.76000213623047,81.97000122070312,73.78873443603516,1938200
2009-11-16,83.54000091552734,84.91999816894531,83.08000183105469,84.80000305175781,76.33631134033203,3197100
2009-11-17,84.68000030517578,85.43000030517578,84.06999969482422,85.26000213623047,76.75039672851562,3673100
2009-11-18,85.01000213623047,85.23999786376953,83.33999633789062,83.70999908447266,75.35508728027344,2333000
2009-11-19,83.3499984741211,83.58999633789062,81.44999694824219,82.4800033569336,74.24785614013672,1967300
2009-11-20,81.93000030517578,82.5999984741211,80.5999984741211,81.77999877929688,73.61771392822266,2422600
2009-11-23,83.0,83.80999755859375,82.11000061035156,82.61000061035156,74.36487579345703,2233000
2009-11-24,82.43000030517578,83.16000366210938,81.55000305175781,81.79000091552734,73.62673950195312,1504300
2009-11-25,81.88999938964844,83.55000305175781,81.8499984741211,83.5,75.16605377197266,2101000
2009-11-27,81.29000091552734,83.54000091552734,80.83999633789062,82.6500015258789,74.40089416503906,1495500
2009-11-30,82.86000061035156,84.72000122070312,82.08000183105469,84.44999694824219,76.0212173461914,2605500
2009-12-01,85.38999938964844,86.56999969482422,84.81999969482422,85.87999725341797,77.30850219726562,3194300
2009-12-02,85.87999725341797,87.27999877929688,85.54000091552734,87.0999984741211,78.40673828125,2475200
2009-12-03,87.61000061035156,87.87999725341797,85.77999877929688,85.94000244140625,77.36251068115234,3246400
2009-12-04,87.08000183105469,88.04000091552734,86.05999755859375,87.93000030517578,79.15390014648438,2926800
2009-12-07,88.01000213623047,88.44000244140625,87.38999938964844,87.5199966430664,78.7848129272461,2271000
2009-12-08,89.47000122070312,90.62000274658203,89.01000213623047,89.87999725341797,80.9092788696289,6866400
2009-12-09,90.3499984741211,90.3499984741211,88.0999984741211,89.0,80.1170883178711,3389600
2009-12-10,89.26000213623047,90.01000213623047,87.66999816894531,88.04000091552734,79.35100555419922,2376300
2009-12-11,87.93000030517578,88.94999694824219,87.58999633789062,87.94000244140625,79.26084899902344,1815400
2009-12-14,88.25,90.6500015258789,88.19000244140625,90.55999755859375,81.6222915649414,2644500
2009-12-15,90.45999908447266,91.98999786376953,90.0,91.36000061035156,82.34333801269531,4924000
2009-12-16,91.94000244140625,92.58999633789062,89.75,89.94999694824219,81.07247924804688,3494500
2009-12-17,86.48999786376953,87.0999984741211,84.38999938964844,84.47000122070312,76.13334655761719,8399100
2009-12-18,85.08999633789062,85.76000213623047,83.52999877929688,84.94999694824219,76.56596374511719,4804000
2009-12-21,85.43000030517578,86.19999694824219,84.11000061035156,84.72000122070312,76.358642578125,3637700
2009-12-22,84.62999725341797,85.41000366210938,83.27999877929688,83.5,75.25906372070312,3554900
2009-12-23,83.26000213623047,84.0,82.86000061035156,83.76000213623047,75.49342346191406,2171200
2009-12-24,84.0,84.38999938964844,82.3499984741211,82.56999969482422,74.42086029052734,1458100
2009-12-28,82.54000091552734,83.44999694824219,82.3499984741211,83.0199966430664,74.82646179199219,2124300
2009-12-29,83.02999877929688,85.33999633789062,82.8499984741211,85.16000366210938,76.75521850585938,2916200
2009-12-30,85.0,85.23999786376953,84.3499984741211,85.16999816894531,76.76428985595703,1589000
2009-12-31,84.20999908447266,84.73999786376953,83.30000305175781,83.44999694824219,75.2139892578125,1984200
2010-01-04,84.20999908447266,85.0,83.11000061035156,83.44999694824219,75.2139892578125,3215100
2010-01-05,83.44000244140625,84.58999633789062,82.63999938964844,84.54000091552734,76.1964340209961,2493300
2010-01-06,84.33000183105469,85.12000274658203,83.61000061035156,83.83999633789062,75.56551361083984,2491000
2010-01-07,83.8499984741211,83.8499984741211,82.4000015258789,82.93000030517578,74.74530029296875,3093200
2010-01-08,84.08000183105469,85.26000213623047,82.94999694824219,84.98999786376953,76.60200500488281,4351200
2010-01-11,85.58999633789062,88.29000091552734,85.4000015258789,87.25,78.63897705078125,6131900
2010-01-12,86.44000244140625,88.68000030517578,85.5999984741211,86.58000183105469,78.03509521484375,3345100
2010-01-13,86.94999694824219,87.33000183105469,85.1500015258789,85.81999969482422,77.35011291503906,2855700
2010-01-14,85.58000183105469,86.44999694824219,85.08999633789062,86.29000091552734,77.773681640625,2104300
2010-01-15,86.33999633789062,86.80000305175781,84.93000030517578,85.11000061035156,76.71015167236328,4369700
2010-01-19,84.97000122070312,86.26000213623047,84.97000122070312,85.9000015258789,77.42218780517578,2289200
2010-01-20,84.75,84.80000305175781,83.08000183105469,84.05999755859375,75.7637939453125,2793100
2010-01-21,84.3499984741211,84.4800033569336,81.30000305175781,81.5999984741211,73.54656982421875,2865500
2010-01-22,81.31999969482422,81.86000061035156,80.19000244140625,80.29000091552734,72.36589050292969,2551800
2010-01-25,81.22000122070312,81.22000122070312,79.1500015258789,80.69000244140625,72.72638702392578,1878500
2010-01-26,80.45999908447266,81.2300033569336,79.51000213623047,80.76000213623047,72.78947448730469,2272300
2010-01-27,80.75,80.7699966430664,78.61000061035156,80.41999816894531,72.48306274414062,3523900
2010-01-28,80.9800033569336,80.9800033569336,78.38999938964844,79.06999969482422,71.26628112792969,1974200
2010-01-29,79.68000030517578,80.69999694824219,78.30000305175781,78.3499984741211,70.61734008789062,3139500
2010-02-01,78.80999755859375,80.7300033569336,78.76000213623047,80.66999816894531,72.7083511352539,3056600
2010-02-02,81.06999969482422,82.55000305175781,80.36000061035156,82.33000183105469,74.20452880859375,3217400
2010-02-03,81.66000366210938,82.8499984741211,80.91000366210938,82.12000274658203,74.01527404785156,2593700
2010-02-04,81.36000061035156,81.73999786376953,78.75,78.8499984741211,71.06797790527344,3830100
2010-02-05,78.8499984741211,79.25,75.16999816894531,76.69000244140625,69.12116241455078,5535300
2010-02-08,76.81999969482422,77.7699966430664,75.30999755859375,76.69000244140625,69.12116241455078,2966800
2010-02-09,77.2699966430664,79.72000122070312,76.95999908447266,79.22000122070312,71.4014663696289,4694400
2010-02-10,79.16000366210938,79.29000091552734,77.5199966430664,78.29000091552734,70.56324768066406,2196800
2010-02-11,78.37999725341797,79.77999877929688,77.44000244140625,79.52999877929688,71.68087768554688,2272800
2010-02-12,78.4000015258789,78.68000030517578,77.51000213623047,78.55000305175781,70.79759979248047,2902000
2010-02-16,78.91999816894531,80.19999694824219,78.91999816894531,79.97000122070312,72.07743835449219,2649200
2010-02-17,79.9000015258789,80.48999786376953,78.93000030517578,79.94000244140625,72.05043029785156,2484400
2010-02-18,79.62999725341797,80.38999938964844,79.37000274658203,80.0999984741211,72.19461822509766,1714300
2010-02-19,80.0999984741211,82.44000244140625,80.0999984741211,81.76000213623047,73.69080352783203,3000000
2010-02-22,82.25,83.13999938964844,81.5199966430664,82.36000061035156,74.2315673828125,2218800
2010-02-23,82.05999755859375,83.12000274658203,80.91999816894531,81.48999786376953,73.44746398925781,2217300
2010-02-24,81.7300033569336,83.61000061035156,81.7300033569336,83.08000183105469,74.88050842285156,3083400
2010-02-25,81.54000091552734,83.2699966430664,80.2699966430664,83.18000030517578,74.97063446044922,3007100
2010-02-26,83.12999725341797,84.9800033569336,82.31999969482422,84.76000213623047,76.39472198486328,3030000
2010-03-01,84.91999816894531,86.44999694824219,84.83000183105469,85.80999755859375,77.34110260009766,2419000
2010-03-02,86.44000244140625,87.12000274658203,85.20999908447266,85.41000366210938,76.98056030273438,3169300
2010-03-03,85.81999969482422,87.80000305175781,85.66000366210938,86.13999938964844,77.63853454589844,3579600
2010-03-04,87.2300033569336,87.4800033569336,85.47000122070312,86.36000061035156,77.83679962158203,2448200
2010-03-05,87.0199966430664,87.75,86.62999725341797,86.94999694824219,78.36853790283203,1817600
2010-03-08,87.26000213623047,87.54000091552734,86.13999938964844,86.66999816894531,78.11621856689453,1924700
2010-03-09,86.4800033569336,87.33999633789062,85.63999938964844,86.8499984741211,78.37788391113281,2023300
2010-03-10,87.01000213623047,88.33999633789062,86.87999725341797,87.26000213623047,78.7479248046875,2557400
2010-03-11,86.61000061035156,87.0,85.63999938964844,86.48999786376953,78.05306243896484,4330500
2010-03-12,86.52999877929688,86.69000244140625,84.80000305175781,86.18000030517578,77.77326965332031,3605200
2010-03-15,86.19999694824219,87.83000183105469,86.1500015258789,87.83000183105469,79.26233673095703,2509100
2010-03-16,88.04000091552734,88.94000244140625,87.68000030517578,88.62999725341797,79.98426055908203,2798400
2010-03-17,89.05000305175781,90.51000213623047,89.05000305175781,89.80000305175781,81.04012298583984,4885800
2010-03-18,87.8499984741211,92.95999908447266,87.0,92.66999816894531,83.63019561767578,13233200
2010-03-19,91.05000305175781,92.16999816894531,90.36000061035156,91.05000305175781,82.168212890625,5613000
2010-03-22,90.5,91.0,89.5199966430664,89.68000030517578,80.9318618774414,3904200
2010-03-23,89.66000366210938,92.01000213623047,89.63999938964844,91.62999725341797,82.691650390625,4116000
2010-03-24,91.41999816894531,91.5,90.0999984741211,90.23999786376953,81.43721771240234,4458000
2010-03-25,91.18000030517578,91.94000244140625,90.01000213623047,90.94000244140625,82.0689468383789,5720000
2010-03-26,91.19000244140625,91.87999725341797,90.33999633789062,91.3499984741211,82.43897247314453,3777100
2010-03-29,91.75,92.43000030517578,90.83999633789062,92.2300033569336,83.23310852050781,3423400
2010-03-30,92.5199966430664,93.2300033569336,91.68000030517578,92.81999969482422,83.76556396484375,3979900
2010-03-31,92.16999816894531,93.66000366210938,91.5999984741211,93.4000015258789,84.28897094726562,4168500
2010-04-01,94.01000213623047,94.52999877929688,91.69000244140625,92.16999816894531,83.17897033691406,2527800
2010-04-05,92.12000274658203,92.62999725341797,91.66000366210938,92.45999908447266,83.44066619873047,2091900
2010-04-06,92.08999633789062,92.83999633789062,91.76000213623047,92.37000274658203,83.35945892333984,1794300
2010-04-07,92.02999877929688,92.3499984741211,90.19999694824219,90.66999816894531,81.82527923583984,2522400
2010-04-08,90.44999694824219,90.94000244140625,89.81999969482422,90.72000122070312,81.87039947509766,2344000
2010-04-09,90.4800033569336,91.63999938964844,90.27999877929688,91.26000213623047,82.35772705078125,1876000
2010-04-12,91.06999969482422,91.69999694824219,90.56999969482422,90.81999969482422,81.96065521240234,1542300
2010-04-13,90.69000244140625,90.94999694824219,89.91999816894531,90.72000122070312,81.87039947509766,1358600
2010-04-14,91.12000274658203,94.2300033569336,90.7699966430664,94.01000213623047,84.8395004272461,4753400
2010-04-15,95.30000305175781,97.75,95.30000305175781,95.62000274658203,86.29242706298828,4342800
2010-04-16,95.23999786376953,95.38999938964844,93.41000366210938,93.87000274658203,84.71312713623047,3812200
2010-04-19,93.31999969482422,94.2699966430664,91.93000030517578,92.55000305175781,83.52188873291016,2866100
2010-04-20,93.33999633789062,93.55999755859375,91.55000305175781,92.04000091552734,83.0616226196289,3546600
2010-04-21,91.9800033569336,92.5,91.12000274658203,91.5,82.57433319091797,2628500
2010-04-22,91.01000213623047,91.94000244140625,89.9000015258789,91.70999908447266,82.7638168334961,3302100
2010-04-23,91.93000030517578,92.83000183105469,91.30000305175781,92.80999755859375,83.75653076171875,2879700
2010-04-26,93.02999877929688,93.98999786376953,92.2699966430664,92.5,83.47676849365234,2075900
2010-04-27,91.7300033569336,92.70999908447266,89.43000030517578,89.72000122070312,80.96794891357422,2996400
2010-04-28,90.37000274658203,91.41999816894531,89.66000366210938,90.83999633789062,81.97870635986328,2439400
2010-04-29,91.47000122070312,92.80000305175781,91.27999877929688,92.58000183105469,83.5489730834961,2325600
2010-04-30,92.41999816894531,93.80000305175781,89.9000015258789,90.01000213623047,81.22966766357422,2653600
2010-05-03,90.68000030517578,92.73999786376953,90.31999969482422,92.47000122070312,83.44969940185547,2985000
2010-05-04,91.02999877929688,91.23999786376953,88.33999633789062,89.37000274658203,80.6521224975586,3572300
2010-05-05,88.44999694824219,89.63999938964844,87.8499984741211,88.55999755859375,79.9211196899414,2224600
2010-05-06,87.94999694824219,89.27999877929688,81.5,85.98999786376953,77.60182189941406,4072400
2010-05-07,86.16000366210938,86.16000366210938,81.80000305175781,83.13999938964844,75.0298080444336,4864000
2010-05-10,87.02999877929688,88.45999908447266,86.0999984741211,87.72000122070312,79.16304779052734,3517000
2010-05-11,86.93000030517578,89.62000274658203,86.31999969482422,88.11000061035156,79.51500701904297,2894900
2010-05-12,88.62000274658203,89.91999816894531,88.0,89.76000213623047,81.00407409667969,1779400
2010-05-13,89.3499984741211,89.62000274658203,87.66999816894531,87.9800033569336,79.39773559570312,1891100
2010-05-14,87.30000305175781,87.41999816894531,85.01000213623047,85.91000366210938,77.52958679199219,2682100
2010-05-17,86.12999725341797,86.95999908447266,84.0,85.88999938964844,77.5115737915039,2356000
2010-05-18,85.95999908447266,86.81999969482422,83.7699966430664,84.05999755859375,75.86009216308594,3215000
2010-05-19,83.2699966430664,84.70999908447266,82.12000274658203,84.08999633789062,75.88713073730469,2960600
2010-05-20,82.55000305175781,83.16999816894531,81.0199966430664,81.0999984741211,73.18881225585938,3747500
2010-05-21,80.13999938964844,83.3499984741211,79.41000366210938,83.05999755859375,74.95763397216797,4250000
2010-05-24,82.66000366210938,83.47000122070312,81.41000366210938,81.47000122070312,73.52273559570312,2364300
2010-05-25,79.11000061035156,80.88999938964844,78.29000091552734,80.70999908447266,72.83686065673828,4349900
2010-05-26,81.44000244140625,82.70999908447266,81.01000213623047,81.63999938964844,73.67615509033203,3179400
2010-05-27,83.16000366210938,84.29000091552734,82.12999725341797,84.16000366210938,75.95030975341797,2609600
2010-05-28,84.04000091552734,84.62999725341797,82.66999816894531,83.48999786376953,75.34565734863281,2313900
2010-06-01,82.48999786376953,83.41000366210938,81.19999694824219,81.29000091552734,73.36031341552734,2904400
2010-06-02,81.93000030517578,83.41000366210938,81.48999786376953,83.31999969482422,75.19226837158203,2242000
2010-06-03,83.83999633789062,84.8499984741211,82.66000366210938,83.9800033569336,75.78789520263672,2195100
2010-06-04,82.20999908447266,82.62000274658203,78.83999633789062,79.37000274658203,71.6275634765625,3875300
2010-06-07,79.93000030517578,79.93000030517578,76.44999694824219,76.5199966430664,69.05558013916016,4042700
2010-06-08,77.06999969482422,79.01000213623047,76.02999877929688,78.68000030517578,71.00491333007812,3405300
2010-06-09,79.37999725341797,80.25,77.12000274658203,77.55000305175781,69.985107421875,3436000
2010-06-10,79.13999938964844,80.33999633789062,78.6500015258789,80.26000213623047,72.43075561523438,2725300
2010-06-11,79.52999877929688,80.73999786376953,78.81999969482422,80.62999725341797,72.76466369628906,2406100
2010-06-14,81.18000030517578,82.5,80.75,81.47000122070312,73.52273559570312,3507100
2010-06-15,82.0999984741211,83.1500015258789,81.62999725341797,83.01000213623047,75.02298736572266,3561500
2010-06-16,81.4000015258789,82.05000305175781,77.91999816894531,78.06999969482422,70.55831146240234,15058000
2010-06-17,78.5,78.5199966430664,77.12999725341797,78.11000061035156,70.59444427490234,7910200
2010-06-18,78.47000122070312,78.81999969482422,77.91000366210938,78.69999694824219,71.12770080566406,3733300
2010-06-21,79.69000244140625,80.08999633789062,78.0199966430664,78.58000183105469,71.0192642211914,3346100
2010-06-22,78.5199966430664,78.95999908447266,75.87999725341797,76.19999694824219,68.86824035644531,4665900
2010-06-23,76.43000030517578,77.22000122070312,75.44000244140625,76.58999633789062,69.22071075439453,4015900
2010-06-24,76.22000122070312,77.33000183105469,75.69000244140625,75.95999908447266,68.65132904052734,4112700
2010-06-25,76.12000274658203,76.23999786376953,74.41999816894531,75.95999908447266,68.65132904052734,8014300
2010-06-28,75.80000305175781,76.55000305175781,74.93000030517578,75.12999725341797,67.90118408203125,3176200
2010-06-29,74.01000213623047,74.2699966430664,70.94000244140625,71.51000213623047,64.62950134277344,5349400
2010-06-30,71.47000122070312,71.9000015258789,69.9800033569336,70.11000061035156,63.36418914794922,4570400
2010-07-01,70.70999908447266,72.19000244140625,69.77999877929688,72.0,65.07235717773438,6562400
2010-07-02,72.38999938964844,72.5999984741211,71.0199966430664,71.41000366210938,64.53912353515625,4719000
2010-07-06,72.2300033569336,72.70999908447266,70.05999755859375,70.69999694824219,63.8974494934082,5745100
2010-07-07,71.0,72.91000366210938,70.56999969482422,72.88999938964844,65.87672424316406,4839800
2010-07-08,73.48999786376953,74.44000244140625,72.62999725341797,73.68000030517578,66.5907211303711,3219300
2010-07-09,73.87000274658203,74.36000061035156,72.5199966430664,74.22000122070312,67.07877349853516,3500500
2010-07-12,75.20999908447266,75.4000015258789,73.58000183105469,74.16000366210938,67.0245590209961,2902600
2010-07-13,75.16000366210938,77.68000030517578,75.11000061035156,77.29000091552734,69.8533706665039,5278600
2010-07-14,77.01000213623047,79.12000274658203,76.91000366210938,78.7300033569336,71.15483093261719,5260100
2010-07-15,78.75,78.80000305175781,76.23999786376953,77.22000122070312,69.79010772705078,3884300
2010-07-16,76.80000305175781,76.98999786376953,74.37000274658203,74.61000061035156,67.43122100830078,3024200
2010-07-19,74.91000366210938,75.22000122070312,73.69999694824219,74.98999786376953,67.77465057373047,2248000
2010-07-20,74.0999984741211,76.04000091552734,73.26000213623047,75.91000366210938,68.60614776611328,2303800
2010-07-21,76.52999877929688,76.56999969482422,73.3499984741211,74.02999877929688,66.90701293945312,3010300
2010-07-22,75.70999908447266,78.73999786376953,75.70999908447266,78.52999877929688,70.97407531738281,4490400
2010-07-23,78.48999786376953,79.0,77.56999969482422,78.95999908447266,71.3626937866211,2800400
2010-07-26,82.26000213623047,83.63999938964844,82.0,83.38999938964844,75.36643981933594,7247800
2010-07-27,84.0,84.23999786376953,81.80999755859375,82.37000274658203,74.44461059570312,3282600
2010-07-28,81.75,83.05000305175781,81.41000366210938,82.83999633789062,74.86937713623047,2931000
2010-07-29,83.47000122070312,83.68000030517578,81.1500015258789,82.06999969482422,74.17346954345703,2335400
2010-07-30,81.2300033569336,82.98999786376953,80.66999816894531,82.55000305175781,74.60726165771484,2453600
2010-08-02,83.9000015258789,84.66999816894531,83.05999755859375,84.5999984741211,76.46005249023438,2471300
2010-08-03,84.45999908447266,84.45999908447266,82.75,83.62999725341797,75.58335876464844,2350200
2010-08-04,84.0199966430664,86.08999633789062,83.75,85.95999908447266,77.68916320800781,3289500
2010-08-05,85.18000030517578,86.05000305175781,84.8499984741211,85.75,77.4993667602539,2478000
2010-08-06,84.55999755859375,85.79000091552734,84.08000183105469,85.31999969482422,77.11076354980469,1845600
2010-08-09,85.55999755859375,87.73999786376953,85.5199966430664,87.29000091552734,78.89119720458984,2915400
2010-08-10,86.44000244140625,87.47000122070312,85.7699966430664,87.0999984741211,78.71946716308594,2778100
2010-08-11,85.41999816894531,85.4800033569336,82.47000122070312,83.12999725341797,75.13148498535156,3736600
2010-08-12,81.75,82.19000244140625,80.88999938964844,81.94000244140625,74.05595397949219,3022500
2010-08-13,81.77999877929688,82.19999694824219,80.77999877929688,80.80000305175781,73.02568054199219,1967600
2010-08-16,80.18000030517578,81.5,79.87999725341797,80.9800033569336,73.18834686279297,1942900
2010-08-17,81.94999694824219,84.47000122070312,81.73999786376953,83.76000213623047,75.70085906982422,2780600
2010-08-18,83.54000091552734,84.55000305175781,82.73999786376953,84.04000091552734,75.95391845703125,2518900
2010-08-19,83.5,83.91999816894531,80.94000244140625,81.58000183105469,73.7305908203125,2700000
2010-08-20,81.05999755859375,81.66000366210938,79.9800033569336,81.2300033569336,73.4142837524414,2572500
2010-08-23,82.2699966430664,83.2699966430664,81.33000183105469,81.44000244140625,73.60409545898438,2622000
2010-08-24,80.26000213623047,80.69000244140625,78.12999725341797,79.08999633789062,71.48018646240234,3030200
2010-08-25,78.11000061035156,79.13999938964844,77.25,78.75,71.17288970947266,2707300
2010-08-26,78.47000122070312,80.11000061035156,78.47000122070312,78.76000213623047,71.18193817138672,2316800
2010-08-27,79.51000213623047,80.56999969482422,77.88999938964844,80.45999908447266,72.7183609008789,1940900
2010-08-30,79.66999816894531,80.87000274658203,78.75,78.77999877929688,71.19996643066406,1511700
2010-08-31,78.51000213623047,79.4000015258789,77.33999633789062,78.05000305175781,70.5402603149414,2733500
2010-09-01,79.30999755859375,81.69000244140625,79.04000091552734,81.37000274658203,73.54080200195312,3479400
2010-09-02,81.51000213623047,82.1500015258789,81.01000213623047,81.72000122070312,73.85712432861328,2455400
2010-09-03,82.79000091552734,84.12000274658203,82.4800033569336,82.75,74.78800964355469,2585000
2010-09-07,82.23999786376953,82.76000213623047,81.33000183105469,81.9800033569336,74.09210968017578,1666700
2010-09-08,82.02999877929688,84.61000061035156,82.02999877929688,83.80999755859375,75.8570556640625,2311000
2010-09-09,85.12000274658203,85.86000061035156,84.12999725341797,84.27999877929688,76.28247833251953,1961400
2010-09-10,84.69999694824219,85.0,83.95999908447266,84.16000366210938,76.1738510131836,1166600
2010-09-13,85.25,86.3499984741211,84.27999877929688,84.62000274658203,76.5902099609375,2095000
2010-09-14,84.83999633789062,85.58999633789062,84.05999755859375,85.08999633789062,77.015625,2184500
2010-09-15,84.86000061035156,86.30999755859375,84.5999984741211,85.94000244140625,77.78494262695312,2022100
2010-09-16,83.41000366210938,84.0,81.80000305175781,82.72000122070312,74.8705062866211,8247600
2010-09-17,82.8499984741211,82.8499984741211,81.80999755859375,82.27999877929688,74.4722671508789,3893600
2010-09-20,82.56999969482422,83.66999816894531,82.08999633789062,82.91000366210938,75.04247283935547,2491700
2010-09-21,83.22000122070312,83.75,82.41000366210938,83.62999725341797,75.69414520263672,3959000
2010-09-22,83.61000061035156,85.08000183105469,83.30999755859375,84.30000305175781,76.30057525634766,3618600
2010-09-23,83.55999755859375,84.41999816894531,82.37000274658203,82.66000366210938,74.81619262695312,2464200
2010-09-24,83.87999725341797,84.80000305175781,83.66999816894531,84.2300033569336,76.23722839355469,2383500
2010-09-27,84.61000061035156,84.87000274658203,83.94999694824219,84.06999969482422,76.09236907958984,2253600
2010-09-28,84.05999755859375,84.86000061035156,82.76000213623047,84.70999908447266,76.67170715332031,2880500
2010-09-29,84.51000213623047,86.56999969482422,84.01000213623047,86.37000274658203,78.17415618896484,5037300
2010-09-30,87.0,88.45999908447266,85.43000030517578,85.5,77.38670349121094,5114000
2010-10-01,86.41000366210938,87.41999816894531,85.2300033569336,85.63999938964844,77.51339721679688,3260800
2010-10-04,85.52999877929688,86.63999938964844,84.73999786376953,85.43000030517578,77.3233413696289,3371200
2010-10-05,86.2300033569336,88.44999694824219,86.12000274658203,87.83000183105469,79.49562072753906,3840200
2010-10-06,87.58999633789062,88.0,86.7300033569336,87.37999725341797,79.08832550048828,2108400
2010-10-07,87.6500015258789,87.68000030517578,85.93000030517578,86.73999786376953,78.50904083251953,1930500
2010-10-08,86.93000030517578,88.93000030517578,86.33999633789062,88.69000244140625,80.27401733398438,3697800
2010-10-11,88.95999908447266,88.95999908447266,88.0999984741211,88.4000015258789,80.01152801513672,1684500
2010-10-12,87.95999908447266,88.37999725341797,86.55000305175781,87.9800033569336,79.63139343261719,2255200
2010-10-13,88.55999755859375,90.62999725341797,88.26000213623047,89.75,81.23342895507812,2829700
2010-10-14,89.7300033569336,89.75,88.83999633789062,89.38999938964844,80.90757751464844,1577300
2010-10-15,90.05000305175781,90.5,88.6500015258789,89.62000274658203,81.1157455444336,2172800
2010-10-18,89.44999694824219,89.9000015258789,88.88999938964844,89.47000122070312,80.9800033569336,1953100
2010-10-19,88.19000244140625,88.70999908447266,86.43000030517578,87.13999938964844,78.87107849121094,2844400
2010-10-20,87.56999969482422,89.25,87.5,88.91999816894531,80.4821548461914,2506100
2010-10-21,88.91999816894531,89.87000274658203,87.80000305175781,88.56999969482422,80.16537475585938,1826200
2010-10-22,88.66000366210938,88.86000061035156,87.9000015258789,88.86000061035156,80.42788696289062,954600
2010-10-25,89.38999938964844,90.19999694824219,88.91999816894531,89.55999755859375,81.06144714355469,2716300
2010-10-26,88.97000122070312,90.30000305175781,88.25,89.63999938964844,81.13382720947266,1763300
2010-10-27,88.62999725341797,88.75,86.69999694824219,88.12999725341797,79.76713562011719,2352800
2010-10-28,88.69999694824219,89.18000030517578,87.56999969482422,88.83000183105469,80.40070343017578,2335900
2010-10-29,88.72000122070312,89.12999725341797,87.66999816894531,87.72000122070312,79.39604949951172,2062700
2010-11-01,87.69000244140625,88.7699966430664,86.04000091552734,86.41999816894531,78.21942138671875,2610300
2010-11-02,87.0999984741211,87.69000244140625,86.2300033569336,87.02999877929688,78.77153015136719,2040700
2010-11-03,87.0,88.37999725341797,85.83999633789062,87.44000244140625,79.14261627197266,2932400
2010-11-04,88.37999725341797,89.13999938964844,87.93000030517578,88.80000305175781,80.37355041503906,3501400
2010-11-05,88.7300033569336,90.55000305175781,88.7300033569336,90.0,81.45968627929688,2527100
2010-11-08,89.18000030517578,90.45999908447266,89.05000305175781,90.30999755859375,81.74028015136719,1995900
2010-11-09,90.41999816894531,90.6500015258789,87.79000091552734,88.12000274658203,79.75810241699219,2330600
2010-11-10,88.33000183105469,88.75,87.25,88.4800033569336,80.08392333984375,1468600
2010-11-11,87.4800033569336,88.44999694824219,87.3499984741211,87.9800033569336,79.63139343261719,1831400
2010-11-12,87.38999938964844,87.75,86.7699966430664,87.31999969482422,79.03398895263672,1533900
2010-11-15,87.68000030517578,88.25,86.2300033569336,86.38999938964844,78.19224548339844,2144000
2010-11-16,85.87999725341797,86.2300033569336,84.48999786376953,85.87000274658203,77.72159576416016,2382900
2010-11-17,86.12000274658203,86.7300033569336,85.3499984741211,85.62999725341797,77.50437927246094,1745000
2010-11-18,86.76000213623047,87.58999633789062,86.13999938964844,87.08999633789062,78.9364242553711,2153600
2010-11-19,87.3499984741211,87.97000122070312,86.55000305175781,86.79000091552734,78.6645278930664,1929600
2010-11-22,86.5,87.5,85.87999725341797,87.33999633789062,79.16302490234375,2326000
2010-11-23,86.31999969482422,86.9000015258789,85.80999755859375,86.13999938964844,78.07537841796875,1614300
2010-11-24,86.86000061035156,88.5999984741211,86.58999633789062,88.47000122070312,80.18724822998047,1936900
2010-11-26,87.56999969482422,87.98999786376953,87.44000244140625,87.5,79.30806732177734,642600
2010-11-29,89.0,91.9800033569336,88.47000122070312,91.58999633789062,83.01512908935547,5127600
2010-11-30,91.20999908447266,93.02999877929688,91.0,91.12000274658203,82.5891342163086,4810800
2010-12-01,93.23999786376953,95.0,93.0999984741211,93.98999786376953,85.19046020507812,3220300
2010-12-02,94.3499984741211,96.2300033569336,94.0999984741211,95.20999908447266,86.29622650146484,2399300
2010-12-03,94.51000213623047,95.4800033569336,94.36000061035156,95.0,86.10590362548828,1833900
2010-12-06,94.52999877929688,94.66999816894531,93.04000091552734,93.29000091552734,84.55599212646484,2323700
2010-12-07,94.18000030517578,94.5999984741211,92.63999938964844,92.66000366210938,83.9849853515625,3025500
2010-12-08,92.43000030517578,93.27999877929688,92.0999984741211,92.80999755859375,84.12093353271484,1401700
2010-12-09,93.66999816894531,94.27999877929688,93.30000305175781,94.08999633789062,85.28109741210938,2650400
2010-12-10,94.0999984741211,94.0999984741211,92.62999725341797,93.9800033569336,85.1813735961914,1752800
2010-12-13,94.9000015258789,95.19000244140625,94.26000213623047,94.30999755859375,85.48048400878906,2186900
2010-12-14,94.41999816894531,94.7699966430664,92.93000030517578,93.33000183105469,84.59224700927734,2353800
2010-12-15,93.33000183105469,93.5,92.38999938964844,92.38999938964844,83.740234375,2193200
2010-12-16,91.86000061035156,94.79000091552734,91.27999877929688,94.22000122070312,85.3989028930664,6865000
2010-12-17,94.2300033569336,94.30999755859375,92.23999786376953,93.06999969482422,84.35658264160156,2990100
2010-12-20,93.80999755859375,93.88999938964844,92.80999755859375,93.55999755859375,84.80070495605469,1604500
2010-12-21,93.80000305175781,94.48999786376953,93.47000122070312,93.69000244140625,84.91851806640625,1547300
2010-12-22,93.83000183105469,93.9000015258789,92.81999969482422,93.37000274658203,84.62852478027344,1246700
2010-12-23,93.02999877929688,93.5199966430664,92.56999969482422,93.01000213623047,84.30216979980469,880200
2010-12-27,92.48999786376953,93.19999694824219,92.48999786376953,93.02999877929688,84.32030487060547,678100
2010-12-28,93.23999786376953,93.36000061035156,92.58999633789062,93.0199966430664,84.3112564086914,839400
2010-12-29,93.06999969482422,93.25,92.63999938964844,92.80000305175781,84.11185455322266,790100
2010-12-30,92.81999969482422,93.23999786376953,92.69999694824219,92.95999908447266,84.25687408447266,764900
2010-12-31,92.52999877929688,93.41000366210938,92.41000366210938,93.01000213623047,84.30216979980469,1015100
2011-01-03,93.54000091552734,94.29000091552734,93.12000274658203,93.19000244140625,84.46533966064453,2037700
2011-01-04,93.37999725341797,93.87000274658203,92.05999755859375,93.12000274658203,84.40190124511719,2412600
2011-01-05,92.5199966430664,94.2699966430664,92.37000274658203,93.87000274658203,85.0816879272461,2351100
2011-01-06,93.69999694824219,93.93000030517578,92.91000366210938,93.0999984741211,84.38377380371094,1890000
2011-01-07,93.0,94.31999969482422,91.80000305175781,93.1500015258789,84.4290771484375,5209400
2011-01-10,93.01000213623047,94.9800033569336,92.25,94.05999755859375,85.25389862060547,2959000
2011-01-11,94.79000091552734,94.79000091552734,92.44999694824219,93.30999755859375,84.57412719726562,2635500
2011-01-12,93.91999816894531,95.13999938964844,93.27999877929688,95.0,86.10590362548828,3155100
2011-01-13,94.91000366210938,96.16999816894531,94.62000274658203,95.62999725341797,86.67692565917969,2725900
2011-01-14,95.6500015258789,97.0,95.30999755859375,95.83000183105469,86.8581771850586,2600400
2011-01-18,96.30999755859375,96.79000091552734,95.08000183105469,95.80000305175781,86.83097076416016,1565300
2011-01-19,95.62999725341797,95.72000122070312,93.56999969482422,94.33999633789062,85.50765991210938,2039200
2011-01-20,93.54000091552734,94.0199966430664,92.79000091552734,93.51000213623047,84.75538635253906,2253300
2011-01-21,94.41999816894531,94.63999938964844,92.87000274658203,93.33999633789062,84.60128784179688,1872300
2011-01-24,93.12000274658203,94.44000244140625,92.97000122070312,94.37000274658203,85.53485870361328,2037800
2011-01-25,94.02999877929688,94.3499984741211,93.30000305175781,93.98999786376953,85.19046020507812,1418600
2011-01-26,94.12999725341797,94.7699966430664,93.2699966430664,94.30999755859375,85.48048400878906,2180700
2011-01-27,94.41000366210938,94.83999633789062,93.80000305175781,94.36000061035156,85.52580261230469,1862300
2011-01-28,94.5199966430664,94.63999938964844,90.18000030517578,90.4800033569336,82.00907897949219,4654200
2011-01-31,91.0,91.5,90.01000213623047,90.31999969482422,81.8640365600586,3088700
2011-02-01,92.75,93.95999908447266,92.27999877929688,92.69000244140625,84.01217651367188,4049700
2011-02-02,92.06999969482422,92.12999725341797,90.5199966430664,90.80000305175781,82.29911804199219,4172700
2011-02-03,91.94000244140625,92.30000305175781,91.0999984741211,91.45999908447266,82.8973159790039,3933100
2011-02-04,91.5999984741211,91.81999969482422,90.54000091552734,91.73999786376953,83.1511001586914,1986800
2011-02-07,91.83999633789062,92.75,91.30000305175781,91.45999908447266,82.8973159790039,2144200
2011-02-08,91.37999725341797,92.4000015258789,91.16999816894531,92.05000305175781,83.4321060180664,1652500
2011-02-09,91.70999908447266,92.16999816894531,91.0,91.5999984741211,83.02421569824219,1762300
2011-02-10,91.30999755859375,94.69000244140625,91.30999755859375,94.44000244140625,85.59832000732422,3024600
2011-02-11,93.87000274658203,95.88999938964844,93.80000305175781,95.41999816894531,86.4865493774414,2038800
2011-02-14,95.02999877929688,95.69999694824219,93.80999755859375,93.98999786376953,85.19046020507812,2822100
2011-02-15,95.01000213623047,96.69999694824219,94.88999938964844,95.9800033569336,86.994140625,5403500
2011-02-16,96.37000274658203,97.0999984741211,95.9000015258789,96.83999633789062,87.77362060546875,2249500
2011-02-17,96.38999938964844,97.69999694824219,96.37000274658203,97.47000122070312,88.34463500976562,1513800
2011-02-18,97.86000061035156,98.5199966430664,97.30999755859375,98.31999969482422,89.11504364013672,2434800
2011-02-22,96.05000305175781,96.19999694824219,92.91000366210938,93.29000091552734,84.55599212646484,3847200
2011-02-23,93.0999984741211,93.11000061035156,87.54000091552734,89.25,80.89421844482422,7028500
2011-02-24,89.3499984741211,90.76000213623047,89.08000183105469,89.80999755859375,81.40179443359375,3940600
2011-02-25,90.56999969482422,90.91999816894531,89.75,89.87999725341797,81.46521759033203,2600500
2011-02-28,91.01000213623047,91.0199966430664,89.7699966430664,90.0199966430664,81.59212493896484,2299600
2011-03-01,90.56999969482422,90.58000183105469,87.5999984741211,87.87999725341797,79.65250396728516,4843700
2011-03-02,88.01000213623047,88.6500015258789,86.31999969482422,87.31999969482422,79.1448974609375,3989400
2011-03-03,88.33000183105469,90.58000183105469,88.18000030517578,89.79000091552734,81.3836441040039,4555900
2011-03-04,89.87000274658203,90.0,87.80000305175781,88.69000244140625,80.38665008544922,2747800
2011-03-07,88.87999725341797,89.37999725341797,87.11000061035156,88.26000213623047,79.99688720703125,3360200
2011-03-08,88.2699966430664,90.30000305175781,88.2699966430664,89.94999694824219,81.5286865234375,3590900
2011-03-09,89.52999877929688,91.0,89.0,90.77999877929688,82.28099822998047,2630800
2011-03-10,89.72000122070312,91.33000183105469,88.80000305175781,89.94999694824219,81.5286865234375,3273600
2011-03-11,90.08000183105469,91.25,89.86000061035156,90.70999908447266,82.21752166748047,2942900
2011-03-14,89.72000122070312,89.86000061035156,87.19999694824219,88.62999725341797,80.33224487304688,5338000
2011-03-15,86.0199966430664,89.05999755859375,85.97000122070312,87.79000091552734,79.57088470458984,3925800
2011-03-16,87.36000061035156,87.66000366210938,85.02999877929688,85.27999877929688,77.40169525146484,4906800
2011-03-17,89.79000091552734,90.4000015258789,87.48999786376953,87.88999938964844,79.77057647705078,6607500
2011-03-18,90.0999984741211,90.20999908447266,88.2699966430664,89.27999877929688,81.03216552734375,3956300
2011-03-21,90.37000274658203,90.4800033569336,89.61000061035156,89.86000061035156,81.55858612060547,2140600
2011-03-22,89.66999816894531,89.68000030517578,88.19000244140625,88.29000091552734,80.1336441040039,1950500
2011-03-23,87.83000183105469,89.37999725341797,87.05000305175781,88.95999908447266,80.74171447753906,1950600
2011-03-24,89.27999877929688,90.9000015258789,89.12000274658203,90.79000091552734,82.4026870727539,2527400
2011-03-25,90.87000274658203,91.05999755859375,89.8499984741211,90.27999877929688,81.93976593017578,2311000
2011-03-28,91.08999633789062,93.68000030517578,90.5999984741211,93.0199966430664,84.4266586303711,4364500
2011-03-29,92.93000030517578,93.30000305175781,92.12999725341797,93.04000091552734,84.44480895996094,1753900
2011-03-30,93.30999755859375,94.4000015258789,93.13999938964844,93.75,85.08922576904297,1639600
2011-03-31,93.20999908447266,94.41000366210938,93.0199966430664,93.55000305175781,84.90770721435547,1613500
2011-04-01,95.0,96.5,94.58000183105469,95.0,86.22376251220703,3424800
2011-04-04,95.01000213623047,95.41999816894531,94.45999908447266,95.12000274658203,86.3326416015625,1309700
2011-04-05,94.69000244140625,95.27999877929688,94.11000061035156,94.19000244140625,85.48856353759766,1436900
2011-04-06,95.16000366210938,95.3499984741211,93.80000305175781,94.58999633789062,85.85163879394531,1620200
2011-04-07,94.26000213623047,94.72000122070312,93.41000366210938,93.91000366210938,85.23443603515625,1475000
2011-04-08,93.8499984741211,94.18000030517578,90.81999969482422,91.16000366210938,82.7385025024414,2919300
2011-04-11,91.30000305175781,92.86000061035156,90.66000366210938,92.52999877929688,83.98193359375,3345600
2011-04-12,92.16999816894531,94.4000015258789,91.95999908447266,94.08000183105469,85.38874053955078,3368000
2011-04-13,94.58999633789062,94.66999816894531,93.06999969482422,93.43000030517578,84.79883575439453,2108900
2011-04-14,92.94000244140625,93.98999786376953,92.66000366210938,92.94000244140625,84.35407257080078,2148800
2011-04-15,93.01000213623047,93.3499984741211,92.19000244140625,92.58000183105469,84.02733612060547,1976000
2011-04-18,91.33999633789062,92.23999786376953,91.0999984741211,91.95999908447266,83.46459197998047,2293200
2011-04-19,92.51000213623047,92.9800033569336,91.5199966430664,91.8499984741211,83.36474609375,1678500
2011-04-20,93.0,94.19000244140625,92.36000061035156,93.2300033569336,84.61727142333984,1901200
2011-04-21,93.72000122070312,94.2300033569336,93.38999938964844,93.94000244140625,85.26168823242188,1816300
2011-04-25,93.75,94.12999725341797,92.9000015258789,93.8499984741211,85.18000793457031,1347000
2011-04-26,94.26000213623047,95.02999877929688,94.05999755859375,94.48999786376953,85.7608642578125,1900000
2011-04-27,94.6500015258789,94.98999786376953,93.37000274658203,94.80000305175781,86.042236328125,1513500
2011-04-28,94.52999877929688,95.76000213623047,94.44999694824219,95.27999877929688,86.47789764404297,1614500
2011-04-29,95.55000305175781,96.25,95.30000305175781,95.66999816894531,86.83186340332031,1431400
2011-05-02,96.25,96.88999938964844,94.02999877929688,94.37000274658203,85.65194702148438,2280800
2011-05-03,94.0,94.77999877929688,93.62999725341797,94.22000122070312,85.51579284667969,1528300
2011-05-04,93.69999694824219,94.58000183105469,92.41999816894531,92.63999938964844,84.08175659179688,2292800
2011-05-05,92.16000366210938,95.98999786376953,91.80000305175781,95.29000091552734,86.48695373535156,3636400
2011-05-06,96.13999938964844,96.38999938964844,95.13999938964844,95.6500015258789,86.81370544433594,2520900
2011-05-09,95.5999984741211,95.63999938964844,94.55999755859375,94.91000366210938,86.14207458496094,1542000
2011-05-10,95.36000061035156,96.23999786376953,95.16000366210938,95.73999786376953,86.89537048339844,1658800
2011-05-11,95.43000030517578,96.5,94.79000091552734,95.16000366210938,86.36898803710938,2580200
2011-05-12,95.11000061035156,95.12999725341797,94.04000091552734,94.95999908447266,86.18744659423828,2235900
2011-05-13,95.16999816894531,95.5,93.5,93.58000183105469,84.9349594116211,2780400
2011-05-16,93.37999725341797,94.43000030517578,92.9800033569336,93.18000030517578,84.5718765258789,1939600
2011-05-17,92.8499984741211,92.91999816894531,92.05000305175781,92.58999633789062,84.03638458251953,2144000
2011-05-18,92.87000274658203,94.20999908447266,92.30000305175781,93.6500015258789,84.9984359741211,1923100
2011-05-19,94.01000213623047,94.6500015258789,93.5,94.58000183105469,85.84253692626953,1919700
2011-05-20,94.45999908447266,94.58999633789062,93.55999755859375,93.81999969482422,85.15277862548828,1377800
2011-05-23,92.55999755859375,92.69000244140625,91.05000305175781,92.04000091552734,83.53719329833984,2539500
2011-05-24,92.20999908447266,92.41999816894531,90.93000030517578,91.4800033569336,83.02892303466797,1604200
2011-05-25,90.95999908447266,92.30000305175781,90.81999969482422,91.83999633789062,83.35564422607422,1727900
2011-05-26,91.30999755859375,91.9000015258789,90.80000305175781,91.36000061035156,82.92001342773438,2346200
2011-05-27,91.8499984741211,92.3499984741211,91.5999984741211,91.9000015258789,83.4101333618164,1222100
2011-05-31,92.62999725341797,93.7300033569336,92.58000183105469,93.63999938964844,84.9894027709961,2378700
2011-06-01,93.94999694824219,94.38999938964844,91.41000366210938,91.43000030517578,82.98353576660156,3444300
2011-06-02,91.79000091552734,92.5,91.0,91.5199966430664,83.06525421142578,1958100
2011-06-03,90.31999969482422,91.0,89.9000015258789,90.1500015258789,81.82180786132812,2139300
2011-06-06,89.98999786376953,90.55999755859375,87.6500015258789,87.75,79.64353942871094,3268200
2011-06-07,87.94999694824219,88.2300033569336,86.68000030517578,86.76000213623047,78.74495697021484,3211800
2011-06-08,86.54000091552734,86.9000015258789,85.45999908447266,85.58999633789062,77.68307495117188,3320700
2011-06-09,86.08000183105469,86.79000091552734,85.80000305175781,86.20999908447266,78.24579620361328,2938200
2011-06-10,86.2300033569336,86.38999938964844,84.79000091552734,85.37999725341797,77.49246215820312,2707900
2011-06-13,85.37000274658203,86.1500015258789,84.94999694824219,85.91999816894531,77.98258972167969,2444200
2011-06-14,86.58999633789062,88.0,86.22000122070312,87.43000030517578,79.35308837890625,2732100
2011-06-15,86.43000030517578,87.29000091552734,86.0999984741211,86.48999786376953,78.61683654785156,2357200
2011-06-16,86.70999908447266,87.5199966430664,86.0,86.4800033569336,78.60773468017578,2095300
2011-06-17,87.26000213623047,87.69000244140625,86.66999816894531,86.98999786376953,79.07130432128906,2131400
2011-06-20,86.83000183105469,87.86000061035156,86.61000061035156,87.5,79.53485870361328,1809200
2011-06-21,88.43000030517578,89.4800033569336,81.22000122070312,89.12999725341797,81.01648712158203,3292100
2011-06-22,91.5,92.41000366210938,90.66000366210938,91.44000244140625,83.1161880493164,6023500
2011-06-23,91.12000274658203,93.44999694824219,90.5999984741211,92.95999908447266,84.49785614013672,4850000
2011-06-24,92.91000366210938,93.44999694824219,91.56999969482422,91.87000274658203,83.5070571899414,4282900
2011-06-27,91.97000122070312,93.0,91.61000061035156,92.8499984741211,84.39785766601562,1930900
2011-06-28,93.12999725341797,94.19000244140625,92.7699966430664,94.0199966430664,85.46138000488281,1762100
2011-06-29,94.5,94.91000366210938,93.0999984741211,93.62999725341797,85.10686492919922,2283700
2011-06-30,93.83999633789062,94.94999694824219,93.80000305175781,94.8499984741211,86.21581268310547,2079300
2011-07-01,94.68000030517578,96.83000183105469,94.55999755859375,96.5199966430664,87.73379516601562,2464600
2011-07-05,96.16999816894531,96.25,95.19999694824219,95.5,86.80662536621094,1870700
2011-07-06,95.58000183105469,97.06999969482422,95.55999755859375,96.77999877929688,87.97010803222656,2365900
2011-07-07,97.69000244140625,98.66000366210938,96.91999816894531,98.5,89.53353881835938,2958600
2011-07-08,97.23999786376953,97.69999694824219,96.95999908447266,97.55999755859375,88.6791000366211,2229100
2011-07-11,96.75,96.75,94.47000122070312,95.08000183105469,86.42485809326172,2534700
2011-07-12,94.69999694824219,95.08999633789062,93.80999755859375,94.08000183105469,85.51587677001953,2958900
2011-07-13,94.73999786376953,95.58999633789062,93.98999786376953,94.25,85.6704330444336,2133100
2011-07-14,94.45999908447266,94.9800033569336,92.77999877929688,93.05999755859375,84.5887222290039,2829000
2011-07-15,92.97000122070312,93.27999877929688,91.26000213623047,92.19999694824219,83.80702209472656,3206100
2011-07-18,91.80000305175781,91.88999938964844,90.05000305175781,90.45999908447266,82.22539520263672,3612000
2011-07-19,91.22000122070312,92.23999786376953,90.58000183105469,91.7699966430664,83.41618347167969,2550100
2011-07-20,92.01000213623047,92.80999755859375,91.30000305175781,92.19000244140625,83.79791259765625,2182100
2011-07-21,92.69000244140625,94.06999969482422,92.33000183105469,93.08000183105469,84.60691833496094,1984100
2011-07-22,93.26000213623047,93.62000274658203,92.19999694824219,92.79000091552734,84.34333801269531,1635200
2011-07-25,91.69999694824219,92.3499984741211,91.4800033569336,91.87999725341797,83.51615905761719,1867500
2011-07-26,90.43000030517578,91.44999694824219,88.69999694824219,91.0,82.71626281738281,4588900
2011-07-27,90.23999786376953,90.33999633789062,88.55000305175781,89.13999938964844,81.02558135986328,4036700
2011-07-28,89.44000244140625,90.18000030517578,87.73999786376953,87.86000061035156,79.86211395263672,3454700
2011-07-29,86.91000366210938,88.16999816894531,86.33000183105469,86.87999725341797,78.97130584716797,3024200
2011-08-01,88.05000305175781,88.05000305175781,85.0199966430664,86.0,78.1714096069336,4119600
2011-08-02,85.37000274658203,86.02999877929688,83.95999908447266,84.44000244140625,76.7534408569336,4101600
2011-08-03,84.5999984741211,86.0,83.45999908447266,85.73999786376953,77.93505859375,4380700
2011-08-04,84.77999877929688,85.04000091552734,81.9800033569336,82.0999984741211,74.62638854980469,4364100
2011-08-05,83.22000122070312,83.72000122070312,80.18000030517578,82.36000061035156,74.86277770996094,5026700
2011-08-08,80.33999633789062,81.91000366210938,77.5,77.54000091552734,70.48153686523438,5679800
2011-08-09,79.19000244140625,79.88999938964844,75.5,79.75,72.49034881591797,4804200
2011-08-10,78.52999877929688,78.66999816894531,75.12999725341797,75.31999969482422,68.46363830566406,4640500
2011-08-11,75.77999877929688,81.30000305175781,75.66999816894531,79.87999725341797,72.6085433959961,4746300
2011-08-12,80.29000091552734,81.29000091552734,79.0,80.4800033569336,73.15390014648438,3280200
2011-08-15,81.19999694824219,81.9800033569336,80.1500015258789,81.8499984741211,74.39921569824219,2698900
2011-08-16,80.9000015258789,81.69999694824219,79.27999877929688,80.0999984741211,72.80850219726562,3826100
2011-08-17,80.5199966430664,81.2699966430664,78.47000122070312,79.12999725341797,71.92681884765625,2951400
2011-08-18,77.05999755859375,77.33999633789062,73.48999786376953,74.45999908447266,67.68187713623047,4502100
2011-08-19,74.11000061035156,75.7699966430664,72.88999938964844,73.16000366210938,66.50025177001953,3477900
2011-08-22,74.91999816894531,75.0,72.16000366210938,73.0,66.3548355102539,3420900
2011-08-23,73.56999969482422,74.79000091552734,72.66999816894531,74.79000091552734,67.98186492919922,3857900
2011-08-24,74.69999694824219,77.0,74.2300033569336,76.5999984741211,69.62711334228516,3685900
2011-08-25,77.29000091552734,77.44000244140625,74.1500015258789,74.76000213623047,67.95459747314453,2617400
2011-08-26,74.16999816894531,75.8499984741211,72.56999969482422,75.72000122070312,68.82719421386719,4011800
2011-08-29,76.66999816894531,78.79000091552734,76.66999816894531,78.75,71.58137512207031,2673300
2011-08-30,78.30999755859375,79.33000183105469,77.68000030517578,78.83000183105469,71.65410614013672,2065500
2011-08-31,79.5199966430664,80.70999908447266,78.16999816894531,78.72000122070312,71.5541000366211,3246500
2011-09-01,78.72000122070312,80.11000061035156,77.9000015258789,78.04000091552734,70.93601989746094,2814000
2011-09-02,75.94999694824219,76.48999786376953,74.45999908447266,74.9000015258789,68.08184051513672,2739400
2011-09-06,72.43000030517578,73.81999969482422,71.33000183105469,73.5999984741211,66.90020751953125,4053700
2011-09-07,74.87999725341797,76.63999938964844,74.33999633789062,76.2699966430664,69.32713317871094,3250400
2011-09-08,75.70999908447266,76.19999694824219,74.6500015258789,74.98999786376953,68.28003692626953,2543800
2011-09-09,74.04000091552734,75.08000183105469,72.9000015258789,73.4000015258789,66.83231353759766,2555400
2011-09-12,72.38999938964844,73.77999877929688,71.54000091552734,73.62999725341797,67.04174041748047,3259500
2011-09-13,73.63999938964844,75.45999908447266,73.11000061035156,74.97000122070312,68.26183319091797,3226900
2011-09-14,75.62999725341797,77.12000274658203,73.75,76.01000213623047,69.20877075195312,3146700
2011-09-15,77.0,77.33000183105469,75.63999938964844,77.08000183105469,70.18302917480469,2218300
2011-09-16,77.56999969482422,77.91999816894531,75.2699966430664,76.4000015258789,69.56387329101562,3689800
2011-09-19,74.98999786376953,76.16000366210938,74.68000030517578,75.76000213623047,68.98116302490234,2869600
2011-09-20,75.94999694824219,76.83999633789062,75.0,75.22000122070312,68.48945617675781,3036000
2011-09-21,75.0,75.31999969482422,72.5,72.5,66.01285552978516,4094900
2011-09-22,70.04000091552734,70.08999633789062,64.55000305175781,66.58000183105469,60.622562408447266,11368000
2011-09-23,66.86000061035156,68.43000030517578,66.61000061035156,67.30000305175781,61.27812957763672,4468200
2011-09-26,68.0999984741211,69.81999969482422,67.70999908447266,69.75,63.508872985839844,4467100
2011-09-27,71.51000213623047,71.62000274658203,70.12000274658203,70.52999877929688,64.21910858154297,4112700
2011-09-28,70.94000244140625,71.06999969482422,69.0999984741211,69.19999694824219,63.00812530517578,3511200
2011-09-29,70.45999908447266,70.80999755859375,68.23999786376953,69.69999694824219,63.46336364746094,3226500
2011-09-30,68.9800033569336,69.55000305175781,67.62000274658203,67.68000030517578,61.62411880493164,2730900
2011-10-03,66.9000015258789,67.91999816894531,64.97000122070312,65.1500015258789,59.32051086425781,4643600
2011-10-04,64.18000030517578,67.91000366210938,64.06999969482422,67.86000061035156,61.78801727294922,4400000
2011-10-05,68.04000091552734,70.91999816894531,67.68000030517578,70.41000366210938,64.10984802246094,4889800
2011-10-06,70.11000061035156,72.5199966430664,69.33000183105469,72.19999694824219,65.73966979980469,3260900
2011-10-07,72.30999755859375,72.45999908447266,70.87999725341797,71.05999755859375,64.70167541503906,3389600
2011-10-10,72.45999908447266,73.62999725341797,72.01000213623047,73.62000274658203,67.0326156616211,1957800
2011-10-11,73.25,73.69999694824219,72.5999984741211,73.43000030517578,66.859619140625,2055700
2011-10-12,73.9800033569336,76.12999725341797,73.81999969482422,75.18000030517578,68.45301818847656,3034800
2011-10-13,74.41999816894531,74.41999816894531,73.26000213623047,73.87000274658203,67.26025390625,3055800
2011-10-14,74.76000213623047,75.81999969482422,74.6500015258789,75.73999786376953,68.96292877197266,2272800
2011-10-17,75.47000122070312,75.55000305175781,73.6500015258789,73.97000122070312,67.3512954711914,2543600
2011-10-18,73.83999633789062,76.55999755859375,73.47000122070312,75.62000274658203,68.8536605834961,2486000
2011-10-19,75.69000244140625,76.1500015258789,74.97000122070312,75.27999877929688,68.54407501220703,2037300
2011-10-20,75.33000183105469,76.81999969482422,74.95999908447266,76.58999633789062,69.73685455322266,2634400
2011-10-21,77.41999816894531,79.91999816894531,77.18000030517578,79.33999633789062,72.24080657958984,4153200
2011-10-24,79.9000015258789,82.4000015258789,79.9000015258789,81.5199966430664,74.22574615478516,3549200
2011-10-25,80.51000213623047,81.86000061035156,79.19999694824219,80.72000122070312,73.49732971191406,3689200
2011-10-26,81.94999694824219,82.19999694824219,79.94000244140625,81.36000061035156,74.08004760742188,2958000
2011-10-27,83.51000213623047,85.75,82.93000030517578,84.7300033569336,77.14852142333984,4106700
2011-10-28,84.4000015258789,85.0,83.30999755859375,84.25,76.71147918701172,2882400
2011-10-31,83.41999816894531,84.16000366210938,81.80000305175781,81.83000183105469,74.50798797607422,2542900
2011-11-01,78.91000366210938,80.62999725341797,78.61000061035156,79.56999969482422,72.45024108886719,2703800
2011-11-02,80.9000015258789,81.33999633789062,79.52999877929688,80.56999969482422,73.3607406616211,1952900
2011-11-03,81.54000091552734,82.52999877929688,80.3499984741211,82.33999633789062,74.97237396240234,1781900
2011-11-04,81.79000091552734,82.20999908447266,80.30999755859375,82.01000213623047,74.671875,1634300
2011-11-07,82.04000091552734,82.86000061035156,80.5999984741211,81.93000030517578,74.59906005859375,1867200
2011-11-08,82.37999725341797,83.12999725341797,81.26000213623047,83.01000213623047,75.5824203491211,1552000
2011-11-09,81.4000015258789,81.48999786376953,78.8499984741211,79.3499984741211,72.24990844726562,2199400
2011-11-10,80.3499984741211,80.5999984741211,79.4000015258789,80.12000274658203,72.9510269165039,1866800
2011-11-11,81.36000061035156,82.38999938964844,81.12000274658203,82.2300033569336,74.8722152709961,1814700
2011-11-14,81.62000274658203,82.37000274658203,80.77999877929688,81.41000366210938,74.1256103515625,1203200
2011-11-15,81.56999969482422,83.44999694824219,81.1500015258789,82.63999938964844,75.24555206298828,2675800
2011-11-16,81.80000305175781,83.12000274658203,81.41999816894531,81.48999786376953,74.19842529296875,1911400
2011-11-17,81.33000183105469,82.01000213623047,79.68000030517578,80.27999877929688,73.0967025756836,2236200
2011-11-18,81.19000244140625,82.16000366210938,80.80000305175781,81.22000122070312,73.95259857177734,2239700
2011-11-21,79.5199966430664,80.0,78.22000122070312,79.37999725341797,72.27721405029297,2036000
2011-11-22,79.04000091552734,79.37000274658203,77.94999694824219,78.20999908447266,71.2119140625,1598200
2011-11-23,77.37000274658203,77.73999786376953,76.33000183105469,76.55999755859375,69.70955657958984,2053100
2011-11-25,76.5,77.37999725341797,76.05999755859375,76.08000183105469,69.27251434326172,1005200
2011-11-28,78.76000213623047,80.5199966430664,78.30999755859375,78.93000030517578,71.86748504638672,2627300
2011-11-29,79.47000122070312,80.37999725341797,78.41000366210938,78.58000183105469,71.54881286621094,2683100
2011-11-30,81.36000061035156,83.19999694824219,81.0999984741211,83.08000183105469,75.64614868164062,3545100
2011-12-01,82.5199966430664,82.75,81.61000061035156,82.02999877929688,74.69011688232422,2110000
2011-12-02,83.16999816894531,83.45999908447266,81.95999908447266,82.13999938964844,74.7902603149414,2646500
2011-12-05,83.86000061035156,84.22000122070312,82.37999725341797,83.19999694824219,75.7553939819336,2709800
2011-12-06,83.43000030517578,83.52999877929688,82.0999984741211,82.66999816894531,75.27286529541016,2109400
2011-12-07,82.4800033569336,84.66000366210938,82.05000305175781,84.19000244140625,76.65682220458984,2450100
2011-12-08,83.51000213623047,84.43000030517578,82.18000030517578,82.47000122070312,75.09075927734375,2654100
2011-12-09,82.69000244140625,83.63999938964844,82.0199966430664,83.23999786376953,75.91151428222656,1803400
2011-12-12,81.94000244140625,82.18000030517578,80.94999694824219,81.62999725341797,74.4432601928711,2377800
2011-12-13,82.08999633789062,82.41000366210938,78.29000091552734,78.95999908447266,72.00830078125,3509400
2011-12-14,78.66999816894531,79.06999969482422,76.94999694824219,77.29000091552734,70.48533630371094,4152100
2011-12-15,80.13999938964844,83.80999755859375,79.97000122070312,83.47000122070312,76.1212387084961,9170500
2011-12-16,84.0999984741211,86.37000274658203,83.91999816894531,84.88999938964844,77.41624450683594,5314900
2011-12-19,84.75,85.41999816894531,80.91000366210938,81.3499984741211,74.18790435791016,3132100
2011-12-20,82.9800033569336,84.38999938964844,82.7699966430664,83.80999755859375,76.43131256103516,2591400
2011-12-21,83.5999984741211,84.30999755859375,82.37999725341797,84.23999786376953,76.8234634399414,1854600
2011-12-22,84.55999755859375,85.36000061035156,84.02999877929688,84.47000122070312,77.03321838378906,1247900
2011-12-23,84.72000122070312,85.05000305175781,83.80999755859375,84.91999816894531,77.44358825683594,1247700
2011-12-27,84.81999969482422,85.41000366210938,84.56999969482422,84.69999694824219,77.24298095703125,1127600
2011-12-28,84.56999969482422,84.69999694824219,82.77999877929688,82.97000122070312,75.665283203125,1561800
2011-12-29,83.4000015258789,84.38999938964844,83.0,84.30999755859375,76.88732147216797,1313300
2011-12-30,84.47000122070312,84.51000213623047,83.33000183105469,83.51000213623047,76.1577377319336,1447200
2012-01-03,85.47000122070312,85.91000366210938,84.4800033569336,85.16999816894531,77.67156982421875,2210000
2012-01-04,84.7300033569336,85.16999816894531,84.20999908447266,84.95999908447266,77.48007202148438,1443400
2012-01-05,84.41999816894531,84.48999786376953,82.79000091552734,84.08999633789062,76.6866683959961,2218600
2012-01-06,84.55999755859375,86.05999755859375,84.52999877929688,85.48999786376953,77.96340942382812,2156700
2012-01-09,85.83999633789062,85.9800033569336,85.23999786376953,85.8499984741211,78.2917251586914,1659600
2012-01-10,87.16000366210938,89.4000015258789,87.1500015258789,88.51000213623047,80.717529296875,3403000
2012-01-11,88.08000183105469,90.02999877929688,87.7699966430664,89.76000213623047,81.85749053955078,3055300
2012-01-12,90.08000183105469,91.4000015258789,89.88999938964844,91.19000244140625,83.1615982055664,3324400
2012-01-13,90.0199966430664,90.5,88.8499984741211,90.37000274658203,82.41375732421875,2659800
2012-01-17,90.13999938964844,90.86000061035156,89.06999969482422,89.9800033569336,82.05811309814453,2424800
2012-01-18,90.05000305175781,91.45999908447266,89.87999725341797,91.13999938964844,83.115966796875,2189600
2012-01-19,91.68000030517578,93.5199966430664,91.44999694824219,93.04000091552734,84.84870147705078,2781500
2012-01-20,92.58999633789062,92.5999984741211,91.25,91.56999969482422,83.50813293457031,2448100
2012-01-23,91.73999786376953,92.5199966430664,90.5199966430664,91.05999755859375,83.04303741455078,1662900
2012-01-24,90.4000015258789,91.19999694824219,89.66999816894531,90.79000091552734,82.79679870605469,1467800
2012-01-25,90.69000244140625,92.62999725341797,90.06999969482422,92.58999633789062,84.43830871582031,1727400
2012-01-26,92.75,93.5,92.2699966430664,92.73999786376953,84.57510375976562,1659200
2012-01-27,92.23999786376953,93.4800033569336,91.77999877929688,92.94999694824219,84.7666244506836,1910600
2012-01-30,92.11000061035156,92.33999633789062,91.5,92.16000366210938,84.04618072509766,1723400
2012-01-31,92.33000183105469,92.33000183105469,90.41999816894531,91.48999786376953,83.4351806640625,1723900
2012-02-01,92.79000091552734,93.23999786376953,91.98999786376953,92.69999694824219,84.53863525390625,2013800
2012-02-02,93.06999969482422,93.44000244140625,92.08000183105469,92.79000091552734,84.62073516845703,1299700
2012-02-03,93.7699966430664,94.54000091552734,93.61000061035156,94.54000091552734,86.21663665771484,1620600
2012-02-06,94.55999755859375,95.5999984741211,94.5199966430664,95.25,86.8641586303711,2122700
2012-02-07,94.55000305175781,95.08999633789062,93.5999984741211,94.72000122070312,86.38080596923828,1837500
2012-02-08,94.94999694824219,95.33000183105469,94.04000091552734,94.4800033569336,86.16193389892578,1361200
2012-02-09,94.41999816894531,95.26000213623047,94.25,94.80000305175781,86.45375061035156,1573000
2012-02-10,93.88999938964844,95.3499984741211,93.5999984741211,95.2699966430664,86.88237762451172,1585900
2012-02-13,95.80000305175781,97.19000244140625,95.6500015258789,96.9800033569336,88.44184112548828,2120500
2012-02-14,96.5199966430664,96.9800033569336,94.83999633789062,95.55000305175781,87.13770294189453,2307200
2012-02-15,95.97000122070312,95.97000122070312,93.69999694824219,94.1500015258789,85.86100006103516,1714300
2012-02-16,93.98999786376953,95.33000183105469,93.98999786376953,95.0,86.6361312866211,1847900
2012-02-17,95.7300033569336,95.83999633789062,92.51000213623047,92.98999786376953,84.80311584472656,5154300
2012-02-21,93.11000061035156,93.1500015258789,90.41000366210938,91.01000213623047,82.9974594116211,3594300
2012-02-22,90.73999786376953,91.83999633789062,90.66000366210938,90.75,82.76032257080078,1843300
2012-02-23,91.19999694824219,92.30000305175781,90.5,91.97000122070312,83.87293243408203,1568300
2012-02-24,91.98999786376953,92.22000122070312,89.83999633789062,90.23999786376953,82.29519653320312,2300300
2012-02-27,89.52999877929688,92.43000030517578,89.41999816894531,91.36000061035156,83.31661987304688,2105400
2012-02-28,91.43000030517578,91.91000366210938,90.4000015258789,90.9800033569336,82.97005462646484,2204400
2012-02-29,90.9800033569336,91.8499984741211,89.7699966430664,89.98999786376953,82.06722259521484,2953200
2012-03-01,90.1500015258789,91.76000213623047,90.1500015258789,91.12000274658203,83.09774017333984,2019300
2012-03-02,91.16999816894531,91.68000030517578,90.51000213623047,90.77999877929688,82.78768157958984,1147400
2012-03-05,90.58000183105469,90.7300033569336,89.80000305175781,90.43000030517578,82.46849060058594,1263100
2012-03-06,89.11000061035156,89.37000274658203,88.02999877929688,88.75,80.93639373779297,2257900
2012-03-07,89.2300033569336,90.18000030517578,89.02999877929688,89.76000213623047,81.85749053955078,1724800
2012-03-08,90.62000274658203,91.5,89.66999816894531,90.98999786376953,83.09954071044922,2103400
2012-03-09,91.44000244140625,92.19000244140625,90.06999969482422,91.79000091552734,83.83016967773438,1801100
2012-03-12,91.83000183105469,91.93000030517578,90.36000061035156,91.33000183105469,83.41007232666016,1408600
2012-03-13,92.0,92.97000122070312,91.4000015258789,92.87999725341797,84.82564544677734,1625000
2012-03-14,92.9000015258789,92.97000122070312,91.44999694824219,92.19999694824219,84.20458984375,1434600
2012-03-15,92.5,95.04000091552734,92.33999633789062,94.61000061035156,86.40563201904297,2629000
2012-03-16,94.86000061035156,95.08000183105469,93.56999969482422,94.33999633789062,86.15901947021484,2477000
2012-03-19,95.87000274658203,95.9800033569336,94.48999786376953,94.88999938964844,86.66136169433594,2442300
2012-03-20,94.56999969482422,95.26000213623047,93.87999725341797,94.63999938964844,86.43302154541016,1637600
2012-03-21,94.97000122070312,96.88999938964844,94.41999816894531,95.81999969482422,87.51068878173828,4099600
2012-03-22,93.36000061035156,94.1500015258789,91.26000213623047,92.5,84.47859191894531,6667800
2012-03-23,92.31999969482422,92.5199966430664,90.38999938964844,92.37999725341797,84.3689956665039,3633800
2012-03-26,93.1500015258789,93.29000091552734,92.23999786376953,92.7699966430664,84.72520446777344,3102700
2012-03-27,92.91999816894531,93.18000030517578,91.88999938964844,91.9000015258789,83.93065643310547,2429600
2012-03-28,92.12999725341797,92.2300033569336,90.51000213623047,91.48999786376953,83.55620574951172,2569800
2012-03-29,90.69999694824219,91.87000274658203,89.9000015258789,91.73999786376953,83.78450775146484,2118500
2012-03-30,92.08000183105469,92.30999755859375,91.04000091552734,91.95999908447266,83.98543548583984,1684200
2012-04-02,92.04000091552734,92.8499984741211,91.5,92.19000244140625,84.19549560546875,1658300
2012-04-03,91.97000122070312,92.27999877929688,90.55999755859375,91.48999786376953,83.55620574951172,1825100
2012-04-04,90.8499984741211,91.08000183105469,90.12000274658203,90.63999938964844,82.77989959716797,1457900
2012-04-05,90.2699966430664,90.62000274658203,90.02999877929688,90.38999938964844,82.55155944824219,1230700
2012-04-09,88.9000015258789,89.2699966430664,88.16000366210938,88.47000122070312,80.7980728149414,2118200
2012-04-10,88.1500015258789,88.30000305175781,86.41999816894531,86.62999725341797,79.1176528930664,2575300
2012-04-11,87.80999755859375,88.5,87.58000183105469,87.91000366210938,80.2866439819336,2360400
2012-04-12,88.05999755859375,90.3499984741211,88.04000091552734,89.83999633789062,82.04928588867188,2631700
2012-04-13,89.2300033569336,89.77999877929688,88.0,88.02999877929688,80.39623260498047,2058900
2012-04-16,88.56999969482422,88.9000015258789,87.73999786376953,88.18000030517578,80.53321075439453,1550400
2012-04-17,89.0,90.7699966430664,88.73999786376953,90.45999908447266,82.6155014038086,2306000
2012-04-18,90.25,90.8499984741211,89.8499984741211,90.38999938964844,82.55155944824219,1371600
2012-04-19,90.41999816894531,90.69000244140625,88.69999694824219,89.38999938964844,81.6382827758789,2058400
2012-04-20,89.5199966430664,90.12999725341797,88.97000122070312,89.66999816894531,81.89400482177734,2421700
2012-04-23,88.6500015258789,88.75,87.55999755859375,88.11000061035156,80.46928405761719,1876200
2012-04-24,88.55999755859375,89.19000244140625,88.1500015258789,88.94000244140625,81.22731018066406,1257200
2012-04-25,89.33000183105469,89.83000183105469,87.69999694824219,88.22000122070312,80.56974029541016,1788000
2012-04-26,87.29000091552734,87.7300033569336,86.19999694824219,87.55000305175781,79.95784759521484,2988900
2012-04-27,88.0999984741211,88.4800033569336,87.0,88.23999786376953,80.58800506591797,1698900
2012-04-30,88.29000091552734,88.75,87.83000183105469,88.23999786376953,80.58800506591797,1243800
2012-05-01,88.13999938964844,89.83000183105469,87.56999969482422,89.04000091552734,81.31863403320312,1385200
2012-05-02,88.75,89.56999969482422,88.47000122070312,89.3499984741211,81.60179901123047,943200
2012-05-03,89.1500015258789,89.75,88.75,88.86000061035156,81.15426635742188,2199300
2012-05-04,89.0199966430664,89.66000366210938,88.19999694824219,89.30000305175781,81.55611419677734,2839900
2012-05-07,88.23999786376953,90.12000274658203,88.11000061035156,89.37000274658203,81.62003326416016,1797100
2012-05-08,88.72000122070312,89.02999877929688,87.81999969482422,88.95999908447266,81.24557495117188,2156300
2012-05-09,87.76000213623047,87.80000305175781,86.66999816894531,87.12999725341797,79.57425689697266,2547100
2012-05-10,87.51000213623047,88.58999633789062,86.47000122070312,86.6500015258789,79.13591766357422,1714700
2012-05-11,86.16999816894531,88.05999755859375,86.16999816894531,87.80000305175781,80.18618774414062,1628800
2012-05-14,86.83000183105469,88.33000183105469,86.80000305175781,87.77999877929688,80.16790771484375,1578300
2012-05-15,87.75,88.83999633789062,87.37999725341797,87.80999755859375,80.1953125,1976500
2012-05-16,88.37999725341797,89.5,87.79000091552734,87.88999938964844,80.26838684082031,1609500
2012-05-17,87.91999816894531,88.45999908447266,86.68000030517578,86.7699966430664,79.2455062866211,3414200
2012-05-18,87.26000213623047,87.3499984741211,84.86000061035156,85.06999969482422,77.69292449951172,2555400
2012-05-21,85.01000213623047,86.9000015258789,84.9000015258789,86.69999694824219,79.18155670166016,1547900
2012-05-22,86.9000015258789,87.79000091552734,86.31999969482422,86.8499984741211,79.31853485107422,1730600
2012-05-23,86.0999984741211,88.9000015258789,85.81999969482422,88.73999786376953,81.04468536376953,2152500
2012-05-24,88.83999633789062,90.4000015258789,88.73999786376953,90.0199966430664,82.2136459350586,2244100
2012-05-25,90.23999786376953,90.5,88.68000030517578,89.27999877929688,81.53783416748047,1301700
2012-05-29,89.66999816894531,91.43000030517578,89.51000213623047,90.9800033569336,83.09041595458984,1565600
2012-05-30,89.44000244140625,90.23999786376953,88.6500015258789,88.93000030517578,81.21820068359375,1649400
2012-05-31,88.80000305175781,89.95999908447266,87.62000274658203,89.13999938964844,81.40998840332031,1619700
2012-06-01,87.22000122070312,87.55000305175781,85.08999633789062,85.25,77.85731506347656,3163500
2012-06-04,85.19000244140625,85.98999786376953,84.5199966430664,85.19999694824219,77.8116683959961,1956800
2012-06-05,85.0999984741211,85.69000244140625,83.80000305175781,84.33999633789062,77.0262222290039,2227900
2012-06-06,85.0,86.83000183105469,84.91000366210938,86.83000183105469,79.30030822753906,2402800
2012-06-07,88.0199966430664,88.36000061035156,86.0,86.0999984741211,78.63357543945312,2643400
2012-06-08,86.44999694824219,87.62999725341797,86.0,87.56999969482422,79.97612762451172,1760300
2012-06-11,88.16999816894531,88.3499984741211,86.12000274658203,86.27999877929688,78.79798126220703,2126500
2012-06-12,86.47000122070312,87.83000183105469,85.97000122070312,87.69000244140625,80.08573913574219,1783300
2012-06-13,87.08999633789062,87.41000366210938,85.56999969482422,86.19000244140625,78.7157974243164,2573000
2012-06-14,86.52999877929688,87.44000244140625,85.98999786376953,86.83999633789062,79.4384536743164,2333700
2012-06-15,87.3499984741211,87.66999816894531,86.54000091552734,87.62999725341797,80.16111755371094,2093600
2012-06-18,87.4000015258789,88.98999786376953,87.16000366210938,88.51000213623047,80.96614074707031,2619200
2012-06-19,87.0199966430664,91.94999694824219,86.79000091552734,91.01000213623047,83.25306701660156,4691900
2012-06-20,90.63999938964844,92.30999755859375,90.30999755859375,91.33999633789062,83.55487060546875,3132200
2012-06-21,91.76000213623047,92.16000366210938,90.55000305175781,90.62999725341797,82.90543365478516,2893600
2012-06-22,91.26000213623047,91.26000213623047,89.83000183105469,90.54000091552734,82.82310485839844,2713300
2012-06-25,89.56999969482422,89.62999725341797,87.81999969482422,88.80999755859375,81.24056243896484,1933400
2012-06-26,88.83000183105469,89.0199966430664,87.18000030517578,87.55000305175781,80.08793640136719,2202800
2012-06-27,87.5999984741211,88.20999908447266,87.12999725341797,87.9000015258789,80.40812683105469,1836500
2012-06-28,87.41999816894531,88.9000015258789,87.30999755859375,88.79000091552734,81.22225952148438,1432300
2012-06-29,90.29000091552734,91.61000061035156,89.68000030517578,91.61000061035156,83.8019027709961,2078200
2012-07-02,91.58999633789062,91.87000274658203,89.55000305175781,91.54000091552734,83.73786926269531,1833700
2012-07-03,91.44000244140625,92.80000305175781,91.12999725341797,92.5999984741211,84.70753479003906,1033100
2012-07-05,91.91000366210938,92.56999969482422,91.4000015258789,92.11000061035156,84.2593002319336,1398500
2012-07-06,91.25,91.98999786376953,90.5,91.27999877929688,83.50004577636719,1310300
2012-07-09,91.06999969482422,91.76000213623047,90.6500015258789,91.12999725341797,83.36280822753906,1162900
2012-07-10,90.98999786376953,91.9800033569336,89.91999816894531,90.4800033569336,82.7682113647461,1668100
2012-07-11,90.30999755859375,90.9800033569336,89.9800033569336,90.61000061035156,82.88713836669922,1637900
2012-07-12,90.0,90.0999984741211,88.93000030517578,89.5,81.87175750732422,2173600
2012-07-13,89.62999725341797,92.56999969482422,89.62999725341797,92.3499984741211,84.47882843017578,1847300
2012-07-16,92.06999969482422,92.29000091552734,91.41999816894531,91.91999816894531,84.08549499511719,1210500
2012-07-17,92.08999633789062,92.08999633789062,90.20999908447266,91.25,83.47258758544922,2011900
2012-07-18,91.08000183105469,93.0,90.91000366210938,92.72000122070312,84.81727600097656,1322200
2012-07-19,92.79000091552734,93.16999816894531,92.52999877929688,92.79000091552734,84.88134002685547,1289300
2012-07-20,92.08000183105469,92.29000091552734,89.9800033569336,90.08000183105469,82.40229034423828,2135900
2012-07-23,88.69000244140625,89.55999755859375,88.4000015258789,89.26000213623047,81.6521987915039,1476500
2012-07-24,88.16000366210938,88.47000122070312,86.22000122070312,87.66999816894531,80.19771575927734,3751500
2012-07-25,87.95999908447266,88.05000305175781,86.83999633789062,87.2300033569336,79.79522705078125,2105300
2012-07-26,88.73999786376953,89.33999633789062,88.19999694824219,88.55000305175781,81.00273895263672,1893600
2012-07-27,89.51000213623047,91.80999755859375,88.94999694824219,90.88999938964844,83.14327239990234,2397900
2012-07-30,90.5199966430664,91.16999816894531,90.33000183105469,90.98999786376953,83.2347412109375,1396900
2012-07-31,90.94999694824219,91.20999908447266,90.29000091552734,90.30000305175781,82.60356903076172,1760700
2012-08-01,90.66000366210938,90.80000305175781,88.4000015258789,88.8499984741211,81.27713775634766,1725100
2012-08-02,87.70999908447266,88.3499984741211,87.04000091552734,87.91999816894531,80.4263916015625,1901200
2012-08-03,89.04000091552734,90.20999908447266,89.0199966430664,89.81999969482422,82.16446685791016,1623400
2012-08-06,90.33000183105469,90.80000305175781,89.86000061035156,90.12000274658203,82.43892669677734,906600
2012-08-07,90.68000030517578,90.68000030517578,89.38999938964844,89.81999969482422,82.16446685791016,1411700
2012-08-08,89.5,89.52999877929688,88.69999694824219,89.30999755859375,81.69792175292969,1345800
2012-08-09,89.30000305175781,89.45999908447266,88.5,88.66000366210938,81.10333251953125,1481500
2012-08-10,88.05000305175781,88.37999725341797,87.2300033569336,87.80000305175781,80.316650390625,2222900
2012-08-13,87.69000244140625,88.33999633789062,87.04000091552734,87.7699966430664,80.2891845703125,1334200
2012-08-14,87.91999816894531,88.33000183105469,87.4000015258789,87.58000183105469,80.11540985107422,1551400
2012-08-15,87.7300033569336,89.77999877929688,87.58999633789062,89.55000305175781,81.91748046875,2490900
2012-08-16,89.4800033569336,90.11000061035156,88.91999816894531,89.73999786376953,82.09127044677734,1935900
2012-08-17,89.94999694824219,90.45999908447266,89.75,90.0,82.3291244506836,1679500
2012-08-20,89.63999938964844,90.0999984741211,89.31999969482422,89.9800033569336,82.31083679199219,1817600
2012-08-21,90.0199966430664,91.12000274658203,89.77999877929688,90.30999755859375,82.61270904541016,1944300
2012-08-22,90.01000213623047,90.33000183105469,89.43000030517578,89.54000091552734,81.90833282470703,1415300
2012-08-23,89.54000091552734,89.75,88.45999908447266,88.86000061035156,81.28630065917969,1049500
2012-08-24,88.52999877929688,89.37999725341797,88.18000030517578,89.06999969482422,81.47838592529297,948400
2012-08-27,89.18000030517578,89.26000213623047,87.81999969482422,88.0,80.49961853027344,1102300
2012-08-28,87.9000015258789,88.08000183105469,86.87000274658203,87.45999908447266,80.00563049316406,2002100
2012-08-29,87.37000274658203,87.91999816894531,87.18000030517578,87.62999725341797,80.16111755371094,1516300
2012-08-30,87.5,87.6500015258789,86.87999725341797,87.19000244140625,79.75862884521484,1811600
2012-08-31,87.69999694824219,87.97000122070312,87.16000366210938,87.62999725341797,80.16111755371094,1484400
2012-09-04,87.37000274658203,88.11000061035156,86.87000274658203,87.54000091552734,80.07878875732422,1982400
2012-09-05,85.5999984741211,87.16999816894531,85.30999755859375,85.80000305175781,78.48711395263672,5980600
2012-09-06,85.87000274658203,87.63999938964844,85.87000274658203,87.54000091552734,80.20967102050781,2692900
2012-09-07,87.5,87.58000183105469,87.0199966430664,87.37999725341797,80.06305694580078,1530900
2012-09-10,87.19000244140625,88.2699966430664,87.11000061035156,87.95999908447266,80.59451293945312,2305000
2012-09-11,88.20999908447266,89.08999633789062,88.0999984741211,88.69999694824219,81.27252960205078,2089200
2012-09-12,88.9800033569336,89.12999725341797,88.4000015258789,89.08000183105469,81.62071990966797,1421800
2012-09-13,89.01000213623047,90.91999816894531,88.2300033569336,90.36000061035156,82.79357147216797,2144400
2012-09-14,90.0999984741211,90.73999786376953,89.80999755859375,90.1500015258789,82.60114288330078,2294200
2012-09-17,89.70999908447266,90.08999633789062,88.91999816894531,89.27999877929688,81.8039779663086,2381300
2012-09-18,86.94999694824219,88.33000183105469,86.36000061035156,86.55000305175781,79.30258178710938,6413300
2012-09-19,86.51000213623047,87.08000183105469,85.9000015258789,86.9000015258789,79.62326049804688,4024500
2012-09-20,86.30000305175781,86.58000183105469,84.9000015258789,85.16999816894531,78.03811645507812,4071400
2012-09-21,85.88999938964844,85.88999938964844,84.1500015258789,84.38999938964844,77.32343292236328,5200800
2012-09-24,84.0,85.5,83.91999816894531,85.16000366210938,78.02897644042969,2831600
2012-09-25,85.58999633789062,85.8499984741211,84.52999877929688,84.54000091552734,77.46087646484375,2829800
2012-09-26,84.2699966430664,84.94999694824219,83.9800033569336,84.38999938964844,77.32343292236328,2369300
2012-09-27,84.95999908447266,85.80000305175781,84.55999755859375,85.7699966430664,78.587890625,2500100
2012-09-28,85.37999725341797,85.47000122070312,84.16999816894531,84.62000274658203,77.53418731689453,2408000
2012-10-01,84.93000030517578,85.94000244140625,84.52999877929688,85.0199966430664,77.90069580078125,2037100
2012-10-02,85.18000030517578,85.80999755859375,84.20999908447266,84.5,77.42424774169922,1683300
2012-10-03,84.80000305175781,85.87999725341797,84.4000015258789,85.62000274658203,78.4504623413086,1726300
2012-10-04,85.91999816894531,86.62000274658203,85.61000061035156,86.52999877929688,79.28427124023438,2060200
2012-10-05,86.8499984741211,87.4800033569336,86.38999938964844,86.47000122070312,79.2292709350586,2734400
2012-10-08,86.33999633789062,86.81999969482422,85.9000015258789,86.37000274658203,79.1376724243164,1611000
2012-10-09,86.52999877929688,86.77999877929688,85.55000305175781,85.58000183105469,78.41380310058594,2013100
2012-10-10,88.30999755859375,90.93000030517578,88.19000244140625,89.98999786376953,82.45451354980469,8995100
2012-10-11,91.69999694824219,92.5,90.0,90.0,82.46366882324219,4171000
2012-10-12,90.27999877929688,91.08999633789062,90.01000213623047,90.4000015258789,82.83019256591797,2629900
2012-10-15,90.51000213623047,91.19999694824219,90.20999908447266,90.6500015258789,83.05926513671875,2526800
2012-10-16,91.0,91.95999908447266,90.27999877929688,91.91999816894531,84.22291564941406,2602000
2012-10-17,91.98999786376953,93.08999633789062,91.83000183105469,92.94999694824219,85.16665649414062,2378500
2012-10-18,92.48999786376953,94.26000213623047,92.48999786376953,93.48999786376953,85.66144561767578,2346200
2012-10-19,93.23999786376953,93.44999694824219,91.4800033569336,92.11000061035156,84.3969955444336,2474300
2012-10-22,92.12000274658203,92.25,90.86000061035156,91.4800033569336,83.81976318359375,1678400
2012-10-23,91.55000305175781,92.0999984741211,91.0199966430664,91.79000091552734,84.10379791259766,2192400
2012-10-24,92.11000061035156,92.11000061035156,90.6500015258789,90.83000183105469,83.22416687011719,1447600
2012-10-25,91.18000030517578,91.72000122070312,90.06999969482422,91.12000274658203,83.48987579345703,1532200
2012-10-26,90.79000091552734,91.55999755859375,90.13999938964844,90.69000244140625,83.09590148925781,1639000
2012-10-31,90.94000244140625,92.11000061035156,90.62000274658203,91.98999786376953,84.28703308105469,1844400
2012-11-01,91.54000091552734,93.19999694824219,91.54000091552734,93.01000213623047,85.22164154052734,1738000
2012-11-02,93.37000274658203,93.9800033569336,92.37000274658203,92.63999938964844,84.88259887695312,1384100
2012-11-05,92.47000122070312,92.94000244140625,92.13999938964844,92.83999633789062,85.06587219238281,1066800
2012-11-06,92.88999938964844,93.79000091552734,92.55000305175781,93.38999938964844,85.56980895996094,1349000
2012-11-07,92.70999908447266,92.7300033569336,91.0,91.51000213623047,83.84725189208984,1575700
2012-11-08,91.41000366210938,91.73999786376953,90.0,90.02999877929688,82.49118041992188,1461300
2012-11-09,89.94999694824219,90.41000366210938,89.31999969482422,89.7300033569336,82.21629333496094,1938700
2012-11-12,89.7300033569336,90.58000183105469,89.58000183105469,90.08000183105469,82.5369644165039,1347700
2012-11-13,89.66999816894531,91.5,89.25,90.45999908447266,82.8851547241211,1682000
2012-11-14,90.48999786376953,90.66000366210938,86.94000244140625,87.12000274658203,79.8248519897461,2591500
2012-11-15,87.12000274658203,87.7699966430664,85.93000030517578,86.54000091552734,79.29339599609375,2410400
2012-11-16,86.2300033569336,86.73999786376953,85.1500015258789,86.12999725341797,78.91773986816406,2142600
2012-11-19,87.05000305175781,87.38999938964844,85.80000305175781,87.0,79.84469604492188,1984300
2012-11-20,87.25,87.83999633789062,86.80999755859375,87.3499984741211,80.1658706665039,1803500
2012-11-21,87.9000015258789,88.05999755859375,87.22000122070312,87.6500015258789,80.44121551513672,1550300
2012-11-23,87.80000305175781,87.94999694824219,86.8499984741211,87.7300033569336,80.51465606689453,850500
2012-11-26,87.12000274658203,88.4800033569336,87.12000274658203,88.45999908447266,81.18461608886719,1721000
2012-11-27,88.79000091552734,89.66000366210938,88.41999816894531,88.69999694824219,81.40484619140625,2421700
2012-11-28,88.31999969482422,89.5199966430664,87.94000244140625,89.48999786376953,82.12989044189453,2049600
2012-11-29,89.97000122070312,91.16000366210938,89.80999755859375,90.80000305175781,83.33216857910156,2623100
2012-11-30,90.8499984741211,90.94000244140625,89.04000091552734,89.52999877929688,82.16658782958984,2029700
2012-12-03,89.9800033569336,89.9800033569336,87.98999786376953,88.12999725341797,80.88172912597656,1845700
2012-12-04,88.1500015258789,89.06999969482422,88.0199966430664,88.38999938964844,81.120361328125,1488400
2012-12-05,88.55999755859375,89.93000030517578,88.06999969482422,89.43000030517578,82.07482147216797,1837000
2012-12-06,89.30000305175781,89.5,88.6500015258789,89.26000213623047,81.91880798339844,1078000
2012-12-07,89.54000091552734,89.91000366210938,88.80000305175781,89.36000061035156,82.01056671142578,1108600
2012-12-10,89.38999938964844,90.58999633789062,89.22000122070312,90.52999877929688,83.0843505859375,1406900
2012-12-11,90.6500015258789,91.48999786376953,89.69000244140625,90.25,82.827392578125,2276300
2012-12-12,89.08999633789062,90.52999877929688,89.0199966430664,89.70999908447266,82.33180236816406,2113400
2012-12-13,89.58000183105469,90.5,89.29000091552734,89.70999908447266,82.33180236816406,1699000
2012-12-14,89.76000213623047,90.93000030517578,89.3499984741211,90.08999633789062,82.68050384521484,1813500
2012-12-17,90.4000015258789,91.1500015258789,90.36000061035156,91.0199966430664,83.5340347290039,1832000
2012-12-18,90.88999938964844,93.20999908447266,90.41000366210938,92.36000061035156,84.76385498046875,3130100
2012-12-19,93.12000274658203,95.44000244140625,93.05000305175781,93.19999694824219,85.5347671508789,5324300
2012-12-20,93.0,93.62999725341797,91.54000091552734,93.2699966430664,85.59898376464844,4270900
2012-12-21,92.06999969482422,93.29000091552734,91.83999633789062,92.73999786376953,85.1125717163086,2912600
2012-12-24,92.70999908447266,92.80000305175781,91.94000244140625,92.13999938964844,84.56195068359375,607300
2012-12-26,92.33999633789062,92.97000122070312,91.73999786376953,92.06999969482422,84.4977035522461,904700
2012-12-27,91.95999908447266,91.97000122070312,90.1500015258789,91.5,83.97459411621094,1580300
2012-12-28,91.0,91.4800033569336,90.3499984741211,90.38999938964844,82.95586395263672,981300
2012-12-31,90.33000183105469,91.80000305175781,90.05000305175781,91.72000122070312,84.17648315429688,1451700
2013-01-02,93.45999908447266,95.19000244140625,93.37000274658203,94.25,86.49840545654297,2020100
2013-01-03,94.12000274658203,95.16999816894531,94.12000274658203,94.5999984741211,86.81961822509766,1723800
2013-01-04,94.80000305175781,95.05000305175781,94.36000061035156,94.91000366210938,87.10413360595703,1500600
2013-01-07,94.41000366210938,94.75,94.25,94.72000122070312,86.92974090576172,1148600
2013-01-08,94.41999816894531,95.54000091552734,94.16000366210938,95.11000061035156,87.28767395019531,2177600
2013-01-09,95.04000091552734,96.91000366210938,94.77999877929688,96.7699966430664,88.8111343383789,2345100
2013-01-10,97.33999633789062,97.69999694824219,96.66000366210938,97.69999694824219,89.6646499633789,2009700
2013-01-11,97.55000305175781,97.77999877929688,97.11000061035156,97.4000015258789,89.38933563232422,1272400
2013-01-14,97.36000061035156,98.73999786376953,97.20999908447266,98.41999816894531,90.325439453125,2253600
2013-01-15,98.12000274658203,98.79000091552734,97.73999786376953,98.66999816894531,90.55487823486328,1655900
2013-01-16,98.48999786376953,99.62000274658203,98.48999786376953,99.54000091552734,91.35333251953125,2061200
2013-01-17,99.93000030517578,100.56999969482422,99.41999816894531,99.93000030517578,91.71125030517578,2312800
2013-01-18,100.0,100.18000030517578,98.41000366210938,99.81999969482422,91.61030578613281,2320600
2013-01-22,99.54000091552734,100.69999694824219,99.41000366210938,100.5999984741211,92.32614135742188,1515900
2013-01-23,100.29000091552734,100.55000305175781,99.26000213623047,99.63999938964844,91.4450912475586,1486000
2013-01-24,100.0,102.61000061035156,99.93000030517578,101.7300033569336,93.36319732666016,2702300
2013-01-25,101.7699966430664,102.86000061035156,101.20999908447266,102.56999969482422,94.1341323852539,2081000
2013-01-28,102.83999633789062,103.13999938964844,102.16999816894531,103.01000213623047,94.53793334960938,1934800
2013-01-29,102.63999938964844,103.11000061035156,102.19000244140625,102.5,94.06985473632812,1649400
2013-01-30,102.0199966430664,102.13999938964844,101.05999755859375,101.37000274658203,93.03282165527344,2373000
2013-01-31,100.97000122070312,101.86000061035156,100.68000030517578,101.44999694824219,93.10623168945312,2306200
2013-02-01,101.88999938964844,102.94000244140625,101.44999694824219,102.76000213623047,94.3084945678711,2667400
2013-02-04,102.44000244140625,104.0999984741211,102.44000244140625,103.38999938964844,94.8866958618164,3306900
2013-02-05,103.70999908447266,105.19000244140625,103.20999908447266,105.06999969482422,96.42849731445312,2772400
2013-02-06,104.63999938964844,106.2699966430664,104.56999969482422,106.16999816894531,97.43804931640625,3476400
2013-02-07,106.5199966430664,107.0,105.87999725341797,106.9800033569336,98.18142700195312,4063400
2013-02-08,106.80000305175781,107.5,106.2300033569336,106.41000366210938,97.65831756591797,2101500
2013-02-11,106.01000213623047,106.37000274658203,105.4800033569336,106.01000213623047,97.29121398925781,1746100
2013-02-12,106.08999633789062,106.4800033569336,105.58000183105469,106.12000274658203,97.39218139648438,2044600
2013-02-13,106.12000274658203,106.63999938964844,105.55999755859375,106.16000366210938,97.42886352539062,1739900
2013-02-14,105.8499984741211,106.86000061035156,105.44000244140625,106.55999755859375,97.79596710205078,1660600
2013-02-15,106.9000015258789,107.44999694824219,106.19000244140625,106.41999816894531,97.66748046875,1594900
2013-02-19,106.61000061035156,107.38999938964844,106.41000366210938,107.33000183105469,98.50264739990234,1093900
2013-02-20,107.38999938964844,107.38999938964844,105.58999633789062,105.69000244140625,96.99749755859375,1472200
2013-02-21,105.3499984741211,106.08000183105469,104.25,104.87999725341797,96.25411987304688,1730900
2013-02-22,105.12999725341797,105.81999969482422,104.87999725341797,105.81999969482422,97.11682891845703,899500
2013-02-25,106.33000183105469,107.0,103.0999984741211,103.11000061035156,94.62969970703125,1592900
2013-02-26,103.68000030517578,103.94999694824219,102.72000122070312,103.16000366210938,94.67559814453125,2718500
2013-02-27,102.69999694824219,106.12000274658203,102.33000183105469,105.73999786376953,97.04338836669922,2261100
2013-02-28,105.56999969482422,106.08000183105469,104.83000183105469,105.43000030517578,96.75888061523438,1691400
2013-03-01,105.11000061035156,106.05999755859375,104.30999755859375,105.37999725341797,96.7129898071289,1449100
2013-03-04,105.27999877929688,105.87999725341797,104.5999984741211,105.80000305175781,97.0984878540039,940500
2013-03-05,106.83000183105469,109.11000061035156,106.75,107.91000366210938,99.03494262695312,1818400
2013-03-06,109.08000183105469,109.4800033569336,107.7699966430664,108.04000091552734,99.15424346923828,1716700
2013-03-07,107.80999755859375,108.0,106.58999633789062,106.95999908447266,98.29042053222656,1746500
2013-03-08,107.58999633789062,107.94999694824219,107.0199966430664,107.80000305175781,99.06234741210938,1195600
2013-03-11,107.69000244140625,109.66000366210938,106.2699966430664,107.41000366210938,98.7039566040039,1372700
2013-03-12,107.4800033569336,107.68000030517578,106.0,106.43000030517578,97.80339050292969,1268500
2013-03-13,106.52999877929688,108.19999694824219,106.4800033569336,107.87000274658203,99.12667846679688,1412300
2013-03-14,108.01000213623047,108.83999633789062,107.83999633789062,108.83999633789062,100.01805877685547,1450000
2013-03-15,108.62000274658203,109.12000274658203,108.04000091552734,109.06999969482422,100.22940826416016,2096500
2013-03-18,107.83000183105469,108.41000366210938,106.8499984741211,107.29000091552734,98.59369659423828,1784700
2013-03-19,107.4000015258789,107.9800033569336,106.0,106.45999908447266,97.83097076416016,2651700
2013-03-20,102.0,102.5,98.81999969482422,99.12999725341797,91.09507751464844,11579100
2013-03-21,98.77999877929688,98.98999786376953,95.30000305175781,96.5,88.67827606201172,9159800
2013-03-22,97.0199966430664,98.9000015258789,96.98999786376953,98.4800033569336,90.4977798461914,5379400
2013-03-25,98.51000213623047,98.66000366210938,96.08000183105469,97.0199966430664,89.15611267089844,2910300
2013-03-26,97.33000183105469,98.31999969482422,97.16000366210938,97.72000122070312,89.79936981201172,2532800
2013-03-27,97.29000091552734,97.68000030517578,96.62000274658203,97.6500015258789,89.73506164550781,2335500
2013-03-28,97.27999877929688,98.43000030517578,97.19999694824219,98.19999694824219,90.24046325683594,2217200
2013-04-01,98.41000366210938,99.52999877929688,97.55999755859375,97.77999877929688,89.85449981689453,2050800
2013-04-02,97.80000305175781,98.22000122070312,96.81999969482422,97.12000274658203,89.24799346923828,1838600
2013-04-03,97.1500015258789,97.66000366210938,96.08000183105469,96.27999877929688,88.47606658935547,2932600
2013-04-04,96.52999877929688,97.25,95.95999908447266,95.9800033569336,88.20040893554688,2249000
2013-04-05,94.91000366210938,95.8499984741211,94.19999694824219,95.5,87.75932312011719,2878100
2013-04-08,95.43000030517578,96.02999877929688,95.05000305175781,95.25,87.52958679199219,2032500
2013-04-09,95.29000091552734,95.81999969482422,94.66999816894531,95.33999633789062,87.61227416992188,2270600
2013-04-10,95.48999786376953,98.2300033569336,95.44000244140625,97.94999694824219,90.01073455810547,3138600
2013-04-11,97.87000274658203,98.0,96.55999755859375,96.66000366210938,88.82528686523438,2036000
2013-04-12,96.47000122070312,96.94000244140625,95.86000061035156,96.33000183105469,88.52201843261719,1387400
2013-04-15,95.58999633789062,96.08999633789062,94.26000213623047,94.70999908447266,87.03335571289062,3107000
2013-04-16,95.38999938964844,95.66000366210938,94.70999908447266,95.13999938964844,87.42849731445312,2317300
2013-04-17,94.44000244140625,95.04000091552734,93.58999633789062,94.12000274658203,86.4911880493164,2284500
2013-04-18,93.18000030517578,93.69000244140625,90.61000061035156,91.87000274658203,84.42355346679688,4952400
2013-04-19,92.38999938964844,92.87000274658203,91.69999694824219,92.38999938964844,84.90141296386719,1901000
2013-04-22,92.66999816894531,92.8499984741211,90.94999694824219,92.5,85.0024642944336,1584300
2013-04-23,92.94000244140625,93.19000244140625,92.02999877929688,93.16999816894531,85.6181869506836,2537900
2013-04-24,94.69999694824219,96.1500015258789,94.4000015258789,94.45999908447266,86.80360412597656,3056500
2013-04-25,94.61000061035156,94.94000244140625,93.2300033569336,94.30000305175781,86.65657043457031,2326400
2013-04-26,94.56999969482422,94.77999877929688,93.98999786376953,94.18000030517578,86.54627227783203,1652400
2013-04-29,94.44999694824219,94.58000183105469,93.5,93.75,86.15115356445312,1878900
2013-04-30,93.83999633789062,94.43000030517578,93.08999633789062,94.01000213623047,86.39009857177734,1981000
2013-05-01,93.66000366210938,94.0199966430664,91.83999633789062,92.0,84.54299926757812,2396600
2013-05-02,92.2300033569336,93.11000061035156,92.18000030517578,92.29000091552734,84.80950927734375,2404500
2013-05-03,92.9800033569336,95.13999938964844,92.9800033569336,94.5199966430664,86.85874938964844,2317300
2013-05-06,94.91999816894531,96.80000305175781,94.73999786376953,96.2300033569336,88.43016052246094,3045700
2013-05-07,96.62999725341797,99.5999984741211,96.51000213623047,99.5199966430664,91.45348358154297,4689700
2013-05-08,99.06999969482422,102.08999633789062,98.80000305175781,101.94999694824219,93.68650817871094,4873600
2013-05-09,101.56999969482422,102.0999984741211,100.2300033569336,100.43000030517578,92.28971862792969,2754200
2013-05-10,100.1500015258789,101.16000366210938,99.62000274658203,100.12000274658203,92.00484466552734,2278900
2013-05-13,99.83999633789062,99.94999694824219,98.72000122070312,98.80000305175781,90.79182434082031,2047800
2013-05-14,98.9000015258789,100.72000122070312,98.87999725341797,100.68000030517578,92.51947021484375,1921900
2013-05-15,100.52999877929688,100.87000274658203,99.79000091552734,100.27999877929688,92.15189361572266,2054200
2013-05-16,100.23999786376953,100.79000091552734,98.7300033569336,98.94000244140625,90.92046356201172,1776300
2013-05-17,99.44999694824219,100.08000183105469,98.86000061035156,100.05000305175781,91.9405288696289,2222600
2013-05-20,100.05999755859375,101.55999755859375,99.5999984741211,101.18000030517578,92.97891998291016,2390900
2013-05-21,101.38999938964844,103.05000305175781,101.25,102.16999816894531,93.8886947631836,2796900
2013-05-22,102.08000183105469,102.9000015258789,99.0,99.6500015258789,91.57294464111328,3251200
2013-05-23,98.62999725341797,99.70999908447266,98.0,99.0999984741211,91.0675277709961,1649000
2013-05-24,98.66999816894531,98.66999816894531,97.3499984741211,97.81999969482422,89.89128112792969,2543100
2013-05-28,98.81999969482422,99.0999984741211,95.97000122070312,96.52999877929688,88.70584106445312,4178600
2013-05-29,96.4800033569336,97.5,96.08000183105469,96.55000305175781,88.7242202758789,2446000
2013-05-30,96.75,97.0999984741211,95.87999725341797,96.5199966430664,88.69662475585938,2947600
2013-05-31,96.25,97.97000122070312,96.12000274658203,96.33999633789062,88.5312271118164,2273500
2013-06-03,96.51000213623047,97.70999908447266,96.0199966430664,97.69999694824219,89.78097534179688,2263600
2013-06-04,97.63999938964844,99.0,97.44999694824219,98.37999725341797,90.40587615966797,3045500
2013-06-05,98.0,98.19999694824219,96.18000030517578,97.08999633789062,89.220458984375,2174500
2013-06-06,97.01000213623047,97.5199966430664,95.63999938964844,96.83999633789062,88.99071502685547,2478500
2013-06-07,97.73999786376953,99.83999633789062,97.4800033569336,99.77999877929688,91.69236755371094,2508400
2013-06-10,99.86000061035156,99.9800033569336,98.54000091552734,98.66000366210938,90.66317749023438,1842300
2013-06-11,97.61000061035156,98.79000091552734,97.11000061035156,98.04000091552734,90.09342956542969,1563000
2013-06-12,98.58000183105469,98.9000015258789,97.27999877929688,97.48999786376953,89.5880126953125,1289900
2013-06-13,97.41000366210938,99.8499984741211,97.0999984741211,99.58000183105469,91.64964294433594,1424300
2013-06-14,99.51000213623047,100.75,98.72000122070312,99.12000274658203,91.22628021240234,1534900
2013-06-17,100.12999725341797,100.19999694824219,97.68000030517578,98.41000366210938,90.57283782958984,2504600
2013-06-18,98.62000274658203,100.37999725341797,98.23999786376953,99.4800033569336,91.55758666992188,2195300
2013-06-19,100.95999908447266,103.47000122070312,99.26000213623047,100.54000091552734,92.53315734863281,4496600
2013-06-20,97.83999633789062,97.97000122070312,95.16999816894531,95.70999908447266,88.08782958984375,4945600
2013-06-21,96.5,97.02999877929688,94.66999816894531,96.45999908447266,88.77808380126953,3632400
2013-06-24,95.37000274658203,96.69999694824219,94.5999984741211,95.9000015258789,88.2626953125,2710500
2013-06-25,97.05000305175781,98.30999755859375,96.68000030517578,97.19000244140625,89.44995880126953,2240600
2013-06-26,98.06999969482422,99.3499984741211,97.98999786376953,98.37000274658203,90.53599548339844,2777200
2013-06-27,99.1500015258789,99.52999877929688,98.7300033569336,99.37000274658203,91.45635986328125,1941500
2013-06-28,98.91000366210938,99.58999633789062,98.58000183105469,98.58000183105469,90.7292709350586,2245400
2013-07-01,98.72000122070312,99.7300033569336,98.55000305175781,98.88999938964844,91.01458740234375,1975900
2013-07-02,98.76000213623047,99.41999816894531,97.94000244140625,98.2699966430664,90.44395446777344,1740900
2013-07-03,97.87999725341797,98.25,97.54000091552734,97.7699966430664,89.98374938964844,783900
2013-07-05,98.58999633789062,99.19999694824219,98.18000030517578,98.95999908447266,91.0790023803711,1056300
2013-07-08,99.18000030517578,99.5,98.62999725341797,98.83000183105469,90.95936584472656,1913400
2013-07-09,99.5,106.3499984741211,99.38999938964844,103.1500015258789,94.9353256225586,15122500
2013-07-10,102.68000030517578,106.47000122070312,102.01000213623047,103.0,94.7972640991211,6783500
2013-07-11,104.0,105.9800033569336,103.91000366210938,104.4000015258789,96.0857925415039,3983100
2013-07-12,102.06999969482422,103.30999755859375,101.58000183105469,102.29000091552734,94.14379119873047,5071300
2013-07-15,102.27999877929688,103.93000030517578,102.13999938964844,103.69999694824219,95.44152069091797,2218200
2013-07-16,103.37999725341797,103.9800033569336,102.94999694824219,103.51000213623047,95.26666259765625,1905800
2013-07-17,103.5999984741211,104.94999694824219,103.05999755859375,104.26000213623047,95.9569091796875,2141400
2013-07-18,103.91999816894531,108.9800033569336,103.8499984741211,108.66000366210938,100.00653839111328,4659400
2013-07-19,108.44999694824219,108.44999694824219,107.33000183105469,108.02999877929688,99.42667388916016,2387500
2013-07-22,108.06999969482422,108.87999725341797,107.6500015258789,107.75,99.16897583007812,2305200
2013-07-23,107.94000244140625,108.0,106.44999694824219,106.79000091552734,98.28541564941406,2080100
2013-07-24,106.91000366210938,107.19999694824219,105.77999877929688,105.87999725341797,97.4478988647461,1280500
2013-07-25,105.88999938964844,106.11000061035156,101.94999694824219,104.87000274658203,96.51832580566406,3956100
2013-07-26,104.69000244140625,105.27999877929688,104.13999938964844,104.58000183105469,96.25143432617188,1831700
2013-07-29,104.0999984741211,104.56999969482422,103.2300033569336,103.38999938964844,95.15620422363281,1301400
2013-07-30,104.12999725341797,104.4000015258789,103.31999969482422,103.55999755859375,95.31265258789062,1241400
2013-07-31,102.0,106.95999908447266,102.0,106.0,97.5583267211914,5473500
2013-08-01,106.79000091552734,110.33000183105469,106.54000091552734,110.0,101.23979187011719,5120900
2013-08-02,108.7300033569336,110.08000183105469,108.69999694824219,109.1500015258789,100.45748138427734,1717600
2013-08-05,109.0,109.72000122070312,108.75,109.41999816894531,100.70598602294922,1429400
2013-08-06,109.33000183105469,109.8499984741211,108.36000061035156,108.7699966430664,100.10774993896484,1567800
2013-08-07,108.0199966430664,108.54000091552734,107.52999877929688,107.9800033569336,99.38066101074219,1598300
2013-08-08,108.56999969482422,109.29000091552734,108.5,109.08000183105469,100.39306640625,1596400
2013-08-09,108.52999877929688,109.18000030517578,107.91999816894531,108.22000122070312,99.6015625,1134200
2013-08-12,107.58000183105469,109.30999755859375,107.47000122070312,109.04000091552734,100.35624694824219,1720300
2013-08-13,108.87999725341797,109.7300033569336,108.19999694824219,108.61000061035156,99.96049499511719,1603500
2013-08-14,108.61000061035156,109.08999633789062,107.72000122070312,108.62999725341797,99.97889709472656,1219200
2013-08-15,108.0,108.43000030517578,107.33999633789062,108.04000091552734,99.4359130859375,2224200
2013-08-16,108.05000305175781,108.95999908447266,107.43000030517578,108.68000030517578,100.02490234375,1782900
2013-08-19,108.33000183105469,109.19999694824219,108.04000091552734,108.66999816894531,100.0157241821289,1804400
2013-08-20,108.5999984741211,109.9000015258789,108.02999877929688,109.20999908447266,100.51271057128906,1525900
2013-08-21,108.98999786376953,109.05000305175781,107.51000213623047,108.06999969482422,99.46349334716797,1555900
2013-08-22,108.2300033569336,110.79000091552734,108.11000061035156,110.61000061035156,101.80121612548828,1348700
2013-08-23,110.61000061035156,110.88999938964844,109.72000122070312,110.69000244140625,101.8748550415039,1193400
2013-08-26,110.80000305175781,113.33999633789062,110.75,112.04000091552734,103.1173324584961,2502600
2013-08-27,110.5,111.12000274658203,107.69999694824219,108.44999694824219,99.813232421875,2348200
2013-08-28,108.44999694824219,109.3499984741211,107.93000030517578,108.5,99.8592529296875,1119400
2013-08-29,108.5,109.5,108.26000213623047,108.58000183105469,99.93286895751953,927400
2013-08-30,108.76000213623047,108.79000091552734,106.83999633789062,107.36000061035156,98.81004333496094,1194400
2013-09-03,108.44999694824219,108.7300033569336,106.77999877929688,107.5999984741211,99.03092956542969,1555100
2013-09-04,107.44000244140625,107.9000015258789,107.12000274658203,107.61000061035156,99.0401382446289,1665800
2013-09-05,107.47000122070312,109.47000122070312,107.47000122070312,109.05000305175781,100.36544799804688,1460500
2013-09-06,109.33999633789062,109.79000091552734,107.4000015258789,108.16000366210938,99.6834487915039,1511800
2013-09-09,108.4000015258789,109.19000244140625,107.62999725341797,109.0999984741211,100.5497817993164,2203000
2013-09-10,109.77999877929688,111.5,109.73999786376953,110.58999633789062,101.92301177978516,1677300
2013-09-11,110.52999877929688,110.66999816894531,109.5199966430664,110.25,101.6096420288086,1356400
2013-09-12,110.0999984741211,110.12000274658203,107.73999786376953,108.38999938964844,99.89541625976562,2306500
2013-09-13,108.72000122070312,108.9000015258789,106.37999725341797,107.23999786376953,98.83554077148438,2974200
2013-09-16,108.8499984741211,111.0,108.55999755859375,109.56999969482422,100.98294830322266,2673200
2013-09-17,109.88999938964844,111.4800033569336,109.79000091552734,110.68000030517578,102.00596618652344,2575500
2013-09-18,113.19999694824219,116.94999694824219,112.5,116.25,107.1394271850586,6671000
2013-09-19,114.62999725341797,117.37999725341797,114.54000091552734,116.83000183105469,107.6739730834961,3291200
2013-09-20,117.4800033569336,118.30999755859375,116.70999908447266,116.83000183105469,107.6739730834961,2624800
2013-09-23,115.16999816894531,116.0,114.12000274658203,114.91000366210938,105.90443420410156,2022300
2013-09-24,114.8499984741211,115.87999725341797,114.58999633789062,114.72000122070312,105.72933197021484,1291200
2013-09-25,115.04000091552734,115.12999725341797,112.91999816894531,113.56999969482422,104.66948699951172,2426100
2013-09-26,113.97000122070312,114.7300033569336,112.87000274658203,113.55999755859375,104.66026306152344,1660200
2013-09-27,113.0199966430664,113.93000030517578,112.91999816894531,113.7699966430664,104.85379028320312,1052100
2013-09-30,112.56999969482422,114.75,112.44000244140625,114.11000061035156,105.16712951660156,1709900
2013-10-01,114.23999786376953,115.31999969482422,113.87000274658203,115.26000213623047,106.2270278930664,1456300
2013-10-02,114.51000213623047,115.36000061035156,113.91999816894531,115.27999877929688,106.2454605102539,1198500
2013-10-03,114.87000274658203,115.16999816894531,111.80000305175781,113.55000305175781,104.65104675292969,2162800
2013-10-04,113.44000244140625,114.9800033569336,113.02999877929688,114.7300033569336,105.7385482788086,1143100
2013-10-07,113.75,114.36000061035156,112.61000061035156,113.69000244140625,104.7800521850586,1264700
2013-10-08,113.58000183105469,114.0,111.95999908447266,112.08000183105469,103.29623413085938,1164200
2013-10-09,112.33000183105469,113.13999938964844,111.25,112.58000183105469,103.75704193115234,1518900
2013-10-10,113.9000015258789,115.11000061035156,113.22000122070312,115.05999755859375,106.0427017211914,1246900
2013-10-11,114.45999908447266,115.88999938964844,114.01000213623047,115.87000274658203,106.78919982910156,1041400
2013-10-14,115.29000091552734,115.4800033569336,114.33000183105469,115.37000274658203,106.32843017578125,899800
2013-10-15,116.91000366210938,122.5,116.8499984741211,120.08000183105469,110.66926574707031,6195500
2013-10-16,119.87000274658203,124.3499984741211,119.69999694824219,123.26000213623047,113.60006713867188,4127600
2013-10-17,121.9800033569336,125.2699966430664,121.56999969482422,125.19000244140625,115.37879180908203,4344800
2013-10-18,125.2699966430664,126.62999725341797,124.70999908447266,126.44000244140625,116.53083801269531,2023900
2013-10-21,126.22000122070312,127.87000274658203,125.91999816894531,127.41000366210938,117.42481994628906,2227800
2013-10-22,128.8699951171875,132.3000030517578,128.86000061035156,129.69000244140625,119.52610778808594,4792200
2013-10-23,128.6699981689453,130.10000610351562,128.25999450683594,129.82000732421875,119.64595031738281,2649900
2013-10-24,130.47999572753906,131.99000549316406,130.07000732421875,131.57000732421875,121.25881958007812,2299400
2013-10-25,131.9600067138672,132.5500030517578,131.1699981689453,132.05999755859375,121.71038055419922,2464100
2013-10-28,131.4199981689453,133.63999938964844,131.22999572753906,132.52999877929688,122.14353942871094,3100600
2013-10-29,133.2899932861328,133.38999938964844,132.0,133.13999938964844,122.70573425292969,1826700
2013-10-30,133.0500030517578,133.83999633789062,132.1199951171875,132.80999755859375,122.40162658691406,2302000
2013-10-31,132.02000427246094,132.55999755859375,129.80999755859375,131.0,120.73347473144531,3417500
2013-11-01,131.77000427246094,134.74000549316406,131.5800018310547,134.64999389648438,124.0973892211914,3728600
2013-11-04,134.64999389648438,136.05999755859375,134.08999633789062,135.1199951171875,124.53058624267578,2474500
2013-11-05,134.3699951171875,136.88999938964844,133.7899932861328,136.22999572753906,125.55359649658203,2670600
2013-11-06,136.80999755859375,136.97999572753906,131.9199981689453,132.77000427246094,122.36475372314453,5439500
2013-11-07,133.0500030517578,133.35000610351562,130.25,130.5500030517578,120.31871795654297,2846400
2013-11-08,130.2899932861328,132.72999572753906,130.27999877929688,132.57000732421875,122.18042755126953,2676700
2013-11-11,131.97999572753906,133.1699981689453,131.60000610351562,132.52000427246094,122.13433837890625,1805000
2013-11-12,131.8000030517578,136.10000610351562,130.80999755859375,134.6300048828125,124.0790023803711,4789000
2013-11-13,134.1199951171875,135.88999938964844,133.3300018310547,135.2899932861328,124.6872329711914,3447600
2013-11-14,135.41000366210938,136.5,135.0399932861328,136.44000244140625,125.7470932006836,3123700
2013-11-15,138.4600067138672,139.94000244140625,137.88999938964844,138.64999389648438,127.78392028808594,3644900
2013-11-18,138.58999633789062,139.77000427246094,136.7899932861328,137.13999938964844,126.39226531982422,2965700
2013-11-19,137.1699981689453,137.32000732421875,133.92999267578125,134.0,123.49835205078125,2960600
2013-11-20,134.35000610351562,135.74000549316406,134.19000244140625,134.5800018310547,124.03289031982422,1716000
2013-11-21,135.32000732421875,138.86000061035156,135.25,138.3800048828125,127.53507995605469,2920800
2013-11-22,138.10000610351562,138.4499969482422,135.94000244140625,137.07000732421875,126.3277587890625,1680100
2013-11-25,137.80999755859375,137.97999572753906,136.7100067138672,137.22000122070312,126.46598815917969,1234500
2013-11-26,137.3000030517578,138.6199951171875,137.00999450683594,137.80999755859375,127.00977325439453,1495000
2013-11-27,138.6999969482422,140.27999877929688,138.50999450683594,139.86000061035156,128.8990936279297,1358600
2013-11-29,140.4499969482422,140.5500030517578,138.50999450683594,138.6999969482422,127.83000183105469,733100
2013-12-02,139.14999389648438,140.9600067138672,138.72999572753906,140.2100067138672,129.22166442871094,1953400
2013-12-03,139.4600067138672,140.0,137.67999267578125,138.0399932861328,127.22173309326172,1927300
2013-12-04,137.66000366210938,140.0,136.80999755859375,138.7100067138672,127.83924865722656,1187900
2013-12-05,137.89999389648438,139.6699981689453,137.6699981689453,138.22000122070312,127.38761901855469,1161200
2013-12-06,139.99000549316406,140.1699981689453,139.07000732421875,139.38999938964844,128.46592712402344,1216500
2013-12-09,139.82000732421875,140.0,139.11000061035156,139.80999755859375,128.85304260253906,1349300
2013-12-10,139.66000366210938,140.17999267578125,138.22000122070312,138.49000549316406,127.77359008789062,1538700
2013-12-11,138.8800048828125,139.0,136.35000610351562,136.50999450683594,125.94676971435547,1451900
2013-12-12,136.55999755859375,137.52999877929688,136.27000427246094,136.33999633789062,125.7899398803711,1795700
2013-12-13,138.00999450683594,138.8800048828125,137.00999450683594,137.89999389648438,127.22917938232422,2583700
2013-12-16,139.58999633789062,140.97000122070312,138.8800048828125,139.85000610351562,129.02833557128906,3549800
2013-12-17,139.8000030517578,140.1699981689453,138.5,139.08999633789062,128.32713317871094,2697000
2013-12-18,138.10000610351562,140.24000549316406,137.36000061035156,139.72000122070312,128.90835571289062,4825100
2013-12-19,139.61000061035156,140.02000427246094,137.75999450683594,139.69000244140625,128.88070678710938,2688900
2013-12-20,139.52000427246094,143.72999572753906,139.22999572753906,142.7100067138672,131.6669921875,3350200
2013-12-23,143.30999755859375,143.44000244140625,141.6199951171875,142.19000244140625,131.18724060058594,1461000
2013-12-24,142.24000549316406,142.3800048828125,141.13999938964844,142.0,131.01199340820312,750600
2013-12-26,142.64999389648438,143.52000427246094,142.3300018310547,143.3000030517578,132.2113494873047,1246400
2013-12-27,143.27999877929688,143.86000061035156,142.74000549316406,143.42999267578125,132.3312530517578,923500
2013-12-30,143.47999572753906,143.8800048828125,142.86000061035156,143.0500030517578,131.98069763183594,889300
2013-12-31,143.00999450683594,144.1300048828125,143.0,143.77000427246094,132.64500427246094,1102600
2014-01-02,142.89999389648438,144.38999938964844,139.57000732421875,139.77000427246094,128.95449829101562,3360000
2014-01-03,140.3300018310547,141.14999389648438,139.91000366210938,140.0500030517578,129.21286010742188,2779600
2014-01-06,142.6999969482422,143.0,138.25999450683594,138.72000122070312,127.98577880859375,2995000
2014-01-07,139.33999633789062,140.97999572753906,138.99000549316406,140.63999938964844,129.75718688964844,1702000
2014-01-08,141.0399932861328,141.3800048828125,139.99000549316406,140.3699951171875,129.50808715820312,1632800
2014-01-09,140.50999450683594,141.77000427246094,139.9499969482422,141.50999450683594,130.5598907470703,1451600
2014-01-10,141.1999969482422,142.74000549316406,140.41000366210938,142.6300048828125,131.5932159423828,1714700
2014-01-13,141.35000610351562,142.75,140.24000549316406,140.49000549316406,129.61883544921875,1565200
2014-01-14,140.9499969482422,142.8300018310547,139.72999572753906,142.6999969482422,131.6577911376953,2344500
2014-01-15,142.77999877929688,143.13999938964844,141.94000244140625,142.5500030517578,131.51937866210938,2692200
2014-01-16,141.9199981689453,142.5,140.9499969482422,141.80999755859375,130.83670043945312,1928100
2014-01-17,140.61000061035156,141.8699951171875,140.08999633789062,140.50999450683594,129.63723754882812,2293000
2014-01-21,141.7100067138672,142.6199951171875,140.8000030517578,142.14999389648438,131.1503143310547,2509000
2014-01-22,142.75,142.83999633789062,141.6300048828125,142.3000030517578,131.2886962890625,1337100
2014-01-23,141.61000061035156,141.99000549316406,139.35000610351562,140.24000549316406,129.3881072998047,1836300
2014-01-24,139.16000366210938,139.38999938964844,134.57000732421875,134.5800018310547,124.16612243652344,3089300
2014-01-27,134.69000244140625,135.77999877929688,131.0800018310547,131.9499969482422,121.7396011352539,4738700
2014-01-28,131.99000549316406,134.63999938964844,131.99000549316406,134.33999633789062,123.94467163085938,3169700
2014-01-29,132.8300018310547,134.0,131.5500030517578,131.85000610351562,121.64740753173828,2647600
2014-01-30,133.08999633789062,134.8300018310547,133.05999755859375,133.77000427246094,123.41880798339844,1935900
2014-01-31,131.85000610351562,134.9600067138672,131.7899932861328,133.32000732421875,123.00362396240234,1588500
2014-02-03,132.92999267578125,135.05999755859375,129.02999877929688,129.44000244140625,119.42387390136719,3184000
2014-02-04,129.47999572753906,130.92999267578125,128.1699981689453,130.4199981689453,120.3280258178711,2387000
2014-02-05,129.85000610351562,130.9199981689453,129.19000244140625,129.97000122070312,119.9128189086914,2009200
2014-02-06,130.13999938964844,131.86000061035156,130.05999755859375,130.83999633789062,120.71552276611328,1908400
2014-02-07,131.9199981689453,133.07000732421875,130.8699951171875,131.75999450683594,121.5643310546875,2390500
2014-02-10,131.3699951171875,132.05999755859375,129.33999633789062,129.8800048828125,119.82978820800781,3602500
2014-02-11,130.41000366210938,133.77999877929688,130.1300048828125,133.14999389648438,122.84676361083984,3256000
2014-02-12,133.16000366210938,133.80999755859375,131.75,133.0,122.7083740234375,1895700
2014-02-13,131.9199981689453,133.33999633789062,131.0,133.07000732421875,122.77297973632812,1780700
2014-02-14,132.97999572753906,134.5500030517578,132.8699951171875,133.9199981689453,123.55719757080078,1436200
2014-02-18,134.32000732421875,134.77000427246094,132.3300018310547,132.7899932861328,122.51461029052734,2360500
2014-02-19,132.33999633789062,133.50999450683594,131.00999450683594,131.35000610351562,121.18604278564453,2780900
2014-02-20,131.69000244140625,133.50999450683594,131.05999755859375,132.99000549316406,122.69915008544922,1787000
2014-02-21,133.17999267578125,135.2100067138672,133.11000061035156,134.89999389648438,124.46136474609375,1969400
2014-02-24,135.08999633789062,136.97999572753906,134.5,134.8699951171875,124.43360900878906,2243200
2014-02-25,134.85000610351562,134.8699951171875,132.32000732421875,132.83999633789062,122.56073760986328,2588900
2014-02-26,132.6300048828125,133.97000122070312,131.9499969482422,132.3699951171875,122.12712860107422,1588100
2014-02-27,132.0399932861328,133.83999633789062,131.9499969482422,133.5500030517578,123.21583557128906,1736100
2014-02-28,133.19000244140625,134.42999267578125,132.33999633789062,133.3300018310547,123.01280975341797,1904700
2014-03-03,132.0500030517578,134.2899932861328,132.0500030517578,133.3800048828125,123.05900573730469,1614300
2014-03-04,134.83999633789062,137.64999389648438,134.74000549316406,137.08999633789062,126.48190307617188,2250100
2014-03-05,137.24000549316406,137.60000610351562,136.50999450683594,136.91000366210938,126.31583404541016,1292200
2014-03-06,137.25,137.63999938964844,136.19000244140625,137.2899932861328,126.66641235351562,1581300
2014-03-07,137.9199981689453,138.60000610351562,136.9600067138672,137.42999267578125,126.93429565429688,1353800
2014-03-10,137.02999877929688,138.38999938964844,136.80999755859375,137.86000061035156,127.33139038085938,1720700
2014-03-11,137.74000549316406,138.07000732421875,136.7100067138672,137.2899932861328,126.80492401123047,1483500
2014-03-12,136.8000030517578,138.13999938964844,136.0,137.7899932861328,127.26675415039062,1275600
2014-03-13,138.36000061035156,139.2899932861328,135.8800048828125,136.67999267578125,126.24150848388672,2286000
2014-03-14,136.3800048828125,137.75,136.02000427246094,136.75999450683594,126.31542205810547,2629200
2014-03-17,137.7100067138672,138.61000061035156,137.11000061035156,137.5800018310547,127.07279205322266,3855000
2014-03-18,137.58999633789062,139.19000244140625,137.35000610351562,138.57000732421875,127.98722076416016,2578900
2014-03-19,138.11000061035156,141.1699981689453,137.13999938964844,138.3800048828125,127.81172943115234,3110400
2014-03-20,137.02999877929688,137.72999572753906,135.24000549316406,136.5,126.07527923583984,3377700
2014-03-21,137.50999450683594,138.0,136.02000427246094,136.7899932861328,126.34312438964844,5017900
2014-03-24,137.14999389648438,137.1999969482422,134.8699951171875,134.9499969482422,124.6436538696289,3206900
2014-03-25,134.8800048828125,135.67999267578125,132.52000427246094,134.16000366210938,123.91400909423828,4336800
2014-03-26,134.47999572753906,135.30999755859375,132.08999633789062,132.1199951171875,122.02976989746094,2870700
2014-03-27,132.0,132.63999938964844,131.3000030517578,132.11000061035156,122.02054595947266,3042800
2014-03-28,132.44000244140625,133.39999389648438,132.00999450683594,132.00999450683594,121.92816925048828,5019100
2014-03-31,132.52000427246094,133.24000549316406,131.8699951171875,132.55999755859375,122.43619537353516,4368000
2014-04-01,133.0,134.11000061035156,132.77999877929688,134.11000061035156,123.86782836914062,2513800
2014-04-02,134.10000610351562,135.1999969482422,133.94000244140625,134.75999450683594,124.46815490722656,1747800
2014-04-03,134.6999969482422,136.1199951171875,134.6999969482422,135.3000030517578,124.96691131591797,1987600
2014-04-04,135.7899932861328,136.60000610351562,133.86000061035156,134.35000610351562,124.0895004272461,1586500
2014-04-07,134.36000061035156,135.00999450683594,132.6699981689453,132.97999572753906,122.82411193847656,2007500
2014-04-08,133.0399932861328,133.39999389648438,131.80999755859375,132.91000366210938,122.75947570800781,2016100
2014-04-09,133.30999755859375,134.49000549316406,132.9499969482422,134.0,123.76622009277344,1640400
2014-04-10,134.0800018310547,134.30999755859375,131.86000061035156,132.05999755859375,121.974365234375,2528300
2014-04-11,130.97000122070312,132.75999450683594,130.67999267578125,131.22999572753906,121.207763671875,1927200
2014-04-14,132.11000061035156,132.86000061035156,131.16000366210938,132.0,121.91897583007812,2115200
2014-04-15,132.3300018310547,132.99000549316406,130.63999938964844,132.1699981689453,122.07598114013672,2518400
2014-04-16,132.5500030517578,134.0399932861328,132.00999450683594,133.75,123.53531646728516,2696500
2014-04-17,133.6199951171875,135.97000122070312,133.6199951171875,135.5500030517578,125.19784545898438,2152300
2014-04-21,135.61000061035156,136.77999877929688,135.25999450683594,136.27000427246094,125.86286163330078,2755300
2014-04-22,136.5399932861328,137.77000427246094,136.52000427246094,137.02999877929688,126.56480407714844,2173900
2014-04-23,137.0,137.14999389648438,135.92999267578125,136.3300018310547,125.9182357788086,1793300
2014-04-24,136.39999389648438,137.08999633789062,135.6199951171875,136.0800018310547,125.68736267089844,1926700
2014-04-25,136.02000427246094,136.0399932861328,133.9499969482422,134.2100067138672,123.96021270751953,1118500
2014-04-28,134.38999938964844,136.02000427246094,133.52000427246094,134.52999877929688,124.2557601928711,1812300
2014-04-29,134.80999755859375,135.72000122070312,133.89999389648438,135.47000122070312,125.12393188476562,1161200
2014-04-30,135.5500030517578,136.80999755859375,134.85000610351562,136.25,125.8443603515625,1810000
2014-05-01,136.36000061035156,137.0,135.38999938964844,136.24000549316406,125.83514404296875,813000
2014-05-02,136.11000061035156,137.72999572753906,136.11000061035156,136.9499969482422,126.49089813232422,966700
2014-05-05,136.07000732421875,136.4600067138672,135.00999450683594,135.85000610351562,125.47492980957031,959100
2014-05-06,135.2899932861328,136.99000549316406,135.0500030517578,135.49000549316406,125.14246368408203,1411000
2014-05-07,136.2100067138672,138.6699981689453,136.00999450683594,138.5399932861328,127.95947265625,1874300
2014-05-08,135.80999755859375,137.66000366210938,135.8000030517578,136.6999969482422,126.26007080078125,2394900
2014-05-09,136.0,137.88999938964844,135.2100067138672,137.52000427246094,127.01742553710938,2138500
2014-05-12,138.02999877929688,140.33999633789062,137.9199981689453,140.14999389648438,129.44651794433594,1726700
2014-05-13,140.2899932861328,140.83999633789062,139.88999938964844,140.13999938964844,129.43731689453125,1085700
2014-05-14,140.0,140.0,138.91000366210938,139.3300018310547,128.6891632080078,1682000
2014-05-15,139.27999877929688,139.33999633789062,137.5500030517578,138.67999267578125,128.0887908935547,1260700
2014-05-16,138.82000732421875,139.77000427246094,137.91000366210938,138.22999572753906,127.67318725585938,2067000
2014-05-19,138.10000610351562,139.22000122070312,137.83999633789062,139.0,128.3843536376953,3897200
2014-05-20,139.0800018310547,139.47000122070312,136.97000122070312,137.4600067138672,126.96198272705078,1968400
2014-05-21,138.3000030517578,139.69000244140625,138.02999877929688,139.0500030517578,128.43052673339844,1586000
2014-05-22,138.83999633789062,139.69000244140625,138.33999633789062,139.3300018310547,128.6891632080078,1550800
2014-05-23,139.72000122070312,141.94000244140625,139.30999755859375,141.5,130.69338989257812,1198100
2014-05-27,142.02000427246094,142.83999633789062,141.6199951171875,142.24000549316406,131.376953125,1894800
2014-05-28,142.24000549316406,143.97999572753906,142.1999969482422,143.47000122070312,132.51295471191406,1491000
2014-05-29,143.8800048828125,144.60000610351562,143.3000030517578,144.52999877929688,133.49200439453125,1275500
2014-05-30,144.3699951171875,144.85000610351562,143.94000244140625,144.16000366210938,133.15023803710938,943200
2014-06-02,144.30999755859375,144.99000549316406,143.72000122070312,144.25,133.23336791992188,1285500
2014-06-03,143.80999755859375,144.64999389648438,142.5800018310547,142.9499969482422,132.03268432617188,1351100
2014-06-04,142.74000549316406,143.30999755859375,142.3800048828125,143.0,132.078857421875,1091200
2014-06-05,143.47000122070312,143.99000549316406,142.36000061035156,142.64999389648438,131.755615234375,1953400
2014-06-06,142.8300018310547,143.3000030517578,142.27999877929688,142.6999969482422,131.80178833007812,2273800
2014-06-09,142.69000244140625,144.39999389648438,142.69000244140625,143.64999389648438,132.67926025390625,1661900
2014-06-10,142.97000122070312,143.91000366210938,142.80999755859375,143.7899932861328,132.8085479736328,1087800
2014-06-11,143.07000732421875,143.08999633789062,141.94000244140625,142.75,131.8479766845703,1016000
2014-06-12,142.08999633789062,142.27999877929688,139.13999938964844,139.2100067138672,128.57833862304688,1594000
2014-06-13,139.52999877929688,140.6999969482422,139.08999633789062,140.27000427246094,129.55738830566406,1266600
2014-06-16,139.82000732421875,140.47999572753906,139.25,139.4499969482422,128.80001831054688,1458400
2014-06-17,139.0500030517578,141.07000732421875,138.3000030517578,140.30999755859375,129.7803955078125,1857000
2014-06-18,145.35000610351562,149.3699951171875,145.08999633789062,148.9499969482422,137.77200317382812,5650700
2014-06-19,147.9600067138672,149.3300018310547,146.8300018310547,147.60000610351562,136.52340698242188,3368900
2014-06-20,147.83999633789062,148.4600067138672,147.66000366210938,148.1199951171875,137.00433349609375,2758700
2014-06-23,148.0,149.67999267578125,147.9600067138672,148.8800048828125,137.7073211669922,2654200
2014-06-24,148.44000244140625,151.14999389648438,148.44000244140625,149.67999267578125,138.44725036621094,3019400
2014-06-25,149.11000061035156,151.88999938964844,148.82000732421875,151.4199981689453,140.05670166015625,2022300
2014-06-26,151.36000061035156,151.67999267578125,150.0500030517578,151.5,140.1306915283203,1163000
2014-06-27,151.2899932861328,151.75999450683594,150.75999450683594,151.41000366210938,140.0474395751953,1945500
2014-06-30,151.39999389648438,151.6699981689453,150.66000366210938,151.3800048828125,140.0196990966797,1433000
2014-07-01,152.0,152.83999633789062,151.57000732421875,152.3800048828125,140.94464111328125,1445000
2014-07-02,152.27000427246094,153.24000549316406,152.0800018310547,152.27000427246094,140.8429412841797,1236300
2014-07-03,152.7899932861328,153.74000549316406,152.5399932861328,153.61000061035156,142.08233642578125,660800
2014-07-07,152.86000061035156,153.10000610351562,151.3800048828125,151.67999267578125,140.2971954345703,1147900
2014-07-08,151.3699951171875,151.58999633789062,149.82000732421875,151.1699981689453,139.8254852294922,1207200
2014-07-09,151.61000061035156,152.44000244140625,150.80999755859375,151.32000732421875,139.9641876220703,822400
2014-07-10,149.8699951171875,150.8800048828125,149.4199981689453,150.25999450683594,138.98374938964844,984300
2014-07-11,150.14999389648438,151.32000732421875,149.9199981689453,150.63999938964844,139.335205078125,839100
2014-07-14,151.64999389648438,151.91000366210938,150.97999572753906,151.07000732421875,139.7329559326172,1149100
2014-07-15,149.5800018310547,152.6699981689453,149.5800018310547,151.89999389648438,140.5006866455078,1193500
2014-07-16,152.39999389648438,154.5,152.25,154.3800048828125,142.7945556640625,1424700
2014-07-17,153.35000610351562,155.30999755859375,151.72999572753906,151.89999389648438,140.5006866455078,1811900
2014-07-18,151.33999633789062,153.14999389648438,151.22999572753906,152.8699951171875,141.39785766601562,1032400
2014-07-21,152.52999877929688,153.30999755859375,152.0800018310547,152.35000610351562,140.91685485839844,1030500
2014-07-22,152.88999938964844,153.92999267578125,152.82000732421875,153.2899932861328,141.78636169433594,1314300
2014-07-23,153.4600067138672,153.88999938964844,152.60000610351562,152.67999267578125,141.22216796875,966600
2014-07-24,153.02999877929688,153.25,152.3300018310547,152.5,141.05560302734375,1009900
2014-07-25,152.0,152.41000366210938,150.8000030517578,150.86000061035156,139.53871154785156,1269600
2014-07-28,150.89999389648438,151.4600067138672,148.3000030517578,149.52999877929688,138.3085174560547,1652200
2014-07-29,148.5,149.86000061035156,147.0399932861328,147.13999938964844,136.09788513183594,1706200
2014-07-30,147.36000061035156,150.33999633789062,147.36000061035156,149.36000061035156,138.15130615234375,1390600
2014-07-31,148.07000732421875,149.11000061035156,146.63999938964844,146.8800048828125,135.857421875,1519800
2014-08-01,146.6300048828125,147.99000549316406,145.92999267578125,146.75,135.73712158203125,1709100
2014-08-04,147.30999755859375,149.0800018310547,146.9499969482422,148.8300018310547,137.6610565185547,1444000
2014-08-05,147.83999633789062,148.5500030517578,146.14999389648438,146.83999633789062,135.8203887939453,860700
2014-08-06,145.8300018310547,146.4199981689453,145.0800018310547,145.47000122070312,134.55322265625,1098000
2014-08-07,146.9600067138672,148.41000366210938,145.91000366210938,146.02000427246094,135.06195068359375,1659200
2014-08-08,146.22999572753906,147.9199981689453,145.6199951171875,147.85000610351562,136.75460815429688,825500
2014-08-11,148.80999755859375,149.07000732421875,147.72000122070312,148.27999877929688,137.15232849121094,790900
2014-08-12,148.32000732421875,149.19000244140625,148.00999450683594,148.42999267578125,137.29107666015625,495400
2014-08-13,149.0,149.6699981689453,148.9199981689453,149.35000610351562,138.14202880859375,622500
2014-08-14,149.63999938964844,149.72000122070312,148.61000061035156,149.63999938964844,138.41029357910156,529000
2014-08-15,150.0399932861328,150.24000549316406,147.5,148.72000122070312,137.55934143066406,1071500
2014-08-18,149.2899932861328,150.4499969482422,149.22999572753906,150.4199981689453,139.13172912597656,1066900
2014-08-19,150.50999450683594,150.60000610351562,149.91000366210938,150.0,138.7432403564453,1062800
2014-08-20,150.16000366210938,150.9600067138672,149.99000549316406,150.6300048828125,139.3259735107422,1476600
2014-08-21,151.02999877929688,151.07000732421875,150.0,150.5500030517578,139.25196838378906,817400
2014-08-22,150.72999572753906,150.72999572753906,149.0399932861328,149.4600067138672,138.24378967285156,1075900
2014-08-25,150.1300048828125,150.5399932861328,149.64999389648438,149.7899932861328,138.5489959716797,619500
2014-08-26,150.0,150.38999938964844,149.17999267578125,149.27999877929688,138.0773162841797,609100
2014-08-27,149.25,149.8000030517578,148.9499969482422,149.10000610351562,137.9107666015625,696600
2014-08-28,148.7899932861328,149.0,147.02999877929688,147.8699951171875,136.77308654785156,1364300
2014-08-29,148.39999389648438,148.49000549316406,147.64999389648438,147.8800048828125,136.7823486328125,1227400
2014-09-02,148.72000122070312,150.57000732421875,148.3699951171875,150.39999389648438,139.11325073242188,1416900
2014-09-03,150.47999572753906,152.2100067138672,150.3699951171875,151.7100067138672,140.32496643066406,1479300
2014-09-04,152.22000122070312,154.24000549316406,151.69000244140625,152.0399932861328,140.6302032470703,1748300
2014-09-05,151.5500030517578,153.35000610351562,150.10000610351562,153.3000030517578,141.7956085205078,1208100
2014-09-08,152.5399932861328,153.25,151.88999938964844,152.39999389648438,141.1472625732422,1349200
2014-09-09,152.19000244140625,152.39999389648438,150.69000244140625,151.0,139.8506622314453,1001600
2014-09-10,150.9499969482422,151.07000732421875,150.00999450683594,150.75999450683594,139.62835693359375,993200
2014-09-11,150.0800018310547,152.99000549316406,150.00999450683594,152.52999877929688,141.26768493652344,1029100
2014-09-12,153.17999267578125,154.08999633789062,152.5399932861328,153.77000427246094,142.41615295410156,1564600
2014-09-15,154.0,154.32000732421875,152.00999450683594,154.0399932861328,142.6662139892578,1684600
2014-09-16,154.80999755859375,155.05999755859375,153.0500030517578,154.66000366210938,143.2404022216797,2224400
2014-09-17,159.6999969482422,161.64999389648438,159.1999969482422,159.7100067138672,147.91754150390625,4338900
2014-09-18,159.8000030517578,161.25,158.69000244140625,158.92999267578125,147.1951141357422,3393100
2014-09-19,160.08999633789062,160.25999450683594,158.3300018310547,158.3300018310547,146.63943481445312,4271100
2014-09-22,158.00999450683594,158.85000610351562,157.80999755859375,157.86000061035156,146.2041015625,1621300
2014-09-23,157.58999633789062,159.0,157.4600067138672,158.0,146.3337860107422,1357700
2014-09-24,158.3699951171875,159.5399932861328,157.8000030517578,159.30999755859375,147.54710388183594,1497300
2014-09-25,159.2899932861328,159.52000427246094,157.0399932861328,157.16000366210938,145.55581665039062,1132900
2014-09-26,157.57000732421875,160.35000610351562,157.52000427246094,159.77999877929688,147.98239135742188,1239400
2014-09-29,158.83999633789062,162.52000427246094,158.52999877929688,162.17999267578125,150.20518493652344,2055100
2014-09-30,162.2100067138672,163.83999633789062,161.3000030517578,161.4499969482422,149.52906799316406,2875900
2014-10-01,161.0,161.38999938964844,157.63999938964844,158.13999938964844,146.4634552001953,2429500
2014-10-02,158.16000366210938,159.35000610351562,156.6999969482422,159.02999877929688,147.2877655029297,1747200
2014-10-03,160.8300018310547,163.24000549316406,160.22000122070312,162.74000549316406,150.72384643554688,1990300
2014-10-06,163.27000427246094,165.1699981689453,159.0,159.24000549316406,147.48223876953125,2687200
2014-10-07,158.58999633789062,159.0,156.02999877929688,156.05999755859375,144.53707885742188,1734400
2014-10-08,156.17999267578125,160.42999267578125,155.1300048828125,160.25,148.41769409179688,2137500
2014-10-09,159.5,160.35000610351562,156.22000122070312,156.50999450683594,144.9538116455078,1450800
2014-10-10,156.16000366210938,157.7899932861328,153.49000549316406,154.75,143.32382202148438,2129700
2014-10-13,155.10000610351562,156.77000427246094,151.11000061035156,151.25999450683594,140.09146118164062,1992400
2014-10-14,152.8800048828125,155.3300018310547,152.61000061035156,153.72000122070312,142.36984252929688,2605800
2014-10-15,151.11000061035156,154.4499969482422,148.80999755859375,153.82000732421875,142.46246337890625,2644600
2014-10-16,151.67999267578125,154.38999938964844,150.5399932861328,151.92999267578125,140.71197509765625,2743800
2014-10-17,153.24000549316406,156.64999389648438,153.02000427246094,156.1199951171875,144.5925750732422,2613200
2014-10-20,155.72000122070312,156.14999389648438,154.00999450683594,155.8699951171875,144.36106872558594,1691000
2014-10-21,157.02999877929688,160.92999267578125,156.7100067138672,159.8800048828125,148.0749969482422,2670300
2014-10-22,160.74000549316406,161.25999450683594,158.4499969482422,158.47000122070312,146.7690887451172,1872100
2014-10-23,160.9499969482422,163.47999572753906,160.58999633789062,162.5,150.5015869140625,2368900
2014-10-24,163.10000610351562,164.47999572753906,162.67999267578125,163.8800048828125,151.77967834472656,1571100
2014-10-27,163.75,165.39999389648438,163.00999450683594,165.22000122070312,153.0207061767578,1530000
2014-10-28,165.82000732421875,168.27000427246094,165.6300048828125,168.1999969482422,155.78067016601562,1579100
2014-10-29,168.1999969482422,168.25,163.61000061035156,165.77000427246094,153.53009033203125,1827400
2014-10-30,165.19000244140625,166.72000122070312,163.91000366210938,165.2899932861328,153.08554077148438,1670300
2014-10-31,167.99000549316406,169.0,167.02000427246094,167.39999389648438,155.0397186279297,2245600
2014-11-03,167.14999389648438,167.6199951171875,165.7100067138672,167.1999969482422,154.8544921875,1550800
2014-11-04,167.72999572753906,168.63999938964844,166.89999389648438,166.9600067138672,154.63226318359375,2429300
2014-11-05,169.0,169.47999572753906,167.1999969482422,169.4199981689453,156.91058349609375,1522700
2014-11-06,169.5,171.9199981689453,169.27000427246094,171.6999969482422,159.0222625732422,1547900
2014-11-07,171.91000366210938,171.91000366210938,169.63999938964844,171.22000122070312,158.57769775390625,1238100
2014-11-10,170.99000549316406,171.9499969482422,170.05999755859375,171.74000549316406,159.0592803955078,1091000
2014-11-11,171.7899932861328,172.8800048828125,171.1300048828125,172.33999633789062,159.61497497558594,1383200
2014-11-12,171.6699981689453,172.1300048828125,170.47999572753906,171.8000030517578,159.11485290527344,906100
2014-11-13,172.02000427246094,172.4600067138672,170.4600067138672,171.57000732421875,158.90187072753906,1552100
2014-11-14,171.13999938964844,172.6999969482422,170.77000427246094,171.55999755859375,158.89254760742188,1062200
2014-11-17,171.25999450683594,171.6199951171875,170.6199951171875,171.32000732421875,158.67030334472656,848000
2014-11-18,171.2899932861328,172.80999755859375,171.19000244140625,172.0,159.30010986328125,1032100
2014-11-19,172.0,172.0,170.27999877929688,171.67999267578125,159.0037078857422,893700
2014-11-20,171.08999633789062,172.6199951171875,170.4199981689453,172.5,159.76316833496094,1092100
2014-11-21,175.52999877929688,176.61000061035156,173.8699951171875,174.4600067138672,161.57846069335938,2068200
2014-11-24,175.33999633789062,176.4499969482422,175.08999633789062,175.52999877929688,162.56948852539062,1868600
2014-11-25,175.4499969482422,175.88999938964844,174.39999389648438,174.86000061035156,161.9489288330078,1964000
2014-11-26,175.25,175.49000549316406,174.52000427246094,175.0800018310547,162.15269470214844,765800
2014-11-28,178.5399932861328,179.7899932861328,177.5,178.17999267578125,165.0237579345703,1813200
2014-12-01,178.7899932861328,178.97000122070312,175.72000122070312,177.6999969482422,164.5792236328125,1989600
2014-12-02,181.1199951171875,182.4199981689453,179.77000427246094,180.38999938964844,167.07057189941406,3416800
2014-12-03,180.6999969482422,180.6999969482422,179.49000549316406,180.0399932861328,166.74642944335938,1695800
2014-12-04,180.25,180.75,179.33999633789062,180.17999267578125,166.87603759765625,1431400
2014-12-05,180.25,182.17999267578125,180.1999969482422,182.02999877929688,168.5895538330078,1246300
2014-12-08,182.9499969482422,183.50999450683594,181.25999450683594,181.52999877929688,168.12643432617188,1885300
2014-12-09,179.7899932861328,180.0,176.52999877929688,178.77000427246094,165.57025146484375,2240900
2014-12-10,179.39999389648438,179.60000610351562,176.36000061035156,176.4600067138672,163.61378479003906,2079600
2014-12-11,177.88999938964844,178.61000061035156,176.5399932861328,176.8800048828125,164.00323486328125,2082700
2014-12-12,176.3800048828125,178.5,175.33999633789062,175.7899932861328,162.99258422851562,1858500
2014-12-15,176.82000732421875,178.97000122070312,174.75999450683594,176.27000427246094,163.43765258789062,2486000
2014-12-16,176.7100067138672,178.10000610351562,174.25999450683594,174.25999450683594,161.57400512695312,2784300
2014-12-17,169.7899932861328,170.0,163.57000732421875,167.77999877929688,155.56576538085938,8744900
2014-12-18,170.9499969482422,174.3800048828125,170.0,174.3800048828125,161.68527221679688,3803000
2014-12-19,174.1999969482422,175.7100067138672,172.36000061035156,174.22000122070312,161.53692626953125,3857200
2014-12-22,175.24000549316406,177.0800018310547,174.3300018310547,176.8699951171875,163.99395751953125,1897700
2014-12-23,177.7100067138672,178.33999633789062,176.0800018310547,176.94000244140625,164.05886840820312,999200
2014-12-24,177.0399932861328,177.9199981689453,176.30999755859375,176.4199981689453,163.57676696777344,571700
2014-12-26,176.5800018310547,177.16000366210938,175.3800048828125,175.89999389648438,163.09461975097656,740800
2014-12-29,174.9600067138672,175.94000244140625,174.5500030517578,175.52000427246094,162.74224853515625,778800
2014-12-30,174.6199951171875,176.49000549316406,174.11000061035156,175.0,162.2600860595703,765900
2014-12-31,175.6999969482422,176.27999877929688,173.50999450683594,173.66000366210938,161.01763916015625,854200
2015-01-02,173.77999877929688,174.63999938964844,170.3300018310547,172.4499969482422,159.895751953125,1249700
2015-01-05,171.82000732421875,171.92999267578125,169.35000610351562,169.8000030517578,157.43865966796875,1726100
2015-01-06,172.4199981689453,173.32000732421875,169.5800018310547,169.7899932861328,157.4293975830078,2612500
2015-01-07,171.97000122070312,172.33999633789062,170.0500030517578,171.0399932861328,158.58837890625,1835800
2015-01-08,173.17999267578125,175.36000061035156,172.4600067138672,175.0399932861328,162.2971954345703,1819500
2015-01-09,174.50999450683594,175.22999572753906,172.35000610351562,172.66000366210938,160.09048461914062,1396200
2015-01-12,174.05999755859375,175.0,172.49000549316406,172.57000732421875,160.0070343017578,1884700
2015-01-13,173.92999267578125,174.72999572753906,170.10000610351562,171.5,159.01492309570312,1736400
2015-01-14,170.0,172.9600067138672,169.00999450683594,172.75,160.17393493652344,1928900
2015-01-15,173.2899932861328,174.4600067138672,172.0800018310547,173.85000610351562,161.19383239746094,2218200
2015-01-16,172.86000061035156,176.89999389648438,172.86000061035156,176.75999450683594,163.89198303222656,2588900
2015-01-20,178.30999755859375,179.47000122070312,177.1999969482422,179.1300048828125,166.0894775390625,2596300
2015-01-21,178.94000244140625,180.42999267578125,177.49000549316406,178.69000244140625,165.68148803710938,1615400
2015-01-22,179.52999877929688,181.49000549316406,178.30999755859375,181.39999389648438,168.1941375732422,1537400
2015-01-23,177.55999755859375,180.74000549316406,175.5500030517578,176.00999450683594,163.1966094970703,3340200
2015-01-26,175.94000244140625,177.94000244140625,175.1699981689453,176.66000366210938,163.7992706298828,1393800
2015-01-27,175.5399932861328,175.58999633789062,173.61000061035156,173.8800048828125,161.22169494628906,1388000
2015-01-28,175.42999267578125,175.6199951171875,171.14999389648438,171.4499969482422,158.96853637695312,1220700
2015-01-29,172.13999938964844,173.24000549316406,170.0500030517578,172.88999938964844,160.3037109375,1640600
2015-01-30,171.57000732421875,173.63999938964844,168.8800048828125,169.11000061035156,156.7989044189453,2194600
2015-02-02,169.3000030517578,171.3000030517578,168.02999877929688,171.25,158.78314208984375,1474800
2015-02-03,173.02000427246094,173.99000549316406,170.75,172.97000122070312,160.37786865234375,1649500
2015-02-04,172.13999938964844,173.2100067138672,171.1699981689453,172.0800018310547,159.55270385742188,1442300
2015-02-05,172.72000122070312,174.1699981689453,172.60000610351562,173.3699951171875,160.74874877929688,1149700
2015-02-06,174.08999633789062,174.97999572753906,172.3300018310547,173.25,160.63754272460938,1056600
2015-02-09,172.2899932861328,173.1999969482422,170.9600067138672,171.63999938964844,159.14471435546875,1210500
2015-02-10,172.9499969482422,173.74000549316406,170.77999877929688,173.3000030517578,160.6838836669922,1497900
2015-02-11,173.38999938964844,174.99000549316406,172.9499969482422,173.9199981689453,161.25875854492188,1385600
2015-02-12,174.7100067138672,176.80999755859375,174.19000244140625,176.3000030517578,163.46548461914062,2116200
2015-02-13,175.86000061035156,177.47999572753906,175.60000610351562,176.47000122070312,163.6231231689453,1674100
2015-02-17,176.60000610351562,179.6699981689453,176.50999450683594,179.5399932861328,166.46963500976562,1527600
2015-02-18,179.38999938964844,180.0500030517578,178.83999633789062,179.77999877929688,166.69215393066406,1270700
2015-02-19,179.97000122070312,180.0,178.6199951171875,178.64999389648438,165.64442443847656,1697900
2015-02-20,178.0500030517578,178.8699951171875,176.92999267578125,178.5,165.50534057617188,1430200
2015-02-23,178.5,178.80999755859375,177.38999938964844,178.3000030517578,165.31988525390625,956500
2015-02-24,177.9199981689453,178.58999633789062,177.44000244140625,177.8000030517578,164.8562774658203,1136400
2015-02-25,178.00999450683594,178.05999755859375,175.3000030517578,175.63999938964844,162.85353088378906,1419400
2015-02-26,175.49000549316406,175.97000122070312,173.4199981689453,174.60000610351562,161.88922119140625,1893900
2015-02-27,177.05999755859375,178.0500030517578,176.25,176.97999572753906,164.0959930419922,2398200
2015-03-02,176.97999572753906,178.14999389648438,176.05999755859375,176.8000030517578,163.9290771484375,1535300
2015-03-03,176.5,176.52000427246094,174.82000732421875,176.14999389648438,163.326416015625,1282200
2015-03-04,175.55999755859375,175.77999877929688,174.41000366210938,174.6199951171875,161.90773010253906,1035300
2015-03-05,175.33999633789062,175.33999633789062,173.52000427246094,174.82000732421875,162.09323120117188,932200
2015-03-06,174.02999877929688,175.2100067138672,173.0,173.19000244140625,160.5819091796875,1132300
2015-03-09,172.85000610351562,174.17999267578125,172.63999938964844,172.91000366210938,160.50767517089844,1539100
2015-03-10,171.22000122070312,172.05999755859375,170.0,170.0,157.80633544921875,1478400
2015-03-11,170.0,172.3300018310547,170.0,171.55999755859375,159.25442504882812,1351800
2015-03-12,171.97000122070312,173.6300048828125,171.97000122070312,173.5800018310547,161.1295928955078,987900
2015-03-13,173.58999633789062,174.80999755859375,172.3300018310547,173.32000732421875,160.8882293701172,1150600
2015-03-16,174.2100067138672,177.4600067138672,174.2100067138672,177.32000732421875,164.6012725830078,1796700
2015-03-17,176.88999938964844,178.60000610351562,175.7100067138672,175.7100067138672,163.10679626464844,2721100
2015-03-18,172.0,174.13999938964844,170.50999450683594,173.3000030517578,160.86964416503906,4244300
2015-03-19,173.58999633789062,175.1300048828125,172.5,173.85000610351562,161.3801727294922,2095900
2015-03-20,174.10000610351562,174.33999633789062,171.8800048828125,172.0399932861328,159.7000274658203,2701600
2015-03-23,172.1699981689453,172.27999877929688,170.63999938964844,170.63999938964844,158.4004669189453,1754200
2015-03-24,170.2899932861328,170.5,169.16000366210938,169.16000366210938,157.02659606933594,1237400
2015-03-25,169.74000549316406,169.8000030517578,165.35000610351562,165.42999267578125,153.5641326904297,1978400
2015-03-26,164.27999877929688,166.6300048828125,163.60000610351562,165.49000549316406,153.619873046875,1752700
2015-03-27,165.0500030517578,165.6199951171875,164.50999450683594,164.58999633789062,152.7843780517578,917100
2015-03-30,165.0500030517578,167.3800048828125,164.97999572753906,166.75,154.7894287109375,1529600
2015-03-31,166.0,166.47000122070312,165.0,165.4499969482422,153.58267211914062,1568200
2015-04-01,165.02000427246094,166.5,164.27999877929688,166.24000549316406,154.31607055664062,1611200
2015-04-02,166.7100067138672,166.80999755859375,165.6999969482422,166.22000122070312,154.29747009277344,1642500
2015-04-06,165.3699951171875,167.25999450683594,165.0,166.6699981689453,154.71519470214844,1270600
2015-04-07,172.75,173.83999633789062,170.7100067138672,171.16000366210938,158.88314819335938,5488700
2015-04-08,171.0800018310547,171.88999938964844,169.30999755859375,171.83999633789062,159.51434326171875,3196100
2015-04-09,171.4600067138672,173.4499969482422,171.08999633789062,172.9199981689453,160.51695251464844,1944100
2015-04-10,173.30999755859375,174.5,172.52000427246094,174.3699951171875,161.8629150390625,2235100
2015-04-13,173.63999938964844,175.3000030517578,173.00999450683594,173.1300048828125,160.71185302734375,1397700
2015-04-14,172.00999450683594,173.1300048828125,171.10000610351562,171.5,159.19879150390625,1816200
2015-04-15,171.5800018310547,172.36000061035156,169.32000732421875,169.52000427246094,157.36077880859375,2058000
2015-04-16,169.57000732421875,170.25999450683594,168.67999267578125,169.24000549316406,157.10086059570312,1760400
2015-04-17,168.22999572753906,168.5800018310547,167.3300018310547,168.0,155.94981384277344,1642400
2015-04-20,168.2899932861328,170.0,168.2899932861328,169.05999755859375,156.93377685546875,1244000
2015-04-21,169.42999267578125,170.4499969482422,169.0800018310547,169.91000366210938,157.72280883789062,1086500
2015-04-22,169.7899932861328,170.77999877929688,168.67999267578125,170.00999450683594,157.8156280517578,1053900
2015-04-23,169.0500030517578,170.92999267578125,169.0500030517578,170.10000610351562,157.89920043945312,1050400
2015-04-24,169.72999572753906,170.25,169.00999450683594,169.9499969482422,157.75991821289062,949300
2015-04-27,170.36000061035156,170.61000061035156,168.86000061035156,169.02999877929688,156.90589904785156,1472100
2015-04-28,169.27000427246094,171.9600067138672,168.50999450683594,171.24000549316406,158.9573974609375,1521100
2015-04-29,169.83999633789062,170.94000244140625,168.72000122070312,169.57000732421875,157.4071807861328,1115300
2015-04-30,168.38999938964844,169.9499969482422,168.36000061035156,169.57000732421875,157.4071807861328,1818800
2015-05-01,170.0,171.92999267578125,169.92999267578125,171.72999572753906,159.41226196289062,1163900
2015-05-04,171.61000061035156,173.47999572753906,171.50999450683594,172.3300018310547,159.96922302246094,1041100
2015-05-05,171.5,172.3300018310547,169.50999450683594,169.80999755859375,157.6300048828125,1167000
2015-05-06,170.69000244140625,170.77000427246094,168.4600067138672,169.55999755859375,157.39788818359375,1045200
2015-05-07,169.8699951171875,172.61000061035156,169.5800018310547,171.74000549316406,159.42152404785156,1148700
2015-05-08,172.99000549316406,174.08999633789062,172.77999877929688,173.35000610351562,160.91607666015625,1236400
2015-05-11,174.00999450683594,174.97999572753906,172.75999450683594,174.1999969482422,161.70509338378906,1327500
2015-05-12,173.16000366210938,173.6999969482422,172.44000244140625,173.4199981689453,160.98104858398438,1126200
2015-05-13,172.99000549316406,173.5,171.6699981689453,171.92999267578125,159.59791564941406,1213800
2015-05-14,172.83999633789062,174.0,172.11000061035156,173.4499969482422,161.00889587402344,1478000
2015-05-15,174.2100067138672,175.2899932861328,173.5,175.13999938964844,162.57766723632812,1492200
2015-05-18,175.13999938964844,177.42999267578125,175.00999450683594,177.17999267578125,164.47134399414062,1558000
2015-05-19,177.50999450683594,178.6999969482422,177.0,177.97999572753906,165.21395874023438,1237000
2015-05-20,177.7100067138672,178.7899932861328,177.14999389648438,177.52000427246094,164.78697204589844,941300
2015-05-21,176.91000366210938,177.25,175.47999572753906,176.5500030517578,163.88653564453125,1112300
2015-05-22,176.47999572753906,176.72000122070312,174.67999267578125,175.17999267578125,162.6147918701172,775000
2015-05-26,175.0,175.0399932861328,173.77999877929688,174.11000061035156,161.6215057373047,953600
2015-05-27,174.6300048828125,176.88999938964844,173.9199981689453,176.66000366210938,163.98863220214844,808800
2015-05-28,176.11000061035156,176.14999389648438,174.5500030517578,175.10000610351562,162.54052734375,1300300
2015-05-29,174.52000427246094,174.8800048828125,173.0,173.22000122070312,160.79539489746094,1158200
2015-06-01,173.8699951171875,175.97999572753906,172.9199981689453,175.3699951171875,162.79112243652344,1272000
2015-06-02,174.5399932861328,176.64999389648438,173.10000610351562,175.72000122070312,163.11607360839844,1001400
2015-06-03,176.5,180.2899932861328,175.72000122070312,179.9199981689453,167.0148162841797,1930900
2015-06-04,178.89999389648438,179.99000549316406,178.77000427246094,179.6300048828125,166.74562072753906,1355000
2015-06-05,179.52000427246094,183.02999877929688,178.60000610351562,182.24000549316406,169.16839599609375,1940400
2015-06-08,181.9199981689453,182.0,179.63999938964844,179.88999938964844,166.9869842529297,1617700
2015-06-09,179.9499969482422,181.60000610351562,179.0,180.3699951171875,167.4324951171875,991300
2015-06-10,180.33999633789062,183.89999389648438,179.69000244140625,182.32000732421875,169.24266052246094,1869400
2015-06-11,184.2899932861328,185.19000244140625,182.83999633789062,184.97999572753906,171.71188354492188,1918600
2015-06-12,184.0500030517578,184.82000732421875,182.75999450683594,183.6300048828125,170.45872497558594,1680000
2015-06-15,182.52999877929688,183.27000427246094,181.4499969482422,182.66000366210938,169.55825805664062,1408000
2015-06-16,182.02000427246094,183.5,179.83999633789062,182.1300048828125,169.29800415039062,2428100
2015-06-17,178.02999877929688,178.8800048828125,174.50999450683594,176.72999572753906,164.2784423828125,4032200
2015-06-18,176.55999755859375,180.19000244140625,176.55999755859375,178.38999938964844,165.82151794433594,2986600
2015-06-19,177.36000061035156,178.33999633789062,175.94000244140625,175.94000244140625,163.54409790039062,2448700
2015-06-22,176.75999450683594,177.64999389648438,176.0,176.27999877929688,163.86013793945312,1732600
2015-06-23,176.6999969482422,176.8300018310547,174.66000366210938,175.27000427246094,162.92132568359375,1532500
2015-06-24,175.0,175.77999877929688,172.4199981689453,173.4199981689453,161.20167541503906,1750000
2015-06-25,173.6300048828125,174.02000427246094,172.58999633789062,172.8000030517578,160.6253662109375,1527400
2015-06-26,173.6699981689453,174.11000061035156,173.1699981689453,173.66000366210938,161.4247283935547,1678900
2015-06-29,171.6199951171875,173.1199951171875,170.69000244140625,171.02000427246094,158.9707489013672,2335800
2015-06-30,172.32000732421875,172.83999633789062,169.9600067138672,170.39999389648438,158.3944549560547,1551800
2015-07-01,172.11000061035156,172.4600067138672,169.63999938964844,169.80999755859375,157.84603881835938,1412100
2015-07-02,170.1999969482422,171.35000610351562,169.9499969482422,171.1300048828125,159.072998046875,1182000
2015-07-06,170.0,171.22000122070312,167.88999938964844,168.75,156.86073303222656,1945300
2015-07-07,169.3699951171875,170.72999572753906,167.75999450683594,170.33999633789062,158.338623046875,1754300
2015-07-08,168.32000732421875,169.97999572753906,166.6699981689453,166.99000549316406,155.22470092773438,1338400
2015-07-09,168.77999877929688,169.8000030517578,167.44000244140625,167.7100067138672,155.89398193359375,1321300
2015-07-10,170.0,170.4499969482422,167.8800048828125,168.4600067138672,156.5911407470703,1490300
2015-07-13,169.69000244140625,171.24000549316406,169.16000366210938,170.97000122070312,158.92428588867188,1327400
2015-07-14,171.0,171.88999938964844,170.08999633789062,171.24000549316406,159.17523193359375,1207400
2015-07-15,171.24000549316406,171.97999572753906,169.02999877929688,169.1300048828125,157.2139129638672,1389600
2015-07-16,170.25999450683594,170.50999450683594,169.44000244140625,169.49000549316406,157.54856872558594,1043300
2015-07-17,169.49000549316406,170.80999755859375,169.32000732421875,170.22999572753906,158.23641967773438,1394000
2015-07-20,170.60000610351562,170.60000610351562,169.5,170.2100067138672,158.21783447265625,1016600
2015-07-21,170.39999389648438,171.97000122070312,169.9499969482422,170.55999755859375,158.5431671142578,933600
2015-07-22,170.7100067138672,171.0,167.58999633789062,168.5,156.6282958984375,1311700
2015-07-23,168.85000610351562,168.88999938964844,166.57000732421875,166.86000061035156,155.10385131835938,1076600
2015-07-24,166.9600067138672,167.57000732421875,163.25999450683594,164.11000061035156,152.54757690429688,1579700
2015-07-27,162.75,165.1199951171875,162.3800048828125,164.74000549316406,153.1332244873047,2177100
2015-07-28,166.44000244140625,169.64999389648438,166.19000244140625,169.42999267578125,157.49276733398438,1854200
2015-07-29,169.3000030517578,172.60000610351562,169.13999938964844,171.88999938964844,159.77947998046875,1261800
2015-07-30,170.50999450683594,171.72999572753906,170.16000366210938,171.27000427246094,159.20315551757812,928000
2015-07-31,169.00999450683594,172.4600067138672,167.41000366210938,171.4199981689453,159.3425750732422,1199700
2015-08-03,171.4600067138672,171.9600067138672,169.55999755859375,170.80999755859375,158.7755584716797,793000
2015-08-04,170.97000122070312,171.8699951171875,169.85000610351562,170.08999633789062,158.10630798339844,912700
2015-08-05,170.77999877929688,173.0,170.77999877929688,171.2899932861328,159.2217254638672,848700
2015-08-06,172.13999938964844,172.19000244140625,169.49000549316406,169.60000610351562,157.65086364746094,1000800
2015-08-07,169.11000061035156,169.3699951171875,166.02999877929688,166.99000549316406,155.22470092773438,1410600
2015-08-10,168.3800048828125,169.99000549316406,168.25999450683594,169.39999389648438,157.46484375,1059400
2015-08-11,168.22999572753906,171.0800018310547,167.6999969482422,168.42999267578125,156.56324768066406,1538900
2015-08-12,167.8000030517578,167.8000030517578,164.19000244140625,165.30999755859375,153.6630401611328,2306500
2015-08-13,165.6300048828125,166.0800018310547,163.55999755859375,163.60000610351562,152.07351684570312,1924100
2015-08-14,164.3699951171875,165.39999389648438,163.5,164.80999755859375,153.19827270507812,2733700
2015-08-17,164.19000244140625,165.1999969482422,162.6300048828125,164.97000122070312,153.3470001220703,1512100
2015-08-18,165.0,167.30999755859375,164.75999450683594,165.66000366210938,153.98838806152344,1473300
2015-08-19,164.8699951171875,165.4600067138672,163.3800048828125,164.9499969482422,153.32839965820312,1499300
2015-08-20,163.69000244140625,164.0,160.1300048828125,160.4499969482422,149.14544677734375,1962500
2015-08-21,159.0,160.1999969482422,155.8300018310547,156.02999877929688,145.0368194580078,2502600
2015-08-24,146.50999450683594,151.8300018310547,130.1300048828125,148.3699951171875,137.9165802001953,4013500
2015-08-25,152.75999450683594,153.0500030517578,145.0,145.05999755859375,134.8397674560547,2917500
2015-08-26,148.0,149.35000610351562,144.75,148.42999267578125,137.9723358154297,3003500
2015-08-27,150.80999755859375,153.5399932861328,149.75999450683594,153.0399932861328,142.25755310058594,1962900
2015-08-28,152.7100067138672,153.75,151.75,152.5,141.75555419921875,1302600
2015-08-31,151.9499969482422,152.0,150.1999969482422,150.61000061035156,139.9987030029297,1625700
2015-09-01,147.97999572753906,150.99000549316406,147.50999450683594,148.02999877929688,137.6005096435547,2839000
2015-09-02,150.0,150.8800048828125,148.0800018310547,150.82000732421875,140.19393920898438,1745300
2015-09-03,152.00999450683594,153.27999877929688,150.66000366210938,151.2100067138672,140.55650329589844,1781300
2015-09-04,149.49000549316406,149.89999389648438,147.32000732421875,148.61000061035156,138.13966369628906,1480200
2015-09-08,151.00999450683594,153.52999877929688,150.4600067138672,153.2899932861328,142.73007202148438,1708000
2015-09-09,154.67999267578125,155.0,151.27000427246094,151.55999755859375,141.1192169189453,1891900
2015-09-10,151.16000366210938,151.82000732421875,149.24000549316406,149.57000732421875,139.2663116455078,2362900
2015-09-11,149.0,151.3300018310547,147.5800018310547,151.0800018310547,140.6722869873047,2380600
2015-09-14,150.74000549316406,150.92999267578125,149.2100067138672,150.22999572753906,139.88084411621094,2595200
2015-09-15,150.9499969482422,155.6300048828125,150.6300048828125,154.0,143.39114379882812,3237300
2015-09-16,151.41000366210938,152.17999267578125,146.66000366210938,149.6300048828125,139.32220458984375,6205400
2015-09-17,149.2899932861328,151.8699951171875,148.35000610351562,149.49000549316406,139.19183349609375,2879000
2015-09-18,147.8000030517578,148.22999572753906,144.8800048828125,145.3000030517578,135.2904815673828,3603700
2015-09-21,145.7899932861328,146.80999755859375,144.60000610351562,146.00999450683594,135.9515838623047,2444600
2015-09-22,144.17999267578125,144.52000427246094,142.4499969482422,143.97000122070312,134.0520782470703,2425600
2015-09-23,144.1699981689453,144.82000732421875,143.02000427246094,143.64999389648438,133.754150390625,1651800
2015-09-24,142.22999572753906,142.8699951171875,141.10000610351562,142.44000244140625,132.62750244140625,2097400
2015-09-25,143.52000427246094,145.77000427246094,142.86000061035156,144.4499969482422,134.49905395507812,1731400
2015-09-28,143.0,143.63999938964844,140.5800018310547,140.74000549316406,131.04457092285156,1765200
2015-09-29,140.74000549316406,142.2100067138672,140.00999450683594,141.92999267578125,132.15255737304688,1444200
2015-09-30,143.52999877929688,144.60000610351562,142.9199981689453,143.97999572753906,134.06143188476562,1711100
2015-10-01,143.8800048828125,145.4199981689453,143.6300048828125,144.7100067138672,134.74111938476562,1639200
2015-10-02,142.35000610351562,145.5800018310547,141.72000122070312,145.52000427246094,135.49530029296875,1308200
2015-10-05,146.05999755859375,150.4199981689453,146.05999755859375,149.9199981689453,139.5922088623047,1727100
2015-10-06,151.0500030517578,151.91000366210938,149.77000427246094,151.50999450683594,141.07269287109375,2198000
2015-10-07,152.07000732421875,154.60000610351562,151.69000244140625,152.97000122070312,142.43209838867188,2394000
2015-10-08,152.61000061035156,155.99000549316406,152.33999633789062,155.5500030517578,144.83438110351562,1738600
2015-10-09,155.72999572753906,157.1999969482422,155.22999572753906,155.3300018310547,144.6295166015625,1803500
2015-10-12,155.16000366210938,155.33999633789062,153.60000610351562,154.4199981689453,143.7822265625,1245300
2015-10-13,153.5500030517578,153.6199951171875,151.36000061035156,151.47999572753906,141.04470825195312,1456900
2015-10-14,151.36000061035156,152.11000061035156,149.91000366210938,150.72999572753906,140.34640502929688,1131800
2015-10-15,151.74000549316406,152.3699951171875,149.75,152.11000061035156,141.63134765625,1004900
2015-10-16,153.02000427246094,154.02000427246094,151.19000244140625,152.47999572753906,141.97581481933594,1008700
2015-10-19,151.60000610351562,152.80999755859375,151.5,152.3800048828125,141.88272094726562,624600
2015-10-20,152.02000427246094,154.11000061035156,151.5,154.0,143.39114379882812,1386900
2015-10-21,154.63999938964844,157.5500030517578,154.55999755859375,155.97999572753906,145.2347412109375,1592100
2015-10-22,156.4600067138672,160.0,156.0399932861328,159.72000122070312,148.71710205078125,2034700
2015-10-23,161.0,161.6999969482422,158.5399932861328,159.52000427246094,148.5308837890625,2263200
2015-10-26,160.07000732421875,160.41000366210938,157.7100067138672,157.8699951171875,146.9945526123047,1686300
2015-10-27,155.5,157.89999389648438,154.72999572753906,155.97000122070312,145.22537231445312,1974200
2015-10-28,156.6699981689453,157.1199951171875,153.8699951171875,155.27000427246094,144.5736083984375,1639100
2015-10-29,155.0,156.7899932861328,154.75,156.38999938964844,145.61647033691406,1145300
2015-10-30,156.42999267578125,156.55999755859375,154.5399932861328,156.0500030517578,145.29989624023438,2580700
2015-11-02,156.2899932861328,159.14999389648438,156.2899932861328,158.9499969482422,148.00010681152344,1617200
2015-11-03,158.33999633789062,159.92999267578125,158.1999969482422,159.1199951171875,148.1584014892578,1352800
2015-11-04,159.91000366210938,160.0,158.5800018310547,159.0,148.04669189453125,1291000
2015-11-05,159.72000122070312,160.91000366210938,158.67999267578125,160.27000427246094,149.2291717529297,1659700
2015-11-06,159.08999633789062,162.5,159.08999633789062,162.3800048828125,151.19386291503906,1835400
2015-11-09,161.5,162.3000030517578,159.3300018310547,160.5500030517578,149.48992919921875,2059700
2015-11-10,160.6999969482422,162.4600067138672,159.72999572753906,161.5,150.37445068359375,1627900
2015-11-11,160.00999450683594,162.2100067138672,159.0,161.02999877929688,149.9368133544922,1881100
2015-11-12,160.22999572753906,160.60000610351562,158.5,158.7899932861328,147.8511505126953,1543800
2015-11-13,158.19000244140625,160.0,157.38999938964844,158.11000061035156,147.21800231933594,1758100
2015-11-16,157.99000549316406,161.6699981689453,157.99000549316406,161.27000427246094,150.16029357910156,1835400
2015-11-17,157.99000549316406,163.2100067138672,157.99000549316406,161.41000366210938,150.29066467285156,1129700
2015-11-18,160.60000610351562,163.11000061035156,160.60000610351562,162.80999755859375,151.59420776367188,1416700
2015-11-19,163.0,164.32000732421875,162.17999267578125,163.35000610351562,152.09703063964844,1066700
2015-11-20,164.0800018310547,164.94000244140625,163.44000244140625,164.13999938964844,152.83258056640625,1252800
2015-11-23,164.13999938964844,164.75999450683594,162.89999389648438,163.44000244140625,152.18084716796875,878000
2015-11-24,162.02999877929688,163.82000732421875,161.66000366210938,163.19000244140625,151.94802856445312,1085200
2015-11-25,163.19000244140625,163.49000549316406,161.77000427246094,162.39999389648438,151.2124481201172,1053300
2015-11-27,163.39999389648438,164.27999877929688,162.67999267578125,164.08999633789062,152.7860107421875,561700
2015-11-30,163.60000610351562,164.47999572753906,158.42999267578125,158.5399932861328,147.61839294433594,2925800
2015-12-01,159.41000366210938,160.6699981689453,157.5399932861328,160.4499969482422,149.3968048095703,2406900
2015-12-02,159.47000122070312,160.0399932861328,157.5500030517578,157.8699951171875,146.9945526123047,1611800
2015-12-03,158.0,158.3699951171875,153.2899932861328,153.6300048828125,143.04660034179688,2588300
2015-12-04,154.57000732421875,155.72999572753906,153.3300018310547,155.47000122070312,144.7598419189453,2250800
2015-12-07,153.86000061035156,154.33999633789062,151.5,152.57000732421875,142.0596466064453,1845700
2015-12-08,151.5800018310547,152.11000061035156,147.97000122070312,148.38999938964844,138.16761779785156,2155000
2015-12-09,147.4600067138672,149.8699951171875,146.4199981689453,147.0500030517578,136.91990661621094,2049900
2015-12-10,146.8000030517578,149.6999969482422,146.77999877929688,148.49000549316406,138.49618530273438,1638900
2015-12-11,146.38999938964844,147.47999572753906,144.17999267578125,144.25999450683594,134.55084228515625,2696000
2015-12-14,143.0,143.7899932861328,140.88999938964844,143.69000244140625,134.01922607421875,3089800
2015-12-15,144.19000244140625,147.49000549316406,144.05999755859375,144.69000244140625,134.951904296875,2933100
2015-12-16,145.88999938964844,149.6300048828125,145.75,148.8300018310547,138.8132781982422,3032800
2015-12-17,156.85000610351562,157.50999450683594,151.52999877929688,151.83999633789062,141.62069702148438,5865000
2015-12-18,150.33999633789062,150.58999633789062,146.7100067138672,147.14999389648438,137.24632263183594,5141500
2015-12-21,147.5500030517578,148.5399932861328,144.72999572753906,145.75,135.94058227539062,2065000
2015-12-22,146.4499969482422,148.7899932861328,146.02000427246094,148.41000366210938,138.4215545654297,2202500
2015-12-23,148.8300018310547,151.24000549316406,148.5500030517578,150.72000122070312,140.5761260986328,1794900
2015-12-24,150.22000122070312,150.89999389648438,148.7100067138672,149.64999389648438,139.57806396484375,1148600
2015-12-28,149.0,149.58999633789062,147.02000427246094,148.41000366210938,138.4215545654297,1805200
2015-12-29,149.3000030517578,149.74000549316406,148.14999389648438,149.24000549316406,139.19570922851562,1055600
2015-12-30,148.85000610351562,150.13999938964844,148.00999450683594,149.17999267578125,139.13975524902344,1217700
2015-12-31,148.27000427246094,150.35000610351562,148.11000061035156,148.99000549316406,138.9625244140625,1461500
2016-01-04,146.41000366210938,147.0,142.8000030517578,143.42999267578125,133.77674865722656,3331500
2016-01-05,143.55999755859375,144.72999572753906,142.38999938964844,144.64999389648438,134.9146270751953,1698500
2016-01-06,142.57000732421875,143.1999969482422,140.27999877929688,140.77000427246094,131.29574584960938,1931500
2016-01-07,138.0,138.75,134.2899932861328,134.58999633789062,125.53165435791016,3371200
2016-01-08,135.60000610351562,137.22999572753906,134.39999389648438,134.7100067138672,125.64363098144531,2386700
2016-01-11,134.86000061035156,135.0500030517578,131.22999572753906,132.97000122070312,124.02070617675781,2490100
2016-01-12,133.94000244140625,135.25999450683594,132.52999877929688,134.7100067138672,125.64363098144531,1484100
2016-01-13,135.30999755859375,136.3300018310547,129.61000061035156,130.2899932861328,121.52108001708984,2268900
2016-01-14,130.74000549316406,132.83999633789062,128.39999389648438,131.6999969482422,122.83617401123047,2144400
2016-01-15,128.05999755859375,128.92999267578125,124.83999633789062,126.91999816894531,118.37789154052734,4239300
2016-01-19,129.2100067138672,129.75,125.27999877929688,127.19999694824219,118.63903045654297,2956200
2016-01-20,124.5,125.47000122070312,119.70999908447266,123.18000030517578,114.88961029052734,3764500
2016-01-21,123.26000213623047,125.08999633789062,122.0,123.56999969482422,115.25335693359375,2639000
2016-01-22,126.19999694824219,128.08999633789062,125.66000366210938,127.55999755859375,118.97480773925781,2393200
2016-01-25,127.0,128.0500030517578,125.70999908447266,126.04000091552734,117.5571060180664,2737600
2016-01-26,126.37000274658203,127.75,125.80000305175781,127.27999877929688,118.71367645263672,1854400
2016-01-27,130.14999389648438,131.6999969482422,127.70999908447266,128.25,119.61839294433594,2323400
2016-01-28,128.72999572753906,129.8000030517578,127.44999694824219,128.22000122070312,119.59040832519531,1576800
2016-01-29,128.8000030517578,133.0399932861328,128.8000030517578,132.8800048828125,123.936767578125,2958100
2016-02-01,131.61000061035156,132.77000427246094,130.00999450683594,132.30999755859375,123.40509796142578,1857100
2016-02-02,131.57000732421875,132.25,129.9199981689453,130.14999389648438,121.3905258178711,2173000
2016-02-03,130.88999938964844,131.5399932861328,127.43000030517578,130.97999572753906,122.16463470458984,1953600
2016-02-04,130.69000244140625,136.08999633789062,130.69000244140625,134.2100067138672,125.1772689819336,2542000
2016-02-05,133.25,134.5399932861328,131.6300048828125,131.91000366210938,123.03205108642578,1606200
2016-02-08,130.27999877929688,130.99000549316406,128.0500030517578,130.3300018310547,121.55838012695312,1752400
2016-02-09,129.25,131.16000366210938,128.05999755859375,129.77000427246094,121.03607177734375,1936200
2016-02-10,130.64999389648438,131.77000427246094,127.36000061035156,127.63999938964844,119.04943084716797,2128700
2016-02-11,125.54000091552734,126.98999786376953,122.77999877929688,124.41999816894531,116.046142578125,2664100
2016-02-12,125.55000305175781,128.72000122070312,125.38999938964844,128.60000610351562,119.94481658935547,1726500
2016-02-16,130.44000244140625,132.74000549316406,129.1300048828125,132.11000061035156,123.21858215332031,1746900
2016-02-17,133.55999755859375,134.6699981689453,132.52999877929688,133.08999633789062,124.13265991210938,2068200
2016-02-18,132.86000061035156,133.60000610351562,129.97000122070312,131.3300018310547,122.49110412597656,2125800
2016-02-19,130.3000030517578,130.72999572753906,128.07000732421875,129.75999450683594,121.0267562866211,2689200
2016-02-22,129.75999450683594,136.47000122070312,129.75999450683594,135.38999938964844,126.27782440185547,2664700
2016-02-23,134.4199981689453,134.86000061035156,132.38999938964844,133.80999755859375,124.80414581298828,2357800
2016-02-24,132.52000427246094,134.02999877929688,131.42999267578125,133.49000549316406,124.50570678710938,1311800
2016-02-25,134.41000366210938,136.05999755859375,133.13999938964844,135.97999572753906,126.82810974121094,1361400
2016-02-26,136.66000366210938,139.4199981689453,136.60000610351562,137.3800048828125,128.13389587402344,2005500
2016-02-29,137.27999877929688,139.52999877929688,136.6699981689453,136.8800048828125,127.66752624511719,2032100
2016-03-01,138.16000366210938,141.91000366210938,137.3000030517578,141.3800048828125,131.8647003173828,2014700
2016-03-02,140.91000366210938,143.05999755859375,140.85000610351562,142.27000427246094,132.6947784423828,1798500
2016-03-03,141.7899932861328,144.19000244140625,141.5500030517578,143.86000061035156,134.17779541015625,1821300
2016-03-04,143.49000549316406,146.27999877929688,143.49000549316406,143.91000366210938,134.22439575195312,1821000
2016-03-07,143.25,145.3300018310547,142.25999450683594,145.0800018310547,135.315673828125,1548600
2016-03-08,144.0,144.8300018310547,142.38999938964844,142.52999877929688,132.93727111816406,1281000
2016-03-09,141.89999389648438,142.52999877929688,139.88999938964844,141.97999572753906,132.4243621826172,1483800
2016-03-10,142.0399932861328,143.25,139.5800018310547,141.61000061035156,132.31214904785156,1168000
2016-03-11,143.35000610351562,144.5800018310547,142.5800018310547,144.4199981689453,134.9376678466797,1145800
2016-03-14,144.10000610351562,144.99000549316406,143.25,143.83999633789062,134.39578247070312,1657300
2016-03-15,142.99000549316406,143.32000732421875,141.6999969482422,143.07000732421875,133.6763458251953,1769600
2016-03-16,142.5,144.75,141.19000244140625,144.27000427246094,134.79754638671875,2573200
2016-03-17,155.22999572753906,161.6999969482422,154.0800018310547,161.33999633789062,150.7467803955078,8891700
2016-03-18,160.64999389648438,163.8800048828125,160.36000061035156,163.7100067138672,152.96116638183594,4538100
2016-03-21,163.57000732421875,164.83999633789062,162.89999389648438,164.5399932861328,153.7366180419922,2154800
2016-03-22,163.5500030517578,163.89999389648438,162.32000732421875,163.4199981689453,152.69024658203125,1647700
2016-03-23,163.4199981689453,163.72999572753906,162.3699951171875,162.6300048828125,151.95204162597656,1247500
2016-03-24,161.3000030517578,162.8000030517578,160.5399932861328,162.64999389648438,151.97073364257812,1100000
2016-03-28,162.57000732421875,162.88999938964844,160.38999938964844,162.19000244140625,151.54098510742188,1527300
2016-03-29,162.02999877929688,163.08999633789062,160.6699981689453,162.99000549316406,152.28843688964844,1508800
2016-03-30,163.0,163.47000122070312,161.47000122070312,161.57000732421875,150.961669921875,1399600
2016-03-31,161.5500030517578,162.94000244140625,160.64999389648438,162.72000122070312,152.03614807128906,1984300
2016-04-01,162.30999755859375,163.99000549316406,161.10000610351562,163.6699981689453,152.92376708984375,1504900
2016-04-04,163.8800048828125,165.50999450683594,163.17999267578125,163.8000030517578,153.0452423095703,1643600
2016-04-05,162.16000366210938,163.00999450683594,161.64999389648438,161.94000244140625,151.307373046875,1147500
2016-04-06,162.0,163.13999938964844,160.72999572753906,162.77000427246094,152.08285522460938,1123800
2016-04-07,161.1699981689453,162.5500030517578,160.8000030517578,161.27999877929688,150.6907196044922,1362500
2016-04-08,162.08999633789062,165.49000549316406,161.9199981689453,163.4199981689453,152.69024658203125,1597500
2016-04-11,163.4600067138672,165.10000610351562,163.02999877929688,163.0500030517578,152.34449768066406,1452800
2016-04-12,163.55999755859375,165.77999877929688,163.0399932861328,165.11000061035156,154.26925659179688,1667700
2016-04-13,165.72000122070312,167.4499969482422,165.6999969482422,167.22000122070312,156.24070739746094,1603000
2016-04-14,167.14999389648438,167.5500030517578,165.63999938964844,165.6999969482422,154.82049560546875,1039500
2016-04-15,165.6999969482422,166.4199981689453,164.82000732421875,165.89999389648438,155.00733947753906,863700
2016-04-18,165.3300018310547,167.3800048828125,164.80999755859375,167.1300048828125,156.1566162109375,833800
2016-04-19,167.8000030517578,169.3000030517578,166.64999389648438,168.27000427246094,157.22174072265625,1056000
2016-04-20,168.3800048828125,168.9499969482422,167.35000610351562,167.39999389648438,156.40887451171875,815100
2016-04-21,166.72000122070312,167.61000061035156,165.16000366210938,165.57000732421875,154.6990509033203,1178400
2016-04-22,166.27999877929688,166.92999267578125,165.05999755859375,166.32000732421875,155.3997802734375,1359100
2016-04-25,165.66000366210938,167.22999572753906,164.02999877929688,165.55999755859375,154.6896514892578,1033100
2016-04-26,165.82000732421875,167.60000610351562,165.41000366210938,167.11000061035156,156.13792419433594,1034200
2016-04-27,167.07000732421875,168.1999969482422,166.22000122070312,167.55999755859375,156.55836486816406,847600
2016-04-28,166.88999938964844,168.16000366210938,165.4600067138672,165.66000366210938,154.78311157226562,1118900
2016-04-29,164.85000610351562,165.58999633789062,163.74000549316406,165.11000061035156,154.26925659179688,1228900
2016-05-02,165.60000610351562,168.17999267578125,165.5,167.58999633789062,156.58641052246094,1393100
2016-05-03,165.75999450683594,166.22000122070312,163.1699981689453,164.7899932861328,153.97024536132812,1284200
2016-05-04,165.61000061035156,167.10000610351562,164.52999877929688,165.25,154.4000244140625,1416500
2016-05-05,165.4199981689453,166.0,160.07000732421875,160.3699951171875,149.84042358398438,2584600
2016-05-06,160.4499969482422,161.5399932861328,157.69000244140625,161.02999877929688,150.45709228515625,1758400
2016-05-09,161.39999389648438,162.89999389648438,161.13999938964844,162.2899932861328,151.6343994140625,1056800
2016-05-10,162.4199981689453,163.94000244140625,161.89999389648438,163.25,152.5313720703125,1451800
2016-05-11,163.0,163.9499969482422,160.86000061035156,161.2899932861328,150.7000732421875,1287100
2016-05-12,162.39999389648438,162.4600067138672,158.22000122070312,159.3699951171875,148.90609741210938,1634300
2016-05-13,158.5800018310547,159.38999938964844,156.9199981689453,157.75999450683594,147.4018096923828,1322200
2016-05-16,157.55999755859375,159.2100067138672,156.91000366210938,158.58999633789062,148.17730712890625,1080900
2016-05-17,158.57000732421875,160.67999267578125,157.85000610351562,158.69000244140625,148.270751953125,1433500
2016-05-18,158.0,160.6300048828125,158.0,159.49000549316406,149.0182647705078,1292300
2016-05-19,158.4600067138672,160.22000122070312,157.83999633789062,159.11000061035156,148.66317749023438,1101600
2016-05-20,160.33999633789062,162.4600067138672,159.52999877929688,161.6300048828125,151.0177001953125,1369900
2016-05-23,161.64999389648438,162.77999877929688,161.10000610351562,162.0399932861328,151.40078735351562,1190100
2016-05-24,162.97000122070312,164.97999572753906,161.99000549316406,164.3800048828125,153.58718872070312,1205900
2016-05-25,165.0,165.97000122070312,164.02999877929688,164.22000122070312,153.43768310546875,1013900
2016-05-26,164.2100067138672,164.47999572753906,162.82000732421875,163.39999389648438,152.6715087890625,1045100
2016-05-27,163.63999938964844,164.5399932861328,163.17999267578125,164.47000122070312,153.67124938964844,919600
2016-05-31,165.42999267578125,167.0,164.47999572753906,164.97000122070312,154.13844299316406,1338700
2016-06-01,163.89999389648438,164.80999755859375,162.3699951171875,164.6999969482422,153.88612365722656,928900
2016-06-02,164.63999938964844,165.10000610351562,163.6999969482422,164.8000030517578,153.97958374023438,684200
2016-06-03,162.36000061035156,164.05999755859375,161.0,163.82000732421875,153.06394958496094,1429700
2016-06-06,163.17999267578125,163.97999572753906,161.66000366210938,163.27000427246094,152.55006408691406,1473800
2016-06-07,164.5800018310547,165.32000732421875,163.80999755859375,164.8300018310547,154.00759887695312,1502800
2016-06-08,164.75,165.89999389648438,164.49000549316406,164.75,153.9329071044922,934100
2016-06-09,163.63999938964844,164.42999267578125,162.8800048828125,164.11000061035156,153.33489990234375,1043900
2016-06-10,162.75999450683594,163.2899932861328,160.32000732421875,160.8699951171875,150.30760192871094,1599400
2016-06-13,160.32000732421875,161.97000122070312,160.3000030517578,160.42999267578125,149.89649963378906,1447600
2016-06-14,160.1999969482422,161.4499969482422,158.47000122070312,159.75,149.63424682617188,1299600
2016-06-15,160.02999877929688,161.3300018310547,159.50999450683594,159.66000366210938,149.5499725341797,1202500
2016-06-16,158.9499969482422,162.2899932861328,157.50999450683594,161.8699951171875,151.61997985839844,1896300
2016-06-17,161.91000366210938,162.74000549316406,161.27000427246094,162.25,151.97592163085938,2247000
2016-06-20,164.27999877929688,166.5,163.24000549316406,164.47000122070312,154.0553741455078,2018200
2016-06-21,164.5500030517578,164.77999877929688,163.2100067138672,163.9499969482422,153.56832885742188,1933300
2016-06-22,162.07000732421875,162.47000122070312,156.39999389648438,156.50999450683594,146.59939575195312,4839100
2016-06-23,157.5,158.66000366210938,156.75,157.88999938964844,147.89202880859375,2269700
2016-06-24,151.9499969482422,154.07000732421875,149.5,150.57000732421875,141.03553771972656,5853500
2016-06-27,149.10000610351562,149.41000366210938,145.0,146.1300048828125,136.8766632080078,2933400
2016-06-28,148.52000427246094,149.24000549316406,146.19000244140625,148.10000610351562,138.72193908691406,1936800
2016-06-29,149.72999572753906,150.57000732421875,148.85000610351562,150.25999450683594,140.74517822265625,2192100
2016-06-30,150.25999450683594,151.8000030517578,149.00999450683594,151.77999877929688,142.16893005371094,1716200
2016-07-01,154.47000122070312,155.94000244140625,153.07000732421875,153.83999633789062,144.09848022460938,2048800
2016-07-05,152.47000122070312,153.05999755859375,150.35000610351562,152.1699981689453,142.5342254638672,1917300
2016-07-06,151.58999633789062,152.10000610351562,150.0,151.4499969482422,141.85984802246094,1876500
2016-07-07,151.94000244140625,153.49000549316406,151.32000732421875,152.60000610351562,142.93698120117188,1511000
2016-07-08,154.0,156.8800048828125,153.9499969482422,156.22000122070312,146.32777404785156,1743800
2016-07-11,157.11000061035156,158.6199951171875,156.4199981689453,157.11000061035156,147.16139221191406,1895700
2016-07-12,157.8000030517578,160.14999389648438,157.41000366210938,159.9499969482422,149.82156372070312,1718300
2016-07-13,160.1300048828125,161.25,159.36000061035156,160.4199981689453,150.26177978515625,1448300
2016-07-14,161.7899932861328,163.63999938964844,161.44000244140625,161.5,151.27342224121094,1556300
2016-07-15,162.1699981689453,162.22999572753906,160.39999389648438,160.58999633789062,150.4210205078125,1257100
2016-07-18,160.75999450683594,161.1699981689453,159.6300048828125,160.75999450683594,150.58026123046875,870300
2016-07-19,159.9499969482422,160.74000549316406,159.25999450683594,159.67999267578125,149.56866455078125,773200
2016-07-20,160.08999633789062,161.00999450683594,159.07000732421875,160.07000732421875,149.9340057373047,683400
2016-07-21,159.50999450683594,160.52000427246094,158.02999877929688,158.41000366210938,148.3791046142578,870700
2016-07-22,158.0500030517578,160.82000732421875,158.0500030517578,160.77000427246094,150.5896759033203,1233200
2016-07-25,160.2899932861328,160.80999755859375,159.41000366210938,160.22999572753906,150.08383178710938,1344200
2016-07-26,160.47999572753906,161.82000732421875,160.16000366210938,161.5,151.27342224121094,1146600
2016-07-27,161.35000610351562,161.99000549316406,160.0,160.91000366210938,150.72079467773438,1020300
2016-07-28,160.1999969482422,161.77000427246094,159.41000366210938,161.4499969482422,151.22659301757812,872200
2016-07-29,160.6199951171875,162.2100067138672,159.35000610351562,161.89999389648438,151.64805603027344,1016400
2016-08-01,162.0,162.8800048828125,161.07000732421875,161.66000366210938,151.42330932617188,820700
2016-08-02,161.0,161.8300018310547,158.6199951171875,159.17999267578125,149.10031127929688,854600
2016-08-03,159.39999389648438,160.8000030517578,159.35000610351562,160.61000061035156,150.43975830078125,589800
2016-08-04,160.74000549316406,160.83999633789062,158.85000610351562,159.82000732421875,149.6998291015625,876800
2016-08-05,160.6199951171875,162.9600067138672,160.22000122070312,162.91000366210938,152.59413146972656,1044900
2016-08-08,163.33999633789062,165.44000244140625,163.1199951171875,163.6999969482422,153.33409118652344,972500
2016-08-09,163.50999450683594,165.3300018310547,163.14999389648438,164.3300018310547,153.9241943359375,730800
2016-08-10,163.8800048828125,164.85000610351562,163.75999450683594,164.64999389648438,154.22398376464844,823100
2016-08-11,164.94000244140625,166.1699981689453,164.41000366210938,165.7899932861328,155.291748046875,1046100
2016-08-12,165.1199951171875,166.0,164.64999389648438,165.5,155.02015686035156,1048300
2016-08-15,165.6999969482422,167.0,165.6999969482422,166.39999389648438,155.8631591796875,1118400
2016-08-16,165.89999389648438,167.1300048828125,165.58999633789062,166.72999572753906,156.17225646972656,913400
2016-08-17,166.99000549316406,167.17999267578125,165.8300018310547,166.4499969482422,155.9099884033203,1101200
2016-08-18,166.61000061035156,167.66000366210938,166.1999969482422,167.19000244140625,156.60311889648438,1104000
2016-08-19,166.7899932861328,169.44000244140625,166.63999938964844,168.6300048828125,157.95196533203125,1365900
2016-08-22,168.99000549316406,169.57000732421875,167.22999572753906,167.88999938964844,157.2587890625,946500
2016-08-23,169.0,169.44000244140625,168.22000122070312,168.58999633789062,157.91444396972656,850600
2016-08-24,168.5399932861328,169.27000427246094,167.77000427246094,168.22999572753906,157.57725524902344,859700
2016-08-25,167.25999450683594,167.57000732421875,165.14999389648438,165.52999877929688,155.04824829101562,1319300
2016-08-26,166.0500030517578,167.0800018310547,164.3699951171875,164.9499969482422,154.50494384765625,1102000
2016-08-29,165.42999267578125,165.88999938964844,164.63999938964844,165.1699981689453,154.71102905273438,1185200
2016-08-30,165.52000427246094,165.92999267578125,164.3800048828125,164.92999267578125,154.48622131347656,1004100
2016-08-31,164.47000122070312,165.0500030517578,163.49000549316406,164.92999267578125,154.48622131347656,1228800
2016-09-01,165.5,166.25,163.85000610351562,165.63999938964844,155.15127563476562,1181900
2016-09-02,166.22000122070312,167.0800018310547,165.47000122070312,165.49000549316406,155.01080322265625,1599500
2016-09-06,167.10000610351562,167.10000610351562,163.72999572753906,164.8300018310547,154.392578125,1169000
2016-09-07,164.47999572753906,165.4199981689453,163.9499969482422,165.1999969482422,154.7391357421875,897300
2016-09-08,163.91000366210938,165.86000061035156,163.83999633789062,165.39999389648438,155.30252075195312,831400
2016-09-09,164.10000610351562,165.19000244140625,160.82000732421875,160.85000610351562,151.03028869628906,1487500
2016-09-12,160.1999969482422,164.07000732421875,160.05999755859375,163.25999450683594,153.2931671142578,1325400
2016-09-13,161.6300048828125,161.97999572753906,159.2899932861328,160.35000610351562,150.56080627441406,1317400
2016-09-14,160.05999755859375,160.66000366210938,159.0500030517578,159.4499969482422,149.7157440185547,1030300
2016-09-15,159.0,160.7100067138672,158.52000427246094,160.07000732421875,150.29791259765625,1397600
2016-09-16,159.3300018310547,160.07000732421875,158.1999969482422,158.88999938964844,149.18995666503906,2534400
2016-09-19,160.07000732421875,162.22999572753906,159.5500030517578,161.25999450683594,151.415283203125,1814400
2016-09-20,161.75,164.1300048828125,161.64999389648438,162.64999389648438,152.7203826904297,2689200
2016-09-21,170.61000061035156,174.32000732421875,170.61000061035156,173.86000061035156,163.2460479736328,5308100
2016-09-22,174.38999938964844,175.3800048828125,172.8000030517578,173.66000366210938,163.05825805664062,3176300
2016-09-23,172.69000244140625,175.08999633789062,172.6300048828125,174.38999938964844,163.74366760253906,2472500
2016-09-26,174.0,176.16000366210938,173.11000061035156,175.33999633789062,164.6356658935547,2420800
2016-09-27,174.97999572753906,177.36000061035156,174.47000122070312,177.3000030517578,166.4760284423828,2133200
2016-09-28,176.8699951171875,177.25,174.52000427246094,175.4499969482422,164.7389678955078,2280200
2016-09-29,175.4499969482422,175.97000122070312,173.92999267578125,175.1199951171875,164.4291229248047,1947400
2016-09-30,175.52999877929688,176.10000610351562,174.3699951171875,174.67999267578125,164.0159454345703,1939300
2016-10-03,173.86000061035156,174.7100067138672,173.27999877929688,174.3000030517578,163.65916442871094,1453600
2016-10-04,174.72000122070312,175.1199951171875,172.86000061035156,173.60000610351562,163.00192260742188,1492700
2016-10-05,174.88999938964844,175.25999450683594,173.83999633789062,174.25999450683594,163.62159729003906,1202600
2016-10-06,174.3300018310547,174.3300018310547,172.41000366210938,173.08999633789062,162.52301025390625,1260400
2016-10-07,172.6199951171875,173.24000549316406,171.72000122070312,173.00999450683594,162.44790649414062,1418200
2016-10-10,173.33999633789062,174.58999633789062,173.13999938964844,174.2100067138672,163.57467651367188,1221600
2016-10-11,173.8000030517578,174.08999633789062,173.0500030517578,174.0800018310547,163.45257568359375,1462100
2016-10-12,174.1199951171875,174.49000549316406,173.07000732421875,173.5399932861328,162.94558715820312,1253300
2016-10-13,172.1199951171875,172.1999969482422,169.66000366210938,170.9499969482422,160.513671875,1432800
2016-10-14,172.2899932861328,172.88999938964844,170.8699951171875,170.97999572753906,160.5418701171875,803600
2016-10-17,170.94000244140625,171.3699951171875,170.22000122070312,170.83999633789062,160.410400390625,1051500
2016-10-18,172.08999633789062,172.49000549316406,170.50999450683594,170.74000549316406,160.31649780273438,900300
2016-10-19,171.02000427246094,171.17999267578125,169.5800018310547,170.4600067138672,160.0536346435547,1086800
2016-10-20,170.41000366210938,170.6199951171875,169.47999572753906,169.6999969482422,159.34002685546875,836000
2016-10-21,168.19000244140625,170.25,168.0,170.1999969482422,159.80946350097656,924700
2016-10-24,171.30999755859375,172.49000549316406,170.3000030517578,172.0800018310547,161.57472229003906,1848300
2016-10-25,171.33999633789062,172.4499969482422,171.25999450683594,171.92999267578125,161.43386840820312,1132700
2016-10-26,170.9600067138672,174.24000549316406,170.50999450683594,173.58999633789062,162.9925079345703,1772700
2016-10-27,174.69000244140625,175.22000122070312,172.74000549316406,174.39999389648438,163.75308227539062,1499700
2016-10-28,174.57000732421875,176.35000610351562,173.39999389648438,174.25,163.6122589111328,1502700
2016-10-31,175.13999938964844,176.1199951171875,174.24000549316406,174.32000732421875,163.677978515625,992900
2016-11-01,174.25,174.3300018310547,170.16000366210938,171.52999877929688,161.05825805664062,1955600
2016-11-02,172.0,173.47000122070312,171.60000610351562,172.3800048828125,161.8563995361328,1457300
2016-11-03,172.7100067138672,173.7100067138672,172.11000061035156,173.64999389648438,163.04885864257812,1265000
2016-11-04,173.39999389648438,175.72999572753906,172.86000061035156,174.8000030517578,164.128662109375,1558800
2016-11-07,176.85000610351562,180.69000244140625,176.85000610351562,180.02000427246094,169.02996826171875,2451900
2016-11-08,179.27999877929688,182.77999877929688,178.83999633789062,181.30999755859375,170.24122619628906,2012400
2016-11-09,178.5500030517578,182.39999389648438,176.44000244140625,181.1699981689453,170.10977172851562,2874200
2016-11-10,182.0,185.0,181.22999572753906,183.57000732421875,172.36322021484375,2298000
2016-11-11,183.0,184.88999938964844,182.11000061035156,183.69000244140625,172.4759521484375,1560400
2016-11-14,184.5,186.52999877929688,183.4600067138672,186.16000366210938,174.7951202392578,2168100
2016-11-15,185.77000427246094,185.8300018310547,182.97999572753906,185.38999938964844,174.0721435546875,1447000
2016-11-16,184.88999938964844,186.0,182.75,183.82000732421875,172.59799194335938,1262200
2016-11-17,184.1300048828125,185.33999633789062,183.4600067138672,185.0800018310547,173.7810516357422,931800
2016-11-18,184.7100067138672,187.3300018310547,183.97999572753906,187.2899932861328,175.8561248779297,1334400
2016-11-21,187.3300018310547,188.25,186.74000549316406,188.14999389648438,176.66363525390625,1295300
2016-11-22,188.5,188.5,187.5500030517578,188.0800018310547,176.59793090820312,1162000
2016-11-23,188.75,190.2899932861328,188.0500030517578,190.1199951171875,178.5133514404297,880800
2016-11-25,190.6199951171875,191.83999633789062,190.60000610351562,191.52999877929688,179.83731079101562,653200
2016-11-28,190.5800018310547,191.14999389648438,189.49000549316406,190.02999877929688,178.42884826660156,1746600
2016-11-29,190.0,191.35000610351562,190.0,190.32000732421875,178.70115661621094,1077700
2016-11-30,191.5,192.5800018310547,190.77999877929688,191.6699981689453,179.96873474121094,1533600
2016-12-01,192.0,193.8800048828125,192.0,192.19000244140625,180.45701599121094,1767600
2016-12-02,192.10000610351562,193.64999389648438,192.10000610351562,192.8000030517578,181.02978515625,1542900
2016-12-05,193.6999969482422,194.9499969482422,193.0,194.5,182.62599182128906,1409800
2016-12-06,194.36000061035156,194.4600067138672,191.60000610351562,193.3300018310547,181.52740478515625,1238300
2016-12-07,193.32000732421875,196.72000122070312,192.27999877929688,196.52000427246094,184.5226593017578,1886100
2016-12-08,196.75,197.3000030517578,193.60000610351562,197.07000732421875,185.41653442382812,2951600
2016-12-09,196.2899932861328,196.99000549316406,195.1300048828125,196.60000610351562,184.97427368164062,1957400
2016-12-12,195.8699951171875,198.24000549316406,195.6999969482422,197.63999938964844,185.9528045654297,1442700
2016-12-13,198.66000366210938,201.57000732421875,197.5,201.02000427246094,189.13290405273438,2237900
2016-12-14,200.77999877929688,201.0,197.61000061035156,197.9199981689453,186.21621704101562,2533200
2016-12-15,197.72999572753906,199.77000427246094,197.27000427246094,197.9199981689453,186.21621704101562,1216300
2016-12-16,198.82000732421875,199.36000061035156,195.4499969482422,196.47999572753906,184.86138916015625,3589600
2016-12-19,196.6699981689453,198.07000732421875,195.75,197.6199951171875,185.9339599609375,1498100
2016-12-20,198.9199981689453,199.49000549316406,196.5500030517578,198.74000549316406,186.98776245117188,3068000
2016-12-21,194.5,195.97000122070312,192.0399932861328,192.1199951171875,180.75918579101562,6406000
2016-12-22,192.24000549316406,192.4600067138672,190.77999877929688,190.88999938964844,179.60191345214844,2030100
2016-12-23,191.47999572753906,193.02000427246094,190.80999755859375,191.86000061035156,180.5146026611328,1677400
2016-12-27,191.97000122070312,192.52999877929688,190.50999450683594,190.5500030517578,179.28201293945312,966500
2016-12-28,190.8300018310547,191.57000732421875,188.02000427246094,188.4499969482422,177.30621337890625,1555400
2016-12-29,188.85000610351562,189.63999938964844,186.4199981689453,186.9499969482422,175.8949432373047,1293100
2016-12-30,187.8000030517578,187.9600067138672,185.67999267578125,186.1999969482422,175.1892852783203,1323200
2017-01-03,186.57000732421875,189.6699981689453,186.57000732421875,187.6999969482422,176.60060119628906,1708400
2017-01-04,188.5,189.39999389648438,187.36000061035156,188.7100067138672,177.55084228515625,1290300
2017-01-05,188.7100067138672,190.3699951171875,187.9499969482422,188.41000366210938,177.26858520507812,1207800
2017-01-06,188.11000061035156,191.74000549316406,187.89999389648438,190.25,178.9998016357422,1658400
2017-01-09,189.5800018310547,190.52999877929688,189.00999450683594,189.69000244140625,178.47293090820312,1279200
2017-01-10,189.05999755859375,189.89999389648438,188.35000610351562,188.4199981689453,177.2779998779297,1358100
2017-01-11,188.25,189.44000244140625,188.0,189.24000549316406,178.0495147705078,1045300
2017-01-12,188.66000366210938,188.8699951171875,186.33999633789062,187.3800048828125,176.2994842529297,1177900
2017-01-13,187.7899932861328,188.6999969482422,186.67999267578125,187.00999450683594,175.95138549804688,1140600
2017-01-17,186.1199951171875,186.74000549316406,184.44000244140625,186.0500030517578,175.04815673828125,1343800
2017-01-18,186.44000244140625,187.97999572753906,185.75,187.22999572753906,176.15838623046875,903000
2017-01-19,187.27000427246094,188.10000610351562,185.67999267578125,186.1699981689453,175.16102600097656,1061300
2017-01-20,186.02000427246094,187.0,184.3699951171875,185.72999572753906,174.7470703125,2192900
2017-01-23,185.80999755859375,186.7100067138672,184.3000030517578,185.4600067138672,174.49305725097656,1070500
2017-01-24,185.50999450683594,191.99000549316406,185.50999450683594,191.61000061035156,180.27935791015625,2138500
2017-01-25,191.60000610351562,194.02000427246094,190.61000061035156,192.9499969482422,181.54010009765625,1807000
2017-01-26,192.30999755859375,192.94000244140625,191.13999938964844,192.5800018310547,181.19203186035156,1067600
2017-01-27,192.77000427246094,196.4199981689453,191.8000030517578,195.9199981689453,184.33448791503906,1991400
2017-01-30,195.47999572753906,195.47999572753906,191.17999267578125,193.25,181.82240295410156,2304100
2017-01-31,190.27999877929688,190.47999572753906,186.16000366210938,189.11000061035156,177.92721557617188,2952300
2017-02-01,189.27999877929688,189.3000030517578,184.7100067138672,186.27000427246094,175.25514221191406,2076100
2017-02-02,186.1199951171875,186.9199981689453,183.8699951171875,184.61000061035156,173.69329833984375,1461900
2017-02-03,186.08999633789062,188.94000244140625,185.38999938964844,188.2100067138672,177.0803985595703,1356300
2017-02-06,190.42999267578125,190.75,187.72999572753906,188.1999969482422,177.07101440429688,1352500
2017-02-07,188.1999969482422,188.6699981689453,187.19000244140625,188.02000427246094,176.90164184570312,1158500
2017-02-08,187.75,188.27999877929688,186.80999755859375,187.9600067138672,176.84518432617188,955600
2017-02-09,187.9600067138672,190.1199951171875,187.8300018310547,188.57000732421875,177.4191436767578,1347800
2017-02-10,188.77999877929688,191.0,188.30999755859375,190.86000061035156,179.57371520996094,1188300
2017-02-13,191.0500030517578,193.14999389648438,190.6300048828125,192.57000732421875,181.18260192871094,1068300
2017-02-14,192.08999633789062,193.07000732421875,191.3300018310547,192.4600067138672,181.0791015625,945300
2017-02-15,192.77000427246094,194.7899932861328,192.22000122070312,194.6699981689453,183.1584014892578,1308700
2017-02-16,194.3800048828125,194.72000122070312,192.16000366210938,193.35000610351562,181.9164581298828,1143800
2017-02-17,192.8000030517578,193.6999969482422,192.3000030517578,193.6999969482422,182.24578857421875,808100
2017-02-21,194.3699951171875,195.57000732421875,193.75999450683594,195.36000061035156,183.80758666992188,1269600
2017-02-22,194.4199981689453,194.5,192.61000061035156,193.8300018310547,182.3680877685547,2126100
2017-02-23,194.0,194.5,190.7100067138672,191.17999267578125,179.87478637695312,1806500
2017-02-24,190.74000549316406,193.11000061035156,190.1199951171875,193.11000061035156,181.690673828125,2209900
2017-02-27,192.97000122070312,194.42999267578125,191.77000427246094,194.3699951171875,182.87615966796875,1777000
2017-02-28,194.47000122070312,195.39999389648438,192.91000366210938,192.97999572753906,181.56832885742188,1788200
2017-03-01,194.88999938964844,198.60000610351562,194.88999938964844,197.4199981689453,185.745849609375,2212700
2017-03-02,196.97999572753906,196.99000549316406,194.22999572753906,194.7100067138672,183.1960906982422,1786400
2017-03-03,194.5399932861328,195.2899932861328,193.9600067138672,194.35000610351562,182.8573455810547,819900
2017-03-06,194.0,195.42999267578125,193.33999633789062,193.9499969482422,182.4810028076172,925100
2017-03-07,193.85000610351562,194.60000610351562,192.3699951171875,192.91000366210938,181.50250244140625,1217600
2017-03-08,193.11000061035156,193.83999633789062,192.0399932861328,192.9199981689453,181.51190185546875,1206800
2017-03-09,192.6999969482422,192.89999389648438,189.89999389648438,191.30999755859375,180.37110900878906,1406200
2017-03-10,192.4499969482422,193.36000061035156,190.38999938964844,192.14999389648438,181.16302490234375,1226600
2017-03-13,191.8699951171875,193.24000549316406,191.38999938964844,193.1199951171875,182.0775909423828,1283000
2017-03-14,192.89999389648438,193.02999877929688,190.97999572753906,191.3800048828125,180.4370880126953,1352200
2017-03-15,191.9499969482422,194.25999450683594,191.5,193.25999450683594,182.20956420898438,1412100
2017-03-16,193.38999938964844,194.0,192.44000244140625,193.11000061035156,182.0681610107422,1244000
2017-03-17,193.88999938964844,196.08999633789062,192.3800048828125,194.58999633789062,183.4635467529297,2390700
2017-03-20,195.0500030517578,195.50999450683594,192.17999267578125,192.27000427246094,181.2761688232422,2189300
2017-03-21,193.08999633789062,193.86000061035156,191.67999267578125,191.83999633789062,180.87078857421875,3352300
2017-03-22,195.6699981689453,197.47999572753906,192.5,195.9199981689453,184.71751403808594,6132700
2017-03-23,195.0,195.13999938964844,189.10000610351562,189.19000244140625,178.37228393554688,3489800
2017-03-24,189.33999633789062,190.30999755859375,187.22999572753906,188.1199951171875,177.3634796142578,2862300
2017-03-27,186.7899932861328,187.6199951171875,184.3000030517578,187.0399932861328,176.34524536132812,2405900
2017-03-28,187.0,190.49000549316406,187.0,189.88999938964844,179.0323028564453,1675600
2017-03-29,189.44000244140625,191.66000366210938,189.14999389648438,190.9199981689453,180.00338745117188,1648300
2017-03-30,192.5,194.33999633789062,191.67999267578125,194.1699981689453,183.06752014160156,1890800
2017-03-31,193.9499969482422,196.22999572753906,193.22000122070312,195.14999389648438,183.99147033691406,2175500
2017-04-03,195.86000061035156,197.1999969482422,194.39999389648438,195.36000061035156,184.18948364257812,1796500
2017-04-04,195.05999755859375,196.5800018310547,194.64999389648438,196.27000427246094,185.04747009277344,1866400
2017-04-05,197.0,199.1699981689453,195.5,195.85000610351562,184.6514892578125,1651300
2017-04-06,196.0,197.25999450683594,195.63999938964844,195.99000549316406,184.7834930419922,1410500
2017-04-07,195.5399932861328,196.8800048828125,195.3699951171875,195.64999389648438,184.46292114257812,1612000
2017-04-10,196.1300048828125,197.22999572753906,195.22999572753906,195.75999450683594,184.56661987304688,1152400
2017-04-11,195.0500030517578,195.1300048828125,192.67999267578125,192.99000549316406,181.95501708984375,2393500
2017-04-12,193.1199951171875,193.22999572753906,186.14999389648438,186.30999755859375,175.656982421875,3427400
2017-04-13,186.49000549316406,186.8000030517578,183.7100067138672,183.72999572753906,173.22451782226562,2691600
2017-04-17,184.3699951171875,185.89999389648438,183.07000732421875,185.5399932861328,174.93101501464844,2372600
2017-04-18,184.86000061035156,185.77999877929688,183.5500030517578,183.61000061035156,173.11138916015625,1525900
2017-04-19,185.13999938964844,186.07000732421875,182.88999938964844,183.55999755859375,173.06422424316406,1567300
2017-04-20,184.63999938964844,186.9499969482422,183.7899932861328,186.47999572753906,175.8172607421875,1672200
2017-04-21,186.97999572753906,187.64999389648438,185.1999969482422,185.27999877929688,174.68589782714844,1725000
2017-04-24,187.5,188.66000366210938,187.30999755859375,188.55999755859375,177.7783203125,1533400
2017-04-25,189.1999969482422,190.58999633789062,188.60000610351562,188.97000122070312,178.1648712158203,1472600
2017-04-26,189.05999755859375,191.05999755859375,188.6300048828125,189.5800018310547,178.74002075195312,1598000
2017-04-27,190.0,192.3699951171875,188.74000549316406,191.7100067138672,180.7482147216797,2119500
2017-04-28,192.08999633789062,192.32000732421875,188.77000427246094,189.6999969482422,178.85316467285156,1377500
2017-05-01,189.91000366210938,190.2899932861328,188.16000366210938,188.22999572753906,177.4672088623047,1349700
2017-05-02,188.64999389648438,189.74000549316406,188.24000549316406,189.02999877929688,178.221435546875,1159500
2017-05-03,189.0399932861328,190.1199951171875,188.4499969482422,189.9199981689453,179.06057739257812,805000
2017-05-04,190.3699951171875,191.22999572753906,189.8800048828125,191.19000244140625,180.25799560546875,1361500
2017-05-05,191.50999450683594,192.8000030517578,190.72999572753906,192.4199981689453,181.41761779785156,1116500
2017-05-08,192.1199951171875,192.1199951171875,190.82000732421875,191.11000061035156,180.1825408935547,1054700
2017-05-09,191.36000061035156,191.6199951171875,189.63999938964844,190.7899932861328,179.88084411621094,1129500
2017-05-10,190.5399932861328,191.0,189.00999450683594,189.75,178.9002685546875,971000
2017-05-11,189.13999938964844,191.16000366210938,187.94000244140625,190.83999633789062,179.9279327392578,1328700
2017-05-12,189.77999877929688,192.07000732421875,189.77999877929688,191.66000366210938,180.7010955810547,1352300
2017-05-15,191.8800048828125,195.94000244140625,191.27000427246094,194.75999450683594,183.62380981445312,2088500
2017-05-16,194.83999633789062,195.25,194.02999877929688,194.13999938964844,183.03929138183594,1069200
2017-05-17,194.13999938964844,194.13999938964844,187.07000732421875,187.49000549316406,176.76951599121094,2284400
2017-05-18,188.5,190.74000549316406,186.0,188.72999572753906,177.9385986328125,1604700
2017-05-19,189.3000030517578,191.19000244140625,188.75,189.3699951171875,178.54200744628906,1308100
2017-05-22,190.38999938964844,191.89999389648438,189.44000244140625,191.64999389648438,180.69161987304688,1083800
2017-05-23,191.67999267578125,193.30999755859375,190.92999267578125,193.05999755859375,182.02099609375,907000
2017-05-24,193.42999267578125,193.89999389648438,192.60000610351562,193.27000427246094,182.21900939941406,715800
2017-05-25,193.6999969482422,194.94000244140625,192.92999267578125,194.80999755859375,183.6709747314453,1357600
2017-05-26,193.77000427246094,194.94000244140625,193.5800018310547,194.25999450683594,183.15240478515625,758000
2017-05-30,193.82000732421875,194.97999572753906,192.67999267578125,193.8800048828125,182.7941436767578,1083500
2017-05-31,194.27999877929688,194.3000030517578,191.92999267578125,193.83999633789062,182.75643920898438,1303100
2017-06-01,194.5800018310547,198.75,193.94000244140625,198.36000061035156,187.01797485351562,1420100
2017-06-02,199.0399932861328,204.88999938964844,198.85000610351562,203.11000061035156,191.4964141845703,3027100
2017-06-05,202.6699981689453,204.39999389648438,202.05999755859375,202.25,190.68551635742188,1721000
2017-06-06,201.2899932861328,204.91000366210938,200.83999633789062,203.1699981689453,191.55294799804688,2120100
2017-06-07,203.3000030517578,206.30999755859375,202.4199981689453,206.14999389648438,194.36253356933594,2175700
2017-06-08,206.14999389648438,206.92999267578125,204.3000030517578,205.83999633789062,194.07029724121094,1975200
2017-06-09,205.88999938964844,207.11000061035156,204.9499969482422,206.39999389648438,194.59825134277344,1511100
2017-06-12,206.13999938964844,209.35000610351562,205.25999450683594,209.1199951171875,197.16270446777344,1841300
2017-06-13,209.89999389648438,210.64999389648438,208.4499969482422,209.4199981689453,197.44558715820312,1210800
2017-06-14,210.1199951171875,210.1199951171875,207.69000244140625,208.89999389648438,196.95530700683594,1110300
2017-06-15,207.83999633789062,210.82000732421875,207.75999450683594,210.4499969482422,198.41671752929688,1281100
2017-06-16,210.85000610351562,211.8800048828125,209.57000732421875,210.5,198.46380615234375,1842200
2017-06-19,211.22999572753906,211.4199981689453,208.60000610351562,210.9499969482422,198.8880615234375,2318000
2017-06-20,210.44000244140625,211.0,208.9499969482422,208.9499969482422,197.4705047607422,2344600
2017-06-21,208.0,213.86000061035156,205.5,212.3000030517578,200.63644409179688,3534300
2017-06-22,209.8000030517578,212.6699981689453,208.61000061035156,211.6300048828125,200.00328063964844,2027300
2017-06-23,211.38999938964844,216.9600067138672,211.25999450683594,215.35000610351562,203.5189208984375,2547200
2017-06-26,216.38999938964844,217.2899932861328,215.0,215.36000061035156,203.52835083007812,1246600
2017-06-27,215.02999877929688,216.1300048828125,214.2899932861328,214.3300018310547,202.5549774169922,1541500
2017-06-28,216.19000244140625,217.3300018310547,215.2899932861328,217.14999389648438,205.21998596191406,1463300
2017-06-29,217.0,217.0,215.0,215.22999572753906,203.40550231933594,1574000
2017-06-30,216.47999572753906,218.36000061035156,216.05999755859375,217.3300018310547,205.39010620117188,1412800
2017-07-03,218.49000549316406,219.27999877929688,217.3800048828125,217.3800048828125,205.43736267089844,991600
2017-07-05,217.39999389648438,219.36000061035156,217.02999877929688,218.30999755859375,206.31622314453125,1169200
2017-07-06,217.3000030517578,218.0,214.63999938964844,215.02999877929688,203.21644592285156,1501100
2017-07-07,216.27000427246094,218.99000549316406,215.38999938964844,218.50999450683594,206.50527954101562,1069200
2017-07-10,218.0,219.99000549316406,217.7100067138672,218.8699951171875,206.84548950195312,1018200
2017-07-11,219.08999633789062,219.25999450683594,216.36000061035156,217.5399932861328,205.5885772705078,1164900
2017-07-12,218.8699951171875,219.25,217.8699951171875,218.32000732421875,206.3257598876953,1031600
2017-07-13,218.36000061035156,218.5399932861328,217.2100067138672,217.97000122070312,205.9949493408203,977800
2017-07-14,217.25,219.4499969482422,216.88999938964844,219.05999755859375,207.0251007080078,1000100
2017-07-17,215.25,216.47000122070312,211.52999877929688,215.47999572753906,203.64175415039062,2838900
2017-07-18,215.16000366210938,215.16000366210938,210.9499969482422,211.0399932861328,199.44564819335938,2231000
2017-07-19,211.1300048828125,212.9499969482422,210.10000610351562,212.8800048828125,201.18455505371094,2616200
2017-07-20,213.1999969482422,213.47000122070312,211.33999633789062,211.8800048828125,200.23956298828125,1975900
2017-07-21,210.8000030517578,212.61000061035156,209.7100067138672,212.50999450683594,200.83493041992188,1235700
2017-07-24,212.08999633789062,213.39999389648438,211.6300048828125,212.67999267578125,200.99557495117188,1035900
2017-07-25,213.77999877929688,215.58999633789062,213.64999389648438,214.3699951171875,202.59271240234375,898300
2017-07-26,214.80999755859375,214.85000610351562,213.4600067138672,213.6300048828125,201.8933868408203,669200
2017-07-27,213.25,213.77000427246094,206.22000122070312,207.5399932861328,196.13796997070312,2374100
2017-07-28,207.66000366210938,208.9499969482422,206.69000244140625,208.0399932861328,196.6105194091797,1076400
2017-07-31,208.3699951171875,208.82000732421875,207.7100067138672,208.02999877929688,196.6010284423828,828900
2017-08-01,208.9600067138672,209.41000366210938,205.91000366210938,206.7100067138672,195.35354614257812,1176900
2017-08-02,207.0,209.67999267578125,206.3000030517578,209.5,197.9903106689453,1359900
2017-08-03,209.1300048828125,209.72000122070312,208.27999877929688,209.36000061035156,197.8579864501953,1091000
2017-08-04,209.22000122070312,210.47999572753906,206.4199981689453,209.32000732421875,197.82017517089844,1450000
2017-08-07,209.0,209.0,207.58999633789062,208.3699951171875,196.92236328125,988400
2017-08-08,208.5500030517578,209.4499969482422,206.72000122070312,207.0,195.62767028808594,1255300
2017-08-09,206.5800018310547,206.64999389648438,204.64999389648438,206.17999267578125,194.8526611328125,1018700
2017-08-10,205.8000030517578,206.0,203.52999877929688,203.5500030517578,192.36717224121094,1110200
2017-08-11,203.38999938964844,206.80999755859375,203.1300048828125,204.8699951171875,193.61463928222656,1136600
2017-08-14,205.9499969482422,208.02999877929688,205.9499969482422,207.86000061035156,196.44036865234375,1105200
2017-08-15,208.50999450683594,210.25999450683594,208.02999877929688,209.07000732421875,197.5839080810547,723000
2017-08-16,209.42999267578125,210.99000549316406,209.33999633789062,209.6300048828125,198.1131591796875,709700
2017-08-17,209.0,209.44000244140625,205.3699951171875,205.3699951171875,194.0872039794922,1028600
2017-08-18,205.22000122070312,207.57000732421875,204.69000244140625,206.0,194.6825714111328,930400
2017-08-21,206.0,206.60000610351562,204.8699951171875,206.3300018310547,194.99444580078125,980800
2017-08-22,207.0,209.60000610351562,206.80999755859375,209.27999877929688,197.7823486328125,701500
2017-08-23,208.32000732421875,208.83999633789062,206.0,207.07000732421875,195.69378662109375,1015800
2017-08-24,208.02000427246094,208.05999755859375,205.63999938964844,206.6699981689453,195.31576538085938,598200
2017-08-25,207.72999572753906,209.00999450683594,207.19000244140625,207.75999450683594,196.3458709716797,614200
2017-08-28,208.42999267578125,209.24000549316406,207.8300018310547,208.83999633789062,197.3665313720703,640100
2017-08-29,207.4600067138672,211.64999389648438,207.22000122070312,211.3000030517578,199.69143676757812,824300
2017-08-30,212.17999267578125,214.49000549316406,211.55999755859375,213.77999877929688,202.03514099121094,1010700
2017-08-31,214.75,215.14999389648438,213.3699951171875,214.3800048828125,202.60218811035156,1088500
2017-09-01,215.1199951171875,216.7100067138672,214.5,215.0500030517578,203.2354278564453,825600
2017-09-05,214.1999969482422,214.9199981689453,212.39999389648438,213.25999450683594,201.54373168945312,992000
2017-09-06,214.0,214.72999572753906,211.91000366210938,211.91000366210938,200.2678680419922,1134800
2017-09-07,212.6999969482422,214.0,212.11000061035156,213.66000366210938,201.9217071533203,881600
2017-09-08,212.69000244140625,212.69000244140625,209.6699981689453,210.47999572753906,199.38299560546875,1601000
2017-09-11,212.11000061035156,213.0,211.00999450683594,212.39999389648438,201.20181274414062,1491900
2017-09-12,213.30999755859375,217.3000030517578,213.11000061035156,215.5399932861328,204.17628479003906,1580700
2017-09-13,215.1199951171875,215.52999877929688,213.61000061035156,215.0,203.6647186279297,800900
2017-09-14,214.16000366210938,216.19000244140625,214.02999877929688,214.52000427246094,203.21005249023438,967900
2017-09-15,212.8699951171875,217.0,211.74000549316406,214.8300018310547,203.5037078857422,1811600
2017-09-18,215.0,216.33999633789062,214.11000061035156,215.0800018310547,203.74053955078125,1125800
2017-09-19,215.1300048828125,216.9499969482422,215.0,216.0,204.6119842529297,2127000
2017-09-20,216.3699951171875,222.7100067138672,215.57000732421875,220.5,208.874755859375,4275900
2017-09-21,220.0,220.77999877929688,218.0,218.8300018310547,207.29278564453125,2092300
2017-09-22,218.85000610351562,220.9499969482422,217.83999633789062,220.0,208.40110778808594,1607600
2017-09-25,220.1300048828125,220.9199981689453,217.60000610351562,219.1999969482422,207.64329528808594,1277500
2017-09-26,218.74000549316406,220.32000732421875,218.5399932861328,219.80999755859375,208.2211456298828,1404700
2017-09-27,220.77999877929688,220.97999572753906,220.0,220.0,208.40110778808594,1262300
2017-09-28,219.6199951171875,224.5,219.1199951171875,224.25999450683594,212.4365234375,1467900
2017-09-29,224.25999450683594,226.33999633789062,223.49000549316406,225.5800018310547,213.68690490722656,1290200
2017-10-02,225.50999450683594,227.0,224.60000610351562,226.3300018310547,214.3973846435547,1168800
2017-10-03,226.19000244140625,226.89999389648438,222.5800018310547,223.0,211.24298095703125,1291300
2017-10-04,222.8699951171875,223.47000122070312,221.2100067138672,221.32000732421875,209.65151977539062,1004800
2017-10-05,218.38999938964844,221.66000366210938,217.77000427246094,221.61000061035156,209.9261932373047,2072800
2017-10-06,221.50999450683594,222.24000549316406,220.22000122070312,220.8000030517578,209.15895080566406,783000
2017-10-09,221.11000061035156,221.77000427246094,220.0399932861328,220.63999938964844,209.0073699951172,1024600
2017-10-10,221.35000610351562,222.22000122070312,220.64999389648438,220.77999877929688,209.14002990722656,710200
2017-10-11,221.4600067138672,223.0,221.25,222.67999267578125,210.93984985351562,1318600
2017-10-12,222.57000732421875,225.8300018310547,222.30999755859375,225.05999755859375,213.19435119628906,1172400
2017-10-13,225.49000549316406,226.0800018310547,222.0,222.22000122070312,210.50405883789062,1088200
2017-10-16,222.72000122070312,222.8800048828125,220.27999877929688,221.35000610351562,209.67996215820312,762800
2017-10-17,221.00999450683594,221.50999450683594,219.80999755859375,220.10000610351562,208.49583435058594,1034000
2017-10-18,220.4600067138672,223.27000427246094,220.2100067138672,222.3000030517578,210.57986450195312,851300
2017-10-19,221.47999572753906,224.0,220.61000061035156,223.97000122070312,212.16183471679688,1487000
2017-10-20,224.94000244140625,225.85000610351562,224.0,225.07000732421875,213.2038116455078,1297900
2017-10-23,226.0,226.5800018310547,224.69000244140625,225.33999633789062,213.4595947265625,1192400
2017-10-24,225.74000549316406,226.72000122070312,225.24000549316406,225.83999633789062,213.9331817626953,1107100
2017-10-25,225.38999938964844,226.41000366210938,225.02000427246094,225.5,213.6111297607422,1108600
2017-10-26,226.32000732421875,230.0800018310547,225.89999389648438,229.0399932861328,216.96450805664062,1430400
2017-10-27,228.99000549316406,231.35000610351562,228.61000061035156,230.47000122070312,218.31910705566406,1241400
2017-10-30,230.07000732421875,230.4499969482422,227.1699981689453,227.72000122070312,215.71409606933594,742800
2017-10-31,228.1199951171875,228.30999755859375,225.77999877929688,225.80999755859375,213.90478515625,949200
2017-11-01,227.0,227.3800048828125,224.6699981689453,225.4600067138672,213.57327270507812,1149900
2017-11-02,225.6999969482422,226.5,222.86000061035156,225.3000030517578,213.4216766357422,1318400
2017-11-03,225.16000366210938,225.9199981689453,223.74000549316406,224.24000549316406,212.4175567626953,810600
2017-11-06,223.6300048828125,224.13999938964844,220.52000427246094,220.9499969482422,209.30101013183594,1103700
2017-11-07,221.55999755859375,222.83999633789062,220.8000030517578,221.16000366210938,209.4999542236328,855600
2017-11-08,220.42999267578125,221.91000366210938,219.8300018310547,220.5,208.874755859375,972900
2017-11-09,219.39999389648438,219.75,215.47000122070312,217.44000244140625,205.97610473632812,1003400
2017-11-10,216.88999938964844,218.4499969482422,216.27000427246094,218.14999389648438,206.6486358642578,936300
2017-11-13,219.5,221.77000427246094,218.64999389648438,221.42999267578125,209.75570678710938,1209500
2017-11-14,220.80999755859375,220.97999572753906,219.52000427246094,219.94000244140625,208.34423828125,805000
2017-11-15,218.9600067138672,219.8800048828125,214.1699981689453,214.4499969482422,203.14370727539062,1323400
2017-11-16,215.32000732421875,218.67999267578125,214.80999755859375,217.91000366210938,206.4213104248047,1520300
2017-11-17,217.05999755859375,218.27999877929688,215.86000061035156,216.0,204.6119842529297,1446800
2017-11-20,216.61000061035156,218.33999633789062,216.0500030517578,217.25,205.7960968017578,991200
2017-11-21,217.8800048828125,217.97000122070312,216.8300018310547,217.32000732421875,205.86244201660156,1226000
2017-11-22,218.02999877929688,218.4199981689453,216.52999877929688,217.8300018310547,206.3455352783203,1331900
2017-11-24,219.0,219.10000610351562,216.35000610351562,217.0,205.559326171875,703600
2017-11-27,217.11000061035156,218.36000061035156,216.36000061035156,217.8699951171875,206.38339233398438,1244700
2017-11-28,218.82000732421875,218.9199981689453,216.7100067138672,218.50999450683594,206.9896697998047,1647700
2017-11-29,218.9199981689453,226.47999572753906,218.77000427246094,225.92999267578125,214.01844787597656,1881800
2017-11-30,227.3300018310547,233.88999938964844,227.3300018310547,231.4600067138672,219.25692749023438,2789100
2017-12-01,231.72000122070312,232.99000549316406,226.1699981689453,230.83999633789062,218.66961669921875,1809900
2017-12-04,234.77000427246094,243.05999755859375,233.7899932861328,239.0500030517578,226.44677734375,3049700
2017-12-05,238.3000030517578,239.50999450683594,235.07000732421875,235.39999389648438,222.9892120361328,1592100
2017-12-06,234.64999389648438,237.77000427246094,233.6699981689453,236.38999938964844,223.92697143554688,1523400
2017-12-07,236.41000366210938,240.27999877929688,235.75,239.3000030517578,226.68360900878906,1232200
2017-12-08,240.27000427246094,241.0,238.80999755859375,240.72999572753906,228.51564025878906,1196600
2017-12-11,239.6699981689453,241.11000061035156,237.25999450683594,238.61000061035156,226.503173828125,1423000
2017-12-12,238.64999389648438,241.3699951171875,238.02000427246094,239.5,227.34803771972656,1731100
2017-12-13,240.38999938964844,243.47999572753906,239.5,242.02000427246094,229.7401885986328,1204800
2017-12-14,242.22999572753906,242.82000732421875,238.30999755859375,238.5,226.39874267578125,1537000
2017-12-15,240.5,241.74000549316406,239.55999755859375,240.0500030517578,227.8701629638672,2227000
2017-12-18,243.0,243.75,241.10000610351562,241.91000366210938,229.63575744628906,1977900
2017-12-19,242.11000061035156,243.52000427246094,240.35000610351562,242.5399932861328,230.23379516601562,2330000
2017-12-20,252.60000610351562,253.24000549316406,246.60000610351562,251.07000732421875,238.33102416992188,5898100
2017-12-21,253.83999633789062,255.11000061035156,248.75999450683594,250.1699981689453,237.4766845703125,3257100
2017-12-22,250.55999755859375,251.5500030517578,249.1699981689453,250.02000427246094,237.33428955078125,1341200
2017-12-26,250.39999389648438,251.25,249.2100067138672,249.63999938964844,236.9735565185547,755900
2017-12-27,250.25999450683594,250.35000610351562,248.80999755859375,250.02999877929688,237.34378051757812,890200
2017-12-28,250.0,250.6199951171875,247.27000427246094,248.32000732421875,235.7205810546875,1003400
2017-12-29,249.0,250.6999969482422,248.5800018310547,249.5399932861328,236.8786163330078,1162200
2018-01-02,250.8300018310547,257.6000061035156,250.0,257.6000061035156,244.52969360351562,2461300
2018-01-03,257.260009765625,261.57000732421875,256.010009765625,260.82000732421875,247.5863037109375,2149600
2018-01-04,262.2900085449219,266.2200012207031,262.0,264.8800048828125,251.44033813476562,2600400
2018-01-05,266.25,271.3900146484375,263.6199951171875,265.9200134277344,252.42764282226562,2863900
2018-01-08,268.8999938964844,270.1700134277344,266.8900146484375,268.6600036621094,255.0284881591797,1956000
2018-01-09,270.0,271.0,267.0,267.75,254.16468811035156,1648300
2018-01-10,265.29998779296875,268.7200012207031,263.6199951171875,268.010009765625,254.4114532470703,1644400
2018-01-11,268.5,271.20001220703125,267.6300048828125,271.19000244140625,257.43011474609375,1652100
2018-01-12,271.25,271.8999938964844,269.55999755859375,271.8500061035156,258.05670166015625,1342900
2018-01-16,272.2699890136719,273.1600036621094,267.2099914550781,269.5799865722656,255.90188598632812,1668600
2018-01-17,270.6400146484375,271.8999938964844,268.04998779296875,271.489990234375,257.71490478515625,1378100
2018-01-18,272.2699890136719,274.6600036621094,270.6499938964844,272.17999267578125,258.3699645996094,1903100
2018-01-19,272.7799987792969,274.3800048828125,269.82000732421875,274.32000732421875,260.4013671875,1420400
2018-01-22,273.04998779296875,274.1000061035156,271.29998779296875,273.8900146484375,259.9931640625,1006300
2018-01-23,273.95001220703125,273.95001220703125,271.32000732421875,272.0199890136719,258.218017578125,1182800
2018-01-24,272.44000244140625,272.8800048828125,268.82000732421875,270.4100036621094,256.6897888183594,1421700
2018-01-25,271.1000061035156,271.1000061035156,266.7699890136719,268.0400085449219,254.4400634765625,1603500
2018-01-26,268.510009765625,269.0,265.69000244140625,268.8500061035156,255.20889282226562,1522200
2018-01-29,267.5,270.54998779296875,267.2699890136719,267.69000244140625,254.10775756835938,1153300
2018-01-30,266.5400085449219,266.8399963378906,259.510009765625,261.4599914550781,248.19381713867188,2455400
2018-01-31,263.70001220703125,267.1700134277344,261.6600036621094,262.4800109863281,249.16209411621094,1764600
2018-02-01,258.1499938964844,265.6700134277344,257.3299865722656,261.8299865722656,248.54502868652344,2318100
2018-02-02,260.5799865722656,261.239990234375,255.72000122070312,255.8699951171875,242.8874969482422,1655000
2018-02-05,252.47999572753906,259.1300048828125,248.36000061035156,248.5,235.8914031982422,2315400
2018-02-06,244.44000244140625,254.1199951171875,242.50999450683594,250.17999267578125,237.48614501953125,3366200
2018-02-07,248.9600067138672,254.47000122070312,248.50999450683594,251.14999389648438,238.406982421875,1520100
2018-02-08,251.64999389648438,251.64999389648438,239.13999938964844,239.27000427246094,227.12973022460938,2735400
2018-02-09,235.6999969482422,239.0,226.1999969482422,235.32000732421875,223.380126953125,5153300
2018-02-12,236.80999755859375,241.3800048828125,235.39999389648438,239.92999267578125,227.75628662109375,2667200
2018-02-13,238.74000549316406,241.52999877929688,236.72000122070312,240.32000732421875,228.12649536132812,1537700
2018-02-14,239.75,242.3300018310547,238.85000610351562,240.82000732421875,228.60110473632812,1817100
2018-02-15,241.9199981689453,245.1300048828125,238.6699981689453,245.02999877929688,232.5974578857422,1707700
2018-02-16,244.0,247.72000122070312,242.60000610351562,244.19000244140625,231.80006408691406,1476800
2018-02-20,243.36000061035156,244.3000030517578,240.25,240.97999572753906,228.75299072265625,1125400
2018-02-21,241.0,247.75,241.0,243.3000030517578,230.95526123046875,1281300
2018-02-22,244.14999389648438,248.19000244140625,244.0500030517578,245.42999267578125,232.9771728515625,1383500
2018-02-23,248.22000122070312,252.24000549316406,247.5,252.22000122070312,239.4226837158203,1806900
2018-02-26,253.0,255.14999389648438,250.0,254.50999450683594,241.5965118408203,1534300
2018-02-27,254.6300048828125,255.9199981689453,248.61000061035156,248.74000549316406,236.1192169189453,1393700
2018-02-28,249.55999755859375,251.60000610351562,246.25999450683594,246.41000366210938,233.907470703125,1739400
2018-03-01,246.35000610351562,250.47000122070312,242.49000549316406,243.6999969482422,231.33497619628906,1967800
2018-03-02,241.5800018310547,242.82000732421875,238.0,241.30999755859375,229.0662078857422,1729900
2018-03-05,239.39999389648438,243.11000061035156,237.1999969482422,241.94000244140625,229.66424560546875,1064200
2018-03-06,243.57000732421875,244.6199951171875,241.5800018310547,243.0399932861328,230.70840454101562,1434900
2018-03-07,240.0,243.41000366210938,239.5,241.67999267578125,229.4174041748047,1648200
2018-03-08,242.0,242.00999450683594,236.17999267578125,240.47000122070312,228.2688446044922,1837500
2018-03-09,242.42999267578125,247.38999938964844,240.94000244140625,247.1199951171875,235.07020568847656,1644700
2018-03-12,247.0800018310547,248.5,245.64999389648438,246.5399932861328,234.5184783935547,1277100
2018-03-13,247.5800018310547,252.74000549316406,246.77999877929688,250.77000427246094,238.542236328125,1950400
2018-03-14,252.24000549316406,252.5,246.57000732421875,246.91000366210938,234.87045288085938,1539300
2018-03-15,247.5500030517578,251.6199951171875,247.22000122070312,247.39999389648438,235.33653259277344,1732100
2018-03-16,248.49000549316406,254.1199951171875,248.02000427246094,252.02999877929688,239.74078369140625,2167000
2018-03-19,251.22000122070312,252.8000030517578,246.3000030517578,249.61000061035156,237.4387664794922,1984000
2018-03-20,250.5500030517578,254.02000427246094,249.3800048828125,251.99000549316406,239.70272827148438,3398100
2018-03-21,252.25,258.0,249.00999450683594,249.02000427246094,236.8775634765625,4843700
2018-03-22,246.0,246.0,235.38999938964844,236.27000427246094,224.749267578125,4249800
2018-03-23,237.05999755859375,238.74000549316406,228.89999389648438,229.47999572753906,218.29031372070312,2666300
2018-03-26,233.75,240.08999633789062,231.52000427246094,239.85000610351562,228.1547088623047,2659400
2018-03-27,240.32000732421875,241.27000427246094,233.17999267578125,234.63999938964844,223.19871520996094,1907100
2018-03-28,234.63999938964844,237.0,232.42999267578125,234.8000030517578,223.35093688964844,1882000
2018-03-29,236.94000244140625,242.5800018310547,236.8000030517578,240.11000061035156,228.4019775390625,1923500
2018-04-02,239.19000244140625,241.8800048828125,235.1999969482422,238.5,226.8704833984375,2063900
2018-04-03,239.22000122070312,241.2899932861328,237.0800018310547,241.0399932861328,229.2866668701172,1540100
2018-04-04,236.50999450683594,239.10000610351562,232.52999877929688,238.75999450683594,227.1178436279297,2027400
2018-04-05,239.30999755859375,241.94000244140625,237.19000244140625,241.07000732421875,229.31521606445312,1153600
2018-04-06,239.27999877929688,239.6300048828125,231.7100067138672,234.2899932861328,222.8657989501953,1447000
2018-04-09,235.6999969482422,238.3800048828125,234.05999755859375,234.32000732421875,222.8943634033203,1385400
2018-04-10,238.0,240.75999450683594,236.9499969482422,238.0,226.39488220214844,1649200
2018-04-11,236.1199951171875,238.91000366210938,235.77999877929688,238.0,226.39488220214844,906000
2018-04-12,239.5399932861328,243.5800018310547,239.42999267578125,241.91000366210938,230.1142578125,1167800
2018-04-13,243.6199951171875,246.9499969482422,243.10000610351562,244.49000549316406,232.56846618652344,1651800
2018-04-16,245.6199951171875,251.0800018310547,245.6199951171875,250.02999877929688,237.8383026123047,1417400
2018-04-17,251.72000122070312,253.14999389648438,250.3800048828125,252.0,239.71224975585938,1351800
2018-04-18,252.22999572753906,257.4700012207031,250.02999877929688,255.52999877929688,243.07015991210938,2186200
2018-04-19,254.97999572753906,254.97999572753906,249.58999633789062,251.58999633789062,239.32223510742188,1483900
2018-04-20,251.7100067138672,252.47000122070312,245.5,247.1199951171875,235.07020568847656,1512500
2018-04-23,247.33999633789062,249.3800048828125,246.6699981689453,248.82000732421875,236.6873016357422,813900
2018-04-24,250.38999938964844,253.88999938964844,243.24000549316406,245.55999755859375,233.5862579345703,1817800
2018-04-25,245.47000122070312,248.00999450683594,243.57000732421875,246.89999389648438,234.86093139648438,1316000
2018-04-26,247.1999969482422,250.5399932861328,244.58999633789062,246.92999267578125,234.88946533203125,1708400
2018-04-27,246.92999267578125,250.88999938964844,245.7100067138672,250.3300018310547,238.12367248535156,1243600
2018-04-30,251.08999633789062,252.94000244140625,246.6699981689453,247.1999969482422,235.14630126953125,1603400
2018-05-01,247.22999572753906,248.30999755859375,243.25999450683594,244.66000366210938,232.73013305664062,1599400
2018-05-02,243.77999877929688,243.91000366210938,238.74000549316406,240.60000610351562,228.86813354492188,1461900
2018-05-03,239.25,243.8000030517578,236.61000061035156,242.14999389648438,230.34254455566406,1355400
2018-05-04,240.5500030517578,246.13999938964844,238.57000732421875,244.94000244140625,232.99652099609375,989500
2018-05-07,245.69000244140625,246.72000122070312,242.30999755859375,243.1199951171875,231.26524353027344,1308600
2018-05-08,240.97999572753906,245.3300018310547,240.89999389648438,241.9499969482422,230.1522674560547,1682500
2018-05-09,243.11000061035156,244.30999755859375,241.0800018310547,244.1699981689453,232.2640380859375,1388700
2018-05-10,244.64999389648438,248.2100067138672,244.49000549316406,247.6999969482422,235.62193298339844,1232900
2018-05-11,248.22000122070312,252.1999969482422,247.97000122070312,250.89999389648438,238.66586303710938,1941200
2018-05-14,252.60000610351562,253.77999877929688,250.75,251.35000610351562,239.09396362304688,1047600
2018-05-15,249.47999572753906,249.5800018310547,246.25,247.33999633789062,235.2794647216797,1638200
2018-05-16,247.77999877929688,248.72000122070312,246.5399932861328,247.1199951171875,235.07020568847656,1101200
2018-05-17,247.69000244140625,250.22999572753906,247.27999877929688,248.4600067138672,236.3448486328125,1084000
2018-05-18,247.8800048828125,249.72999572753906,246.7100067138672,249.4499969482422,237.28659057617188,1195700
2018-05-21,251.0,254.94000244140625,250.67999267578125,254.66000366210938,242.2425537109375,1384200
2018-05-22,255.14999389648438,256.29998779296875,252.35000610351562,252.58999633789062,240.2734832763672,1011300
2018-05-23,252.02000427246094,252.02000427246094,248.6199951171875,250.47000122070312,238.2568359375,1106800
2018-05-24,250.17999267578125,252.00999450683594,248.5,251.74000549316406,239.46493530273438,1496300
2018-05-25,250.86000061035156,253.17999267578125,250.86000061035156,251.5,239.2366485595703,841200
2018-05-29,250.22999572753906,251.4600067138672,246.30999755859375,247.61000061035156,235.5363006591797,1159700
2018-05-30,248.72999572753906,254.19000244140625,248.60000610351562,253.0800018310547,240.73956298828125,1201800
2018-05-31,253.5500030517578,253.5500030517578,248.8000030517578,249.1199951171875,236.97268676757812,1300900
2018-06-01,251.57000732421875,254.8000030517578,251.10000610351562,253.60000610351562,241.23426818847656,1174500
2018-06-04,254.7100067138672,256.5,251.63999938964844,251.8800048828125,239.59812927246094,919300
2018-06-05,251.55999755859375,252.75,249.75,252.0,239.71224975585938,953900
2018-06-06,253.92999267578125,256.739990234375,251.50999450683594,256.54998779296875,244.04037475585938,1096300
2018-06-07,257.29998779296875,260.6199951171875,254.97999572753906,257.25,244.70626831054688,1758700
2018-06-08,256.9700012207031,260.4100036621094,256.75,260.1499938964844,247.46484375,1221800
2018-06-11,260.1400146484375,263.4200134277344,260.1400146484375,261.9700012207031,249.1960906982422,1424300
2018-06-12,263.5899963378906,266.6700134277344,263.19000244140625,265.5299987792969,252.5825653076172,1782400
2018-06-13,265.9700012207031,266.0299987792969,262.3399963378906,262.9200134277344,250.09979248046875,1147800
2018-06-14,264.0,264.0799865722656,261.3599853515625,263.4800109863281,250.63250732421875,1015600
2018-06-15,262.510009765625,264.989990234375,260.8399963378906,264.55999755859375,251.6598358154297,1363700
2018-06-18,263.0899963378906,264.6499938964844,261.5799865722656,263.6700134277344,250.813232421875,1392400
2018-06-19,261.42999267578125,261.510009765625,254.75,258.3900146484375,245.79067993164062,3160700
2018-06-20,257.30999755859375,257.30999755859375,251.08999633789062,251.42999267578125,239.1700439453125,3906200
2018-06-21,251.50999450683594,251.8000030517578,245.64999389648438,246.72000122070312,234.68971252441406,3665100
2018-06-22,247.89999389648438,248.13999938964844,241.5,241.77000427246094,230.58859252929688,2635600
2018-06-25,239.72999572753906,240.3300018310547,231.97999572753906,234.52999877929688,223.6834259033203,3605700
2018-06-26,235.60000610351562,237.92999267578125,233.6999969482422,236.85000610351562,225.8961181640625,1954200
2018-06-27,236.85000610351562,238.63999938964844,229.63999938964844,229.75,219.1244659423828,2596500
2018-06-28,226.1699981689453,228.05999755859375,222.44000244140625,226.6699981689453,216.18692016601562,4067900
2018-06-29,228.1699981689453,230.75,227.0,227.05999755859375,216.5588836669922,2262700
2018-07-02,225.3699951171875,229.6300048828125,225.25999450683594,229.38999938964844,218.78109741210938,1587500
2018-07-03,230.58999633789062,231.4499969482422,227.27999877929688,227.61000061035156,217.08343505859375,922000
2018-07-05,228.33999633789062,229.1300048828125,225.50999450683594,228.5800018310547,218.0085906982422,1623600
2018-07-06,228.5800018310547,229.2899932861328,225.35000610351562,228.27000427246094,217.71292114257812,1584900
2018-07-09,229.2100067138672,235.4600067138672,228.97999572753906,234.94000244140625,224.07444763183594,1733900
2018-07-10,235.39999389648438,237.1999969482422,234.32000732421875,235.66000366210938,224.7611541748047,1195700
2018-07-11,233.24000549316406,233.47000122070312,229.61000061035156,230.22000122070312,219.57273864746094,1394600
2018-07-12,231.77999877929688,233.75,229.61000061035156,232.69000244140625,221.92852783203125,1333200
2018-07-13,232.0,234.88999938964844,231.80999755859375,233.75,222.93946838378906,983400
2018-07-16,232.32000732421875,233.97000122070312,229.0500030517578,230.17999267578125,219.53457641601562,1935900
2018-07-17,229.72999572753906,231.44000244140625,229.4600067138672,231.14999389648438,220.45970153808594,1801300
2018-07-18,231.58999633789062,236.83999633789062,231.27999877929688,236.19000244140625,225.2666473388672,1888800
2018-07-19,235.1199951171875,237.35000610351562,234.0,236.5500030517578,225.60997009277344,1549800
2018-07-20,235.4499969482422,236.02999877929688,233.52999877929688,234.92999267578125,224.06491088867188,1705400
2018-07-23,234.86000061035156,236.8699951171875,234.24000549316406,236.39999389648438,225.4669189453125,1207100
2018-07-24,237.69000244140625,240.32000732421875,236.3000030517578,236.8300018310547,225.87704467773438,1928200
2018-07-25,237.17999267578125,240.5500030517578,236.44000244140625,240.24000549316406,229.12933349609375,1885300
2018-07-26,241.1999969482422,243.02000427246094,239.67999267578125,241.24000549316406,230.08306884765625,1505900
2018-07-27,241.97999572753906,244.1300048828125,240.07000732421875,240.83999633789062,229.70159912109375,1215300
2018-07-30,240.77000427246094,244.35000610351562,240.02000427246094,240.44000244140625,229.32009887695312,1212800
2018-07-31,242.52000427246094,248.6199951171875,242.44000244140625,245.8699951171875,234.4989471435547,1886200
2018-08-01,245.6999969482422,245.6999969482422,240.67999267578125,241.10000610351562,229.94955444335938,1096700
2018-08-02,240.0,241.9199981689453,238.77999877929688,241.1199951171875,229.96865844726562,1030000
2018-08-03,240.6300048828125,244.07000732421875,240.19000244140625,243.32000732421875,232.06690979003906,962300
2018-08-06,242.36000061035156,245.52999877929688,242.36000061035156,245.1300048828125,233.79318237304688,1209700
2018-08-07,245.85000610351562,249.69000244140625,244.69000244140625,247.85000610351562,236.3873748779297,1144700
2018-08-08,247.8000030517578,248.27999877929688,245.38999938964844,245.49000549316406,234.13656616210938,888600
2018-08-09,246.0,247.07000732421875,244.7899932861328,244.8000030517578,233.4784393310547,1115600
2018-08-10,244.19000244140625,244.19000244140625,240.33999633789062,241.75999450683594,230.57904052734375,1483100
2018-08-13,242.0,242.6699981689453,240.16000366210938,240.99000549316406,229.8446807861328,900100
2018-08-14,241.5500030517578,246.0500030517578,241.5500030517578,243.6999969482422,232.4293212890625,1038800
2018-08-15,243.07000732421875,244.02999877929688,239.89999389648438,243.47999572753906,232.219482421875,915300
2018-08-16,245.02000427246094,248.66000366210938,244.5,246.25,234.8614044189453,1031200
2018-08-17,246.0399932861328,247.4499969482422,245.47999572753906,246.94000244140625,235.5194549560547,803800
2018-08-20,247.33999633789062,249.9199981689453,247.33999633789062,248.7899932861328,237.28392028808594,1031400
2018-08-21,248.7899932861328,252.2899932861328,248.7899932861328,251.11000061035156,239.4966278076172,1263800
2018-08-22,250.13999938964844,250.77000427246094,246.60000610351562,246.94000244140625,235.5194549560547,1168200
2018-08-23,246.86000061035156,247.66000366210938,243.80999755859375,244.47000122070312,233.1636962890625,1205400
2018-08-24,245.66000366210938,246.07000732421875,244.47999572753906,245.02000427246094,233.68826293945312,1066100
2018-08-27,246.33999633789062,249.83999633789062,246.33999633789062,248.89999389648438,237.38885498046875,1650900
2018-08-28,249.4600067138672,249.6699981689453,247.25999450683594,247.6300048828125,236.17759704589844,857900
2018-08-29,248.1199951171875,248.3800048828125,246.8000030517578,247.60000610351562,236.14895629882812,981700
2018-08-30,247.4600067138672,247.92999267578125,245.85000610351562,246.74000549316406,235.32872009277344,1171400
2018-08-31,246.4199981689453,246.64999389648438,243.44000244140625,243.9499969482422,232.66775512695312,1476000
2018-09-04,243.89999389648438,243.92999267578125,240.8300018310547,241.2899932861328,230.1307830810547,1891400
2018-09-05,241.05999755859375,245.19000244140625,240.3800048828125,244.75999450683594,233.44027709960938,1889200
2018-09-06,244.13999938964844,247.1300048828125,243.0500030517578,246.19000244140625,234.80416870117188,1069400
2018-09-07,245.0,248.3300018310547,244.0500030517578,245.97000122070312,235.2153778076172,1217300
2018-09-10,246.0800018310547,250.97999572753906,245.52999877929688,249.4499969482422,238.54322814941406,1229900
2018-09-11,248.88999938964844,250.13999938964844,247.3000030517578,249.36000061035156,238.45716857910156,1151500
2018-09-12,249.36000061035156,254.27000427246094,248.58999633789062,252.97999572753906,241.91885375976562,1558200
2018-09-13,254.47999572753906,257.3299865722656,252.77999877929688,253.1699981689453,242.10057067871094,1717600
2018-09-14,253.39999389648438,256.9100036621094,253.30999755859375,255.44000244140625,244.2713165283203,1253300
2018-09-17,257.2699890136719,259.25,253.6699981689453,255.72999572753906,244.54859924316406,2226500
2018-09-18,249.74000549316406,250.0,241.22000122070312,241.5800018310547,231.0172882080078,6941200
2018-09-19,241.3000030517578,243.50999450683594,238.63999938964844,242.8800048828125,232.26046752929688,3288700
2018-09-20,244.64999389648438,247.57000732421875,244.14999389648438,246.80999755859375,236.0186309814453,2379900
2018-09-21,249.22999572753906,250.9499969482422,246.8300018310547,247.32000732421875,236.50634765625,2389800
2018-09-24,246.5399932861328,247.1199951171875,242.6300048828125,243.83999633789062,233.17849731445312,1716600
2018-09-25,244.32000732421875,244.52000427246094,238.8000030517578,239.1999969482422,228.74136352539062,2921100
2018-09-26,239.57000732421875,243.19000244140625,238.89999389648438,241.11000061035156,230.56787109375,2270900
2018-09-27,241.44000244140625,242.17999267578125,239.25,240.6999969482422,230.17575073242188,1422300
2018-09-28,239.9199981689453,241.17999267578125,237.50999450683594,240.7899932861328,230.26185607910156,1837700
2018-10-01,242.47999572753906,243.5500030517578,239.3699951171875,239.92999267578125,229.43943786621094,1427100
2018-10-02,239.47999572753906,240.94000244140625,238.80999755859375,239.0,228.5501251220703,1223700
2018-10-03,239.33999633789062,243.36000061035156,239.3300018310547,240.94000244140625,230.4053192138672,1269000
2018-10-04,240.80999755859375,242.38999938964844,237.6699981689453,239.07000732421875,228.61705017089844,1101300
2018-10-05,239.00999450683594,239.60000610351562,232.92999267578125,236.05999755859375,225.73866271972656,1520500
2018-10-08,234.9199981689453,238.60000610351562,232.77999877929688,234.99000549316406,224.7154541015625,1527800
2018-10-09,234.39999389648438,234.75,229.14999389648438,229.75,219.70452880859375,1668700
2018-10-10,229.14999389648438,229.5500030517578,221.35000610351562,221.4600067138672,211.7770538330078,2575300
2018-10-11,220.50999450683594,224.6999969482422,216.80999755859375,217.4199981689453,207.9136505126953,2739700
2018-10-12,224.13999938964844,224.75999450683594,217.64999389648438,221.0,211.33712768554688,2869200
2018-10-15,220.92999267578125,221.66000366210938,219.10000610351562,221.02000427246094,211.35626220703125,2276300
2018-10-16,222.9199981689453,226.35000610351562,221.69000244140625,226.17999267578125,216.29063415527344,1722100
2018-10-17,226.0,226.0,222.44000244140625,223.4600067138672,213.68960571289062,1377800
2018-10-18,222.5,223.42999267578125,216.08999633789062,217.2899932861328,207.78933715820312,1906800
2018-10-19,217.64999389648438,220.74000549316406,216.97000122070312,219.8000030517578,210.18960571289062,1691000
2018-10-22,219.75,220.6699981689453,217.0399932861328,218.39999389648438,208.85081481933594,1366300
2018-10-23,215.0500030517578,219.4499969482422,212.17999267578125,218.3800048828125,208.8317108154297,1953800
2018-10-24,216.6199951171875,219.4199981689453,208.85000610351562,209.1999969482422,200.0530548095703,2168500
2018-10-25,211.3300018310547,215.50999450683594,210.55999755859375,213.77999877929688,204.4328155517578,1632700
2018-10-26,210.8800048828125,214.25,208.10000610351562,210.52999877929688,201.32492065429688,1678100
2018-10-29,213.55999755859375,215.8800048828125,207.89999389648438,211.0399932861328,201.81260681152344,1356400
2018-10-30,211.0800018310547,217.13999938964844,210.89999389648438,216.52999877929688,207.0625762939453,1302400
2018-10-31,219.0800018310547,222.86000061035156,219.0800018310547,220.33999633789062,210.70596313476562,1721800
2018-11-01,221.0,225.1300048828125,218.35000610351562,224.0399932861328,214.24420166015625,1537700
2018-11-02,226.6699981689453,227.64999389648438,220.4499969482422,221.66000366210938,211.96824645996094,1808400
2018-11-05,222.10000610351562,224.10000610351562,221.5800018310547,222.61000061035156,212.87673950195312,1257200
2018-11-06,222.5399932861328,227.1699981689453,221.9199981689453,226.77000427246094,216.8548583984375,1252700
2018-11-07,228.3699951171875,231.55999755859375,225.1699981689453,231.27999877929688,221.1676483154297,1289200
2018-11-08,230.35000610351562,231.80999755859375,227.85000610351562,229.39999389648438,219.36984252929688,1039700
2018-11-09,229.0,229.60000610351562,222.66000366210938,224.39999389648438,214.58847045898438,1695000
2018-11-12,224.58999633789062,225.19000244140625,218.77000427246094,219.6300048828125,210.02703857421875,1577800
2018-11-13,220.7899932861328,225.25,220.0399932861328,222.50999450683594,212.78111267089844,1086500
2018-11-14,224.5399932861328,227.3000030517578,222.99000549316406,225.16000366210938,215.3152618408203,1380300
2018-11-15,223.22999572753906,229.4600067138672,221.97999572753906,227.80999755859375,217.84938049316406,1285900
2018-11-16,226.8800048828125,228.1699981689453,224.58999633789062,226.69000244140625,216.77835083007812,1240900
2018-11-19,226.4600067138672,228.99000549316406,224.69000244140625,226.3000030517578,216.4053955078125,1106200
2018-11-20,222.72000122070312,224.1699981689453,220.02000427246094,221.33999633789062,211.66226196289062,1620300
2018-11-21,222.35000610351562,226.3000030517578,222.35000610351562,222.5500030517578,212.8193817138672,1019900
2018-11-23,221.4199981689453,226.0,220.55999755859375,223.39999389648438,213.6322021484375,498200
2018-11-26,225.8800048828125,226.1199951171875,223.10000610351562,225.0399932861328,215.20050048828125,1165700
2018-11-27,223.77999877929688,225.85000610351562,222.4199981689453,225.22999572753906,215.38218688964844,1122000
2018-11-28,226.55999755859375,231.85000610351562,225.1300048828125,231.85000610351562,221.7127227783203,1311500
2018-11-29,230.9199981689453,231.5,227.3300018310547,227.5,217.55294799804688,1162900
2018-11-30,227.1999969482422,229.57000732421875,226.25,229.0,218.9873504638672,1588900
2018-12-03,232.66000366210938,234.49000549316406,228.27000427246094,230.0399932861328,219.98187255859375,1465900
2018-12-04,227.0,227.5500030517578,212.8000030517578,215.52000427246094,206.0967254638672,3819600
2018-12-06,212.0,215.30999755859375,209.5,215.05999755859375,205.65682983398438,2248100
2018-12-07,214.6999969482422,217.4499969482422,200.1199951171875,201.38999938964844,193.1683807373047,3101100
2018-12-10,198.7100067138672,198.72999572753906,188.50999450683594,192.92999267578125,185.05374145507812,5887300
2018-12-11,195.3699951171875,196.5,187.02999877929688,189.64999389648438,181.90768432617188,4584600
2018-12-12,192.38999938964844,193.1199951171875,187.5800018310547,188.27000427246094,180.58401489257812,3684700
2018-12-13,189.02999877929688,189.4499969482422,183.5500030517578,187.17999267578125,179.53848266601562,4194800
2018-12-14,185.14999389648438,188.75,183.10000610351562,184.11000061035156,176.59384155273438,2558200
2018-12-17,183.11000061035156,186.1699981689453,181.27999877929688,182.19000244140625,174.75222778320312,3402000
2018-12-18,183.52999877929688,186.13999938964844,182.9499969482422,185.00999450683594,177.4570770263672,4300800
2018-12-19,169.22000122070312,171.6300048828125,162.5,162.50999450683594,155.8756103515625,15288500
2018-12-20,161.99000549316406,164.99000549316406,158.33999633789062,159.72000122070312,153.19952392578125,6552700
2018-12-21,158.00999450683594,159.7899932861328,154.66000366210938,158.0,151.5497589111328,6969400
2018-12-24,156.9499969482422,157.72999572753906,152.61000061035156,152.6999969482422,146.46612548828125,2935200
2018-12-26,154.0,160.14999389648438,150.94000244140625,160.14999389648438,153.6120147705078,3503100
2018-12-27,158.5,161.02000427246094,155.27999877929688,161.02000427246094,154.4464874267578,2880200
2018-12-28,162.25999450683594,163.7899932861328,158.30999755859375,158.97999572753906,152.48971557617188,2876700
2018-12-31,159.55999755859375,161.64999389648438,158.89999389648438,161.3300018310547,154.7438201904297,2175300
2019-01-02,158.52000427246094,163.3800048828125,157.57000732421875,163.19000244140625,156.52789306640625,2125700
2019-01-03,161.7899932861328,163.07000732421875,156.9600067138672,157.19000244140625,150.7728271484375,3033300
2019-01-04,160.1999969482422,164.97999572753906,159.5,164.42999267578125,157.7172393798828,2938600
2019-01-07,164.88999938964844,166.85000610351562,162.14999389648438,166.72999572753906,159.92333984375,2989400
2019-01-08,168.6999969482422,169.4199981689453,165.30999755859375,167.02000427246094,160.20152282714844,2610700
2019-01-09,167.64999389648438,171.22000122070312,167.10000610351562,170.58999633789062,163.6257781982422,2750900
2019-01-10,169.07000732421875,170.6199951171875,167.92999267578125,170.1199951171875,163.1749267578125,1958500
2019-01-11,169.49000549316406,171.13999938964844,167.1999969482422,170.99000549316406,164.00941467285156,2836400
2019-01-14,169.8699951171875,173.10000610351562,169.1199951171875,171.5500030517578,164.54660034179688,2225000
2019-01-15,171.47000122070312,172.64999389648438,169.02000427246094,170.6300048828125,163.66412353515625,2165400
2019-01-16,171.19000244140625,174.22999572753906,170.94000244140625,171.36000061035156,164.36434936523438,2342800
2019-01-17,170.9600067138672,175.0,170.72999572753906,173.27000427246094,166.19635009765625,1789700
2019-01-18,175.17999267578125,179.19000244140625,174.5500030517578,176.91000366210938,169.68777465820312,3072100
2019-01-22,176.30999755859375,176.72000122070312,174.02000427246094,175.89999389648438,168.71900939941406,2105900
2019-01-23,176.83999633789062,177.0800018310547,171.27999877929688,173.67999267578125,166.58961486816406,1853100
2019-01-24,173.3699951171875,174.27999877929688,171.7899932861328,174.10000610351562,166.9925079345703,1630100
2019-01-25,175.88999938964844,177.55999755859375,174.10000610351562,175.36000061035156,168.20103454589844,1968600
2019-01-28,173.5,174.3300018310547,171.7100067138672,173.9600067138672,166.8582000732422,1355500
2019-01-29,174.0,174.3000030517578,172.52000427246094,173.5800018310547,166.49368286132812,1090200
2019-01-30,175.1199951171875,178.22999572753906,173.16000366210938,177.47000122070312,170.2248992919922,1562700
2019-01-31,178.7100067138672,178.7100067138672,176.5800018310547,177.57000732421875,170.32083129882812,1865100
2019-02-01,178.3000030517578,180.1199951171875,178.05999755859375,179.30999755859375,171.9897918701172,1812500
2019-02-04,179.19000244140625,182.74000549316406,178.3000030517578,182.72999572753906,175.27017211914062,1694700
2019-02-05,183.0,184.32000732421875,182.0800018310547,183.72999572753906,176.2293243408203,1670800
2019-02-06,183.38999938964844,185.02999877929688,182.86000061035156,183.80999755859375,176.3060760498047,1485300
2019-02-07,182.77000427246094,183.44000244140625,179.9499969482422,181.3699951171875,173.96566772460938,1853700
2019-02-08,180.0399932861328,180.17999267578125,173.77000427246094,177.24000549316406,170.00430297851562,2461400
2019-02-11,177.8000030517578,181.24000549316406,177.64999389648438,181.08999633789062,173.6971435546875,1644700
2019-02-12,182.6300048828125,186.22999572753906,181.9499969482422,185.4499969482422,177.879150390625,1819500
2019-02-13,186.10000610351562,187.0399932861328,185.1199951171875,185.6199951171875,178.0421905517578,1364400
2019-02-14,184.5399932861328,185.22000122070312,182.97000122070312,183.9199981689453,176.4115753173828,1556900
2019-02-15,179.0,179.5,176.9600067138672,179.3000030517578,171.98016357421875,4730700
2019-02-19,179.16000366210938,181.8000030517578,178.92999267578125,180.25,172.8914337158203,1836400
2019-02-20,180.97999572753906,183.02000427246094,180.25999450683594,181.91000366210938,174.48367309570312,1414700
2019-02-21,181.77999877929688,183.4600067138672,181.4199981689453,182.27999877929688,174.8385467529297,1033800
2019-02-22,182.07000732421875,182.27999877929688,176.10000610351562,180.49000549316406,173.1216278076172,2023300
2019-02-25,181.94000244140625,183.64999389648438,180.67999267578125,181.07000732421875,173.67794799804688,1652900
2019-02-26,180.8300018310547,183.9600067138672,180.50999450683594,181.7100067138672,174.29180908203125,1612600
2019-02-27,181.07000732421875,182.24000549316406,179.89999389648438,181.80999755859375,174.3877410888672,966200
2019-02-28,181.4600067138672,181.63999938964844,180.2100067138672,181.0,173.6107940673828,1260600
2019-03-01,182.02000427246094,184.44000244140625,182.0,182.8000030517578,175.3373260498047,1473300
2019-03-04,184.07000732421875,185.30999755859375,179.89999389648438,181.13999938964844,173.74508666992188,1694800
2019-03-05,180.44000244140625,181.14999389648438,178.5500030517578,180.00999450683594,172.6612091064453,1474500
2019-03-06,180.58999633789062,180.75999450683594,177.35000610351562,178.17999267578125,170.90594482421875,1441900
2019-03-07,176.1999969482422,176.6199951171875,172.0800018310547,172.86000061035156,165.80311584472656,3743900
2019-03-08,169.85000610351562,172.6199951171875,167.61000061035156,171.77999877929688,165.38909912109375,2059100
2019-03-11,172.08999633789062,176.6199951171875,171.86000061035156,176.4499969482422,169.8853759765625,1683200
2019-03-12,177.0,178.1999969482422,175.57000732421875,177.1699981689453,170.57859802246094,1506100
2019-03-13,178.27999877929688,180.10000610351562,177.4499969482422,179.52999877929688,172.85073852539062,1222900
2019-03-14,179.24000549316406,179.52999877929688,177.5,179.0800018310547,172.4175262451172,1217000
2019-03-15,179.47999572753906,181.83999633789062,177.58999633789062,177.97999572753906,171.35842895507812,2481500
2019-03-18,178.1300048828125,182.4199981689453,178.1300048828125,182.39999389648438,175.61399841308594,2230300
2019-03-19,183.82000732421875,185.0,180.67999267578125,181.41000366210938,174.6608123779297,4277000
2019-03-20,172.75,175.77000427246094,169.66000366210938,175.07000732421875,168.55670166015625,9287800
2019-03-21,174.4499969482422,179.33999633789062,172.49000549316406,178.99000549316406,172.3308563232422,3156100
2019-03-22,177.5500030517578,178.1300048828125,173.83999633789062,173.99000549316406,167.51687622070312,2439500
2019-03-25,173.9199981689453,174.8699951171875,171.3699951171875,172.07000732421875,165.6683349609375,1851000
2019-03-26,173.25,175.24000549316406,172.47000122070312,175.14999389648438,168.63372802734375,1430500
2019-03-27,175.1199951171875,176.49000549316406,174.58999633789062,176.08999633789062,169.53875732421875,1571900
2019-03-28,174.85000610351562,178.25999450683594,174.85000610351562,177.89999389648438,171.2814178466797,2031500
2019-03-29,179.02000427246094,182.08999633789062,178.91000366210938,181.41000366210938,174.6608123779297,2171500
2019-04-01,182.27000427246094,187.0,182.22000122070312,186.4499969482422,179.51333618164062,2340900
2019-04-02,186.50999450683594,186.66000366210938,183.67999267578125,184.02999877929688,177.18333435058594,1553000
2019-04-03,185.58999633789062,188.0,184.27999877929688,185.19000244140625,178.3001708984375,1263900
2019-04-04,184.8000030517578,187.75,184.8000030517578,187.6699981689453,180.68792724609375,1303100
2019-04-05,187.92999267578125,190.3699951171875,187.25999450683594,189.89999389648438,182.83499145507812,2301400
2019-04-08,189.13999938964844,191.55999755859375,188.39999389648438,191.3800048828125,184.2598876953125,1595000
2019-04-09,189.89999389648438,190.42999267578125,188.85000610351562,189.9499969482422,182.88311767578125,1435500
2019-04-10,190.0,191.75,189.5,191.0,183.89407348632812,1069400
2019-04-11,191.35000610351562,193.0,190.9600067138672,191.8699951171875,184.73167419433594,1541100
2019-04-12,194.0,196.97999572753906,193.17999267578125,196.9499969482422,189.6226806640625,1651200
2019-04-15,197.0,197.9600067138672,195.5500030517578,196.17999267578125,188.8813018798828,1829500
2019-04-16,196.25,198.57000732421875,195.8699951171875,197.22999572753906,189.89227294921875,1457900
2019-04-17,198.47999572753906,199.32000732421875,196.9199981689453,198.05999755859375,190.69139099121094,1116700
2019-04-18,198.47000122070312,199.32000732421875,197.82000732421875,198.14999389648438,190.7780303955078,1391700
2019-04-22,197.0800018310547,197.50999450683594,195.1999969482422,195.97999572753906,188.6887664794922,1529600
2019-04-23,195.52000427246094,196.0800018310547,194.63999938964844,195.1300048828125,187.87042236328125,1727400
2019-04-24,195.10000610351562,198.30999755859375,194.5500030517578,197.86000061035156,190.4988250732422,1511700
2019-04-25,195.75999450683594,195.91000366210938,188.6300048828125,188.8699951171875,181.84327697753906,3086600
2019-04-26,185.24000549316406,186.5399932861328,182.88999938964844,184.0399932861328,177.19296264648438,3638100
2019-04-29,184.50999450683594,187.32000732421875,183.16000366210938,186.6300048828125,179.6866455078125,1471400
2019-04-30,186.94000244140625,190.64999389648438,185.55999755859375,189.4600067138672,182.4113311767578,1562800
2019-05-01,189.72999572753906,189.83999633789062,185.6199951171875,185.6199951171875,178.71420288085938,1432900
2019-05-02,185.36000061035156,188.0800018310547,182.80999755859375,187.0399932861328,180.0813751220703,1477300
2019-05-03,188.72000122070312,190.5800018310547,187.75,188.05999755859375,181.0634307861328,1229200
2019-05-06,183.2100067138672,186.22999572753906,181.61000061035156,185.60000610351562,178.69496154785156,1290300
2019-05-07,183.25999450683594,183.47000122070312,178.11000061035156,180.66000366210938,173.93875122070312,2152300
2019-05-08,180.05999755859375,181.08999633789062,178.3000030517578,179.42999267578125,172.75448608398438,2029000
2019-05-09,177.3800048828125,179.6699981689453,175.94000244140625,179.55999755859375,172.87966918945312,1601400
2019-05-10,178.75999450683594,179.5399932861328,174.80999755859375,178.0,171.377685546875,1475700
2019-05-13,172.80999755859375,173.75999450683594,170.7899932861328,172.3000030517578,165.8897705078125,1781400
2019-05-14,172.60000610351562,174.35000610351562,170.74000549316406,171.86000061035156,165.46617126464844,2248700
2019-05-15,170.1300048828125,173.27999877929688,167.4600067138672,172.5399932861328,166.1208038330078,2314900
2019-05-16,173.0399932861328,179.42999267578125,172.8699951171875,175.77000427246094,169.2306671142578,2676900
2019-05-17,171.9600067138672,174.22000122070312,169.64999389648438,169.9199981689453,163.5983123779297,2235100
2019-05-20,168.22999572753906,169.85000610351562,167.32000732421875,168.2100067138672,161.951904296875,1672800
2019-05-21,169.5,169.89999389648438,167.4600067138672,167.99000549316406,161.74012756347656,1889500
2019-05-22,166.75999450683594,166.89999389648438,161.92999267578125,162.0,155.97296142578125,3021800
2019-05-23,160.10000610351562,161.0500030517578,158.1699981689453,160.58999633789062,154.61544799804688,2498200
2019-05-24,161.75,162.00999450683594,158.67999267578125,159.92999267578125,153.97996520996094,1348600
2019-05-28,158.97999572753906,160.1999969482422,156.80999755859375,158.4499969482422,152.55502319335938,2528400
2019-05-29,157.69000244140625,160.72999572753906,156.22000122070312,159.57000732421875,153.63339233398438,2045900
2019-05-30,159.77999877929688,161.7100067138672,157.0,158.00999450683594,152.13140869140625,1670400
2019-05-31,154.89999389648438,156.75,153.7899932861328,154.27999877929688,148.5401611328125,1912400
2019-06-03,151.16000366210938,155.41000366210938,150.67999267578125,152.33999633789062,146.67236328125,3918600
2019-06-04,154.02000427246094,159.88999938964844,153.7100067138672,159.58999633789062,153.65260314941406,2854500
2019-06-05,161.0,161.5,157.77000427246094,158.58999633789062,152.6898193359375,2241000
2019-06-06,158.3000030517578,158.60000610351562,155.60000610351562,156.85000610351562,151.01455688476562,1585300
2019-06-07,157.22999572753906,159.44000244140625,156.25,158.02000427246094,152.1410369873047,2129500
2019-06-10,159.77999877929688,164.0,159.6999969482422,161.83999633789062,155.8188934326172,2054500
2019-06-11,163.4600067138672,163.89999389648438,158.85000610351562,159.44000244140625,153.50820922851562,1857100
2019-06-12,158.72999572753906,162.00999450683594,158.0800018310547,161.3699951171875,155.36639404296875,1412600
2019-06-13,163.0,165.8800048828125,162.8699951171875,165.6699981689453,159.50640869140625,2239600
2019-06-14,165.1999969482422,165.47999572753906,162.25999450683594,164.5500030517578,158.42807006835938,1590200
2019-06-17,164.47000122070312,165.0,163.05999755859375,163.72000122070312,157.6289825439453,1313400
2019-06-18,165.00999450683594,169.1199951171875,164.7100067138672,166.33999633789062,160.15150451660156,2184300
2019-06-19,166.67999267578125,167.4499969482422,165.6699981689453,166.55999755859375,160.36331176757812,1608500
2019-06-20,168.38999938964844,169.5399932861328,166.7899932861328,168.5,162.23114013671875,2087400
2019-06-21,167.72999572753906,168.05999755859375,165.1300048828125,165.35000610351562,159.81480407714844,2527500
2019-06-24,164.0,164.97999572753906,160.5800018310547,160.89999389648438,155.5137481689453,3563700
2019-06-25,159.97000122070312,160.0,155.97999572753906,155.97999572753906,150.7584686279297,4793100
2019-06-26,156.4499969482422,161.25999450683594,153.50999450683594,159.9199981689453,154.56658935546875,6247600
2019-06-27,160.39999389648438,164.35000610351562,160.0399932861328,163.30999755859375,157.8430938720703,3460900
2019-06-28,164.22999572753906,166.38999938964844,164.0,164.19000244140625,158.6936492919922,5311700
2019-07-01,168.02000427246094,168.02000427246094,161.55999755859375,162.97000122070312,157.51449584960938,2346800
2019-07-02,163.07000732421875,163.22999572753906,159.50999450683594,159.7899932861328,154.44093322753906,1860200
2019-07-03,160.38999938964844,161.52999877929688,159.33999633789062,161.4199981689453,156.01638793945312,1180600
2019-07-05,161.0800018310547,162.4199981689453,159.52000427246094,161.97000122070312,156.54798889160156,1125300
2019-07-08,160.25999450683594,161.72000122070312,159.0399932861328,160.82000732421875,155.4364776611328,1586300
2019-07-09,159.41000366210938,159.94000244140625,158.69000244140625,159.19000244140625,153.8610382080078,1218000
2019-07-10,162.1699981689453,162.82000732421875,159.75999450683594,159.99000549316406,154.63427734375,2077600
2019-07-11,160.11000061035156,163.36000061035156,159.75999450683594,162.60000610351562,157.15689086914062,2499000
2019-07-12,164.6300048828125,168.44000244140625,164.30999755859375,167.47000122070312,161.86386108398438,3310800
2019-07-15,167.50999450683594,168.85000610351562,166.27000427246094,167.89999389648438,162.2794647216797,2021800
2019-07-16,168.82000732421875,172.9600067138672,168.82000732421875,169.7899932861328,164.10618591308594,2744100
2019-07-17,169.57000732421875,169.77999877929688,164.74000549316406,165.0500030517578,159.52488708496094,3074900
2019-07-18,164.63999938964844,166.5,163.75999450683594,165.3800048828125,159.84384155273438,1681600
2019-07-19,166.1699981689453,168.8699951171875,166.14999389648438,167.1300048828125,161.53521728515625,2067200
2019-07-22,168.5399932861328,171.1300048828125,168.24000549316406,169.5500030517578,163.874267578125,2130700
2019-07-23,171.0,173.9499969482422,171.0,173.77000427246094,167.9529571533203,2866400
2019-07-24,174.7899932861328,178.5,174.4199981689453,176.00999450683594,170.1179656982422,2679100
2019-07-25,175.60000610351562,176.75999450683594,174.6300048828125,175.8699951171875,169.98263549804688,1985700
2019-07-26,175.8000030517578,175.9199981689453,173.8000030517578,174.94000244140625,169.0837860107422,2003200
2019-07-29,174.52999877929688,175.0399932861328,171.6999969482422,172.60000610351562,166.82215881347656,1389100
2019-07-30,171.5399932861328,172.94000244140625,169.58999633789062,172.38999938964844,166.61915588378906,1226300
2019-07-31,172.44000244140625,173.99000549316406,168.5800018310547,170.52999877929688,164.8214111328125,1485400
2019-08-01,170.16000366210938,171.47000122070312,162.69000244140625,163.30999755859375,157.8430938720703,3039200
2019-08-02,162.77999877929688,164.8000030517578,161.3300018310547,163.72999572753906,158.24903869628906,1959100
2019-08-05,160.08999633789062,160.16000366210938,155.02000427246094,157.25999450683594,151.99562072753906,3200700
2019-08-06,159.16000366210938,162.99000549316406,158.55999755859375,161.19000244140625,155.7940673828125,2802100
2019-08-07,157.82000732421875,160.8699951171875,155.22999572753906,160.66000366210938,155.28182983398438,2398700
2019-08-08,162.08999633789062,165.1999969482422,161.50999450683594,164.22999572753906,158.73233032226562,1793300
2019-08-09,163.72000122070312,163.94000244140625,160.4199981689453,162.1300048828125,156.70263671875,1270200
2019-08-12,161.02999877929688,161.22999572753906,158.41000366210938,158.80999755859375,153.49374389648438,912200
2019-08-13,159.63999938964844,163.60000610351562,157.32000732421875,160.52000427246094,155.14651489257812,1835000
2019-08-14,157.77999877929688,158.0399932861328,154.32000732421875,155.05999755859375,149.86927795410156,1688400
2019-08-15,155.41000366210938,155.49000549316406,151.47000122070312,152.82000732421875,147.70428466796875,1874000
2019-08-16,154.17999267578125,156.91000366210938,153.99000549316406,156.0,150.77780151367188,1560400
2019-08-19,158.47000122070312,159.24000549316406,157.5,158.30999755859375,153.010498046875,1458300
2019-08-20,157.55999755859375,157.97000122070312,155.30999755859375,155.83999633789062,150.62315368652344,1089100
2019-08-21,157.77000427246094,158.8000030517578,157.02000427246094,158.17999267578125,152.88485717773438,1044400
2019-08-22,158.25999450683594,158.99000549316406,155.75999450683594,158.10000610351562,152.80752563476562,1156300
2019-08-23,156.50999450683594,157.19000244140625,151.1199951171875,151.97000122070312,146.88272094726562,2806500
2019-08-26,153.22000122070312,154.72999572753906,151.66000366210938,152.49000549316406,147.38531494140625,1270800
2019-08-27,153.02999877929688,154.11000061035156,148.8000030517578,149.52999877929688,144.52439880371094,1809600
2019-08-28,149.13999938964844,154.4499969482422,147.82000732421875,153.17999267578125,148.05221557617188,2064900
2019-08-29,155.0,158.49000549316406,154.8800048828125,157.4499969482422,152.1792755126953,1684600
2019-08-30,158.49000549316406,160.30999755859375,158.16000366210938,158.61000061035156,153.3004150390625,1151500
2019-09-03,155.7899932861328,157.25,153.91000366210938,155.3699951171875,150.16891479492188,1270600
2019-09-04,157.5399932861328,159.5800018310547,157.22000122070312,159.05999755859375,153.73538208007812,1260400
2019-09-05,161.05999755859375,165.36000061035156,160.7100067138672,164.3800048828125,158.87730407714844,2119200
2019-09-06,164.0,164.82000732421875,161.6199951171875,161.8699951171875,157.07241821289062,1413400
2019-09-09,163.10000610351562,167.6300048828125,162.9499969482422,167.4199981689453,162.4579315185547,2271600
2019-09-10,167.3300018310547,172.5,166.88999938964844,172.25999450683594,167.15444946289062,2407300
2019-09-11,172.8000030517578,173.9600067138672,169.69000244140625,173.9600067138672,168.80410766601562,1642700
2019-09-12,174.08999633789062,174.67999267578125,171.41000366210938,173.50999450683594,168.36741638183594,1520500
2019-09-13,174.89999389648438,176.25,173.00999450683594,174.10000610351562,168.93994140625,1456400
2019-09-16,172.3800048828125,174.9499969482422,171.00999450683594,173.57000732421875,168.42564392089844,1546400
2019-09-17,172.3699951171875,174.44000244140625,171.13999938964844,173.3000030517578,168.16366577148438,4053400
2019-09-18,153.3000030517578,154.57000732421875,148.5,150.91000366210938,146.43728637695312,22812400
2019-09-19,150.22000122070312,152.60000610351562,149.5,152.4499969482422,147.93161010742188,5557800
2019-09-20,153.36000061035156,153.36000061035156,148.4499969482422,148.77999877929688,144.37037658691406,5606500
2019-09-23,147.5399932861328,149.10000610351562,145.4600067138672,145.6699981689453,141.35256958007812,4084500
2019-09-24,145.92999267578125,147.6199951171875,142.49000549316406,143.25,139.0042724609375,5502600
2019-09-25,143.14999389648438,147.82000732421875,143.14999389648438,147.0399932861328,142.68194580078125,3551200
2019-09-26,147.27000427246094,147.47999572753906,144.47000122070312,145.16000366210938,140.85768127441406,2033200
2019-09-27,145.6699981689453,146.82000732421875,143.91000366210938,144.9600067138672,140.66360473632812,1967700
2019-09-30,145.30999755859375,146.5,144.9600067138672,145.57000732421875,141.25552368164062,1693400
2019-10-01,145.58999633789062,146.83999633789062,140.6199951171875,141.63999938964844,137.44200134277344,3434800
2019-10-02,140.16000366210938,141.89999389648438,139.10000610351562,140.77999877929688,136.60751342773438,2740800
2019-10-03,140.5,141.89999389648438,138.58999633789062,141.7100067138672,137.50994873046875,2300900
2019-10-04,141.7899932861328,143.05999755859375,140.69000244140625,143.0,138.76171875,2166100
2019-10-07,141.83999633789062,144.22999572753906,141.1300048828125,142.08999633789062,137.87867736816406,1778800
2019-10-08,140.8000030517578,140.94000244140625,138.3800048828125,138.38999938964844,134.28834533691406,2382600
2019-10-09,138.8300018310547,139.77000427246094,137.77999877929688,139.25,135.12281799316406,2212800
2019-10-10,139.5399932861328,141.6199951171875,139.14999389648438,141.36000061035156,137.17031860351562,1751500
2019-10-11,143.1699981689453,147.0500030517578,143.1699981689453,145.5399932861328,141.22640991210938,3947900
2019-10-14,145.11000061035156,147.6999969482422,144.38999938964844,146.77999877929688,142.42965698242188,2388200
2019-10-15,147.60000610351562,150.1300048828125,147.17999267578125,149.9600067138672,145.51541137695312,3187300
2019-10-16,150.02999877929688,152.36000061035156,149.75,150.77000427246094,146.3013916015625,3425100
2019-10-17,151.3800048828125,152.4199981689453,150.47999572753906,150.6999969482422,146.23345947265625,2585400
2019-10-18,150.47999572753906,151.1199951171875,149.19000244140625,149.91000366210938,145.46690368652344,2789600
2019-10-21,150.67999267578125,154.1300048828125,150.08999633789062,152.0399932861328,147.53375244140625,3459700
2019-10-22,151.32000732421875,154.69000244140625,149.85000610351562,154.6300048828125,150.04701232910156,2975000
2019-10-23,154.38999938964844,156.72999572753906,153.69000244140625,155.97999572753906,151.35696411132812,2174800
2019-10-24,156.3000030517578,156.97999572753906,153.0399932861328,154.0500030517578,149.48422241210938,1712600
2019-10-25,153.8000030517578,158.24000549316406,153.50999450683594,158.08999633789062,153.4044647216797,2080600
2019-10-28,158.89999389648438,160.38999938964844,157.1699981689453,158.39999389648438,153.70526123046875,2597100
2019-10-29,158.92999267578125,158.92999267578125,156.8000030517578,158.00999450683594,153.3268280029297,1464100
2019-10-30,157.75,157.75999450683594,154.02000427246094,155.83999633789062,151.22113037109375,1576200
2019-10-31,155.0,155.83999633789062,151.6199951171875,152.66000366210938,148.13539123535156,2110500
2019-11-01,154.16000366210938,157.10000610351562,153.9600067138672,156.52000427246094,151.88099670410156,2129400
2019-11-04,159.85000610351562,165.02999877929688,159.5,164.83999633789062,159.9543914794922,4303600
2019-11-05,164.60000610351562,167.58999633789062,163.00999450683594,164.85000610351562,159.964111328125,2510200
2019-11-06,164.55999755859375,164.6199951171875,161.91000366210938,163.1699981689453,158.33387756347656,1767400
2019-11-07,165.4600067138672,166.8300018310547,163.47000122070312,163.9199981689453,159.0616455078125,1978200
2019-11-08,163.8000030517578,164.0,161.60000610351562,163.22000122070312,158.3824005126953,1152500
2019-11-11,161.9600067138672,163.02000427246094,161.3300018310547,162.17999267578125,157.37322998046875,1063400
2019-11-12,162.35000610351562,163.83999633789062,160.75999450683594,161.22000122070312,156.44168090820312,1279900
2019-11-13,160.0,160.00999450683594,156.14999389648438,156.22999572753906,151.5995635986328,2211900
2019-11-14,155.82000732421875,158.0,155.47999572753906,156.67999267578125,152.03623962402344,1826200
2019-11-15,157.27000427246094,158.50999450683594,156.35000610351562,158.3300018310547,153.63731384277344,1596800
2019-11-18,157.1300048828125,157.72000122070312,154.5,157.5500030517578,152.8804473876953,1794200
2019-11-19,158.2100067138672,158.22999572753906,155.1699981689453,155.52000427246094,150.91062927246094,1524300
2019-11-20,155.0,155.08999633789062,151.5500030517578,152.27000427246094,147.7569580078125,2476200
2019-11-21,152.5,153.77000427246094,151.75,152.0800018310547,147.57257080078125,1595400
2019-11-22,152.30999755859375,156.7899932861328,152.25999450683594,156.5500030517578,151.9101104736328,2226800
2019-11-25,157.41000366210938,160.33999633789062,156.38999938964844,159.5399932861328,154.8114776611328,2505800
2019-11-26,159.7100067138672,162.75999450683594,158.6300048828125,161.5,156.71339416503906,2769200
2019-11-27,161.75,162.07000732421875,160.2100067138672,161.50999450683594,156.72308349609375,1645900
2019-11-29,161.11000061035156,161.4600067138672,159.8300018310547,160.0500030517578,155.30636596679688,789400
2019-12-02,160.4600067138672,163.6999969482422,158.02999877929688,158.02999877929688,153.3462371826172,2704500
2019-12-03,154.22000122070312,154.47000122070312,151.02000427246094,151.13999938964844,146.6604461669922,3766100
2019-12-04,152.63999938964844,155.69000244140625,152.3699951171875,153.8699951171875,149.30950927734375,2300800
2019-12-05,154.83999633789062,154.88999938964844,152.33999633789062,153.94000244140625,149.37745666503906,1628200
2019-12-06,155.0,157.2899932861328,154.89999389648438,156.61000061035156,152.6127166748047,2436200
2019-12-09,156.1999969482422,157.47999572753906,156.02000427246094,156.50999450683594,152.51524353027344,1728200
2019-12-10,156.5,158.13999938964844,155.52000427246094,157.0,152.99273681640625,1633600
2019-12-11,157.25,159.52000427246094,156.38999938964844,159.0800018310547,155.01966857910156,1676000
2019-12-12,159.30999755859375,165.82000732421875,158.75,164.88999938964844,160.681396484375,2987300
2019-12-13,165.63999938964844,167.8699951171875,163.91000366210938,165.6699981689453,161.4414825439453,2897200
2019-12-16,166.92999267578125,168.3699951171875,161.5,164.10000610351562,159.9115447998047,5052100
2019-12-17,161.5,164.77999877929688,161.02000427246094,163.22999572753906,159.063720703125,5926900
2019-12-18,151.4199981689453,152.77000427246094,146.2899932861328,146.86000061035156,143.111572265625,21540900
2019-12-19,147.07000732421875,148.82000732421875,146.24000549316406,147.02000427246094,143.26748657226562,5826300
2019-12-20,148.36000061035156,148.5500030517578,146.6699981689453,148.1199951171875,144.33941650390625,5260300
2019-12-23,149.55999755859375,152.75999450683594,148.5,151.69000244140625,147.8183135986328,4367700
2019-12-24,151.07000732421875,152.3800048828125,150.4199981689453,150.77999877929688,146.9315185546875,1797200
2019-12-26,150.89999389648438,152.77999877929688,150.50999450683594,152.49000549316406,148.59786987304688,2651300
2019-12-27,153.07000732421875,154.11000061035156,152.11000061035156,152.52999877929688,148.6368408203125,2693000
2019-12-30,153.10000610351562,153.3000030517578,149.94000244140625,150.13999938964844,146.307861328125,2612600
2019-12-31,149.22000122070312,151.57000732421875,148.75,151.2100067138672,147.3505401611328,2153400
2020-01-02,152.4199981689453,155.10000610351562,151.60000610351562,155.10000610351562,151.14126586914062,3027600
2020-01-03,152.5,153.33999633789062,151.83999633789062,153.17999267578125,149.270263671875,2216500
2020-01-06,151.25,153.5500030517578,150.1699981689453,153.3000030517578,149.38719177246094,2389700
2020-01-07,153.36000061035156,155.22000122070312,152.33999633789062,154.8000030517578,150.8489227294922,2140100
2020-01-08,154.57000732421875,157.75,153.92999267578125,157.1300048828125,153.1194610595703,3053200
2020-01-09,157.9499969482422,158.30999755859375,156.58999633789062,158.0500030517578,154.01597595214844,2240200
2020-01-10,158.07000732421875,158.42999267578125,156.13999938964844,156.6300048828125,152.63221740722656,2449600
2020-01-13,156.72000122070312,159.52999877929688,156.7100067138672,159.27999877929688,155.21458435058594,1985300
2020-01-14,159.14999389648438,164.5,158.6199951171875,162.1300048828125,157.9918212890625,5076600
2020-01-15,163.02000427246094,163.02000427246094,158.6699981689453,159.14999389648438,155.08787536621094,2971800
2020-01-16,160.58999633789062,161.47000122070312,158.83999633789062,159.5399932861328,155.46792602539062,2343700
2020-01-17,159.38999938964844,161.17999267578125,158.55999755859375,159.97999572753906,155.8966827392578,1846100
2020-01-21,159.10000610351562,159.16000366210938,156.80999755859375,157.52999877929688,153.5092315673828,2460400
2020-01-22,157.49000549316406,158.85000610351562,155.47000122070312,155.5399932861328,151.5699920654297,1911100
2020-01-23,155.0,155.33999633789062,152.72999572753906,154.8800048828125,150.9268798828125,2059100
2020-01-24,155.63999938964844,155.63999938964844,152.30999755859375,154.07000732421875,150.13754272460938,1973600
2020-01-27,150.11000061035156,150.17999267578125,147.50999450683594,148.49000549316406,144.69998168945312,3368400
2020-01-28,149.75,149.9499969482422,147.11000061035156,148.39999389648438,144.6122589111328,2190000
2020-01-29,149.16000366210938,150.07000732421875,147.91000366210938,148.05999755859375,144.2809295654297,2521600
2020-01-30,146.0,148.39999389648438,143.36000061035156,148.25999450683594,144.475830078125,3380200
2020-01-31,147.10000610351562,147.2899932861328,143.58999633789062,144.63999938964844,140.9482421875,3286200
2020-02-03,145.5,147.39999389648438,143.60000610351562,143.83999633789062,140.1686553955078,1988400
2020-02-04,146.3699951171875,148.24000549316406,146.0,147.50999450683594,143.74497985839844,2573700
2020-02-05,149.5,150.85000610351562,148.82000732421875,149.9499969482422,146.12269592285156,2013700
2020-02-06,151.3800048828125,151.3800048828125,148.49000549316406,148.6300048828125,144.83641052246094,1706800
2020-02-07,147.3000030517578,157.44000244140625,146.4199981689453,155.66000366210938,151.6869659423828,6532600
2020-02-10,158.8000030517578,160.2899932861328,156.1999969482422,156.77999877929688,152.7783660888672,3948600
2020-02-11,158.27000427246094,159.55999755859375,156.8699951171875,158.0,153.96725463867188,2016800
2020-02-12,159.1999969482422,159.80999755859375,157.22999572753906,158.50999450683594,154.46420288085938,1607500
2020-02-13,157.7899932861328,161.8300018310547,156.47999572753906,161.47000122070312,157.34866333007812,2624400
2020-02-14,160.4600067138672,161.2899932861328,158.0,158.6199951171875,154.57139587402344,1679000
2020-02-18,159.30999755859375,160.91000366210938,156.38999938964844,158.57000732421875,154.522705078125,1924000
2020-02-19,159.0,161.69000244140625,158.8300018310547,161.13999938964844,157.02708435058594,1699300
2020-02-20,161.07000732421875,165.25,159.5,164.91000366210938,160.7008819580078,2602500
2020-02-21,163.25999450683594,164.13999938964844,161.69000244140625,163.25,159.08323669433594,1645300
2020-02-24,156.25999450683594,157.72000122070312,152.6199951171875,154.85000610351562,150.8976287841797,3116300
2020-02-25,155.66000366210938,155.8000030517578,144.80999755859375,145.60000610351562,141.88375854492188,4223800
2020-02-26,147.4199981689453,149.38999938964844,143.55999755859375,144.52999877929688,140.84103393554688,2766300
2020-02-27,140.75999450683594,145.49000549316406,136.47999572753906,138.75999450683594,135.2183074951172,3535000
2020-02-28,135.0,141.1999969482422,134.05999755859375,141.1699981689453,137.5668182373047,4391200
2020-03-02,142.17999267578125,142.52000427246094,135.27999877929688,139.75,136.18304443359375,4418600
2020-03-03,140.0,142.1699981689453,132.55999755859375,133.08999633789062,129.69305419921875,4373300
2020-03-04,135.05999755859375,136.4600067138672,132.17999267578125,136.41000366210938,132.92831420898438,2854700
2020-03-05,132.00999450683594,133.13999938964844,128.75,129.92999267578125,126.61367797851562,3150000
2020-03-06,125.75,130.64999389648438,123.79000091552734,127.68000030517578,125.04669189453125,3886300
2020-03-09,120.4000015258789,121.58000183105469,113.8499984741211,115.69999694824219,113.31376647949219,4048100
2020-03-10,120.13999938964844,121.75,113.87000274658203,120.66999816894531,118.18125915527344,3564900
2020-03-11,117.38999938964844,118.30000305175781,108.52999877929688,111.01000213623047,108.72050476074219,4746400
2020-03-12,103.19999694824219,105.18000030517578,96.19999694824219,97.0,94.99944305419922,5156500
2020-03-13,102.45999908447266,106.68000030517578,96.0,106.62999725341797,104.43083190917969,4275000
2020-03-16,92.0,99.87000274658203,90.48999786376953,90.48999786376953,88.62370300292969,4417400
2020-03-17,92.9000015258789,100.1500015258789,88.69000244140625,94.95999908447266,93.00150299072266,5548700
2020-03-18,90.38999938964844,100.69999694824219,89.80000305175781,99.68000030517578,97.6241683959961,6997700
2020-03-19,98.8499984741211,116.16000366210938,97.37000274658203,111.68000030517578,109.37667846679688,4646900
2020-03-20,113.87999725341797,118.69999694824219,106.58999633789062,111.05999755859375,108.76947021484375,4479200
2020-03-23,110.94000244140625,115.05000305175781,107.25,111.76000213623047,109.45502471923828,3933900
2020-03-24,118.0,121.80000305175781,115.43000030517578,120.04000091552734,117.56425476074219,3014400
2020-03-25,121.36000061035156,126.94000244140625,114.93000030517578,118.30999755859375,115.86994171142578,4133200
2020-03-26,119.36000061035156,127.0,119.01000213623047,125.5999984741211,123.00959014892578,2713900
2020-03-27,120.05000305175781,124.3499984741211,116.0,120.58000183105469,118.0931167602539,2619400
2020-03-30,122.37999725341797,125.61000061035156,119.25,124.30999755859375,121.7461929321289,2281000
2020-03-31,122.5,124.8499984741211,119.26000213623047,121.26000213623047,118.75909423828125,2643800
2020-04-01,116.01000213623047,118.75,112.30000305175781,113.4800033569336,111.13956451416016,2569600
2020-04-02,112.52999877929688,117.30000305175781,111.58999633789062,116.63999938964844,114.23438262939453,2336100
2020-04-03,115.23999786376953,116.0,107.69000244140625,109.22000122070312,106.96741485595703,3205200
2020-04-06,113.04000091552734,119.80999755859375,113.01000213623047,119.0199966430664,116.56529235839844,3512600
2020-04-07,124.91000366210938,125.4800033569336,115.75,115.94999694824219,113.5586166381836,3189300
2020-04-08,123.0,127.2300033569336,119.91999816894531,125.54000091552734,122.95082092285156,5576500
2020-04-09,129.61000061035156,130.0,120.16000366210938,122.29000091552734,119.76786041259766,4745600
2020-04-13,125.19000244140625,125.19000244140625,121.73999786376953,123.52999877929688,120.9822769165039,2821800
2020-04-14,125.73999786376953,126.9800033569336,122.05000305175781,125.08000183105469,122.50030517578125,3084200
2020-04-15,121.69000244140625,121.69000244140625,118.1500015258789,119.9000015258789,117.4271469116211,2945000
2020-04-16,119.7300033569336,121.0,117.12000274658203,119.08000183105469,116.62405395507812,2238700
2020-04-17,121.0,124.95999908447266,120.7300033569336,124.8499984741211,122.27506256103516,2464000
2020-04-20,122.52999877929688,125.66999816894531,121.83000183105469,122.63999938964844,120.11062622070312,2242000
2020-04-21,120.62999725341797,122.18000030517578,119.62000274658203,120.4800033569336,117.99517822265625,1605600
2020-04-22,122.5199966430664,122.97000122070312,118.44999694824219,118.54000091552734,116.09518432617188,2082500
2020-04-23,118.63999938964844,122.41999816894531,118.5,120.87999725341797,118.38693237304688,2021100
2020-04-24,121.41000366210938,123.19000244140625,119.4800033569336,123.05999755859375,120.52196502685547,2111000
2020-04-27,124.16000366210938,128.5,122.31999969482422,127.29000091552734,124.66474151611328,2395900
2020-04-28,129.80999755859375,129.88999938964844,125.16000366210938,127.73999786376953,125.1054458618164,2738700
2020-04-29,130.0,131.8000030517578,128.4600067138672,129.47999572753906,126.80955505371094,2172500
2020-04-30,127.93000030517578,127.93000030517578,125.75,126.7699966430664,124.15545654296875,1970400
2020-05-01,124.5199966430664,124.55999755859375,117.5,118.19999694824219,115.76220703125,3141800
2020-05-04,117.12000274658203,117.55999755859375,114.61000061035156,115.8499984741211,113.46066284179688,2410400
2020-05-05,117.83000183105469,120.12000274658203,117.12999725341797,117.66999816894531,115.2431411743164,1703100
2020-05-06,118.88999938964844,119.41999816894531,115.08000183105469,115.12000274658203,112.7457275390625,1917100
2020-05-07,116.94000244140625,118.87000274658203,116.1500015258789,116.73999786376953,114.33232116699219,1842100
2020-05-08,118.25,120.88999938964844,118.18000030517578,120.44000244140625,117.95600891113281,1770900
2020-05-11,118.38999938964844,119.37000274658203,116.27999877929688,117.55999755859375,115.13540649414062,1863500
2020-05-12,118.0,118.11000061035156,113.08000183105469,113.13999938964844,110.80656433105469,1979400
2020-05-13,113.08000183105469,113.1500015258789,108.25,109.33999633789062,107.08493041992188,2905900
2020-05-14,107.36000061035156,109.18000030517578,103.4000015258789,109.11000061035156,106.85968017578125,3254700
2020-05-15,107.54000091552734,108.95999908447266,106.25,107.5199966430664,105.3024673461914,2940000
2020-05-18,113.48999786376953,120.0,112.79000091552734,119.19000244140625,116.7317886352539,3602300
2020-05-19,119.0,119.4000015258789,114.6500015258789,114.79000091552734,112.42253875732422,2484600
2020-05-20,116.80000305175781,119.4800033569336,115.83000183105469,117.01000213623047,114.59675598144531,2604100
2020-05-21,116.58000183105469,118.43000030517578,115.52999877929688,115.7699966430664,113.38232421875,1740300
2020-05-22,115.75,117.55999755859375,114.91999816894531,117.0,114.58695220947266,2245900
2020-05-26,122.98999786376953,126.73999786376953,122.01000213623047,124.80999755859375,122.23587799072266,3823000
2020-05-27,128.0,130.77999877929688,125.5,130.42999267578125,127.7399673461914,3203000
2020-05-28,131.0,133.91000366210938,129.3000030517578,131.14999389648438,128.4451141357422,3238000
2020-05-29,130.19000244140625,130.88999938964844,126.44000244140625,130.55999755859375,127.8672866821289,3409400
2020-06-01,129.0500030517578,130.4600067138672,127.45999908447266,129.7100067138672,127.03483581542969,1990300
2020-06-02,130.8300018310547,134.58999633789062,130.7100067138672,134.1999969482422,131.4322052001953,2522000
2020-06-03,137.0,139.8800048828125,136.52999877929688,138.0800018310547,135.23220825195312,2728800
2020-06-04,137.3000030517578,139.25,135.64999389648438,139.2100067138672,136.33888244628906,2001300
2020-06-05,143.0,145.77000427246094,142.0,142.2100067138672,139.27703857421875,3583900
2020-06-08,144.94000244140625,149.99000549316406,144.13999938964844,149.3800048828125,146.2991485595703,2709900
2020-06-09,145.8800048828125,145.92999267578125,142.10000610351562,144.69000244140625,141.70584106445312,2253100
2020-06-10,144.0,144.41000366210938,140.32000732421875,140.39999389648438,137.5043487548828,2079600
2020-06-11,133.9499969482422,134.47000122070312,127.80999755859375,128.80999755859375,126.15338897705078,4389300
2020-06-12,134.58999633789062,135.0,129.13999938964844,132.72000122070312,129.9827423095703,2272900
2020-06-15,128.4199981689453,134.6300048828125,127.29000091552734,133.67999267578125,130.9229278564453,1835300
2020-06-16,138.14999389648438,139.3699951171875,133.0,135.5399932861328,132.74456787109375,1651800
2020-06-17,136.7100067138672,137.39999389648438,134.8699951171875,135.66000366210938,132.86209106445312,1214400
2020-06-18,134.9199981689453,139.33999633789062,134.5,138.38999938964844,135.5358123779297,2416200
2020-06-19,140.75999450683594,140.8800048828125,135.6199951171875,137.6300048828125,134.79147338867188,2828500
2020-06-22,136.5500030517578,137.75,135.1999969482422,137.3800048828125,134.54664611816406,1448100
2020-06-23,138.5500030517578,139.83999633789062,137.3800048828125,139.07000732421875,136.20175170898438,1385200
2020-06-24,137.64999389648438,138.0,134.1300048828125,135.08999633789062,132.30384826660156,2357300
2020-06-25,133.72000122070312,136.27999877929688,132.22999572753906,136.11000061035156,133.30282592773438,2310900
2020-06-26,135.1999969482422,135.3800048828125,129.27999877929688,130.0800018310547,128.0084991455078,3282000
2020-06-29,131.3000030517578,134.72999572753906,130.1199951171875,134.5500030517578,132.4073028564453,2336200
2020-06-30,136.22000122070312,140.75,134.9199981689453,140.22000122070312,137.9870147705078,6473300
2020-07-01,158.85000610351562,163.64999389648438,155.75999450683594,156.66000366210938,154.16522216796875,17967500
2020-07-02,158.60000610351562,159.72000122070312,155.27999877929688,155.47999572753906,153.00399780273438,4046900
2020-07-06,157.89999389648438,158.39999389648438,153.66000366210938,156.27000427246094,153.78143310546875,3015800
2020-07-07,154.27000427246094,159.9499969482422,154.1300048828125,158.5399932861328,156.0152587890625,2582800
2020-07-08,158.1199951171875,159.3800048828125,156.27000427246094,158.55999755859375,156.0349578857422,2110700
2020-07-09,158.0,158.75,155.32000732421875,155.74000549316406,153.2598876953125,2238300
2020-07-10,156.1999969482422,159.00999450683594,155.97000122070312,158.58999633789062,156.06446838378906,1746200
2020-07-13,160.0,160.22000122070312,155.66000366210938,156.22999572753906,153.7420654296875,1735900
2020-07-14,156.22999572753906,158.9199981689453,155.52999877929688,158.5,155.97592163085938,1641100
2020-07-15,160.4199981689453,162.52999877929688,159.0399932861328,161.25,158.68211364746094,3332800
2020-07-16,161.77000427246094,167.10000610351562,160.47000122070312,166.10000610351562,163.4548797607422,4100000
2020-07-17,167.27999877929688,168.1199951171875,164.91000366210938,165.97999572753906,163.3367919921875,2047900
2020-07-20,164.88999938964844,165.5500030517578,162.80999755859375,164.1300048828125,161.51625061035156,1593300
2020-07-21,165.10000610351562,167.55999755859375,164.41000366210938,165.5,162.8644256591797,1731700
2020-07-22,164.63999938964844,165.94000244140625,163.44000244140625,165.13999938964844,162.5101776123047,1231800
2020-07-23,165.41000366210938,167.38999938964844,164.64999389648438,165.99000549316406,163.3466339111328,1387200
2020-07-24,164.69000244140625,166.8800048828125,164.19000244140625,165.0399932861328,162.41175842285156,1545900
2020-07-27,165.0,170.72000122070312,163.86000061035156,170.63999938964844,167.92259216308594,2926400
2020-07-28,169.4199981689453,170.3300018310547,166.7100067138672,166.92999267578125,164.2716522216797,2374500
2020-07-29,167.10000610351562,171.3699951171875,167.00999450683594,169.5500030517578,166.84994506835938,4623800
2020-07-30,174.14999389648438,174.5,169.86000061035156,172.7100067138672,169.95960998535156,5407300
2020-07-31,172.0,172.7100067138672,167.99000549316406,168.39999389648438,165.71823120117188,2488000
2020-08-03,169.5500030517578,170.58999633789062,168.52999877929688,169.22000122070312,166.5251922607422,1503400
2020-08-04,169.22000122070312,171.47999572753906,169.1999969482422,170.66000366210938,167.9422607421875,1264000
2020-08-05,171.85000610351562,172.4199981689453,170.24000549316406,171.6999969482422,168.9656982421875,1309000
2020-08-06,172.0,173.47999572753906,171.32000732421875,172.24000549316406,169.4971160888672,1364900
2020-08-07,172.47000122070312,183.8800048828125,172.47000122070312,183.52999877929688,180.60731506347656,6311100
2020-08-10,188.16000366210938,200.4600067138672,187.33999633789062,199.97999572753906,196.7953338623047,10815100
2020-08-11,199.99000549316406,203.58999633789062,195.13999938964844,196.4499969482422,193.32156372070312,5998200
2020-08-12,200.0,206.24000549316406,199.02000427246094,201.9600067138672,198.74380493164062,6238400
2020-08-13,200.67999267578125,204.7899932861328,199.61000061035156,203.86000061035156,200.6135711669922,3663800
2020-08-14,202.07000732421875,209.63999938964844,201.86000061035156,208.60000610351562,205.278076171875,4633000
2020-08-17,210.0,211.55999755859375,206.0399932861328,206.63999938964844,203.3492889404297,2662000
2020-08-18,206.3699951171875,208.42999267578125,204.17999267578125,206.97000122070312,203.6740264892578,3040400
2020-08-19,206.83999633789062,210.94000244140625,206.83999633789062,207.8800048828125,204.56956481933594,2218000
2020-08-20,206.22999572753906,209.1999969482422,205.05999755859375,208.82000732421875,205.4945831298828,1532800
2020-08-21,209.16000366210938,212.94000244140625,208.5,210.49000549316406,207.13800048828125,2034100
2020-08-24,212.9600067138672,217.9499969482422,211.99000549316406,217.39999389648438,213.93792724609375,3393700
2020-08-25,219.1699981689453,219.5800018310547,213.22000122070312,214.30999755859375,210.8971405029297,2160200
2020-08-26,215.72999572753906,217.1199951171875,214.0800018310547,215.77000427246094,212.3339080810547,1518200
2020-08-27,216.10000610351562,218.8800048828125,215.0800018310547,218.2100067138672,214.73504638671875,2014900
2020-08-28,218.22999572753906,223.66000366210938,218.00999450683594,221.89999389648438,218.3662567138672,2996100
2020-08-31,221.8000030517578,224.1999969482422,219.8000030517578,219.83999633789062,216.33908081054688,1839300
2020-09-01,219.99000549316406,226.5500030517578,219.13999938964844,225.4600067138672,221.86959838867188,1901800
2020-09-02,227.1199951171875,229.0,223.07000732421875,227.91000366210938,224.28057861328125,1680700
2020-09-03,228.1300048828125,231.5800018310547,218.58999633789062,220.97000122070312,218.0730438232422,4003800
2020-09-04,222.4600067138672,228.24000549316406,217.39999389648438,226.1199951171875,223.15550231933594,2879800
2020-09-08,223.7899932861328,225.75,219.72000122070312,221.0500030517578,218.15199279785156,2121100
2020-09-09,226.0,228.85000610351562,224.1199951171875,225.75,222.79039001464844,3222700
2020-09-10,229.49000549316406,229.49000549316406,222.88999938964844,224.44000244140625,221.49752807617188,2443300
2020-09-11,226.44000244140625,233.6699981689453,225.47000122070312,232.7899932861328,229.7380828857422,4865200
2020-09-14,240.99000549316406,241.0,232.57000732421875,236.33999633789062,233.24151611328125,6583700
2020-09-15,234.99000549316406,239.85000610351562,230.50999450683594,236.6699981689453,233.5672149658203,9847300
2020-09-16,253.02999877929688,256.17999267578125,246.3000030517578,250.3000030517578,247.0185089111328,17073300
2020-09-17,242.6300048828125,249.8000030517578,242.11000061035156,244.0800018310547,240.88006591796875,4254300
2020-09-18,242.97000122070312,248.1999969482422,241.9499969482422,242.77999877929688,239.5970916748047,4348700
2020-09-21,237.9499969482422,239.19000244140625,230.27000427246094,238.74000549316406,235.61007690429688,4109500
2020-09-22,239.50999450683594,243.77999877929688,235.6300048828125,243.4199981689453,240.22869873046875,2651700
2020-09-23,244.99000549316406,250.50999450683594,241.0399932861328,241.4199981689453,238.25494384765625,3083000
2020-09-24,244.00999450683594,247.1999969482422,239.5,244.22000122070312,241.01821899414062,3048300
2020-09-25,241.67999267578125,251.89999389648438,241.47000122070312,250.1699981689453,246.89019775390625,3212400
2020-09-28,255.27000427246094,259.95001220703125,254.0800018310547,254.44000244140625,251.104248046875,3309800
2020-09-29,254.99000549316406,258.20001220703125,249.1199951171875,253.5,250.1765594482422,2195400
2020-09-30,253.47000122070312,257.510009765625,249.5,251.52000427246094,248.22251892089844,2506000
2020-10-01,255.25999450683594,257.7900085449219,252.8800048828125,254.0800018310547,250.74896240234375,2862300
2020-10-02,250.5500030517578,258.54998779296875,250.0,255.1999969482422,251.85426330566406,3015300
2020-10-05,258.79998779296875,260.9599914550781,257.7300109863281,259.2099914550781,255.81166076660156,2427800
2020-10-06,260.1199951171875,264.9800109863281,258.17999267578125,259.2699890136719,255.8708953857422,3152200
2020-10-07,263.8500061035156,270.6600036621094,263.5,268.260009765625,264.7430419921875,2986500
2020-10-08,269.7300109863281,272.5199890136719,266.3500061035156,271.05999755859375,267.50634765625,1993000
2020-10-09,274.3999938964844,275.0,269.5400085449219,271.54998779296875,267.9898986816406,2172000
2020-10-12,272.260009765625,274.2099914550781,271.32000732421875,273.5,269.9143371582031,2063600
2020-10-13,272.32000732421875,275.239990234375,271.8500061035156,272.739990234375,269.1643371582031,1657100
2020-10-14,274.75,278.9599914550781,273.7699890136719,276.239990234375,272.6184387207031,2079400
2020-10-15,273.0899963378906,282.1400146484375,271.75,282.1099853515625,278.4114685058594,2254700
2020-10-16,284.0,287.1600036621094,282.0,283.8699951171875,280.14837646484375,2990300
2020-10-19,284.80999755859375,291.2200012207031,279.55999755859375,281.9700012207031,278.2733154296875,3453100
2020-10-20,284.0,292.69000244140625,283.1099853515625,287.3999938964844,283.63214111328125,3924900
2020-10-21,289.1600036621094,293.29998779296875,282.260009765625,282.2799987792969,278.5792541503906,3219200
2020-10-22,283.5799865722656,285.6400146484375,274.0199890136719,275.95001220703125,272.3322448730469,2962900
2020-10-23,278.2900085449219,283.8699951171875,276.8599853515625,283.55999755859375,279.84246826171875,2498300
2020-10-26,279.989990234375,280.5,273.3999938964844,277.6199951171875,273.9803771972656,2321400
2020-10-27,279.94000244140625,280.3500061035156,274.3900146484375,274.4100036621094,270.81243896484375,1912300
2020-10-28,262.7300109863281,266.9200134277344,258.0,259.989990234375,256.5814514160156,4039200
2020-10-29,260.2099914550781,269.739990234375,260.05999755859375,267.0199890136719,263.5193176269531,2680700
2020-10-30,264.6000061035156,265.989990234375,255.55999755859375,259.4700012207031,256.0682678222656,2706900
2020-11-02,262.70001220703125,267.489990234375,259.010009765625,266.9800109863281,263.4798278808594,2042900
2020-11-03,271.95001220703125,276.9200134277344,268.1199951171875,274.4800109863281,270.88153076171875,2630800
2020-11-04,276.7099914550781,278.79998779296875,268.5299987792969,269.1000061035156,265.5720520019531,2810600
2020-11-05,273.0,282.2699890136719,273.0,279.07000732421875,275.41131591796875,2234600
2020-11-06,278.5199890136719,284.29998779296875,277.1199951171875,279.7699890136719,276.1021423339844,1894800
2020-11-09,274.239990234375,274.5,256.3500061035156,263.8800048828125,260.42047119140625,5907200
2020-11-10,264.3800048828125,268.7699890136719,258.0,267.2699890136719,263.7660217285156,2874000
2020-11-11,271.1700134277344,271.30999755859375,266.0,267.80999755859375,264.2989807128906,1937700
2020-11-12,269.2300109863281,270.8900146484375,263.989990234375,267.1600036621094,263.6575012207031,1924000
2020-11-13,267.989990234375,273.7200012207031,267.989990234375,271.9100036621094,268.34521484375,1593700
2020-11-16,273.5199890136719,280.8800048828125,270.4200134277344,279.8299865722656,276.1613464355469,2474800
2020-11-17,281.8699951171875,286.20001220703125,276.8999938964844,285.04998779296875,281.3128967285156,2816700
2020-11-18,285.70001220703125,289.760009765625,282.489990234375,282.5,278.79638671875,2874800
2020-11-19,283.7699890136719,285.0,276.8800048828125,279.8500061035156,276.18109130859375,2375000
2020-11-20,280.9700012207031,281.6600036621094,276.69000244140625,276.69000244140625,273.06256103515625,1885500
2020-11-23,280.2099914550781,286.3999938964844,280.20001220703125,286.3500061035156,282.5959167480469,2431600
2020-11-24,289.5899963378906,296.0799865722656,285.29998779296875,291.67999267578125,287.8560485839844,3711400
2020-11-25,291.80999755859375,292.7799987792969,286.55999755859375,288.29998779296875,284.5202941894531,2299600
2020-11-27,290.79998779296875,291.20001220703125,285.3500061035156,287.4100036621094,283.6419982910156,1248000
2020-11-30,287.989990234375,290.8999938964844,280.5400085449219,286.5799865722656,282.8228454589844,3189000
2020-12-01,293.55999755859375,297.6600036621094,287.6000061035156,287.760009765625,283.9874267578125,3051100
2020-12-02,287.2200012207031,293.8399963378906,285.0299987792969,291.7200012207031,287.8955078125,2518000
2020-12-03,291.7200012207031,296.3399963378906,289.7799987792969,292.70001220703125,288.8626403808594,1955800
2020-12-04,294.3599853515625,298.9800109863281,293.1199951171875,294.8800048828125,291.01409912109375,1847700
2020-12-07,296.8999938964844,297.0400085449219,293.20001220703125,297.0400085449219,293.1457824707031,1483400
2020-12-08,298.0,303.6499938964844,297.7200012207031,301.45001220703125,297.4979553222656,2889100
2020-12-09,303.5,305.6600036621094,293.4599914550781,295.32000732421875,291.44830322265625,2644900
2020-12-10,291.260009765625,294.3800048828125,288.6099853515625,290.8999938964844,287.08624267578125,2961000
2020-12-11,289.7799987792969,291.8800048828125,286.19000244140625,289.4700012207031,286.3147277832031,2354500
2020-12-14,296.0,296.3500061035156,285.4100036621094,285.5400085449219,282.4275817871094,2933900
2020-12-15,286.010009765625,289.4599914550781,283.1099853515625,285.739990234375,282.6253967285156,3018100
2020-12-16,287.3800048828125,290.8500061035156,286.6099853515625,288.80999755859375,285.66192626953125,2611800
2020-12-17,289.4100036621094,293.8999938964844,286.2200012207031,292.260009765625,289.0743103027344,6006900
2020-12-18,283.5,284.5199890136719,274.9599914550781,275.57000732421875,272.5662536621094,15457100
2020-12-21,271.6600036621094,273.5,268.510009765625,271.94000244140625,268.975830078125,4989500
2020-12-22,272.5,273.3399963378906,268.2799987792969,273.2799987792969,270.30120849609375,3553600
2020-12-23,273.6400146484375,276.6400146484375,270.6199951171875,270.7099914550781,267.75921630859375,2350800
2020-12-24,271.3599853515625,272.0299987792969,267.19000244140625,268.82000732421875,265.88983154296875,1649400
2020-12-28,269.8399963378906,270.1000061035156,261.80999755859375,262.94000244140625,260.0739440917969,3633100
2020-12-29,263.95001220703125,265.45001220703125,259.6700134277344,261.55999755859375,258.708984375,2676600
2020-12-30,262.20001220703125,262.67999267578125,258.3599853515625,259.9800109863281,257.14617919921875,2694100
2020-12-31,259.6000061035156,260.4599914550781,257.510009765625,259.6199951171875,256.79010009765625,2607800
2021-01-04,260.3999938964844,260.5,250.89999389648438,253.19000244140625,250.43019104003906,3797100
2021-01-05,251.5,254.77000427246094,250.0500030517578,253.17999267578125,250.42030334472656,3271100
2021-01-06,250.4600067138672,258.9800109863281,250.3800048828125,253.55999755859375,250.79617309570312,3605300
2021-01-07,254.08999633789062,256.2099914550781,245.4499969482422,246.02999877929688,243.34825134277344,5657300
2021-01-08,246.52000427246094,247.36000061035156,242.4199981689453,244.9600067138672,242.28993225097656,4583900
2021-01-11,243.0,246.4600067138672,242.72000122070312,245.30999755859375,242.63609313964844,3413200
2021-01-12,246.0800018310547,249.6199951171875,243.0,249.0399932861328,246.32542419433594,4376400
2021-01-13,250.5,253.8699951171875,248.1999969482422,252.22000122070312,249.4707794189453,3012800
2021-01-14,254.25999450683594,258.3399963378906,253.39999389648438,256.2699890136719,253.47662353515625,2867100
2021-01-15,255.75999450683594,255.75999450683594,250.97999572753906,252.55999755859375,249.80706787109375,2805100
2021-01-19,253.92999267578125,256.3999938964844,248.89999389648438,249.52000427246094,246.8002166748047,2357600
2021-01-20,251.19000244140625,252.35000610351562,247.6199951171875,251.9600067138672,249.213623046875,2157300
2021-01-21,253.77000427246094,257.2799987792969,252.3699951171875,253.94000244140625,251.17202758789062,1948800
2021-01-22,252.0,255.44000244140625,250.00999450683594,254.0800018310547,251.3105010986328,1690700
2021-01-25,252.4499969482422,254.77999877929688,248.2899932861328,253.47999572753906,250.717041015625,2009700
2021-01-26,254.1999969482422,254.83999633789062,249.33999633789062,249.6699981689453,246.94857788085938,1836100
2021-01-27,245.61000061035156,246.39999389648438,240.61000061035156,242.8300018310547,240.18312072753906,2698500
2021-01-28,246.00999450683594,246.2899932861328,242.6199951171875,242.7899932861328,240.1435546875,2179000
2021-01-29,242.9600067138672,243.3800048828125,234.7899932861328,235.33999633789062,232.7747802734375,3241300
2021-02-01,237.3800048828125,239.75,235.32000732421875,239.24000549316406,236.63226318359375,2731200
2021-02-02,246.38999938964844,246.58999633789062,240.8300018310547,242.5,239.8567352294922,2859600
2021-02-03,242.60000610351562,243.60000610351562,239.35000610351562,241.2899932861328,238.65989685058594,2160500
2021-02-04,241.3800048828125,248.17999267578125,240.8699951171875,248.1199951171875,245.41546630859375,2898900
2021-02-05,251.0,255.39999389648438,249.0,255.00999450683594,252.2303466796875,2816600
2021-02-08,256.760009765625,259.3800048828125,255.57000732421875,257.45001220703125,254.64378356933594,2135400
2021-02-09,257.2699890136719,260.5,254.0,259.1300048828125,256.305419921875,1758100
2021-02-10,261.7200012207031,261.8399963378906,256.25,257.4599914550781,254.65367126464844,1969600
2021-02-11,258.0,258.0799865722656,251.55999755859375,254.36000061035156,251.5874481201172,1741700
2021-02-12,255.08999633789062,263.1300048828125,254.00999450683594,263.0,260.13330078125,2674000
2021-02-16,264.0,265.4599914550781,261.1099853515625,261.8299865722656,258.9760437011719,1747600
2021-02-17,259.8699951171875,260.4800109863281,255.41000366210938,259.0899963378906,256.265869140625,1433600
2021-02-18,255.50999450683594,258.489990234375,253.0,255.6300048828125,252.84361267089844,1681200
2021-02-19,258.0299987792969,259.3800048828125,253.77999877929688,254.63999938964844,251.86439514160156,1594800
2021-02-22,253.24000549316406,257.3999938964844,253.10000610351562,254.6699981689453,251.8940887451172,1822000
2021-02-23,253.5,255.22999572753906,245.3800048828125,254.6300048828125,251.85452270507812,1753600
2021-02-24,254.36000061035156,261.2900085449219,254.00999450683594,260.05999755859375,257.2253112792969,1690200
2021-02-25,260.07000732421875,262.9700012207031,253.27999877929688,254.22000122070312,251.44898986816406,1629400
2021-02-26,254.92999267578125,257.4599914550781,250.5,254.5,251.72593688964844,1738900
2021-03-01,258.7099914550781,265.29998779296875,258.29998779296875,262.0899963378906,259.23321533203125,2013500
2021-03-02,262.7300109863281,263.6499938964844,259.4800109863281,259.6000061035156,256.77032470703125,1400500
2021-03-03,258.9800109863281,262.70001220703125,255.4600067138672,258.7699890136719,255.9493865966797,1565000
2021-03-04,256.55999755859375,258.42999267578125,247.08999633789062,250.3000030517578,247.5717010498047,2371600
2021-03-05,252.19000244140625,258.2099914550781,245.5500030517578,257.2900085449219,255.1481170654297,1932900
2021-03-08,260.0,261.3399963378906,251.00999450683594,251.33999633789062,249.24761962890625,2242400
2021-03-09,253.19000244140625,262.1099853515625,252.25,257.9200134277344,255.7728729248047,2352000
2021-03-10,259.1300048828125,261.80999755859375,258.05999755859375,260.4200134277344,258.2520751953125,1600600
2021-03-11,263.5400085449219,270.1600036621094,262.30999755859375,268.489990234375,266.25482177734375,3794400
2021-03-12,267.260009765625,271.19000244140625,265.260009765625,270.20001220703125,267.9506530761719,2137300
2021-03-15,271.0,272.8500061035156,263.7900085449219,266.8800048828125,264.65826416015625,3211500
2021-03-16,267.0,267.0299987792969,260.29998779296875,260.79998779296875,258.6288757324219,2131100
2021-03-17,259.0,266.17999267578125,257.0899963378906,265.8399963378906,263.62689208984375,1861400
2021-03-18,267.82000732421875,269.2699890136719,262.8999938964844,263.510009765625,261.3163146972656,4536100
2021-03-19,279.04998779296875,282.92999267578125,275.2900085449219,279.5799865722656,277.25250244140625,12938800
2021-03-22,279.5799865722656,279.79998779296875,271.67999267578125,274.0199890136719,271.7388000488281,3276400
2021-03-23,271.4100036621094,276.95001220703125,265.54998779296875,266.80999755859375,264.5888366699219,2277100
2021-03-24,269.0,274.2699890136719,267.3999938964844,268.2900085449219,266.0565185546875,2122700
2021-03-25,266.20001220703125,275.0199890136719,263.94000244140625,274.17999267578125,271.8974914550781,2285400
2021-03-26,277.70001220703125,281.489990234375,274.6000061035156,281.3399963378906,278.9978942871094,2066600
2021-03-29,278.0,281.95001220703125,276.6400146484375,279.2200012207031,276.8955383300781,1517200
2021-03-30,279.3699951171875,288.1499938964844,278.30999755859375,285.9200134277344,283.5397644042969,2724700
2021-03-31,286.0,287.8800048828125,282.8299865722656,284.0400085449219,281.6753845214844,2026000
2021-04-01,283.5400085449219,285.0,281.7900085449219,283.5400085449219,281.1795654296875,1443500
2021-04-05,286.0,286.6099853515625,280.57000732421875,281.57000732421875,279.2259826660156,1727200
2021-04-06,281.6600036621094,284.44000244140625,280.70001220703125,282.1700134277344,279.8210144042969,1407200
2021-04-07,281.489990234375,282.44000244140625,276.69000244140625,279.1099853515625,276.78643798828125,1469200
2021-04-08,282.8999938964844,284.44000244140625,279.75,284.44000244140625,282.07208251953125,2276000
2021-04-09,282.8999938964844,287.0,281.7799987792969,286.5799865722656,284.1942443847656,2039400
2021-04-12,285.6300048828125,293.0899963378906,285.1400146484375,290.7900085449219,288.3692321777344,1773300
2021-04-13,294.7300109863281,294.760009765625,289.1099853515625,290.8900146484375,288.4683837890625,1713700
2021-04-14,289.510009765625,291.1499938964844,287.57000732421875,287.80999755859375,285.41400146484375,1099900
2021-04-15,288.8299865722656,292.3999938964844,286.6700134277344,291.20001220703125,288.77581787109375,1389800
2021-04-16,292.8999938964844,293.0,287.1300048828125,287.5899963378906,285.1958312988281,1413000
2021-04-19,286.05999755859375,286.6700134277344,282.0899963378906,283.25,280.8919677734375,1677000
2021-04-20,282.4200134277344,283.79998779296875,277.3399963378906,280.3399963378906,278.0061950683594,1425300
2021-04-21,279.04998779296875,281.07000732421875,277.0899963378906,278.260009765625,275.9435119628906,1861400
2021-04-22,277.3299865722656,281.07000732421875,276.3800048828125,276.5400085449219,274.23785400390625,1444800
2021-04-23,278.5199890136719,279.19000244140625,276.9700012207031,277.739990234375,275.4278564453125,1312800
2021-04-26,279.30999755859375,279.8699951171875,274.20001220703125,275.760009765625,273.4643249511719,1747000
2021-04-27,286.55999755859375,292.20001220703125,284.3299865722656,287.510009765625,285.11651611328125,4961900
2021-04-28,286.6499938964844,289.1499938964844,285.4200134277344,287.3900146484375,284.9975280761719,1783900
2021-04-29,290.0,296.29998779296875,289.2300109863281,296.05999755859375,293.5953369140625,2472200
2021-04-30,293.5199890136719,295.6000061035156,289.0,290.30999755859375,287.8932189941406,1821900
2021-05-03,294.8900146484375,305.3999938964844,294.20001220703125,304.54998779296875,302.0146484375,4580300
2021-05-04,302.70001220703125,305.20001220703125,299.32000732421875,304.2799987792969,301.7469177246094,2470500
2021-05-05,305.8900146484375,309.989990234375,302.25,306.5299987792969,303.9781799316406,2530100
2021-05-06,305.2900085449219,311.9599914550781,303.4800109863281,310.9599914550781,308.3713073730469,2561400
2021-05-07,308.0,315.1000061035156,308.0,314.69000244140625,312.0702819824219,1826100
2021-05-10,314.67999267578125,317.0,309.2699890136719,309.2699890136719,306.69537353515625,1733600
2021-05-11,304.6000061035156,307.8800048828125,300.57000732421875,305.6400146484375,303.0956115722656,2170500
2021-05-12,302.17999267578125,304.760009765625,294.7900085449219,296.010009765625,293.5457763671875,1949200
2021-05-13,297.05999755859375,305.32000732421875,296.489990234375,303.3999938964844,300.8742370605469,1444300
2021-05-14,305.2300109863281,310.5,305.2300109863281,309.42999267578125,306.8540344238281,1455200
2021-05-17,310.0,311.55999755859375,306.67999267578125,309.260009765625,306.6854553222656,940700
2021-05-18,309.69000244140625,310.2799987792969,306.04998779296875,306.04998779296875,303.502197265625,1046100
2021-05-19,304.0,308.42999267578125,299.9100036621094,307.92999267578125,305.3664855957031,1734700
2021-05-20,309.1400146484375,311.95001220703125,306.760009765625,309.04998779296875,306.4771728515625,1278100
2021-05-21,310.42999267578125,315.2900085449219,309.3900146484375,309.6000061035156,307.0226135253906,1753600
2021-05-24,313.5199890136719,313.5199890136719,309.25,311.8399963378906,309.24395751953125,1807900
2021-05-25,313.0,313.3800048828125,307.7099914550781,308.5899963378906,306.0210266113281,1631800
2021-05-26,310.7200012207031,312.8299865722656,308.0199890136719,310.75,308.1630859375,1695100
2021-05-27,312.510009765625,319.8999938964844,311.8599853515625,315.5899963378906,312.9627685546875,2657300
2021-05-28,316.0,316.75,313.010009765625,314.80999755859375,312.1892395019531,1022700
2021-06-01,318.2699890136719,318.5400085449219,310.0799865722656,310.8500061035156,308.26220703125,1282400
2021-06-02,313.0,313.0,303.8299865722656,306.57000732421875,304.01788330078125,2088400
2021-06-03,305.3900146484375,307.7799987792969,302.17999267578125,306.30999755859375,303.7600402832031,1316300
2021-06-04,306.7799987792969,308.0,299.6600036621094,302.1199951171875,299.6048889160156,2111200
2021-06-07,303.0,304.2099914550781,299.2099914550781,303.3399963378906,300.8147277832031,1960400
2021-06-08,302.79998779296875,303.4800109863281,298.6199951171875,302.5799865722656,300.06103515625,1499000
2021-06-09,302.5799865722656,302.6199951171875,290.4599914550781,293.1099853515625,290.6698913574219,4358600
2021-06-10,293.5899963378906,295.5899963378906,291.2099914550781,292.8399963378906,290.4021301269531,1811800
2021-06-11,293.260009765625,296.1700134277344,293.260009765625,296.0899963378906,293.6250915527344,1628900
2021-06-14,296.7200012207031,297.1700134277344,292.0400085449219,292.989990234375,290.5508728027344,1275600
2021-06-15,294.989990234375,299.8800048828125,293.8999938964844,299.29998779296875,296.808349609375,1834000
2021-06-16,298.4700012207031,299.3900146484375,292.4700012207031,294.67999267578125,292.226806640625,1686100
2021-06-17,294.489990234375,294.739990234375,285.5899963378906,287.57000732421875,285.1759948730469,2369400
2021-06-18,284.1499938964844,289.5299987792969,282.010009765625,285.32000732421875,282.9447326660156,2553800
2021-06-21,287.9599914550781,295.0299987792969,287.79998779296875,293.1600036621094,290.719482421875,1922000
2021-06-22,294.9200134277344,299.1199951171875,293.8500061035156,297.69000244140625,295.2117614746094,2250100
2021-06-23,300.0,300.6499938964844,296.1600036621094,297.3699951171875,294.8944091796875,2157400
2021-06-24,301.70001220703125,304.5899963378906,298.9800109863281,303.69000244140625,301.16180419921875,5016400
2021-06-25,292.739990234375,294.75,286.5199890136719,291.95001220703125,290.2363586425781,11622000
2021-06-28,293.0,294.6499938964844,289.44000244140625,293.989990234375,292.26434326171875,3537100
2021-06-29,296.0,299.5,294.8500061035156,297.8900146484375,296.1414489746094,3594500
2021-06-30,296.0299987792969,298.6199951171875,295.0,298.3299865722656,296.578857421875,1810900
2021-07-01,299.95001220703125,300.1000061035156,296.82000732421875,299.1199951171875,297.3642272949219,1749500
2021-07-02,299.8999938964844,299.8999938964844,297.3699951171875,299.3800048828125,297.6227111816406,1335800
2021-07-06,299.3800048828125,299.6300048828125,292.6000061035156,294.6099853515625,292.8807067871094,2282500
2021-07-07,294.0,295.1499938964844,291.239990234375,293.54998779296875,291.826904296875,2293200
2021-07-08,287.1600036621094,294.6199951171875,285.8500061035156,293.239990234375,291.51873779296875,1971400
2021-07-09,295.80999755859375,298.20001220703125,293.17999267578125,296.3999938964844,294.66021728515625,2317500
2021-07-12,297.2799987792969,302.239990234375,294.6000061035156,299.6700134277344,297.9110107421875,1905400
2021-07-13,298.989990234375,302.6499938964844,298.69000244140625,299.0799865722656,297.324462890625,1747700
2021-07-14,298.6499938964844,300.8599853515625,294.6000061035156,295.8599853515625,294.12335205078125,1431800
2021-07-15,294.0,298.739990234375,293.6700134277344,296.0799865722656,294.3420715332031,1166000
2021-07-16,296.70001220703125,297.0,292.0899963378906,292.489990234375,290.77313232421875,1975800
2021-07-19,287.5299987792969,295.3399963378906,286.32000732421875,294.82000732421875,293.0894775390625,2853300
2021-07-20,295.4100036621094,299.0400085449219,294.45001220703125,298.0199890136719,296.2706604003906,1656400
2021-07-21,297.510009765625,301.95001220703125,297.3299865722656,298.3500061035156,296.5987548828125,1339000
2021-07-22,297.54998779296875,298.8500061035156,296.05999755859375,296.6199951171875,294.87890625,981800
2021-07-23,297.79998779296875,298.6600036621094,296.0899963378906,297.07000732421875,295.3262634277344,1000600
2021-07-26,296.0899963378906,298.5,295.6499938964844,297.5,295.75372314453125,1205500
2021-07-27,287.5,288.3800048828125,279.1199951171875,282.6300048828125,280.97100830078125,4837200
2021-07-28,284.2099914550781,284.29998779296875,280.2799987792969,281.8299865722656,280.17572021484375,2732100
2021-07-29,281.8299865722656,284.6499938964844,281.19000244140625,281.9200134277344,280.2652282714844,1820800
2021-07-30,280.0,282.0,277.7900085449219,279.95001220703125,278.3067626953125,2337200
2021-08-02,280.7900085449219,282.6099853515625,275.3900146484375,276.1600036621094,274.53900146484375,2490400
2021-08-03,276.2799987792969,281.7099914550781,274.25,280.80999755859375,279.1617126464844,2151100
2021-08-04,279.3299865722656,280.2900085449219,275.0799865722656,275.1199951171875,273.5050964355469,1978800
2021-08-05,275.8999938964844,277.7799987792969,274.6700134277344,275.79998779296875,274.1811218261719,2089700
2021-08-06,276.6700134277344,278.45001220703125,275.0299987792969,276.2699890136719,274.6483459472656,1701800
2021-08-09,275.04998779296875,275.9800109863281,272.55999755859375,272.6700134277344,271.06951904296875,1847600
2021-08-10,272.5,274.3699951171875,270.9599914550781,271.260009765625,269.66778564453125,2144700
2021-08-11,272.4200134277344,277.1600036621094,271.260009765625,276.2699890136719,274.6483459472656,2017800
2021-08-12,276.5,278.6099853515625,273.69000244140625,276.1000061035156,274.4793701171875,1211200
2021-08-13,275.2300109863281,278.75,274.760009765625,277.17999267578125,275.5530090332031,1946200
2021-08-16,276.79998779296875,282.8800048828125,275.1600036621094,281.6600036621094,280.0067443847656,2757900
2021-08-17,279.2099914550781,280.5,274.7900085449219,277.8599853515625,276.22900390625,2939900
2021-08-18,276.05999755859375,277.6300048828125,272.4200134277344,272.760009765625,271.15899658203125,2136600
2021-08-19,270.0,270.7300109863281,265.0400085449219,267.55999755859375,265.989501953125,3101100
2021-08-20,266.3999938964844,268.5,264.07000732421875,266.54998779296875,264.98541259765625,2404600
2021-08-23,268.0,269.1400146484375,266.6700134277344,266.8999938964844,265.3333740234375,2041400
2021-08-24,266.7799987792969,269.0799865722656,266.29998779296875,267.80999755859375,266.238037109375,2111700
2021-08-25,268.0,271.8500061035156,267.30999755859375,270.3699951171875,268.7829895019531,2116200
2021-08-26,269.94000244140625,269.94000244140625,266.7900085449219,267.4599914550781,265.89007568359375,1312100
2021-08-27,267.45001220703125,269.25,266.9100036621094,267.8999938964844,266.3274841308594,1551700
2021-08-30,268.75,268.8500061035156,265.44000244140625,265.5400085449219,263.9813537597656,1761600
2021-08-31,266.05999755859375,266.92999267578125,264.67999267578125,265.69000244140625,264.1304626464844,1637600
2021-09-01,266.0899963378906,267.44000244140625,263.5400085449219,265.92999267578125,264.3690490722656,1760600
2021-09-02,266.30999755859375,268.9800109863281,266.25,267.0899963378906,266.2732238769531,1311300
2021-09-03,266.54998779296875,268.5799865722656,264.8900146484375,266.0400085449219,265.2264404296875,1524800
2021-09-07,266.30999755859375,267.3699951171875,262.9599914550781,263.6400146484375,262.8337707519531,1634500
2021-09-08,263.25,263.2900085449219,258.8399963378906,261.0199890136719,260.2217712402344,1963200
2021-09-09,259.1300048828125,262.7300109863281,257.2900085449219,259.2200012207031,258.4272766113281,2132800
2021-09-10,261.5400085449219,262.2200012207031,257.239990234375,257.54998779296875,256.76239013671875,1717500
2021-09-13,259.4599914550781,261.8999938964844,257.75,261.8599853515625,261.0592041015625,1848000
2021-09-14,262.2099914550781,262.9599914550781,254.7100067138672,255.1999969482422,254.41957092285156,2583500
2021-09-15,256.30999755859375,259.6499938964844,254.8800048828125,256.5899963378906,255.80532836914062,2285900
2021-09-16,257.9700012207031,259.4100036621094,256.0400085449219,258.3800048828125,257.5898742675781,1711900
2021-09-17,255.39999389648438,257.7099914550781,254.08999633789062,255.22000122070312,254.43951416015625,3082400
2021-09-20,252.11000061035156,253.97999572753906,248.16000366210938,250.8000030517578,250.0330352783203,3474500
2021-09-21,253.0,253.8800048828125,248.77999877929688,252.07000732421875,251.29916381835938,4481100
2021-09-22,234.17999267578125,234.97999572753906,228.97999572753906,229.0800018310547,228.37945556640625,17792400
2021-09-23,229.07000732421875,231.2899932861328,228.0800018310547,228.9199981689453,228.21994018554688,7092700
2021-09-24,228.0,229.0,226.60000610351562,226.63999938964844,225.94691467285156,4973400
2021-09-27,226.0,229.25,225.67999267578125,226.50999450683594,225.8173065185547,4335500
2021-09-28,225.82000732421875,228.0500030517578,221.75999450683594,222.39999389648438,221.71987915039062,4717700
2021-09-29,223.0,224.24000549316406,220.8000030517578,221.08999633789062,220.41387939453125,3737200
2021-09-30,221.58999633789062,223.1699981689453,219.02999877929688,219.2899932861328,218.619384765625,3858600
2021-10-01,220.00999450683594,224.10000610351562,218.17999267578125,222.52999877929688,221.8494873046875,4033100
2021-10-04,221.24000549316406,224.0,217.25999450683594,217.8699951171875,217.2037353515625,3924100
2021-10-05,217.5,226.4600067138672,216.33999633789062,224.27000427246094,223.58416748046875,5326900
2021-10-06,222.0800018310547,224.94000244140625,219.8300018310547,224.1999969482422,223.51437377929688,3652900
2021-10-07,227.0,227.66000366210938,222.47999572753906,222.9499969482422,222.26820373535156,3954100
2021-10-08,222.39999389648438,223.94000244140625,221.4199981689453,223.44000244140625,222.75669860839844,2365000
2021-10-11,224.02999877929688,224.5800018310547,219.36000061035156,219.82000732421875,219.1477813720703,2884700
2021-10-12,219.82000732421875,222.0800018310547,219.67999267578125,221.32000732421875,220.6431884765625,2541500
2021-10-13,222.02000427246094,225.42999267578125,219.50999450683594,223.72999572753906,223.04580688476562,4595300
2021-10-14,226.39999389648438,228.57000732421875,225.77000427246094,227.4499969482422,226.7544403076172,2841400
2021-10-15,228.35000610351562,229.5,227.3300018310547,229.1199951171875,228.41932678222656,4177900
2021-10-18,228.02000427246094,229.75,226.67999267578125,227.97999572753906,227.28282165527344,2676800
2021-10-19,229.14999389648438,230.38999938964844,227.67999267578125,229.32000732421875,228.6187286376953,2088100
2021-10-20,230.3300018310547,231.9600067138672,229.16000366210938,231.3000030517578,230.59266662597656,2516900
2021-10-21,231.3000030517578,233.36000061035156,230.6300048828125,232.83999633789062,232.12796020507812,3833400
2021-10-22,232.8699951171875,234.6999969482422,232.36000061035156,232.97999572753906,232.2675323486328,2577400
2021-10-25,233.33999633789062,236.27999877929688,232.5,235.39999389648438,234.6801300048828,2545800
2021-10-26,238.99000549316406,241.2899932861328,236.89999389648438,237.8300018310547,237.1027069091797,3065400
2021-10-27,238.5,240.0,235.0800018310547,235.2899932861328,234.57046508789062,2677000
2021-10-28,235.55999755859375,236.13999938964844,233.14999389648438,235.9600067138672,235.23841857910156,1718700
2021-10-29,233.9199981689453,238.3699951171875,233.5500030517578,235.52999877929688,234.80972290039062,1999900
2021-11-01,237.27999877929688,237.41000366210938,234.69000244140625,235.63999938964844,234.9193878173828,1431700
2021-11-02,236.47000122070312,237.3800048828125,235.0,235.77000427246094,235.0489959716797,1489400
2021-11-03,235.4199981689453,240.47999572753906,234.6199951171875,240.02000427246094,239.2860107421875,2029600
2021-11-04,241.74000549316406,245.5500030517578,240.6699981689453,245.00999450683594,244.2607421875,2889600
2021-11-05,246.55999755859375,246.77999877929688,241.44000244140625,242.77000427246094,242.027587890625,1984600
2021-11-08,244.82000732421875,249.63999938964844,244.6199951171875,248.52999877929688,247.7699737548828,2612200
2021-11-09,250.0,250.49000549316406,246.10000610351562,249.47999572753906,248.71707153320312,1832100
2021-11-10,247.7100067138672,250.6999969482422,246.58999633789062,248.52000427246094,247.760009765625,1859900
2021-11-11,249.4199981689453,253.1999969482422,248.72999572753906,250.99000549316406,250.2224578857422,2050400
2021-11-12,251.94000244140625,254.8800048828125,250.9600067138672,253.8800048828125,253.10362243652344,2115500
2021-11-15,254.5,255.25,250.25,252.3000030517578,251.52845764160156,1993200
2021-11-16,252.0,255.3000030517578,251.67999267578125,253.17999267578125,252.40574645996094,1608900
2021-11-17,252.61000061035156,253.32000732421875,247.1699981689453,247.35000610351562,246.59359741210938,2104900
2021-11-18,247.94000244140625,248.97999572753906,241.24000549316406,244.72000122070312,243.9716339111328,2335700
2021-11-19,244.97999572753906,246.1999969482422,242.5399932861328,242.69000244140625,241.94784545898438,2029900
2021-11-22,242.69000244140625,251.10000610351562,242.0399932861328,247.99000549316406,247.23162841796875,2185700
2021-11-23,247.0,247.6999969482422,244.3800048828125,246.42999267578125,245.6763916015625,1422600
2021-11-24,245.0,246.88999938964844,243.55999755859375,243.57000732421875,242.8251495361328,1646000
2021-11-26,237.30999755859375,239.41000366210938,235.50999450683594,238.14999389648438,237.4217071533203,1775800
2021-11-29,240.0,241.58999633789062,237.0800018310547,240.57000732421875,239.83432006835938,1695300
2021-11-30,238.1999969482422,239.00999450683594,229.91000366210938,230.3699951171875,229.66551208496094,3366000
2021-12-01,235.0,238.19000244140625,227.61000061035156,227.77999877929688,227.08343505859375,2337300
2021-12-02,227.7899932861328,237.22999572753906,227.39999389648438,235.3000030517578,234.5804443359375,2143100
2021-12-03,236.6300048828125,241.36000061035156,236.3800048828125,240.83999633789062,240.10348510742188,2438300
2021-12-06,243.0,246.97999572753906,242.22000122070312,245.0500030517578,244.30062866210938,1829500
2021-12-07,247.1300048828125,248.99000549316406,246.1999969482422,247.05999755859375,246.30447387695312,1694800
2021-12-08,247.5500030517578,247.5500030517578,243.77999877929688,244.75,244.0015411376953,1295500
2021-12-09,243.5,247.3699951171875,243.10000610351562,245.25,244.5,1279000
2021-12-10,245.7899932861328,248.3000030517578,244.5,246.27999877929688,246.27999877929688,1275300
2021-12-13,244.72000122070312,245.47999572753906,240.5,240.89999389648438,240.89999389648438,1690800
2021-12-14,240.0,244.8800048828125,239.36000061035156,240.0399932861328,240.0399932861328,1687800
2021-12-15,240.0399932861328,242.24000549316406,239.00999450683594,240.77999877929688,240.77999877929688,1699800
2021-12-16,242.57000732421875,244.75,238.4199981689453,238.52000427246094,238.52000427246094,4465900
2021-12-17,253.74000549316406,260.5,248.05999755859375,250.32000732421875,250.32000732421875,10117300
2021-12-20,250.3000030517578,252.8800048828125,245.4499969482422,245.5500030517578,245.5500030517578,2759100
2021-12-21,248.27999877929688,252.75999450683594,247.82000732421875,251.9499969482422,251.9499969482422,2528100
2021-12-22,252.35000610351562,252.74000549316406,249.3000030517578,249.9600067138672,249.9600067138672,2324300
2021-12-23,250.8699951171875,256.2300109863281,250.64999389648438,253.82000732421875,253.82000732421875,2099300
2021-12-27,254.99000549316406,257.20001220703125,254.35000610351562,256.25,256.25,1478600
2021-12-28,256.0199890136719,258.3599853515625,255.47999572753906,256.44000244140625,256.44000244140625,1342400
2021-12-29,256.4800109863281,258.510009765625,256.239990234375,257.489990234375,257.489990234375,1467400
2021-12-30,257.8900146484375,260.2099914550781,257.5,258.55999755859375,258.55999755859375,1785300
2021-12-31,257.57000732421875,260.239990234375,256.92999267578125,258.6400146484375,258.6400146484375,1272300
2022-01-03,259.79998779296875,261.69000244140625,256.9599914550781,258.54998779296875,258.54998779296875,1752400
2022-01-04,259.6499938964844,265.94000244140625,259.30999755859375,264.9100036621094,264.9100036621094,2586600
2022-01-05,265.0,266.7900085449219,261.8599853515625,262.1300048828125,262.1300048828125,2437600
2022-01-06,261.989990234375,265.010009765625,260.1300048828125,263.19000244140625,263.19000244140625,1857800
2022-01-07,262.69000244140625,266.6099853515625,262.0400085449219,263.989990234375,263.989990234375,1646000
2022-01-10,262.6199951171875,262.6199951171875,252.50999450683594,256.54998779296875,256.54998779296875,4553800
2022-01-11,256.54998779296875,257.3900146484375,252.13999938964844,255.5399932861328,255.5399932861328,2018300
2022-01-12,256.0799865722656,259.010009765625,254.77999877929688,256.2099914550781,256.2099914550781,1413500
2022-01-13,257.2099914550781,260.1099853515625,256.29998779296875,257.6700134277344,257.6700134277344,1658500
2022-01-14,254.58999633789062,256.6600036621094,253.25999450683594,256.2200012207031,256.2200012207031,1393600
2022-01-18,252.66000366210938,254.24000549316406,250.25,253.3300018310547,253.3300018310547,1918700
2022-01-19,253.3300018310547,255.80999755859375,252.17999267578125,252.19000244140625,252.19000244140625,1302800
2022-01-20,253.72000122070312,256.0,250.63999938964844,250.74000549316406,250.74000549316406,1671600
2022-01-21,249.6300048828125,249.99000549316406,243.94000244140625,244.91000366210938,244.91000366210938,3063600
2022-01-24,239.55999755859375,245.9499969482422,236.85000610351562,245.72000122070312,245.72000122070312,3051500
2022-01-25,241.74000549316406,246.74000549316406,239.00999450683594,244.0399932861328,244.0399932861328,2032200
2022-01-26,245.80999755859375,248.25,241.22000122070312,243.16000366210938,243.16000366210938,2010800
2022-01-27,245.25,247.63999938964844,239.67999267578125,241.92999267578125,241.92999267578125,1865700
2022-01-28,241.13999938964844,244.91000366210938,239.1300048828125,244.77999877929688,244.77999877929688,2287600
2022-01-31,244.02999877929688,246.16000366210938,241.0,245.86000061035156,245.86000061035156,3395900
2022-02-01,254.77999877929688,256.489990234375,251.3000030517578,252.0,252.0,4598800
2022-02-02,253.44000244140625,253.5,248.85000610351562,251.82000732421875,251.82000732421875,1746900
2022-02-03,249.8800048828125,251.3800048828125,247.05999755859375,247.32000732421875,247.32000732421875,1803300
2022-02-04,246.24000549316406,247.07000732421875,242.0399932861328,244.11000061035156,244.11000061035156,2142000
2022-02-07,244.89999389648438,245.5399932861328,242.6199951171875,243.72999572753906,243.72999572753906,1622600
2022-02-08,244.74000549316406,246.32000732421875,243.0,243.86000061035156,243.86000061035156,1983100
2022-02-09,245.7899932861328,248.60000610351562,243.61000061035156,244.24000549316406,244.24000549316406,1729200
2022-02-10,242.3800048828125,243.82000732421875,239.5399932861328,240.41000366210938,240.41000366210938,2614000
2022-02-11,240.0500030517578,240.5,231.22999572753906,232.2100067138672,232.2100067138672,4681000
2022-02-14,231.3300018310547,232.22000122070312,226.97000122070312,228.4600067138672,228.4600067138672,2510300
2022-02-15,231.72000122070312,234.1699981689453,230.00999450683594,230.39999389648438,230.39999389648438,2617000
2022-02-16,229.0,230.38999938964844,224.4199981689453,229.00999450683594,229.00999450683594,2443600
2022-02-17,227.42999267578125,227.86000061035156,224.10000610351562,224.3699951171875,224.3699951171875,1415900
2022-02-18,223.6300048828125,225.07000732421875,220.80999755859375,222.22999572753906,222.22999572753906,1658500
2022-02-22,220.14999389648438,221.64999389648438,216.3300018310547,217.7899932861328,217.7899932861328,2521400
2022-02-23,218.67999267578125,220.0399932861328,214.75,214.83999633789062,214.83999633789062,2253300
2022-02-24,208.0,216.57000732421875,206.30999755859375,215.9199981689453,215.9199981689453,3002400
2022-02-25,216.5399932861328,222.63999938964844,216.16000366210938,220.72000122070312,220.72000122070312,1963900
2022-02-28,217.17999267578125,222.63999938964844,215.7100067138672,222.27000427246094,222.27000427246094,2477700
2022-03-01,221.0399932861328,221.9499969482422,212.63999938964844,214.91000366210938,214.91000366210938,2081800
2022-03-02,216.44000244140625,222.5800018310547,214.3000030517578,219.25,219.25,2270600
2022-03-03,222.6300048828125,224.9499969482422,220.1999969482422,221.30999755859375,221.30999755859375,2467700
2022-03-04,218.0,219.0,212.3000030517578,214.5399932861328,214.5399932861328,2457300
2022-03-07,212.0,213.3699951171875,200.63999938964844,201.08999633789062,201.08999633789062,3471100
2022-03-08,202.5800018310547,209.3699951171875,199.02999877929688,203.99000549316406,203.99000549316406,2928200
2022-03-09,209.0,218.41000366210938,209.0,216.72000122070312,216.72000122070312,3192400
2022-03-10,212.8000030517578,219.72000122070312,212.35000610351562,219.27999877929688,219.27999877929688,2535300
2022-03-11,220.0,220.41000366210938,212.72999572753906,213.17999267578125,213.17999267578125,2346300
2022-03-14,212.50999450683594,214.9199981689453,208.80999755859375,211.1300048828125,211.1300048828125,2180700
2022-03-15,214.7899932861328,217.5800018310547,211.92999267578125,216.22999572753906,216.22999572753906,1858400
2022-03-16,218.9199981689453,226.02000427246094,218.75,225.92999267578125,225.92999267578125,3088000
2022-03-17,221.72999572753906,229.4199981689453,220.38999938964844,227.97999572753906,227.97999572753906,5701400
2022-03-18,220.0,220.19000244140625,212.92999267578125,218.91000366210938,218.91000366210938,9268400
2022-03-21,217.72000122070312,223.1999969482422,217.47000122070312,222.16000366210938,222.16000366210938,3434400
2022-03-22,223.08999633789062,228.6999969482422,222.49000549316406,226.57000732421875,226.57000732421875,2627700
2022-03-23,224.74000549316406,226.07000732421875,221.05999755859375,221.47000122070312,221.47000122070312,1733600
2022-03-24,222.67999267578125,225.4499969482422,220.61000061035156,225.1199951171875,225.1199951171875,2006600
2022-03-25,225.99000549316406,227.0500030517578,223.9600067138672,226.55999755859375,226.55999755859375,1452900
2022-03-28,226.83999633789062,230.16000366210938,225.6199951171875,230.0500030517578,230.0500030517578,1728100
2022-03-29,236.75,241.57000732421875,236.0500030517578,238.57000732421875,238.57000732421875,4055800
2022-03-30,237.25,238.19000244140625,234.14999389648438,235.25,235.25,2111300
2022-03-31,233.32000732421875,235.8300018310547,231.27999877929688,231.38999938964844,231.38999938964844,1778600
2022-04-01,231.38999938964844,231.67999267578125,221.0,221.25,221.25,3435700
2022-04-04,218.38999938964844,220.86000061035156,216.74000549316406,217.99000549316406,217.99000549316406,3479800
2022-04-05,215.3300018310547,218.83999633789062,210.6699981689453,211.02999877929688,211.02999877929688,3124100
2022-04-06,209.5,209.5,203.5500030517578,204.0,204.0,3492800
2022-04-07,203.72000122070312,205.0399932861328,199.2100067138672,203.77000427246094,203.77000427246094,3223300
2022-04-08,202.08999633789062,203.67999267578125,199.58999633789062,201.52000427246094,201.52000427246094,2321200
2022-04-11,199.61000061035156,207.64999389648438,199.61000061035156,204.1199951171875,204.1199951171875,2081000
2022-04-12,204.1300048828125,207.1699981689453,202.3300018310547,204.3800048828125,204.3800048828125,2031800
2022-04-13,204.39999389648438,207.5500030517578,203.08999633789062,206.30999755859375,206.30999755859375,1365500
2022-04-14,207.0500030517578,208.5,204.9499969482422,205.74000549316406,205.74000549316406,1922300
2022-04-18,205.52000427246094,206.97999572753906,201.97000122070312,203.25999450683594,203.25999450683594,1510100
2022-04-19,204.5500030517578,210.08999633789062,204.27000427246094,208.80999755859375,208.80999755859375,1761400
2022-04-20,210.5399932861328,214.07000732421875,209.0800018310547,209.19000244140625,209.19000244140625,1824900
2022-04-21,209.97999572753906,210.75,205.5,206.86000061035156,206.86000061035156,2099500
2022-04-22,205.6199951171875,207.91000366210938,204.25999450683594,205.2100067138672,205.2100067138672,2114800
2022-04-25,204.0500030517578,205.8000030517578,197.6999969482422,205.39999389648438,205.39999389648438,2162600
2022-04-26,204.47000122070312,205.2899932861328,198.22999572753906,200.0,200.0,1927500
2022-04-27,198.22000122070312,201.55999755859375,196.14999389648438,199.25999450683594,199.25999450683594,1613700
2022-04-28,201.82000732421875,207.07000732421875,200.58999633789062,206.85000610351562,206.85000610351562,2261400
2022-04-29,205.33999633789062,208.8699951171875,198.0,198.74000549316406,198.74000549316406,2338600
2022-05-02,198.94000244140625,200.47999572753906,192.82000732421875,197.00999450683594,197.00999450683594,2225600
2022-05-03,197.25999450683594,200.60000610351562,195.60000610351562,199.44000244140625,199.44000244140625,1957800
2022-05-04,200.60000610351562,210.02999877929688,199.1300048828125,209.49000549316406,209.49000549316406,2454400
2022-05-05,207.0,210.5500030517578,204.92999267578125,207.24000549316406,207.24000549316406,2646500
2022-05-06,206.4199981689453,212.44000244140625,203.25,210.2100067138672,210.2100067138672,2357600
2022-05-09,207.32000732421875,212.5800018310547,205.67999267578125,208.27000427246094,208.27000427246094,2320600
2022-05-10,210.27999877929688,211.5500030517578,202.89999389648438,208.05999755859375,208.05999755859375,2278600
2022-05-11,207.7100067138672,212.1699981689453,206.42999267578125,207.1999969482422,207.1999969482422,2807900
2022-05-12,205.32000732421875,208.33999633789062,202.30999755859375,208.1999969482422,208.1999969482422,2345500
2022-05-13,208.69000244140625,215.05999755859375,208.6199951171875,211.2899932861328,211.2899932861328,2077100
2022-05-16,210.47000122070312,211.94000244140625,208.35000610351562,209.72000122070312,209.72000122070312,1301600
2022-05-17,214.47000122070312,222.52000427246094,213.92999267578125,221.5,221.5,2927500
2022-05-18,217.22000122070312,218.5500030517578,202.61000061035156,203.57000732421875,203.57000732421875,3721100
2022-05-19,201.08999633789062,203.1699981689453,195.5399932861328,199.0500030517578,199.0500030517578,2598700
2022-05-20,201.9600067138672,201.9600067138672,195.42999267578125,200.89999389648438,200.89999389648438,2253900
2022-05-23,202.19000244140625,206.97000122070312,200.63999938964844,204.69000244140625,204.69000244140625,1696200
2022-05-24,202.64999389648438,206.0,197.27999877929688,205.25,205.25,1929700
2022-05-25,202.72999572753906,205.4499969482422,198.82000732421875,204.30999755859375,204.30999755859375,2197300
2022-05-26,207.25999450683594,213.60000610351562,206.80999755859375,212.2899932861328,212.2899932861328,1764200
2022-05-27,212.88999938964844,220.10000610351562,212.88999938964844,219.6699981689453,219.6699981689453,2146600
2022-05-31,217.77999877929688,225.91000366210938,215.1699981689453,224.5800018310547,224.5800018310547,3063800
2022-06-01,225.0,226.3300018310547,216.25999450683594,218.6699981689453,218.6699981689453,1987300
2022-06-02,218.58999633789062,224.41000366210938,218.25,221.52000427246094,221.52000427246094,1642100
2022-06-03,219.88999938964844,221.27000427246094,217.74000549316406,218.6999969482422,218.6999969482422,1379600
2022-06-06,221.0,225.14999389648438,219.9499969482422,222.85000610351562,222.85000610351562,1562900
2022-06-07,218.92999267578125,221.97000122070312,216.58999633789062,221.3699951171875,221.3699951171875,1115100
2022-06-08,217.8800048828125,220.52999877929688,215.72999572753906,217.1699981689453,217.1699981689453,1556300
2022-06-09,217.1999969482422,221.36000061035156,215.39999389648438,217.0,217.0,1846500
2022-06-10,214.13999938964844,215.1199951171875,206.6300048828125,206.77000427246094,206.77000427246094,2263300
2022-06-13,201.5,205.0500030517578,198.4199981689453,200.97999572753906,200.97999572753906,1983000
2022-06-14,220.39999389648438,232.2899932861328,219.5800018310547,229.9499969482422,229.9499969482422,13008700
2022-06-15,230.75,239.2100067138672,229.35000610351562,232.77999877929688,232.77999877929688,5035800
2022-06-16,226.36000061035156,227.4199981689453,223.41000366210938,225.30999755859375,225.30999755859375,3063700
2022-06-17,224.10000610351562,231.42999267578125,222.86000061035156,229.89999389648438,229.89999389648438,5287600
2022-06-21,234.14999389648438,236.5,228.86000061035156,230.52000427246094,230.52000427246094,2342200
2022-06-22,227.14999389648438,231.75,227.13999938964844,229.02000427246094,229.02000427246094,2033600
2022-06-23,229.5,230.25,224.36000061035156,228.1300048828125,228.1300048828125,4305100
2022-06-24,237.02000427246094,248.75999450683594,236.33999633789062,243.24000549316406,243.24000549316406,8395200
2022-06-27,246.94000244140625,247.92999267578125,240.1999969482422,240.47000122070312,240.47000122070312,2536800
2022-06-28,244.0,248.14999389648438,239.6199951171875,240.08999633789062,240.08999633789062,2587800
2022-06-29,241.0,242.0,226.6999969482422,233.80999755859375,233.80999755859375,3736800
2022-06-30,229.63999938964844,230.91000366210938,222.97999572753906,226.7100067138672,226.7100067138672,3676800
2022-07-01,222.58999633789062,224.58999633789062,217.7100067138672,223.61000061035156,223.61000061035156,2591700
2022-07-05,220.60000610351562,230.97000122070312,218.72000122070312,229.61000061035156,229.61000061035156,2862700
2022-07-06,227.94000244140625,230.1699981689453,225.00999450683594,227.72000122070312,227.72000122070312,1674200
2022-07-07,230.19000244140625,231.86000061035156,225.74000549316406,231.35000610351562,231.35000610351562,1626000
2022-07-08,232.2100067138672,232.92999267578125,228.0,230.49000549316406,230.49000549316406,1092600
2022-07-11,228.64999389648438,231.25,223.83999633789062,224.19000244140625,224.19000244140625,1717700
2022-07-12,223.3300018310547,227.52000427246094,221.8000030517578,222.97999572753906,222.97999572753906,2058700
2022-07-13,220.66000366210938,220.9199981689453,214.8800048828125,216.1300048828125,216.1300048828125,1992500
2022-07-14,211.80999755859375,214.4600067138672,210.41000366210938,214.2899932861328,214.2899932861328,1533600
2022-07-15,217.27000427246094,218.72000122070312,215.00999450683594,217.8300018310547,217.8300018310547,1260600
2022-07-18,219.11000061035156,221.75,217.10000610351562,217.97999572753906,217.97999572753906,1513700
2022-07-19,219.5800018310547,226.1300048828125,218.8300018310547,225.42999267578125,225.42999267578125,1378600
2022-07-20,225.9199981689453,228.5500030517578,224.24000549316406,227.66000366210938,227.66000366210938,1351500
2022-07-21,226.4499969482422,228.38999938964844,225.7100067138672,227.66000366210938,227.66000366210938,1006500
2022-07-22,228.8000030517578,230.30999755859375,225.38999938964844,227.3000030517578,227.3000030517578,1445800
2022-07-25,229.47999572753906,230.5800018310547,226.82000732421875,228.1699981689453,228.1699981689453,974800
2022-07-26,223.0,226.64999389648438,221.11000061035156,224.8699951171875,224.8699951171875,1559900
2022-07-27,225.61000061035156,228.83999633789062,221.6699981689453,227.6300048828125,227.6300048828125,1221800
2022-07-28,228.00999450683594,230.32000732421875,227.3000030517578,229.80999755859375,229.80999755859375,1396200
2022-07-29,229.1199951171875,233.97999572753906,225.8699951171875,233.08999633789062,233.08999633789062,2013700
2022-08-01,232.05999755859375,239.74000549316406,232.0,237.6999969482422,237.6999969482422,1905900
2022-08-02,235.8800048828125,236.63999938964844,231.52999877929688,233.27000427246094,233.27000427246094,1428500
2022-08-03,234.85000610351562,236.08999633789062,231.72999572753906,233.19000244140625,233.19000244140625,1039700
2022-08-04,233.7899932861328,236.30999755859375,233.35000610351562,236.10000610351562,236.10000610351562,1082900
2022-08-05,234.66000366210938,238.8699951171875,233.5,234.88999938964844,234.88999938964844,1507300
2022-08-08,236.0,236.16000366210938,228.5399932861328,229.02000427246094,229.02000427246094,1860200
2022-08-09,227.9199981689453,227.9199981689453,222.86000061035156,224.97000122070312,224.97000122070312,1934200
2022-08-10,229.82000732421875,234.5500030517578,229.00999450683594,232.4499969482422,232.4499969482422,2185900
2022-08-11,233.49000549316406,234.0,228.5,229.24000549316406,229.24000549316406,2041600
2022-08-12,230.07000732421875,230.74000549316406,227.86000061035156,230.67999267578125,230.67999267578125,1680700
2022-08-15,229.0399932861328,234.17999267578125,228.9499969482422,233.2100067138672,233.2100067138672,1575900
2022-08-16,233.13999938964844,240.89999389648438,232.66000366210938,238.22000122070312,238.22000122070312,2189400
2022-08-17,235.4199981689453,236.80999755859375,232.83999633789062,233.4199981689453,233.4199981689453,1190600
2022-08-18,233.24000549316406,235.39999389648438,232.0,234.8699951171875,234.8699951171875,993900
2022-08-19,234.1699981689453,234.5399932861328,230.24000549316406,231.72999572753906,231.72999572753906,1259200
2022-08-22,227.3800048828125,227.89999389648438,222.89999389648438,223.57000732421875,223.57000732421875,1867300
2022-08-23,223.33999633789062,226.33999633789062,222.9499969482422,225.25999450683594,225.25999450683594,1021200
2022-08-24,224.8800048828125,227.41000366210938,222.89999389648438,226.05999755859375,226.05999755859375,1104200
2022-08-25,226.82000732421875,228.97000122070312,225.00999450683594,228.02999877929688,228.02999877929688,1163900
2022-08-26,228.3800048828125,229.39999389648438,218.02000427246094,218.16000366210938,218.16000366210938,1547900
2022-08-29,216.1999969482422,218.44000244140625,214.74000549316406,216.72999572753906,216.72999572753906,1213000
2022-08-30,218.33999633789062,218.99000549316406,212.61000061035156,213.47999572753906,213.47999572753906,1420400
2022-08-31,214.42999267578125,214.99000549316406,210.4199981689453,210.80999755859375,210.80999755859375,1718200
2022-09-01,209.4499969482422,212.10000610351562,206.97000122070312,211.86000061035156,211.86000061035156,1582400
2022-09-02,214.1999969482422,214.41000366210938,207.22999572753906,208.72000122070312,208.72000122070312,1422700
2022-09-06,204.99000549316406,206.89999389648438,202.3300018310547,204.1699981689453,204.1699981689453,2359200
2022-09-07,201.39999389648438,202.3699951171875,196.88999938964844,201.6199951171875,201.6199951171875,3098800
2022-09-08,200.67999267578125,203.00999450683594,197.55999755859375,202.8699951171875,202.8699951171875,2474700
2022-09-09,204.8000030517578,209.57000732421875,204.5399932861328,209.07000732421875,209.07000732421875,1739400
2022-09-12,210.25999450683594,215.8300018310547,210.25999450683594,213.83999633789062,213.83999633789062,2278900
2022-09-13,208.88999938964844,210.27000427246094,204.10000610351562,205.33999633789062,205.33999633789062,1589800
2022-09-14,204.7100067138672,205.4600067138672,200.91000366210938,205.00999450683594,205.00999450683594,1510700
2022-09-15,204.60000610351562,206.16000366210938,203.22000122070312,204.8699951171875,204.8699951171875,3080200
2022-09-16,159.30999755859375,161.83999633789062,155.0,161.02000427246094,161.02000427246094,34201900
2022-09-19,160.0,165.35000610351562,159.5,162.89999389648438,162.89999389648438,9425000
2022-09-20,161.1699981689453,161.19000244140625,157.0500030517578,157.39999389648438,157.39999389648438,5372100
2022-09-21,157.1699981689453,159.13999938964844,153.25,153.25,153.25,5491600
2022-09-22,152.6199951171875,160.66000366210938,150.33999633789062,154.5399932861328,154.5399932861328,10265500
2022-09-23,149.77000427246094,152.94000244140625,146.64999389648438,149.3300018310547,149.3300018310547,7195500
2022-09-26,148.47000122070312,150.83999633789062,142.39999389648438,142.89999389648438,142.89999389648438,5698200
2022-09-27,143.5,145.58999633789062,141.9199981689453,144.9499969482422,144.9499969482422,4466400
2022-09-28,145.72000122070312,151.11000061035156,144.74000549316406,149.99000549316406,149.99000549316406,4959200
2022-09-29,147.89999389648438,152.61000061035156,147.17999267578125,152.30999755859375,152.30999755859375,5199200
2022-09-30,150.9499969482422,153.3699951171875,148.33999633789062,148.47000122070312,148.47000122070312,3642600
2022-10-03,150.1199951171875,152.66000366210938,147.97999572753906,151.4600067138672,151.4600067138672,2701200
2022-10-04,155.19000244140625,159.61000061035156,154.4499969482422,159.1199951171875,159.1199951171875,10089400
2022-10-05,155.24000549316406,158.94000244140625,154.5399932861328,156.8699951171875,156.8699951171875,7169300
2022-10-06,156.39999389648438,158.0,154.82000732421875,155.19000244140625,155.19000244140625,4254600
2022-10-07,152.50999450683594,154.60000610351562,148.9600067138672,154.41000366210938,154.41000366210938,7783500
2022-10-10,155.88999938964844,156.4499969482422,152.14999389648438,153.2100067138672,153.2100067138672,5310500
2022-10-11,151.52999877929688,154.58999633789062,151.0800018310547,152.0800018310547,152.0800018310547,6045600
2022-10-12,152.07000732421875,155.0399932861328,151.64999389648438,152.88999938964844,152.88999938964844,2468100
2022-10-13,150.44000244140625,158.0399932861328,148.92999267578125,156.25,156.25,2993400
2022-10-14,156.8800048828125,158.41000366210938,154.91000366210938,156.9600067138672,156.9600067138672,2269800
2022-10-17,158.27999877929688,159.8699951171875,155.39999389648438,156.97999572753906,156.97999572753906,3187000
2022-10-18,160.69000244140625,161.4199981689453,155.05999755859375,156.3000030517578,156.3000030517578,3136200
2022-10-19,155.72000122070312,156.6999969482422,151.55999755859375,152.9600067138672,152.9600067138672,3433700
2022-10-20,152.9499969482422,155.39999389648438,149.8699951171875,150.13999938964844,150.13999938964844,3652100
2022-10-21,150.19000244140625,153.86000061035156,149.63999938964844,153.22999572753906,153.22999572753906,6074900
2022-10-24,152.19000244140625,156.49000549316406,151.42999267578125,154.75999450683594,154.75999450683594,2857600
2022-10-25,155.88999938964844,157.3300018310547,154.85000610351562,155.8000030517578,155.8000030517578,3077700
2022-10-26,156.3800048828125,159.1699981689453,155.5800018310547,157.9600067138672,157.9600067138672,3733800
2022-10-27,158.94000244140625,160.3000030517578,156.6300048828125,156.91000366210938,156.91000366210938,1646700
2022-10-28,157.5399932861328,160.52999877929688,155.77000427246094,160.3699951171875,160.3699951171875,2568600
2022-10-31,159.02000427246094,162.22999572753906,158.6199951171875,160.27999877929688,160.27999877929688,1911000
2022-11-01,161.9499969482422,162.5500030517578,156.7100067138672,158.19000244140625,158.19000244140625,2199500
2022-11-02,156.77999877929688,160.1999969482422,154.32000732421875,154.55999755859375,154.55999755859375,2281900
2022-11-03,153.0,156.1999969482422,151.33999633789062,154.9199981689453,154.9199981689453,6053200
2022-11-04,157.22000122070312,158.89999389648438,154.10000610351562,156.66000366210938,156.66000366210938,1473800
2022-11-07,157.89999389648438,159.67999267578125,157.0399932861328,159.24000549316406,159.24000549316406,1711900
2022-11-08,160.0,163.2899932861328,157.3300018310547,159.5399932861328,159.5399932861328,3602700
2022-11-09,158.0,161.1300048828125,157.6199951171875,158.0399932861328,158.0399932861328,2257200
2022-11-10,162.6999969482422,167.5399932861328,162.6999969482422,166.0,166.0,3783100
2022-11-11,166.88999938964844,176.89999389648438,166.24000549316406,175.61000061035156,175.61000061035156,4436500
2022-11-14,174.52000427246094,178.88999938964844,174.52000427246094,174.75999450683594,174.75999450683594,2999100
2022-11-15,176.61000061035156,179.50999450683594,173.64999389648438,176.25999450683594,176.25999450683594,5216900
2022-11-16,174.0,175.6199951171875,169.55999755859375,170.77000427246094,170.77000427246094,2388400
2022-11-17,169.0,171.63999938964844,167.1999969482422,171.5399932861328,171.5399932861328,1641100
2022-11-18,174.0,175.13999938964844,172.11000061035156,174.72000122070312,174.72000122070312,1845900
2022-11-21,173.92999267578125,175.16000366210938,172.8699951171875,173.63999938964844,173.63999938964844,1385200
2022-11-22,174.91000366210938,176.86000061035156,174.5500030517578,175.6699981689453,175.6699981689453,1457300
2022-11-23,175.80999755859375,176.88999938964844,175.27000427246094,176.36000061035156,176.36000061035156,1758000
2022-11-25,177.25,177.77000427246094,176.00999450683594,176.6999969482422,176.6999969482422,445300
2022-11-28,175.75,176.24000549316406,171.88999938964844,173.2100067138672,173.2100067138672,2656900
2022-11-29,174.74000549316406,178.4499969482422,174.32000732421875,177.82000732421875,177.82000732421875,1662900
2022-11-30,177.02000427246094,183.05999755859375,176.75,182.22000122070312,182.22000122070312,5014500
2022-12-01,182.0,183.5500030517578,179.8699951171875,180.4499969482422,180.4499969482422,1562500
2022-12-02,178.16000366210938,182.4600067138672,177.0800018310547,181.41000366210938,181.41000366210938,2060300
2022-12-05,179.5500030517578,179.9199981689453,176.30999755859375,176.60000610351562,176.60000610351562,1560700
2022-12-06,176.44000244140625,176.57000732421875,171.08999633789062,173.0500030517578,173.0500030517578,2064100
2022-12-07,172.27000427246094,174.2899932861328,171.69000244140625,172.27999877929688,172.27999877929688,1500200
2022-12-08,171.2899932861328,174.66000366210938,170.50999450683594,171.91000366210938,171.91000366210938,2229500
2022-12-09,170.14999389648438,174.8300018310547,170.14999389648438,172.3300018310547,172.3300018310547,1475000
2022-12-12,172.0800018310547,178.22999572753906,172.0800018310547,177.3699951171875,177.3699951171875,2461600
2022-12-13,183.69000244140625,184.38999938964844,175.58999633789062,176.8800048828125,176.8800048828125,2754300
2022-12-14,176.3699951171875,180.92999267578125,175.80999755859375,178.07000732421875,178.07000732421875,1611700
2022-12-15,175.1199951171875,176.3000030517578,171.77000427246094,173.1699981689453,173.1699981689453,1802600
2022-12-16,172.41000366210938,173.69000244140625,169.58999633789062,171.72000122070312,171.72000122070312,3383700
2022-12-19,170.2899932861328,171.7100067138672,167.02999877929688,168.77999877929688,168.77999877929688,2783800
2022-12-20,167.9199981689453,168.50999450683594,162.61000061035156,164.35000610351562,164.35000610351562,5451400
2022-12-21,174.5399932861328,174.77999877929688,168.16000366210938,169.99000549316406,169.99000549316406,7904800
2022-12-22,168.0500030517578,175.77000427246094,167.6300048828125,175.69000244140625,175.69000244140625,5122100
2022-12-23,175.7100067138672,179.05999755859375,175.50999450683594,175.92999267578125,175.92999267578125,3035900
2022-12-27,175.72000122070312,177.99000549316406,175.10000610351562,177.0500030517578,177.0500030517578,1936600
2022-12-28,177.13999938964844,177.61000061035156,173.02000427246094,173.0500030517578,173.0500030517578,1705200
2022-12-29,173.83999633789062,176.8699951171875,173.61000061035156,175.5500030517578,175.5500030517578,1362900
2022-12-30,173.92999267578125,175.16000366210938,171.5500030517578,173.1999969482422,173.1999969482422,1558300
2023-01-03,174.97000122070312,177.58999633789062,174.52999877929688,177.27000427246094,177.27000427246094,2193900
2023-01-04,179.0,183.0500030517578,178.97000122070312,181.4499969482422,181.4499969482422,2286000
2023-01-05,179.64999389648438,181.8800048828125,178.33999633789062,181.27999877929688,181.27999877929688,2441600
2023-01-06,182.3699951171875,186.4600067138672,180.8800048828125,185.77000427246094,185.77000427246094,2039400
2023-01-09,185.77999877929688,192.13999938964844,185.69000244140625,189.74000549316406,189.74000549316406,2894300
2023-01-10,188.63999938964844,189.9199981689453,186.5,188.74000549316406,188.74000549316406,1694400
2023-01-11,189.99000549316406,193.91000366210938,189.99000549316406,192.1999969482422,192.1999969482422,1913000
2023-01-12,192.1300048828125,193.13999938964844,190.4499969482422,191.88999938964844,191.88999938964844,1560600
2023-01-13,190.4499969482422,191.0,188.2100067138672,188.6300048828125,188.6300048828125,1343800
2023-01-17,187.9600067138672,188.5,186.0500030517578,188.1300048828125,188.1300048828125,1853500
2023-01-18,188.22000122070312,191.7100067138672,187.52000427246094,187.6699981689453,187.6699981689453,1337800
2023-01-19,185.94000244140625,186.86000061035156,183.63999938964844,184.22999572753906,184.22999572753906,1321200
2023-01-20,185.17999267578125,186.97999572753906,184.22000122070312,186.8800048828125,186.8800048828125,1595900
2023-01-23,187.1999969482422,192.2899932861328,186.30999755859375,191.14999389648438,191.14999389648438,1642200
2023-01-24,188.97999572753906,192.14999389648438,188.77999877929688,189.25,189.25,1238900
2023-01-25,186.7100067138672,188.32000732421875,185.85000610351562,187.80999755859375,187.80999755859375,1020400
2023-01-26,188.89999389648438,190.30999755859375,186.8000030517578,190.13999938964844,190.13999938964844,1045800
2023-01-27,189.7899932861328,193.1699981689453,189.61000061035156,190.55999755859375,190.55999755859375,1435900
2023-01-30,188.0500030517578,188.5500030517578,183.58999633789062,184.0800018310547,184.0800018310547,2091600
2023-01-31,184.5,193.9499969482422,184.38999938964844,193.86000061035156,193.86000061035156,2423200
2023-02-01,193.10000610351562,204.05999755859375,192.55999755859375,202.11000061035156,202.11000061035156,5262100
2023-02-02,209.27999877929688,217.38999938964844,209.27999877929688,214.5,214.5,3836500
2023-02-03,212.24000549316406,215.94000244140625,211.4199981689453,214.6699981689453,214.6699981689453,2255100
2023-02-06,213.0,214.47000122070312,209.19000244140625,210.58999633789062,210.58999633789062,1890000
2023-02-07,209.7100067138672,210.63999938964844,205.94000244140625,209.91000366210938,209.91000366210938,1822300
2023-02-08,209.24000549316406,210.9600067138672,208.25,209.47999572753906,209.47999572753906,1425900
2023-02-09,210.10000610351562,211.0,207.8699951171875,208.6199951171875,208.6199951171875,1245400
2023-02-10,206.38999938964844,210.3300018310547,206.11000061035156,209.3699951171875,209.3699951171875,1286700
2023-02-13,207.61000061035156,211.91000366210938,207.25,211.66000366210938,211.66000366210938,1159500
2023-02-14,210.33999633789062,213.02000427246094,208.60000610351562,212.6699981689453,212.6699981689453,1101900
2023-02-15,211.38999938964844,213.1300048828125,210.0,213.0399932861328,213.0399932861328,953100
2023-02-16,209.52000427246094,212.75999450683594,209.0,211.6699981689453,211.6699981689453,1278500
2023-02-17,210.3800048828125,211.85000610351562,209.24000549316406,210.3000030517578,210.3000030517578,993300
2023-02-21,206.67999267578125,207.99000549316406,203.10000610351562,205.64999389648438,205.64999389648438,1715900
2023-02-22,205.64999389648438,207.17999267578125,199.58999633789062,202.8300018310547,202.8300018310547,2388900
2023-02-23,204.82000732421875,205.57000732421875,202.55999755859375,205.17999267578125,205.17999267578125,1345000
2023-02-24,203.24000549316406,204.13999938964844,200.63999938964844,203.27999877929688,203.27999877929688,1387600
2023-02-27,206.0399932861328,208.10000610351562,203.75,204.05999755859375,204.05999755859375,1324200
2023-02-28,204.0399932861328,206.74000549316406,203.0800018310547,203.22000122070312,203.22000122070312,1464100
2023-03-01,203.25,206.57000732421875,202.5800018310547,204.3300018310547,204.3300018310547,1179800
2023-03-02,203.32000732421875,207.6199951171875,202.5800018310547,206.92999267578125,206.92999267578125,1092500
2023-03-03,208.4600067138672,210.10000610351562,207.1300048828125,209.0800018310547,209.0800018310547,1612300
2023-03-06,209.60000610351562,211.88999938964844,209.35000610351562,210.1300048828125,210.1300048828125,2148000
2023-03-07,209.72000122070312,209.72000122070312,206.16000366210938,206.32000732421875,206.32000732421875,1526900
2023-03-08,205.89999389648438,209.97000122070312,205.38999938964844,209.5399932861328,209.5399932861328,1073900
2023-03-09,211.0800018310547,213.30999755859375,207.3000030517578,207.8300018310547,207.8300018310547,1954600
2023-03-10,207.19000244140625,207.19000244140625,198.5,201.19000244140625,201.19000244140625,2537900
2023-03-13,196.97000122070312,199.3699951171875,194.0500030517578,197.38999938964844,197.38999938964844,2267900
2023-03-14,200.0,201.94000244140625,195.5399932861328,197.88999938964844,197.88999938964844,2582700
2023-03-15,194.0,195.32000732421875,190.8300018310547,195.3000030517578,195.3000030517578,2674300
2023-03-16,196.2899932861328,205.10000610351562,195.33999633789062,204.0500030517578,204.0500030517578,5068500
2023-03-17,226.0500030517578,226.0500030517578,218.52000427246094,220.30999755859375,220.30999755859375,12660500
2023-03-20,219.99000549316406,221.27999877929688,215.47999572753906,216.24000549316406,216.24000549316406,3336400
2023-03-21,218.22000122070312,222.0800018310547,218.07000732421875,219.8300018310547,219.8300018310547,2006800
2023-03-22,220.4199981689453,223.60000610351562,217.0500030517578,217.05999755859375,217.05999755859375,2191000
2023-03-23,217.88999938964844,222.63999938964844,216.0500030517578,216.9199981689453,216.9199981689453,2583700
2023-03-24,216.8800048828125,218.2100067138672,214.6699981689453,217.60000610351562,217.60000610351562,1772600
2023-03-27,217.32000732421875,221.36000061035156,217.14999389648438,219.82000732421875,219.82000732421875,1869900
2023-03-28,219.8800048828125,222.89999389648438,219.60000610351562,220.44000244140625,220.44000244140625,1357900
2023-03-29,221.77000427246094,223.83999633789062,221.77000427246094,223.64999389648438,223.64999389648438,1674900
2023-03-30,224.74000549316406,225.64999389648438,222.91000366210938,224.39999389648438,224.39999389648438,1647100
2023-03-31,224.99000549316406,228.86000061035156,224.82000732421875,228.49000549316406,228.49000549316406,1654500
2023-04-03,227.32000732421875,228.8699951171875,226.47000122070312,228.83999633789062,228.83999633789062,1980900
2023-04-04,228.5500030517578,229.44000244140625,223.42999267578125,226.49000549316406,226.49000549316406,1753500
2023-04-05,232.10000610351562,235.6699981689453,227.8000030517578,229.92999267578125,229.92999267578125,6601300
2023-04-06,231.00999450683594,235.80999755859375,230.97000122070312,232.10000610351562,232.10000610351562,3675700
2023-04-10,229.36000061035156,233.3800048828125,228.61000061035156,231.60000610351562,231.60000610351562,1880900
2023-04-11,231.66000366210938,233.10000610351562,231.0399932861328,231.52999877929688,231.52999877929688,1971600
2023-04-12,231.75999450683594,232.3300018310547,229.3000030517578,229.47000122070312,229.47000122070312,2507500
2023-04-13,230.0,231.67999267578125,227.72999572753906,231.07000732421875,231.07000732421875,1797900
2023-04-14,231.11000061035156,232.61000061035156,229.38999938964844,230.69000244140625,230.69000244140625,1525700
2023-04-17,230.75,231.55999755859375,228.75,229.30999755859375,229.30999755859375,1535400
2023-04-18,230.27000427246094,231.77999877929688,228.35000610351562,229.2100067138672,229.2100067138672,1282700
2023-04-19,227.3800048828125,229.55999755859375,227.17999267578125,229.49000549316406,229.49000549316406,1340900
2023-04-20,228.75,231.4499969482422,228.1300048828125,229.3800048828125,229.3800048828125,1314900
2023-04-21,229.77999877929688,232.5,228.72999572753906,230.44000244140625,230.44000244140625,2180100
2023-04-24,231.0,232.63999938964844,229.9199981689453,232.16000366210938,232.16000366210938,1374300
2023-04-25,228.10000610351562,229.9499969482422,224.35000610351562,225.47000122070312,225.47000122070312,2201400
2023-04-26,224.44000244140625,226.38999938964844,221.6999969482422,222.77000427246094,222.77000427246094,1813500
2023-04-27,224.13999938964844,226.33999633789062,223.00999450683594,225.94000244140625,225.94000244140625,1535200
2023-04-28,223.6199951171875,228.61000061035156,223.6199951171875,227.77999877929688,227.77999877929688,1608300
2023-05-01,228.4499969482422,231.19000244140625,228.32000732421875,230.5800018310547,230.5800018310547,1122100
2023-05-02,229.1699981689453,229.97999572753906,226.52999877929688,228.39999389648438,228.39999389648438,1102100
2023-05-03,228.05999755859375,231.69000244140625,227.00999450683594,228.52000427246094,228.52000427246094,1356500
2023-05-04,228.1199951171875,228.8300018310547,225.00999450683594,226.3699951171875,226.3699951171875,955100
2023-05-05,227.13999938964844,230.97000122070312,226.57000732421875,229.3000030517578,229.3000030517578,1157900
2023-05-08,229.0500030517578,231.64999389648438,229.0500030517578,230.72999572753906,230.72999572753906,1058100
2023-05-09,229.7899932861328,231.0800018310547,228.36000061035156,228.6300048828125,228.6300048828125,969500
2023-05-10,229.6699981689453,230.1999969482422,223.9199981689453,226.3300018310547,226.3300018310547,1480800
2023-05-11,226.50999450683594,226.50999450683594,223.3800048828125,224.83999633789062,224.83999633789062,1286100
2023-05-12,225.24000549316406,225.97999572753906,220.25999450683594,222.92999267578125,222.92999267578125,1641200
2023-05-15,221.77999877929688,223.4600067138672,221.19000244140625,222.4199981689453,222.4199981689453,1863900
2023-05-16,221.36000061035156,223.36000061035156,219.3300018310547,221.27000427246094,221.27000427246094,1529700
2023-05-17,221.47999572753906,226.02999877929688,221.1300048828125,225.88999938964844,225.88999938964844,2702400
2023-05-18,229.10000610351562,234.14999389648438,228.38999938964844,230.42999267578125,230.42999267578125,2560600
2023-05-19,231.25999450683594,231.50999450683594,227.91000366210938,229.0800018310547,229.0800018310547,1583100
2023-05-22,229.02000427246094,230.44000244140625,227.41000366210938,228.67999267578125,228.67999267578125,1024400
2023-05-23,227.25999450683594,229.52999877929688,225.8000030517578,226.63999938964844,226.63999938964844,898000
2023-05-24,225.0,225.9199981689453,222.52999877929688,223.5500030517578,223.5500030517578,1031900
2023-05-25,224.60000610351562,226.35000610351562,223.8699951171875,225.0800018310547,225.0800018310547,1015400
2023-05-26,225.77999877929688,226.85000610351562,223.89999389648438,224.14999389648438,224.14999389648438,1217900
2023-05-30,225.57000732421875,227.3800048828125,223.60000610351562,226.13999938964844,226.13999938964844,2073700
2023-05-31,223.7100067138672,223.91000366210938,217.82000732421875,217.97999572753906,217.97999572753906,3001600
2023-06-01,217.50999450683594,217.9600067138672,213.80999755859375,217.2899932861328,217.2899932861328,2170600
2023-06-02,218.52999877929688,222.66000366210938,218.32000732421875,221.74000549316406,221.74000549316406,1541200
2023-06-05,221.9600067138672,223.2100067138672,220.35000610351562,221.0800018310547,221.0800018310547,1187900
2023-06-06,220.0,220.69000244140625,218.5500030517578,219.5,219.5,1474700
2023-06-07,220.4499969482422,224.82000732421875,220.02000427246094,224.60000610351562,224.60000610351562,2141500
2023-06-08,225.07000732421875,226.39999389648438,222.11000061035156,225.00999450683594,225.00999450683594,1631500
2023-06-09,224.44000244140625,224.47000122070312,221.1999969482422,223.75999450683594,223.75999450683594,1654200
2023-06-12,224.42999267578125,225.08999633789062,222.7100067138672,224.5500030517578,224.5500030517578,1437000
2023-06-13,224.1999969482422,228.99000549316406,222.00999450683594,228.8699951171875,228.8699951171875,2341800
2023-06-14,229.75999450683594,232.4600067138672,228.07000732421875,229.6699981689453,229.6699981689453,2091200
2023-06-15,229.77000427246094,236.8800048828125,229.77000427246094,236.44000244140625,236.44000244140625,2321600
2023-06-16,237.35000610351562,238.0,233.36000061035156,233.4600067138672,233.4600067138672,3288900
2023-06-20,234.58999633789062,234.74000549316406,229.9600067138672,231.64999389648438,231.64999389648438,5215800
2023-06-21,223.8000030517578,232.36000061035156,223.24000549316406,225.83999633789062,225.83999633789062,7126000
2023-06-22,225.00999450683594,234.7899932861328,224.39999389648438,232.92999267578125,232.92999267578125,3592100
2023-06-23,230.64999389648438,233.7899932861328,230.14999389648438,232.33999633789062,232.33999633789062,3028000
2023-06-26,232.8699951171875,237.0500030517578,232.58999633789062,234.92999267578125,234.92999267578125,2205800
2023-06-27,236.08999633789062,246.88999938964844,236.00999450683594,246.75999450683594,246.75999450683594,4162000
2023-06-28,246.0,249.8000030517578,245.08999633789062,248.44000244140625,248.44000244140625,2980800
2023-06-29,248.6999969482422,249.99000549316406,248.14999389648438,249.97999572753906,249.97999572753906,2314400
2023-06-30,250.0,250.0800018310547,245.64999389648438,247.89999389648438,247.89999389648438,2604200
2023-07-03,247.11000061035156,248.3699951171875,246.17999267578125,247.5500030517578,247.5500030517578,1281600
2023-07-05,246.2100067138672,250.3699951171875,246.19000244140625,248.32000732421875,248.32000732421875,1613300
2023-07-06,246.64999389648438,249.3300018310547,246.64999389648438,247.6699981689453,247.6699981689453,1712900
2023-07-07,246.75999450683594,253.1300048828125,246.75999450683594,251.25,251.25,2423500
2023-07-10,250.4600067138672,252.52999877929688,249.32000732421875,251.69000244140625,251.69000244140625,1573000
2023-07-11,252.0,258.8800048828125,251.97999572753906,258.3999938964844,258.3999938964844,3039700
2023-07-12,259.92999267578125,262.6300048828125,259.4100036621094,261.6099853515625,261.6099853515625,2068300
2023-07-13,262.0899963378906,262.8699951171875,257.010009765625,258.4599914550781,258.4599914550781,1747600
2023-07-14,258.19000244140625,259.7300109863281,256.1600036621094,257.45001220703125,257.45001220703125,1044400
2023-07-17,256.3900146484375,256.8999938964844,253.88999938964844,254.72999572753906,254.72999572753906,1494400
2023-07-18,262.0,265.6000061035156,259.989990234375,261.9700012207031,261.9700012207031,2766700
2023-07-19,261.5,261.7900085449219,257.9100036621094,260.260009765625,260.260009765625,2655500
2023-07-20,259.25,264.5199890136719,259.0,263.5400085449219,263.5400085449219,2138600
2023-07-21,260.44000244140625,262.4700012207031,259.260009765625,259.6700134277344,259.6700134277344,1785100
2023-07-24,255.0,260.82000732421875,254.44000244140625,258.7699890136719,258.7699890136719,2010400
2023-07-25,258.25,261.75,254.63999938964844,259.6600036621094,259.6600036621094,2363700
2023-07-26,260.9700012207031,269.32000732421875,260.9200134277344,268.1300048828125,268.1300048828125,2751300
2023-07-27,268.75,270.2699890136719,264.9700012207031,265.3699951171875,265.3699951171875,1945100
2023-07-28,267.25,269.8800048828125,266.19000244140625,268.8500061035156,268.8500061035156,1058500
