Date,Open,High,Low,Close,Adj Close,Volume
1994-07-14,14.125,14.375,14.0,14.375,9.006540298461914,738900
1994-07-15,14.125,14.125,14.0,14.0,8.771592140197754,106400
1994-07-18,14.0,14.125,14.0,14.125,8.849906921386719,264000
1994-07-19,14.125,14.125,14.0,14.125,8.849906921386719,87100
1994-07-20,14.125,14.125,14.0,14.0,8.771592140197754,73600
1994-07-21,14.125,15.125,14.125,14.375,9.006540298461914,255600
1994-07-22,14.625,15.25,14.625,15.0,9.398130416870117,109100
1994-07-25,15.0,15.25,14.875,15.25,9.55476188659668,149000
1994-07-26,15.375,15.375,14.875,15.0,9.398130416870117,68100
1994-07-27,15.125,15.25,15.0,15.125,9.476445198059082,38100
1994-07-28,15.25,15.625,15.125,15.625,9.789721488952637,60300
1994-07-29,15.75,16.25,15.375,16.0,10.024669647216797,60300
1994-08-01,16.25,16.875,16.0,16.25,10.181309700012207,83500
1994-08-02,16.5,16.875,16.375,16.75,10.49458122253418,108300
1994-08-03,17.0,17.0,16.75,16.875,10.572894096374512,213300
1994-08-04,17.0,17.0,16.125,16.375,10.259625434875488,62000
1994-08-05,16.5,16.5,16.25,16.5,10.337946891784668,9600
1994-08-08,16.5,16.5,15.875,16.25,10.181309700012207,13200
1994-08-09,16.375,16.375,15.75,15.75,9.868040084838867,9100
1994-08-10,15.875,16.75,15.875,16.75,10.49458122253418,25700
1994-08-11,17.0,17.25,16.875,17.25,10.807852745056152,51700
1994-08-12,17.375,17.875,17.125,17.875,11.199433326721191,23300
1994-08-15,18.0,18.0,17.375,17.5,10.964485168457031,24600
1994-08-16,17.875,18.5,17.75,18.0,11.277758598327637,35500
1994-08-17,18.0,18.0,17.25,17.5,10.964485168457031,25900
1994-08-18,17.625,18.0,17.5,17.75,11.12111759185791,12400
1994-08-19,17.625,17.625,17.125,17.5,10.964485168457031,8600
1994-08-22,17.5,17.5,16.75,17.0,10.651217460632324,27000
1994-08-23,17.125,17.25,16.75,16.75,10.49458122253418,7700
1994-08-24,16.875,16.875,16.75,16.875,10.572894096374512,19700
1994-08-25,16.875,17.75,16.875,17.5,10.964485168457031,19500
1994-08-26,17.5,17.5,16.75,17.0,10.651217460632324,12500
1994-08-29,16.75,16.875,16.125,16.875,10.572894096374512,9600
1994-08-30,17.0,17.25,16.75,17.0,10.651217460632324,16200
1994-08-31,17.125,17.375,17.125,17.375,10.886171340942383,64800
1994-09-01,17.375,17.375,16.875,17.0,10.651217460632324,54800
1994-09-02,17.0,17.0,16.5,16.5,10.337946891784668,80300
1994-09-06,16.25,16.875,16.25,16.875,10.572894096374512,12900
1994-09-07,17.0,17.375,16.875,17.375,10.886171340942383,11100
1994-09-08,17.25,17.875,17.25,17.875,11.199433326721191,32400
1994-09-09,17.75,17.875,17.625,17.875,11.199433326721191,13100
1994-09-12,17.75,18.125,17.5,18.0,11.277758598327637,43400
1994-09-13,18.0,18.5,18.0,18.375,11.512712478637695,26500
1994-09-14,18.375,18.375,17.875,18.375,11.512712478637695,44600
1994-09-15,18.5,19.0,18.25,18.625,11.669344902038574,16600
1994-09-16,18.5,18.75,18.5,18.625,11.669344902038574,9800
1994-09-19,18.375,18.5,18.125,18.375,11.512712478637695,15900
1994-09-20,18.125,18.375,18.125,18.25,11.434391975402832,5300
1994-09-21,18.25,18.25,18.0,18.25,11.434391975402832,18900
1994-09-22,18.375,18.375,18.125,18.125,11.356073379516602,9900
1994-09-23,18.25,18.375,18.125,18.125,11.356073379516602,5200
1994-09-26,18.0,18.25,18.0,18.0,11.277758598327637,22300
1994-09-27,18.25,18.75,18.125,18.625,11.669344902038574,34900
1994-09-28,18.5,18.875,18.5,18.875,11.825980186462402,12200
1994-09-29,18.75,18.75,18.375,18.5,11.591022491455078,5100
1994-09-30,18.75,18.75,18.375,18.625,11.669344902038574,5300
1994-10-03,18.625,18.75,18.0,18.25,11.434391975402832,46700
1994-10-04,18.25,18.375,18.0,18.125,11.356073379516602,3500
1994-10-05,17.875,18.25,17.875,18.0,11.277758598327637,27300
1994-10-06,17.875,18.25,17.875,18.125,11.356073379516602,4300
1994-10-07,18.25,18.375,18.25,18.25,11.434391975402832,13200
1994-10-10,18.25,18.25,18.125,18.125,11.356073379516602,21900
1994-10-11,18.125,18.5,18.125,18.375,11.512712478637695,33300
1994-10-12,18.5,18.5,18.25,18.5,11.591022491455078,21800
1994-10-13,18.5,18.5,18.25,18.25,11.434391975402832,18800
1994-10-14,18.25,18.5,18.25,18.375,11.512712478637695,8900
1994-10-17,18.25,18.375,18.0,18.375,11.512712478637695,8100
1994-10-18,18.375,18.5,18.125,18.5,11.591022491455078,3400
1994-10-19,18.5,18.5,18.25,18.5,11.591022491455078,6000
1994-10-20,18.625,18.875,18.625,18.75,11.747662544250488,11500
1994-10-21,18.75,18.75,18.5,18.625,11.669344902038574,3100
1994-10-24,18.75,18.75,18.625,18.625,11.669344902038574,900
1994-10-25,18.375,18.75,18.125,18.125,11.356073379516602,9600
1994-10-26,18.25,18.625,18.0,18.5,11.591022491455078,2400
1994-10-27,18.625,18.75,18.375,18.75,11.747662544250488,4200
1994-10-28,18.75,18.875,18.75,18.875,11.825980186462402,2600
1994-10-31,18.875,19.5,18.875,19.25,12.060935020446777,65200
1994-11-01,19.25,19.25,19.0,19.125,11.98261833190918,86800
1994-11-02,19.125,19.125,18.75,18.75,11.747662544250488,16500
1994-11-03,19.0,19.0,18.625,18.75,11.747662544250488,11100
1994-11-04,18.75,18.75,18.75,18.75,11.747662544250488,4500
1994-11-07,18.75,18.875,18.25,18.625,11.669344902038574,10800
1994-11-08,18.625,18.625,18.5,18.625,11.669344902038574,9600
1994-11-09,18.625,18.625,18.5,18.5,11.591022491455078,2500
1994-11-10,18.5,18.875,18.5,18.625,11.669344902038574,20500
1994-11-11,18.625,18.625,17.5,18.0,11.277758598327637,42200
1994-11-14,18.125,18.375,18.125,18.375,11.512712478637695,13800
1994-11-15,18.25,18.5,18.125,18.5,11.591022491455078,7600
1994-11-16,18.625,18.625,18.625,18.625,11.669344902038574,6800
1994-11-17,18.25,18.375,18.125,18.125,11.392773628234863,7400
1994-11-18,18.375,18.75,18.125,18.125,11.43061351776123,7100
1994-11-21,18.375,18.375,17.625,17.75,11.194116592407227,3400
1994-11-22,17.75,18.0,17.0,17.0,10.721131324768066,16800
1994-11-23,17.0,17.25,16.5,16.75,10.563464164733887,18200
1994-11-25,16.625,16.875,16.625,16.875,10.642293930053711,2400
1994-11-28,16.875,16.875,16.75,16.875,10.642293930053711,14400
1994-11-29,16.75,16.75,16.75,16.75,10.563464164733887,100
1994-11-30,16.875,16.875,16.375,16.625,10.484630584716797,3500
1994-12-01,16.375,16.5,15.875,15.875,10.01164436340332,18800
1994-12-02,15.75,15.75,15.375,15.375,9.696316719055176,7000
1994-12-05,15.375,15.375,14.75,15.0,9.459815979003906,25900
1994-12-06,14.875,15.25,14.875,15.0,9.459815979003906,24300
1994-12-07,14.875,14.875,14.25,14.375,9.06566047668457,84400
1994-12-08,14.5,14.75,14.5,14.5,9.144493103027344,58700
1994-12-09,14.5,14.625,14.5,14.625,9.223322868347168,16300
1994-12-12,14.875,15.0,14.75,14.75,9.302154541015625,14900
1994-12-13,14.75,15.25,14.75,15.25,9.61748218536377,16400
1994-12-14,15.25,15.5,15.0,15.5,9.775147438049316,40600
1994-12-15,15.5,15.75,15.375,15.75,9.932809829711914,12500
1994-12-16,15.75,16.0,15.75,15.875,10.01164436340332,2800
1994-12-19,15.875,15.875,15.875,15.875,10.01164436340332,2100
1994-12-20,15.75,16.0,15.625,16.0,10.090475082397461,4600
1994-12-21,16.0,16.0,15.875,15.875,10.01164436340332,3900
1994-12-22,15.75,16.0,15.5,15.875,10.01164436340332,12000
1994-12-23,15.75,16.0,15.75,15.875,10.01164436340332,14500
1994-12-27,15.75,15.875,15.75,15.875,10.01164436340332,2100
1994-12-28,15.75,16.125,15.75,16.125,10.169304847717285,2700
1994-12-29,16.25,16.5,16.25,16.25,10.248136520385742,8900
1994-12-30,16.375,16.5,16.375,16.5,10.405804634094238,10000
1995-01-03,16.5,16.5,16.375,16.5,10.405804634094238,3300
1995-01-04,16.5,16.625,16.5,16.625,10.484630584716797,4500
1995-01-05,16.75,16.75,16.625,16.625,10.484630584716797,2000
1995-01-06,16.5,16.5,16.375,16.5,10.405804634094238,1600
1995-01-09,16.625,16.75,16.375,16.5,10.405804634094238,58100
1995-01-10,16.75,17.0,16.5,17.0,10.721131324768066,11500
1995-01-11,17.0,17.25,17.0,17.0,10.721131324768066,8400
1995-01-12,17.0,17.25,17.0,17.125,10.79996109008789,9400
1995-01-13,17.125,17.375,17.125,17.375,10.957624435424805,2000
1995-01-16,17.125,17.75,17.125,17.75,11.194116592407227,11600
1995-01-17,17.5,17.625,17.375,17.375,10.957624435424805,2000
1995-01-18,17.25,17.375,17.25,17.375,10.995594024658203,500
1995-01-19,17.625,17.625,17.375,17.375,10.995594024658203,1600
1995-01-20,17.25,17.25,17.125,17.125,10.837384223937988,2500
1995-01-23,17.0,17.25,17.0,17.125,10.837384223937988,6600
1995-01-24,17.125,17.125,16.875,16.875,10.679174423217773,6300
1995-01-25,17.0,17.0,16.5,16.5,10.441864013671875,12400
1995-01-26,16.75,17.0,16.75,16.875,10.679174423217773,3800
1995-01-27,16.75,16.75,16.75,16.75,10.600069999694824,400
1995-01-30,16.875,16.875,16.25,16.5,10.441864013671875,4200
1995-01-31,16.375,16.375,16.375,16.375,10.36275577545166,300
1995-02-01,16.375,16.375,16.125,16.25,10.283651351928711,600
1995-02-02,16.375,16.625,16.25,16.625,10.520964622497559,35200
1995-02-03,16.375,16.75,16.375,16.625,10.520964622497559,2800
1995-02-06,16.5,17.0,16.5,16.875,10.679174423217773,12000
1995-02-07,16.875,16.875,16.75,16.75,10.600069999694824,6800
1995-02-08,16.5,16.5,16.25,16.25,10.283651351928711,1100
1995-02-09,16.5,16.5,16.5,16.5,10.441864013671875,13500
1995-02-10,16.375,16.375,16.125,16.125,10.204545021057129,1400
1995-02-13,16.25,16.375,16.25,16.375,10.36275577545166,1600
1995-02-14,16.375,16.375,16.0,16.0,10.125439643859863,2900
1995-02-15,16.0,16.0,15.875,16.0,10.125439643859863,7900
1995-02-16,15.75,15.875,15.625,15.875,10.04633617401123,1300
1995-02-17,15.5,15.5,15.125,15.125,9.57170581817627,79500
1995-02-21,15.125,15.375,15.0,15.0,9.492595672607422,9100
1995-02-22,15.0,15.5,15.0,15.5,9.809020042419434,11100
1995-02-23,15.75,15.875,15.5,15.875,10.04633617401123,4000
1995-02-24,15.875,16.25,15.75,16.25,10.283651351928711,3600
1995-02-27,16.0,16.0,15.75,15.75,9.967232704162598,2700
1995-02-28,16.0,16.0,15.375,15.375,9.7299165725708,4900
1995-03-01,15.375,15.375,15.0,15.25,9.650806427001953,3400
1995-03-02,15.0,15.0,14.625,14.625,9.25528335571289,3000
1995-03-03,14.75,15.25,14.75,15.25,9.650806427001953,5600
1995-03-06,15.25,15.25,14.875,14.875,9.413495063781738,3200
1995-03-07,15.125,15.25,14.875,14.875,9.413495063781738,3400
1995-03-08,14.75,14.875,13.75,13.75,8.70154857635498,51400
1995-03-09,14.5,14.75,14.375,14.5,9.176180839538574,78600
1995-03-10,14.625,15.5,14.625,15.5,9.809020042419434,75200
1995-03-13,15.75,15.75,15.0,15.75,9.967232704162598,16500
1995-03-14,15.625,16.5,15.625,16.375,10.36275577545166,31300
1995-03-15,16.125,16.5,15.875,15.875,10.04633617401123,9000
1995-03-16,16.0,16.0,15.875,15.875,10.04633617401123,500
1995-03-17,16.0,16.0,15.5,15.5,9.809020042419434,7500
1995-03-20,15.5,15.875,15.5,15.75,9.967232704162598,7300
1995-03-21,15.625,15.625,15.25,15.25,9.650806427001953,900
1995-03-22,15.25,15.5,15.25,15.375,9.7299165725708,11300
1995-03-23,15.25,15.25,14.875,14.875,9.413495063781738,14100
1995-03-24,14.625,15.125,14.625,15.0,9.492595672607422,95600
1995-03-27,15.125,15.125,14.75,14.75,9.334389686584473,2100
1995-03-28,14.75,14.875,14.5,14.875,9.413495063781738,33500
1995-03-29,14.875,15.125,14.75,15.0,9.492595672607422,18800
1995-03-30,14.875,15.0,14.875,14.875,9.413495063781738,700
1995-03-31,14.75,15.0,14.75,14.875,9.413495063781738,1700
1995-04-03,14.875,14.875,14.875,14.875,9.413495063781738,0
1995-04-04,14.875,15.0,14.75,14.75,9.334389686584473,29300
1995-04-05,14.75,14.75,14.75,14.75,9.334389686584473,4000
1995-04-06,14.875,14.875,14.625,14.75,9.334389686584473,12600
1995-04-07,14.75,15.375,14.75,15.0,9.492595672607422,40600
1995-04-10,14.875,15.0,14.875,15.0,9.492595672607422,300
1995-04-11,15.25,15.25,14.375,14.375,9.097074508666992,72800
1995-04-12,14.125,14.375,14.0,14.375,9.097074508666992,43100
1995-04-13,14.625,15.0,14.5,14.875,9.413495063781738,5900
1995-04-17,14.625,15.0,14.625,14.875,9.413495063781738,8200
1995-04-18,14.75,14.875,14.625,14.625,9.292766571044922,7200
1995-04-19,14.625,14.75,14.5,14.5,9.213343620300293,10700
1995-04-20,14.5,14.5,14.25,14.375,9.133916854858398,7100
1995-04-21,14.25,14.5,14.25,14.25,9.05449104309082,2900
1995-04-24,14.0,14.125,14.0,14.125,8.975066184997559,3900
1995-04-25,14.125,14.25,14.125,14.25,9.05449104309082,10500
1995-04-26,14.25,14.375,14.125,14.375,9.133916854858398,9000
1995-04-27,14.125,14.125,13.75,14.0,8.895639419555664,79500
1995-04-28,13.875,14.0,13.875,13.875,8.816213607788086,111900
1995-05-01,14.0,14.0,13.875,14.0,8.895639419555664,81900
1995-05-02,14.0,14.0,13.875,13.875,8.816213607788086,15700
1995-05-03,13.875,14.25,13.875,14.125,8.975066184997559,2400
1995-05-04,14.125,14.25,14.125,14.125,8.975066184997559,11100
1995-05-05,14.125,14.125,14.125,14.125,8.975066184997559,2600
1995-05-08,14.125,14.125,14.0,14.0,8.895639419555664,3900
1995-05-09,13.875,13.875,13.375,13.625,8.657364845275879,13700
1995-05-10,13.5,13.75,13.5,13.75,8.73678970336914,18600
1995-05-11,13.875,14.25,13.875,14.25,9.05449104309082,62700
1995-05-12,14.125,14.5,14.125,14.25,9.05449104309082,8500
1995-05-15,14.125,14.5,14.125,14.375,9.133916854858398,3400
1995-05-16,14.5,15.0,14.5,14.875,9.451619148254395,17600
1995-05-17,15.0,15.25,14.75,14.75,9.372193336486816,9400
1995-05-18,14.875,14.875,13.875,14.0,8.895639419555664,14800
1995-05-19,14.0,14.5,14.0,14.375,9.133916854858398,17100
1995-05-22,14.5,14.625,14.25,14.25,9.05449104309082,3700
1995-05-23,14.25,14.5,14.125,14.125,8.975066184997559,3200
1995-05-24,14.5,14.5,14.0,14.0,8.895639419555664,12700
1995-05-25,14.0,14.25,14.0,14.125,8.975066184997559,46200
1995-05-26,14.125,14.125,14.125,14.125,8.975066184997559,0
1995-05-30,14.125,14.125,14.0,14.0,8.895639419555664,5900
1995-05-31,14.0,14.0,14.0,14.0,8.895639419555664,5600
1995-06-01,14.0,14.0,14.0,14.0,8.895639419555664,600
1995-06-02,14.125,14.125,13.875,14.0,8.895639419555664,2900
1995-06-05,14.125,14.125,14.0,14.0,8.895639419555664,11200
1995-06-06,14.125,14.25,13.5,13.5,8.577938079833984,19500
1995-06-07,13.5,14.0,13.5,14.0,8.895639419555664,14600
1995-06-08,13.875,14.0,13.875,13.875,8.816213607788086,14500
1995-06-09,13.75,13.75,13.625,13.625,8.657364845275879,51900
1995-06-12,13.5,13.5,13.0,13.0,8.260236740112305,273200
1995-06-13,12.625,12.625,12.0,12.25,7.783685684204102,335900
1995-06-14,12.375,12.375,12.25,12.25,7.783685684204102,40000
1995-06-15,12.375,12.5,12.25,12.375,7.8631134033203125,49700
1995-06-16,12.375,12.375,12.125,12.25,7.783685684204102,7200
1995-06-19,12.125,12.5,12.125,12.5,7.942535400390625,15700
1995-06-20,12.625,12.625,12.25,12.375,7.8631134033203125,5300
1995-06-21,12.5,12.625,12.5,12.625,8.021960258483887,1800
1995-06-22,12.5,12.5,12.5,12.5,7.942535400390625,28400
1995-06-23,12.5,12.625,12.5,12.5,7.942535400390625,7300
1995-06-26,12.5,12.75,12.5,12.75,8.101391792297363,11300
1995-06-27,12.625,12.75,12.625,12.75,8.101391792297363,7400
1995-06-28,12.75,13.25,12.75,13.125,8.3396635055542,14000
1995-06-29,13.125,13.125,13.0,13.0,8.260236740112305,5000
1995-06-30,12.875,13.125,12.875,13.125,8.3396635055542,23600
1995-07-03,13.0,13.0,13.0,13.0,8.260236740112305,100
1995-07-05,12.75,13.0,12.625,12.625,8.021960258483887,46400
1995-07-06,12.25,13.0,12.25,13.0,8.260236740112305,4100
1995-07-07,13.0,13.0,12.875,13.0,8.260236740112305,9000
1995-07-10,13.0,13.0,12.875,12.875,8.180809020996094,13200
1995-07-11,14.5,15.75,14.5,15.0,9.53104019165039,152100
1995-07-12,15.0,15.0,14.625,14.875,9.451619148254395,27500
1995-07-13,15.0,15.0,14.875,14.875,9.451619148254395,9300
1995-07-14,14.75,15.0,14.75,15.0,9.53104019165039,8500
1995-07-17,15.0,15.0,14.625,14.875,9.451619148254395,3600
1995-07-18,14.875,14.875,14.75,14.75,9.372193336486816,1600
1995-07-19,14.625,14.625,14.125,14.25,9.05449104309082,6100
1995-07-20,14.25,14.5,14.125,14.5,9.252300262451172,9500
1995-07-21,14.5,14.5,14.25,14.375,9.172536849975586,8700
1995-07-24,14.375,14.375,14.125,14.125,9.013015747070312,2000
1995-07-25,13.875,13.875,13.25,13.25,8.454691886901855,11900
1995-07-26,13.25,13.25,12.875,13.0,8.295164108276367,200900
1995-07-27,13.0,13.25,12.875,13.25,8.454691886901855,110500
1995-07-28,13.5,13.75,13.5,13.5,8.614209175109863,22800
1995-07-31,13.375,13.375,13.25,13.375,8.53444766998291,69400
1995-08-01,13.375,13.625,13.375,13.5,8.614209175109863,28800
1995-08-02,13.5,13.75,13.5,13.75,8.773731231689453,16200
1995-08-03,13.75,13.875,13.75,13.75,8.773731231689453,3100
1995-08-04,13.75,14.125,13.75,14.0,8.93325424194336,13100
1995-08-07,14.125,14.75,14.125,14.5,9.252300262451172,22900
1995-08-08,14.375,14.875,14.375,14.75,9.411821365356445,13900
1995-08-09,14.625,14.625,13.875,13.875,8.85349178314209,117000
1995-08-10,14.0,14.0,13.75,13.875,8.85349178314209,600
1995-08-11,13.75,14.0,13.75,14.0,8.93325424194336,1800
1995-08-14,14.0,14.25,14.0,14.25,9.09277629852295,3700
1995-08-15,14.375,14.375,14.0,14.0,8.93325424194336,1800
1995-08-16,13.875,14.25,13.875,14.0,8.93325424194336,17000
1995-08-17,13.875,13.875,13.875,13.875,8.85349178314209,200
1995-08-18,13.75,13.75,13.375,13.375,8.53444766998291,13900
1995-08-21,13.375,13.625,13.25,13.625,8.693971633911133,2300
1995-08-22,13.75,13.75,13.5,13.5,8.614209175109863,1000
1995-08-23,13.5,13.5,13.0,13.0,8.295164108276367,14600
1995-08-24,13.125,13.125,12.875,13.0,8.295164108276367,9000
1995-08-25,12.875,12.875,12.625,12.625,8.055880546569824,7400
1995-08-28,12.625,13.0,12.625,13.0,8.295164108276367,7500
1995-08-29,12.875,12.875,12.75,12.75,8.13564682006836,1000
1995-08-30,12.75,13.0,12.75,13.0,8.295164108276367,3700
1995-08-31,13.0,13.0,12.875,13.0,8.295164108276367,6500
1995-09-01,13.0,13.0,12.875,12.875,8.215399742126465,1900
1995-09-05,12.5,12.875,12.5,12.75,8.13564682006836,98200
1995-09-06,12.875,12.875,12.75,12.875,8.215399742126465,2500
1995-09-07,12.75,13.0,12.75,12.75,8.13564682006836,22100
1995-09-08,12.875,12.875,12.75,12.875,8.215399742126465,12600
1995-09-11,12.875,12.875,12.625,12.875,8.215399742126465,6500
1995-09-12,12.875,12.875,12.75,12.75,8.13564682006836,5400
1995-09-13,12.875,12.875,12.375,12.625,8.055880546569824,10900
1995-09-14,12.0,12.375,11.75,12.25,7.8165974617004395,27400
1995-09-15,12.375,12.625,12.125,12.25,7.8165974617004395,58900
1995-09-18,12.125,12.375,12.125,12.25,7.8165974617004395,2600
1995-09-19,12.375,12.5,12.25,12.375,7.896360874176025,2900
1995-09-20,12.5,12.5,12.25,12.25,7.8165974617004395,9300
1995-09-21,12.25,12.375,12.0,12.375,7.896360874176025,14100
1995-09-22,12.25,12.375,12.125,12.25,7.8165974617004395,15000
1995-09-25,12.0,12.125,11.875,12.0,7.657076835632324,25800
1995-09-26,11.875,11.875,11.625,11.875,7.57731294631958,11100
1995-09-27,11.75,11.75,11.625,11.75,7.497551441192627,6600
1995-09-28,11.625,11.625,11.25,11.25,7.178507328033447,11700
1995-09-29,11.25,11.5,11.25,11.25,7.178507328033447,6400
1995-10-02,11.375,11.375,11.25,11.375,7.258269309997559,2700
1995-10-03,11.25,11.25,11.125,11.25,7.178507328033447,4800
1995-10-04,11.375,11.625,11.25,11.625,7.417791366577148,10400
1995-10-05,11.75,11.75,11.375,11.5,7.338032245635986,7600
1995-10-06,11.625,11.75,11.375,11.75,7.497551441192627,4600
1995-10-09,11.875,11.875,11.625,11.875,7.57731294631958,8600
1995-10-10,11.75,12.125,11.75,12.125,7.736835956573486,6000
1995-10-11,12.125,12.125,11.375,11.5,7.338032245635986,15200
1995-10-12,11.5,11.625,11.375,11.625,7.417791366577148,2100
1995-10-13,11.5,11.875,11.5,11.875,7.57731294631958,7600
1995-10-16,11.75,11.875,11.75,11.875,7.57731294631958,600
1995-10-17,11.75,11.75,11.625,11.75,7.497551441192627,5100
1995-10-18,11.75,11.75,11.625,11.75,7.497551441192627,12200
1995-10-19,11.75,11.75,11.5,11.625,7.417791366577148,4900
1995-10-20,11.625,11.625,11.125,11.25,7.178507328033447,4800
1995-10-23,11.375,11.375,11.25,11.25,7.178507328033447,9300
1995-10-24,11.375,11.5,10.625,10.875,6.939224720001221,142900
1995-10-25,10.75,10.75,10.5,10.625,6.779700756072998,9000
1995-10-26,10.625,10.75,10.5,10.75,6.859463691711426,15500
1995-10-27,10.625,11.0,10.625,11.0,7.018988609313965,40800
1995-10-30,11.125,11.125,11.0,11.125,7.098746299743652,2700
1995-10-31,11.0,11.0,10.875,10.875,6.939224720001221,2800
1995-11-01,11.0,11.0,10.875,10.875,6.939224720001221,6000
1995-11-02,11.0,11.0,10.875,10.875,6.939224720001221,1600
1995-11-03,11.0,11.0,10.875,10.875,6.939224720001221,2400
1995-11-06,11.0,11.0,10.875,11.0,7.018988609313965,3200
1995-11-07,11.0,11.0,10.875,10.875,6.939224720001221,20800
1995-11-08,11.0,11.0,10.75,10.875,6.939224720001221,9500
1995-11-09,10.875,11.0,10.875,11.0,7.018988609313965,27700
1995-11-10,11.0,11.0,10.875,11.0,7.018988609313965,6400
1995-11-13,11.0,11.0,10.875,10.875,6.939224720001221,6200
1995-11-14,11.0,11.0,10.875,10.875,6.939224720001221,7000
1995-11-15,11.0,11.0,11.0,11.0,7.018988609313965,12200
1995-11-16,11.0,11.0,10.875,10.875,6.939224720001221,12400
1995-11-17,10.75,10.875,10.75,10.75,6.897521018981934,59900
1995-11-20,10.75,10.875,10.75,10.875,6.977723598480225,30100
1995-11-21,10.875,10.875,10.75,10.75,6.897521018981934,5600
1995-11-22,10.75,10.875,10.75,10.875,6.977723598480225,8700
1995-11-24,10.875,10.875,10.875,10.875,6.977723598480225,81200
1995-11-27,11.0,11.0,10.75,10.875,6.977723598480225,25400
1995-11-28,10.875,11.0,10.75,11.0,7.057928562164307,10800
1995-11-29,10.875,10.875,10.875,10.875,6.977723598480225,3100
1995-11-30,10.875,10.875,10.75,10.875,6.977723598480225,3900
1995-12-01,11.0,11.25,11.0,11.125,7.138130187988281,7000
1995-12-04,11.25,11.375,11.25,11.25,7.218331813812256,2000
1995-12-05,11.25,11.75,11.125,11.75,7.5391459465026855,18000
1995-12-06,11.875,12.0,11.875,11.875,7.619349479675293,6500
1995-12-07,11.875,13.0,11.875,12.875,8.260980606079102,13600
1995-12-08,12.75,12.75,12.0,12.125,7.779757022857666,28500
1995-12-11,12.0,12.25,12.0,12.125,7.779757022857666,3900
1995-12-12,12.125,12.125,12.0,12.0,7.699557781219482,9500
1995-12-13,12.125,12.25,12.0,12.125,7.779757022857666,6900
1995-12-14,12.125,12.125,12.0,12.0,7.699557781219482,23100
1995-12-15,12.125,12.25,12.0,12.0,7.699557781219482,10100
1995-12-18,12.25,12.25,12.0,12.0,7.699557781219482,8700
1995-12-19,12.0,12.25,12.0,12.125,7.779757022857666,18100
1995-12-20,12.125,12.375,12.125,12.125,7.779757022857666,2700
1995-12-21,12.125,12.5,12.125,12.25,7.859963417053223,10700
1995-12-22,12.5,12.5,12.125,12.125,7.779757022857666,5800
1995-12-26,12.125,12.25,12.125,12.25,7.859963417053223,5100
1995-12-27,12.125,12.25,12.125,12.125,7.779757022857666,21500
1995-12-28,12.25,12.25,12.125,12.125,7.779757022857666,6000
1995-12-29,12.25,12.375,12.125,12.125,7.779757022857666,26200
1996-01-02,12.25,12.25,12.0,12.0,7.699557781219482,75300
1996-01-03,11.75,11.875,11.625,11.875,7.619349479675293,6000
1996-01-04,11.625,11.625,11.25,11.625,7.458944320678711,6200
1996-01-05,11.625,11.625,11.25,11.625,7.458944320678711,15300
1996-01-08,11.625,11.875,11.5,11.875,7.619349479675293,5800
1996-01-09,11.875,11.875,11.625,11.625,7.458944320678711,6400
1996-01-10,11.5,11.5,11.25,11.375,7.29853630065918,11800
1996-01-11,11.375,11.625,11.375,11.5,7.378742694854736,12000
1996-01-12,11.125,11.5,11.0,11.5,7.378742694854736,33000
1996-01-15,11.5,11.5,11.0,11.0,7.057928562164307,5000
1996-01-16,11.0,11.0,10.5,10.75,6.897521018981934,17200
1996-01-17,10.75,10.875,10.75,10.75,6.897521018981934,9800
1996-01-18,10.875,11.0,10.625,11.0,7.057928562164307,18600
1996-01-19,11.0,11.0,10.875,11.0,7.096637725830078,3600
1996-01-22,11.0,11.0,10.9375,11.0,7.096637725830078,5400
1996-01-23,11.0,11.0,10.75,10.75,6.93535041809082,19600
1996-01-24,10.875,10.875,10.75,10.75,6.93535041809082,14700
1996-01-25,10.75,10.875,10.75,10.75,6.93535041809082,4200
1996-01-26,10.875,10.875,10.875,10.875,7.015992641448975,2800
1996-01-29,10.75,10.75,10.75,10.75,6.93535041809082,7000
1996-01-30,10.875,10.875,10.625,10.875,7.015992641448975,66700
1996-01-31,10.75,10.875,10.5,10.625,6.854701519012451,36100
1996-02-01,10.625,10.625,10.5,10.5,6.77406120300293,14700
1996-02-02,10.625,10.625,10.375,10.5,6.77406120300293,13200
1996-02-05,10.5,10.5,10.5,10.5,6.77406120300293,12200
1996-02-06,10.625,10.625,10.5,10.5,6.77406120300293,38300
1996-02-07,10.5,10.5,10.375,10.5,6.77406120300293,15600
1996-02-08,10.625,10.875,10.625,10.75,6.93535041809082,5800
1996-02-09,10.75,10.75,10.5,10.5,6.77406120300293,25700
1996-02-12,10.5,10.625,10.5,10.625,6.854701519012451,10700
1996-02-13,10.625,10.625,10.625,10.625,6.854701519012451,15900
1996-02-14,10.75,10.875,10.625,10.875,7.015992641448975,6300
1996-02-15,10.875,11.0,10.875,10.875,7.015992641448975,44100
1996-02-16,10.875,11.125,10.875,11.125,7.177278995513916,5300
1996-02-20,10.875,11.0,10.75,10.75,6.93535041809082,13800
1996-02-21,10.875,11.125,10.875,11.0,7.096637725830078,1700
1996-02-22,11.0,11.25,11.0,11.25,7.257919788360596,3900
1996-02-23,11.25,11.25,11.125,11.25,7.257919788360596,9600
1996-02-26,11.125,11.125,11.0,11.0,7.096637725830078,17000
1996-02-27,11.0,11.125,11.0,11.125,7.177278995513916,13400
1996-02-28,11.25,11.25,11.125,11.25,7.257919788360596,11700
1996-02-29,11.25,11.375,11.125,11.375,7.338564872741699,13000
1996-03-01,11.25,11.375,11.25,11.375,7.338564872741699,2400
1996-03-04,11.25,11.25,11.25,11.25,7.257919788360596,5000
1996-03-05,11.25,11.375,11.25,11.375,7.338564872741699,7400
1996-03-06,11.375,11.5,11.375,11.375,7.338564872741699,3800
1996-03-07,11.25,11.25,11.25,11.25,7.257919788360596,3400
1996-03-08,11.25,11.375,11.25,11.25,7.257919788360596,4300
1996-03-11,11.25,11.25,11.25,11.25,7.257919788360596,1900
1996-03-12,11.25,11.5,11.25,11.5,7.419210910797119,6100
1996-03-13,11.625,12.25,11.625,12.25,7.90307092666626,21000
1996-03-14,12.375,12.75,12.375,12.625,8.145003318786621,28600
1996-03-15,12.5,12.75,12.5,12.75,8.225646018981934,3400
1996-03-18,12.75,12.75,12.75,12.75,8.225646018981934,5300
1996-03-19,12.875,12.875,12.625,12.625,8.145003318786621,5700
1996-03-20,12.75,14.0,12.625,13.625,8.790149688720703,20300
1996-03-21,13.375,13.375,13.0,13.125,8.467576026916504,6200
1996-03-22,13.125,13.125,13.0,13.125,8.467576026916504,4200
1996-03-25,13.0,13.125,13.0,13.0,8.386932373046875,14200
1996-03-26,13.125,13.25,13.0,13.0,8.386932373046875,2300
1996-03-27,13.25,13.25,12.375,12.375,7.983716011047363,10700
1996-03-28,12.375,12.375,12.375,12.375,7.983716011047363,300
1996-03-29,12.5,12.875,12.5,12.875,8.306286811828613,10700
1996-04-01,12.75,12.75,12.375,12.375,7.983716011047363,7000
1996-04-02,12.375,12.375,12.0,12.0,7.741785526275635,17900
1996-04-03,12.0,12.0,11.75,12.0,7.741785526275635,26400
1996-04-04,12.0,12.0,11.625,11.75,7.580493927001953,26300
1996-04-08,11.75,12.125,11.75,12.125,7.822424411773682,16300
1996-04-09,14.0,14.75,13.875,14.0,9.032081604003906,195400
1996-04-10,14.0,14.5,14.0,14.0,9.032081604003906,72800
1996-04-11,14.125,14.125,13.75,13.75,8.870794296264648,25500
1996-04-12,13.625,13.875,13.5,13.875,8.951436996459961,20100
1996-04-15,13.75,13.875,13.75,13.75,8.870794296264648,4300
1996-04-16,13.75,14.25,13.75,14.0,9.032081604003906,12300
1996-04-17,14.25,14.25,14.0,14.0,9.032081604003906,5500
1996-04-18,14.0,14.125,14.0,14.125,9.112728118896484,3800
1996-04-19,14.125,14.125,13.875,13.875,8.98962116241455,3000
1996-04-22,14.0,14.25,14.0,14.25,9.232587814331055,11300
1996-04-23,14.0,14.125,13.875,14.0,9.070612907409668,8100
1996-04-24,13.875,14.0,13.875,13.875,8.98962116241455,7600
1996-04-25,13.875,13.875,13.875,13.875,8.98962116241455,2200
1996-04-26,13.75,13.75,13.75,13.75,8.908637046813965,1300
1996-04-29,13.75,14.125,13.75,14.125,9.151598930358887,6900
1996-04-30,14.0,14.5,14.0,14.375,9.313575744628906,40400
1996-05-01,14.375,14.625,14.375,14.5,9.394566535949707,7800
1996-05-02,14.625,15.25,14.625,15.0,9.718514442443848,65900
1996-05-03,15.0,15.0,14.625,14.75,9.556536674499512,38500
1996-05-06,14.75,14.75,14.5,14.5,9.394566535949707,44500
1996-05-07,14.5,14.625,14.375,14.625,9.475546836853027,27900
1996-05-08,14.5,14.5,14.375,14.375,9.313575744628906,7700
1996-05-09,14.5,15.0,14.5,14.625,9.475546836853027,40100
1996-05-10,14.625,15.0,14.625,15.0,9.718514442443848,55800
1996-05-13,15.25,15.25,15.0,15.125,9.7994966506958,18200
1996-05-14,15.125,15.125,14.75,14.75,9.556536674499512,6600
1996-05-15,14.875,14.875,14.875,14.875,9.637528419494629,900
1996-05-16,14.75,14.875,14.75,14.875,9.637528419494629,1700
1996-05-17,14.75,14.875,14.375,14.375,9.313575744628906,8000
1996-05-20,14.5,14.875,14.5,14.875,9.637528419494629,5400
1996-05-21,14.875,16.0,14.875,15.75,10.204440116882324,37100
1996-05-22,15.875,17.875,15.875,16.5,10.690362930297852,90200
1996-05-23,16.5,17.25,16.5,16.75,10.852335929870605,73600
1996-05-24,16.625,17.25,16.625,17.0,11.014310836791992,100500
1996-05-28,16.875,17.0,16.625,16.75,10.852335929870605,7700
1996-05-29,17.125,17.375,16.75,16.75,10.852335929870605,24000
1996-05-30,16.625,16.625,15.875,16.125,10.44740104675293,13900
1996-05-31,16.0,16.0,16.0,16.0,10.366413116455078,1100
1996-06-03,16.0,16.0,15.5,15.5,10.042461395263672,13600
1996-06-04,15.375,15.375,14.375,14.5,9.394566535949707,28700
1996-06-05,14.625,14.625,14.25,14.25,9.232587814331055,16600
1996-06-06,14.5,14.5,13.75,14.25,9.232587814331055,32200
1996-06-07,14.375,14.75,14.25,14.75,9.556536674499512,23300
1996-06-10,15.0,15.5,15.0,15.375,9.96147632598877,9600
1996-06-11,15.25,15.25,15.0,15.0,9.718514442443848,23100
1996-06-12,14.875,14.875,14.625,14.75,9.556536674499512,16400
1996-06-13,14.625,14.875,14.625,14.875,9.637528419494629,500
1996-06-14,14.875,14.875,14.75,14.75,9.556536674499512,15600
1996-06-17,14.75,14.75,14.5,14.625,9.475546836853027,3100
1996-06-18,14.5,14.5,14.5,14.5,9.394566535949707,7000
1996-06-19,14.5,14.5,14.5,14.5,9.394566535949707,1900
1996-06-20,14.5,14.625,14.5,14.5,9.394566535949707,16700
1996-06-21,14.5,14.875,14.25,14.625,9.475546836853027,19000
1996-06-24,14.75,15.0,14.75,14.875,9.637528419494629,9000
1996-06-25,14.75,14.75,14.625,14.625,9.475546836853027,1700
1996-06-26,14.625,14.625,14.625,14.625,9.475546836853027,200
1996-06-27,14.5,14.5,13.875,14.0,9.070612907409668,20900
1996-06-28,14.0,14.0,13.875,13.875,8.98962116241455,3100
1996-07-01,14.0,14.0,13.125,13.25,8.584686279296875,7400
1996-07-02,13.5,13.5,13.375,13.375,8.66567325592041,13400
1996-07-03,13.25,13.375,13.25,13.375,8.66567325592041,3600
1996-07-05,13.5,13.5,13.375,13.375,8.66567325592041,2600
1996-07-08,13.5,13.75,13.5,13.75,8.908637046813965,3700
1996-07-09,13.75,13.75,13.625,13.625,8.82765007019043,1600
1996-07-10,13.75,13.75,12.5,12.5,8.098758697509766,24500
1996-07-11,12.25,12.625,12.25,12.625,8.179749488830566,30800
1996-07-12,12.75,13.125,12.625,13.125,8.503700256347656,3400
1996-07-15,13.25,13.25,12.5,12.5,8.098758697509766,6300
1996-07-16,12.75,12.875,12.375,12.5,8.098758697509766,3600
1996-07-17,12.25,12.25,11.875,12.0,7.774811267852783,3900
1996-07-18,11.875,12.0,11.75,11.875,7.693822383880615,5600
1996-07-19,11.875,11.875,11.875,11.875,7.732893466949463,3200
1996-07-22,12.0,12.25,11.875,12.25,7.977091312408447,5700
1996-07-23,12.125,12.25,12.0,12.125,7.895694732666016,5800
1996-07-24,12.125,12.25,12.0,12.125,7.895694732666016,2600
1996-07-25,12.25,12.25,12.25,12.25,7.977091312408447,300
1996-07-26,12.25,12.25,11.875,12.0,7.814291954040527,5800
1996-07-29,12.125,12.25,12.0,12.25,7.977091312408447,1500
1996-07-30,12.125,12.125,12.0,12.0,7.814291954040527,1200
1996-07-31,12.0,12.0,12.0,12.0,7.814291954040527,0
1996-08-01,12.125,12.125,12.0,12.0,7.814291954040527,1400
1996-08-02,12.0,12.0,12.0,12.0,7.814291954040527,1100
1996-08-05,12.125,12.25,11.5,11.625,7.570096015930176,11000
1996-08-06,11.625,11.875,11.625,11.875,7.732893466949463,4500
1996-08-07,11.875,11.875,11.875,11.875,7.732893466949463,4700
1996-08-08,11.75,11.75,11.625,11.625,7.570096015930176,6000
1996-08-09,11.5,11.5,11.375,11.375,7.4072980880737305,2600
1996-08-12,11.5,11.5,11.375,11.5,7.488696575164795,16200
1996-08-13,11.5,11.5,11.375,11.375,7.4072980880737305,2300
1996-08-14,11.625,11.625,11.625,11.625,7.570096015930176,300
1996-08-15,11.75,12.0,11.625,11.875,7.732893466949463,3300
1996-08-16,11.75,11.875,11.75,11.75,7.651493549346924,1200
1996-08-19,11.75,11.75,11.625,11.75,7.651493549346924,1100
1996-08-20,11.875,11.875,11.75,11.75,7.651493549346924,2800
1996-08-21,12.0,12.0,11.625,11.625,7.570096015930176,29800
1996-08-22,11.75,11.75,11.625,11.625,7.570096015930176,4500
1996-08-23,11.75,11.75,11.625,11.625,7.570096015930176,3900
1996-08-26,11.75,11.75,11.625,11.75,7.651493549346924,12400
1996-08-27,11.75,11.75,11.625,11.625,7.570096015930176,2100
1996-08-28,11.625,11.75,11.625,11.625,7.570096015930176,4400
1996-08-29,11.625,11.75,11.625,11.75,7.651493549346924,2400
1996-08-30,11.625,11.625,11.5,11.5,7.488696575164795,2000
1996-09-03,11.0,11.125,11.0,11.125,7.244503021240234,27900
1996-09-04,11.125,11.125,11.125,11.125,7.244503021240234,2000
1996-09-05,11.125,11.125,11.0,11.0,7.1630988121032715,5100
1996-09-06,11.0,11.25,11.0,11.25,7.325898170471191,4400
1996-09-09,11.125,11.25,11.125,11.25,7.325898170471191,1300
1996-09-10,11.125,11.25,11.125,11.25,7.325898170471191,4600
1996-09-11,11.125,11.25,11.125,11.25,7.325898170471191,6000
1996-09-12,11.125,11.375,11.125,11.25,7.325898170471191,2300
1996-09-13,11.375,11.625,11.375,11.5,7.488696575164795,1500
1996-09-16,11.625,11.75,11.5,11.5,7.488696575164795,18500
1996-09-17,11.5,11.875,11.0,11.375,7.4072980880737305,160200
1996-09-18,11.375,11.5,11.25,11.5,7.488696575164795,2100
1996-09-19,11.5,11.5,11.25,11.25,7.325898170471191,2600
1996-09-20,11.25,11.5,11.25,11.25,7.325898170471191,3200
1996-09-23,11.375,11.5,11.375,11.375,7.4072980880737305,2400
1996-09-24,11.375,11.5,11.0,11.375,7.4072980880737305,78800
1996-09-25,11.5,11.5,11.375,11.5,7.488696575164795,50200
1996-09-26,11.375,11.5,11.375,11.5,7.488696575164795,1000
1996-09-27,11.5,11.5,11.375,11.5,7.488696575164795,1800
1996-09-30,11.5,11.5,11.25,11.5,7.488696575164795,5200
1996-10-01,11.5,11.5,11.125,11.375,7.4072980880737305,3400
1996-10-02,11.5,11.5,11.375,11.5,7.488696575164795,6600
1996-10-03,11.375,11.375,11.375,11.375,7.4072980880737305,1600
1996-10-04,11.375,11.375,11.375,11.375,7.4072980880737305,700
1996-10-07,11.25,11.25,11.125,11.25,7.325898170471191,1600
1996-10-08,11.25,11.375,11.25,11.375,7.4072980880737305,4300
1996-10-09,11.125,11.5,11.125,11.5,7.488696575164795,3300
1996-10-10,11.625,11.625,11.625,11.625,7.570096015930176,800
1996-10-11,11.5,11.625,11.5,11.5,7.488696575164795,1500
1996-10-14,11.375,11.375,11.375,11.375,7.4072980880737305,400
1996-10-15,11.25,11.25,11.25,11.25,7.325898170471191,2200
1996-10-16,11.25,11.375,11.25,11.375,7.4072980880737305,3200
1996-10-17,11.375,11.5,11.0,11.0,7.1630988121032715,9200
1996-10-18,11.375,11.375,11.375,11.375,7.4072980880737305,9300
1996-10-21,11.25,11.375,11.25,11.375,7.4072980880737305,2300
1996-10-22,11.375,11.375,11.125,11.125,7.244503021240234,2900
1996-10-23,11.25,11.25,11.125,11.25,7.325898170471191,1500
1996-10-24,11.25,11.25,11.125,11.25,7.325898170471191,1500
1996-10-25,11.125,11.125,11.125,11.125,7.244503021240234,5500
1996-10-28,11.0,11.0,11.0,11.0,7.1630988121032715,2500
1996-10-29,10.875,10.875,10.625,10.625,6.918903827667236,1600
1996-10-30,10.625,11.125,10.625,11.125,7.244503021240234,7100
1996-10-31,11.125,11.125,11.0,11.0,7.1630988121032715,1900
1996-11-01,10.875,10.875,10.625,10.75,7.000303268432617,11300
1996-11-04,10.625,10.625,10.5,10.5,6.837505340576172,9900
1996-11-05,10.625,10.625,9.75,10.0,6.511910915374756,24000
1996-11-06,10.0,10.25,9.75,9.75,6.349109649658203,31500
1996-11-07,9.875,9.875,9.75,9.875,6.430510997772217,4000
1996-11-08,9.75,10.0,9.75,9.875,6.430510997772217,20200
1996-11-11,10.0,10.25,9.875,9.875,6.430510997772217,17200
1996-11-12,10.0,10.0,9.875,9.875,6.430510997772217,2100
1996-11-13,10.0,10.125,9.875,10.0,6.511910915374756,16400
1996-11-14,10.125,10.25,9.875,9.875,6.430510997772217,39600
1996-11-15,9.875,10.0,9.75,9.875,6.430510997772217,99100
1996-11-18,9.875,9.875,9.75,9.75,6.349109649658203,11900
1996-11-19,9.625,9.75,9.625,9.75,6.388422966003418,20500
1996-11-20,9.75,9.75,9.625,9.625,6.306522369384766,7000
1996-11-21,9.75,9.75,9.125,9.25,6.060812950134277,301100
1996-11-22,9.25,9.5,9.125,9.375,6.142717361450195,17800
1996-11-25,9.25,9.75,9.25,9.5,6.224621772766113,14800
1996-11-26,9.5,9.5,7.75,8.875,5.815106391906738,155800
1996-11-27,9.0,9.5,9.0,9.5,6.224621772766113,19000
1996-11-29,9.625,9.625,9.625,9.625,6.306522369384766,400
1996-12-02,9.5,9.75,9.5,9.75,6.388422966003418,21600
1996-12-03,9.75,10.25,9.75,10.125,6.634133338928223,11000
1996-12-04,10.125,10.25,9.875,10.125,6.634133338928223,73700
1996-12-05,10.0,10.125,10.0,10.125,6.634133338928223,50500
1996-12-06,10.125,10.125,10.0,10.0,6.5522308349609375,3100
1996-12-09,10.0,10.0,9.875,10.0,6.5522308349609375,8800
1996-12-10,9.875,10.0,9.875,10.0,6.5522308349609375,15600
1996-12-11,10.0,10.125,9.875,10.125,6.634133338928223,4100
1996-12-12,10.125,10.125,10.0,10.0,6.5522308349609375,3400
1996-12-13,10.0,10.0,9.875,9.875,6.4703288078308105,1900
1996-12-16,10.0,10.0,9.875,10.0,6.5522308349609375,24600
1996-12-17,10.0,10.0,9.875,9.875,6.4703288078308105,8400
1996-12-18,10.0,10.0,9.875,9.875,6.4703288078308105,8100
1996-12-19,9.875,9.875,9.75,9.75,6.388422966003418,5400
1996-12-20,9.875,9.875,9.75,9.875,6.4703288078308105,21600
1996-12-23,10.0,10.0,9.875,9.875,6.4703288078308105,44400
1996-12-24,10.0,10.0,9.875,10.0,6.5522308349609375,31100
1996-12-26,10.0,10.125,9.875,10.0,6.5522308349609375,32100
1996-12-27,10.0,10.125,10.0,10.0,6.5522308349609375,6200
1996-12-30,10.0,10.125,10.0,10.125,6.634133338928223,10400
1996-12-31,10.125,10.5,10.125,10.375,6.7979416847229,8700
1997-01-02,10.5,10.875,10.5,10.875,7.125550746917725,10500
1997-01-03,10.875,11.25,10.875,11.25,7.371259689331055,4500
1997-01-06,11.5,11.625,11.375,11.375,7.453162670135498,22500
1997-01-07,11.25,11.375,11.0,11.0,7.207452774047852,12000
1997-01-08,10.875,11.0,10.875,10.875,7.125550746917725,95700
1997-01-09,10.75,10.75,10.25,10.5,6.879842758178711,18100
1997-01-10,10.375,10.5,10.375,10.5,6.879842758178711,111200
1997-01-13,10.5,10.625,10.5,10.5,6.879842758178711,9100
1997-01-14,10.625,11.0,10.625,11.0,7.207452774047852,71700
1997-01-15,10.875,11.0,10.625,10.875,7.125550746917725,27700
1997-01-16,11.0,11.0,10.875,10.875,7.125550746917725,1700
1997-01-17,10.75,10.875,10.75,10.75,7.0436482429504395,4600
1997-01-20,10.875,11.125,10.625,10.875,7.125550746917725,38200
1997-01-21,10.875,10.875,10.75,10.875,7.125550746917725,27300
1997-01-22,11.0,11.0,10.75,10.875,7.125550746917725,34200
1997-01-23,10.75,11.0,10.75,10.75,7.0436482429504395,5500
1997-01-24,10.75,11.0,10.75,10.75,7.0436482429504395,8800
1997-01-27,10.75,10.75,10.625,10.625,7.000817775726318,2900
1997-01-28,10.625,10.75,10.625,10.625,7.000817775726318,3200
1997-01-29,10.625,10.75,10.625,10.625,7.000817775726318,3600
1997-01-30,10.75,11.625,10.75,11.125,7.330270290374756,88200
1997-01-31,11.125,11.125,11.125,11.125,7.330270290374756,17600
1997-02-03,11.25,11.25,11.25,11.25,7.412632465362549,3700
1997-02-04,11.125,11.25,11.125,11.125,7.330270290374756,7900
1997-02-05,11.125,11.25,11.125,11.125,7.330270290374756,6700
1997-02-06,11.125,11.125,11.0,11.0,7.247908592224121,31700
1997-02-07,11.0,11.125,11.0,11.0,7.247908592224121,1500
1997-02-10,10.875,11.0,10.875,11.0,7.247908592224121,800
1997-02-11,11.0,11.125,11.0,11.125,7.330270290374756,5300
1997-02-12,11.125,11.125,11.0,11.125,7.330270290374756,4300
1997-02-13,11.0,11.0,10.875,11.0,7.247908592224121,1700
1997-02-14,11.0,11.125,10.625,10.625,7.000817775726318,13300
1997-02-18,10.625,10.875,10.5,10.625,7.000817775726318,11000
1997-02-19,10.625,10.625,10.5,10.625,7.000817775726318,4100
1997-02-20,10.625,10.75,10.625,10.625,7.000817775726318,7400
1997-02-21,10.625,10.625,10.625,10.625,7.000817775726318,100
1997-02-24,10.625,10.625,10.625,10.625,7.000817775726318,2200
1997-02-25,10.625,10.625,10.625,10.625,7.000817775726318,1700
1997-02-26,10.875,11.0,10.75,10.875,7.165546417236328,3700
1997-02-27,11.0,11.0,10.625,10.625,7.000817775726318,2500
1997-02-28,9.875,9.875,9.375,9.375,6.177195072174072,66200
1997-03-03,9.125,9.125,8.875,9.0,5.930105686187744,16400
1997-03-04,9.0,9.0,8.875,8.875,5.847743034362793,100800
1997-03-05,8.875,8.875,8.25,8.375,5.51829195022583,28400
1997-03-06,8.25,8.875,8.25,8.875,5.847743034362793,64900
1997-03-07,8.875,9.375,8.875,9.125,6.0124688148498535,22100
1997-03-10,9.25,9.625,9.25,9.5,6.259555816650391,5400
1997-03-11,9.5,10.125,9.375,10.125,6.671370506286621,12100
1997-03-12,10.125,10.125,9.625,9.75,6.424282550811768,6300
1997-03-13,9.625,9.625,9.25,9.25,6.0948309898376465,12800
1997-03-14,9.25,9.375,9.25,9.25,6.0948309898376465,7300
1997-03-17,9.25,9.25,9.125,9.25,6.0948309898376465,8800
1997-03-18,9.25,9.25,9.0,9.0,5.930105686187744,6800
1997-03-19,9.0,9.125,9.0,9.0,5.930105686187744,4300
1997-03-20,9.0,9.125,9.0,9.0,5.930105686187744,1700
1997-03-21,9.125,9.125,9.0,9.125,6.0124688148498535,15100
1997-03-24,9.25,9.25,9.0,9.25,6.0948309898376465,4800
1997-03-25,9.25,9.25,9.25,9.25,6.0948309898376465,0
1997-03-26,9.125,9.125,9.0,9.125,6.0124688148498535,4200
1997-03-27,9.0,9.0,9.0,9.0,5.930105686187744,5900
1997-03-31,9.0,9.125,9.0,9.0,5.930105686187744,5800
1997-04-01,8.875,9.0,8.875,9.0,5.930105686187744,17100
1997-04-02,9.0,9.0,9.0,9.0,5.930105686187744,3200
1997-04-03,9.0,9.0,8.875,8.875,5.847743034362793,3900
1997-04-04,9.0,9.0,9.0,9.0,5.930105686187744,2800
1997-04-07,9.0,9.375,9.0,9.25,6.0948309898376465,3900
1997-04-08,9.25,9.5,9.125,9.5,6.259555816650391,5100
1997-04-09,9.5,9.5,9.125,9.25,6.0948309898376465,13600
1997-04-10,9.125,9.25,9.125,9.25,6.0948309898376465,2000
1997-04-11,9.375,9.375,9.125,9.25,6.0948309898376465,3400
1997-04-14,9.25,9.25,9.125,9.125,6.0124688148498535,1500
1997-04-15,9.125,9.375,9.125,9.375,6.177195072174072,6700
1997-04-16,9.5,9.5,9.125,9.125,6.0124688148498535,21800
1997-04-17,9.125,9.125,9.125,9.125,6.0124688148498535,400
1997-04-18,9.0,9.125,9.0,9.0,5.969356060028076,3800
1997-04-21,9.0,9.25,9.0,9.125,6.0522637367248535,22500
1997-04-22,9.0,9.125,9.0,9.125,6.0522637367248535,24200
1997-04-23,9.125,9.125,9.0,9.0,5.969356060028076,3800
1997-04-24,9.0,9.0,9.0,9.0,5.969356060028076,3100
1997-04-25,9.25,9.25,9.125,9.125,6.0522637367248535,3200
1997-04-28,9.125,9.25,9.125,9.125,6.0522637367248535,1400
1997-04-29,9.0,9.25,9.0,9.125,6.0522637367248535,10500
1997-04-30,9.25,9.375,9.25,9.25,6.13516902923584,3500
1997-05-01,9.375,9.375,9.25,9.25,6.13516902923584,800
1997-05-02,9.25,9.5,9.25,9.5,6.300989627838135,3200
1997-05-05,9.625,9.75,9.625,9.75,6.4668049812316895,2900
1997-05-06,9.625,9.75,9.375,9.375,6.218081474304199,6900
1997-05-07,9.5,9.5,9.375,9.375,6.218081474304199,600
1997-05-08,9.375,9.375,9.25,9.375,6.218081474304199,3400
1997-05-09,9.25,9.375,9.25,9.375,6.218081474304199,5600
1997-05-12,9.25,10.875,9.25,10.875,7.212975025177002,37000
1997-05-13,10.75,11.5,10.625,11.25,7.461696624755859,37600
1997-05-14,11.125,11.375,11.125,11.375,7.544605731964111,8700
1997-05-15,11.25,11.875,11.25,11.5,7.627510070800781,16000
1997-05-16,11.5,11.5,11.25,11.25,7.461696624755859,8200
1997-05-19,11.125,11.25,11.0,11.25,7.461696624755859,14000
1997-05-20,11.125,11.5,11.125,11.5,7.627510070800781,5800
1997-05-21,11.5,11.75,11.5,11.75,7.793327331542969,2000
1997-05-22,11.875,11.875,11.75,11.875,7.876235008239746,10400
1997-05-23,11.75,11.875,11.625,11.875,7.876235008239746,2300
1997-05-27,11.875,11.875,11.75,11.75,7.793327331542969,18500
1997-05-28,11.625,12.125,11.5,11.75,7.793327331542969,31800
1997-05-29,11.625,12.0,11.625,11.625,7.710420608520508,15500
1997-05-30,11.5,11.5,11.25,11.25,7.461696624755859,2900
1997-06-02,11.125,11.125,11.0,11.0,7.295881271362305,1500
1997-06-03,11.0,11.0,10.625,10.625,7.047157287597656,3100
1997-06-04,10.625,10.625,10.5,10.5,6.964249610900879,5900
1997-06-05,10.5,11.25,10.5,11.125,7.378787517547607,32100
1997-06-06,11.125,11.125,11.0,11.125,7.378787517547607,800
1997-06-09,11.125,11.125,11.125,11.125,7.378787517547607,2600
1997-06-10,11.125,11.125,11.125,11.125,7.378787517547607,7100
1997-06-11,11.25,11.25,11.125,11.125,7.378787517547607,8500
1997-06-12,11.125,11.375,11.125,11.25,7.461696624755859,1200
1997-06-13,11.5,12.0,11.5,12.0,7.959143161773682,27100
1997-06-16,11.875,11.875,11.625,11.75,7.793327331542969,14400
1997-06-17,11.625,11.625,11.25,11.25,7.461696624755859,5800
1997-06-18,11.125,11.375,11.0,11.25,7.461696624755859,10200
1997-06-19,11.5,11.5,11.125,11.125,7.378787517547607,6900
1997-06-20,10.875,11.0,10.875,11.0,7.295881271362305,56200
1997-06-23,11.25,11.25,10.875,10.875,7.212975025177002,21700
1997-06-24,11.0,11.375,11.0,11.25,7.461696624755859,14600
1997-06-25,11.375,11.4375,11.125,11.25,7.461696624755859,42000
1997-06-26,11.125,11.1875,11.125,11.1875,7.4202423095703125,4000
1997-06-27,11.3125,11.4375,11.3125,11.3125,7.503150939941406,2600
1997-06-30,11.375,11.375,11.3125,11.3125,7.503150939941406,10700
1997-07-01,11.3125,11.375,11.3125,11.3125,7.503150939941406,3100
1997-07-02,11.3125,11.5,11.3125,11.5,7.627510070800781,7600
1997-07-03,11.625,11.9375,11.625,11.9375,7.917685031890869,2100
1997-07-07,11.9375,11.9375,11.75,11.875,7.876235008239746,2900
1997-07-08,11.9375,11.9375,11.8125,11.8125,7.834781646728516,4600
1997-07-09,11.875,11.875,11.5625,11.6875,7.751875877380371,6600
1997-07-10,11.5625,11.75,11.5,11.5,7.627510070800781,8400
1997-07-11,11.5625,11.5625,11.3125,11.3125,7.503150939941406,1800
1997-07-14,11.4375,11.6875,11.4375,11.6875,7.751875877380371,1300
1997-07-15,11.8125,12.0,11.75,11.875,7.876235008239746,9000
1997-07-16,11.9375,12.25,11.9375,12.125,8.0420503616333,19400
1997-07-17,13.0,13.375,12.875,12.875,8.539496421813965,54100
1997-07-18,12.75,12.75,12.625,12.625,8.412888526916504,5200
1997-07-21,12.75,12.875,12.75,12.75,8.49618148803711,1800
1997-07-22,12.625,12.75,12.25,12.25,8.163000106811523,13600
1997-07-23,12.25,12.25,12.25,12.25,8.163000106811523,0
1997-07-24,12.375,12.625,12.375,12.5,8.32959270477295,2100
1997-07-25,12.75,12.75,12.5625,12.5625,8.37123966217041,9100
1997-07-28,12.4375,12.5625,12.375,12.5,8.32959270477295,63600
1997-07-29,12.375,12.4375,12.375,12.375,8.246295928955078,30500
1997-07-30,12.375,12.375,12.375,12.375,8.246295928955078,53100
1997-07-31,12.5,12.6875,12.5,12.6875,8.454536437988281,1600
1997-08-01,13.0,13.0625,13.0,13.0625,8.704421997070312,18100
1997-08-04,12.875,12.875,12.875,12.875,8.579477310180664,2300
1997-08-05,12.875,13.0,12.875,13.0,8.662775039672852,600
1997-08-06,12.8125,12.8125,12.8125,12.8125,8.537833213806152,1900
1997-08-07,13.0,13.0,12.75,12.75,8.49618148803711,9900
1997-08-08,12.625,12.625,12.625,12.625,8.412888526916504,400
1997-08-11,12.5625,12.625,12.5625,12.625,8.412888526916504,3800
1997-08-12,12.625,12.625,12.625,12.625,8.412888526916504,500
1997-08-13,12.75,12.75,12.5625,12.5625,8.37123966217041,2000
1997-08-14,12.5625,12.75,12.5625,12.75,8.49618148803711,2600
1997-08-15,12.625,12.875,12.625,12.875,8.579477310180664,400
1997-08-18,12.75,12.75,12.625,12.625,8.412888526916504,7900
1997-08-19,12.75,13.125,12.75,13.0,8.662775039672852,6900
1997-08-20,13.0,13.3125,13.0,13.25,8.829366683959961,10000
1997-08-21,13.125,13.125,12.625,12.625,8.412888526916504,8100
1997-08-22,12.6875,12.6875,12.5625,12.5625,8.37123966217041,2500
1997-08-25,12.75,12.75,12.75,12.75,8.49618148803711,400
1997-08-26,12.625,12.6875,12.625,12.625,8.412888526916504,23200
1997-08-27,12.75,13.125,12.75,12.875,8.579477310180664,23900
1997-08-28,12.875,12.875,12.875,12.875,8.579477310180664,800
1997-08-29,12.875,13.0,12.875,13.0,8.662775039672852,4300
1997-09-02,13.0,13.0,12.875,12.875,8.579477310180664,2400
1997-09-03,13.125,13.625,13.125,13.5,8.99595832824707,13900
1997-09-04,13.5625,13.75,13.5,13.75,9.16254997253418,1200
1997-09-05,13.5,13.5,13.25,13.25,8.829366683959961,3800
1997-09-08,13.1875,13.4375,13.125,13.375,8.912662506103516,5800
1997-09-09,13.625,14.0,13.5,14.0,9.329143524169922,16200
1997-09-10,14.5,15.0,14.5,15.0,9.995508193969727,63300
1997-09-11,14.9375,14.9375,14.5,14.625,9.745622634887695,11700
1997-09-12,14.5,14.875,14.5,14.6875,9.787269592285156,10400
1997-09-15,15.0,15.0,14.0,14.0,9.329143524169922,77200
1997-09-16,14.0,14.125,14.0,14.125,9.412437438964844,1000
1997-09-17,14.25,14.375,14.0,14.0625,9.37078857421875,12000
1997-09-18,14.0,14.625,14.0,14.625,9.745622634887695,9200
1997-09-19,14.5625,15.0,14.5625,14.75,9.82891845703125,12200
1997-09-22,14.9375,14.9375,14.875,14.875,9.912212371826172,2300
1997-09-23,15.0,15.0625,14.9375,15.0,9.995508193969727,43300
1997-09-24,15.125,15.4375,15.125,15.1875,10.120454788208008,99200
1997-09-25,15.1875,15.5625,15.1875,15.5625,10.370342254638672,10500
1997-09-26,15.5,16.0,15.5,16.0,10.661873817443848,122400
1997-09-29,15.875,15.875,15.875,15.875,10.578582763671875,1700
1997-09-30,16.0,17.0,16.0,16.75,11.161651611328125,25200
1997-10-01,16.75,18.0,16.75,17.875,11.91131591796875,95600
1997-10-02,17.75,17.75,17.0,17.25,11.49483871459961,35600
1997-10-03,17.125,17.5,17.0,17.5,11.661428451538086,62400
1997-10-06,17.625,17.625,17.5,17.625,11.744725227355957,49900
1997-10-07,17.5625,17.9375,17.5625,17.75,11.828014373779297,42400
1997-10-08,17.625,18.0,17.625,17.8125,11.869670867919922,42500
1997-10-09,17.75,17.9375,17.75,17.9375,11.952966690063477,39500
1997-10-10,17.9375,18.0,17.5,18.0,11.994609832763672,44900
1997-10-13,18.0,18.0,17.3125,17.5625,11.70307731628418,20300
1997-10-14,17.5,17.75,17.5,17.75,11.828014373779297,27300
1997-10-15,17.75,17.75,17.5,17.5,11.661428451538086,32400
1997-10-16,17.375,17.75,17.375,17.75,11.828014373779297,31700
1997-10-17,17.625,17.75,17.5,17.625,11.744725227355957,6300
1997-10-20,17.5,17.625,17.375,17.5,11.661428451538086,7100
1997-10-21,17.5,17.625,17.375,17.5625,11.70307731628418,25200
1997-10-22,17.5625,17.5625,17.25,17.25,11.49483871459961,8200
1997-10-23,17.375,17.375,17.0625,17.25,11.49483871459961,22500
1997-10-24,17.25,17.25,17.125,17.25,11.49483871459961,25100
1997-10-27,17.25,17.25,16.875,16.875,11.244949340820312,27700
1997-10-28,16.0,16.125,15.875,16.125,10.745171546936035,21000
1997-10-29,16.375,17.0,16.375,16.875,11.244949340820312,12100
1997-10-30,16.625,16.625,16.375,16.5,10.995064735412598,64000
1997-10-31,16.75,17.0,16.75,17.0,11.328242301940918,145800
1997-11-03,16.875,17.0,16.875,16.875,11.244949340820312,2400
1997-11-04,16.875,16.9375,16.8125,16.8125,11.203299522399902,9400
1997-11-05,16.8125,16.9375,16.625,16.9375,11.286596298217773,5200
1997-11-06,16.875,17.0,16.875,16.9375,11.286596298217773,9100
1997-11-07,16.75,16.875,16.75,16.875,11.244949340820312,2500
1997-11-10,16.625,16.625,16.625,16.625,11.07835578918457,8300
1997-11-11,16.4375,16.4375,16.4375,16.4375,10.953413009643555,55000
1997-11-12,16.4375,16.4375,16.4375,16.4375,10.953413009643555,10500
1997-11-13,16.4375,16.5625,16.4375,16.5625,11.036707878112793,20900
1997-11-14,16.5,16.875,16.375,16.5,10.995064735412598,66500
1997-11-17,16.5,16.5,16.375,16.375,10.911762237548828,19800
1997-11-18,16.5,16.5625,16.4375,16.4375,10.953413009643555,12900
1997-11-19,16.3125,16.3125,16.3125,16.3125,10.909939765930176,100
1997-11-20,16.1875,16.1875,16.125,16.125,10.784537315368652,1300
1997-11-21,16.125,16.125,16.125,16.125,10.784537315368652,13100
1997-11-24,16.125,16.125,16.0,16.0,10.70093822479248,1700
1997-11-25,16.0,16.625,16.0,16.5625,11.077139854431152,19200
1997-11-26,16.75,17.0,16.75,17.0,11.369743347167969,50900
1997-11-28,17.0,17.125,17.0,17.125,11.453349113464355,2600
1997-12-01,17.0,17.0625,17.0,17.0,11.369743347167969,11400
1997-12-02,17.0,17.0,17.0,17.0,11.369743347167969,600
1997-12-03,17.125,17.25,17.125,17.25,11.536949157714844,35300
1997-12-04,17.125,17.3125,17.125,17.1875,11.495147705078125,3700
1997-12-05,17.1875,17.375,17.125,17.375,11.6205472946167,4200
1997-12-08,17.25,17.3125,17.25,17.3125,11.578750610351562,700
1997-12-09,17.3125,17.3125,17.0,17.0,11.369743347167969,16300
1997-12-10,17.0,17.1875,17.0,17.125,11.453349113464355,2400
1997-12-11,17.0,17.0625,17.0,17.0,11.369743347167969,10200
1997-12-12,17.0,17.375,17.0,17.375,11.6205472946167,8000
1997-12-15,17.3125,17.3125,17.125,17.125,11.453349113464355,4900
1997-12-16,17.25,17.3125,17.25,17.25,11.536949157714844,1600
1997-12-17,17.3125,17.3125,17.1875,17.25,11.536949157714844,10200
1997-12-18,17.5,17.5625,17.5,17.5625,11.745953559875488,12000
1997-12-19,17.625,17.625,17.5,17.625,11.787750244140625,11000
1997-12-22,17.625,17.625,17.5,17.5,11.704151153564453,99100
1997-12-23,17.5625,17.5625,17.3125,17.3125,11.578750610351562,1800
1997-12-24,17.3125,17.3125,17.3125,17.3125,11.578750610351562,0
1997-12-26,17.375,17.375,17.25,17.25,11.536949157714844,300
1997-12-29,17.375,17.375,17.375,17.375,11.6205472946167,100
1997-12-30,17.3125,17.3125,17.3125,17.3125,11.578750610351562,600
1997-12-31,17.3125,17.5,17.3125,17.3125,11.578750610351562,2400
1998-01-02,17.3125,17.75,17.3125,17.75,11.871355056762695,16600
1998-01-05,17.875,18.375,17.875,18.0,12.038557052612305,10300
1998-01-06,18.0,18.0,17.9375,17.9375,11.996748924255371,2000
1998-01-07,17.9375,17.9375,17.5,17.5,11.704151153564453,114800
1998-01-08,17.5,17.5625,17.5,17.5,11.704151153564453,57200
1998-01-09,17.5,17.5,17.25,17.375,11.6205472946167,57100
1998-01-12,17.25,17.25,16.875,17.0625,11.411551475524902,5100
1998-01-13,17.375,17.4375,17.25,17.25,11.536949157714844,26900
1998-01-14,17.25,17.25,16.6875,16.75,11.202543258666992,52900
1998-01-15,16.875,16.875,16.75,16.875,11.286144256591797,2300
1998-01-16,16.875,16.9375,16.8125,16.8125,11.244346618652344,7300
1998-01-20,16.6875,16.6875,16.5625,16.625,11.118941307067871,3000
1998-01-21,16.5,16.5,16.5,16.5,11.035343170166016,200
1998-01-22,16.5,16.5,16.375,16.375,10.951739311218262,2000
1998-01-23,16.25,16.25,16.25,16.25,10.868136405944824,100
1998-01-26,16.1875,16.1875,16.1875,16.1875,10.866460800170898,0
1998-01-27,16.3125,16.4375,16.3125,16.3125,10.950371742248535,2200
1998-01-28,16.1875,16.1875,16.1875,16.1875,10.866460800170898,100
1998-01-29,16.1875,16.875,16.1875,16.25,10.908415794372559,11700
1998-01-30,16.5,16.5,16.25,16.25,10.908415794372559,5100
1998-02-02,16.125,16.25,16.125,16.1875,10.866460800170898,3500
1998-02-03,16.1875,16.1875,16.1875,16.1875,10.866460800170898,300
1998-02-04,16.3125,16.3125,16.3125,16.3125,10.950371742248535,600
1998-02-05,16.375,16.375,16.3125,16.3125,10.950371742248535,88700
1998-02-06,16.25,16.25,16.0,16.0,10.740592956542969,6000
1998-02-09,16.125,16.375,16.0,16.125,10.824504852294922,8400
1998-02-10,16.0,16.0,15.875,15.875,10.656681060791016,8300
1998-02-11,15.9375,15.9375,15.625,15.625,10.488862037658691,79100
1998-02-12,15.75,15.75,15.375,15.375,10.321043014526367,2300
1998-02-13,15.5,15.5,15.25,15.25,10.237129211425781,4000
1998-02-17,15.25,15.375,15.25,15.25,10.237129211425781,12300
1998-02-18,15.25,15.875,15.25,15.375,10.321043014526367,10200
1998-02-19,15.25,15.25,15.25,15.25,10.237129211425781,400
1998-02-20,15.375,15.5,15.25,15.25,10.237129211425781,2600
1998-02-23,15.25,15.5,15.25,15.5,10.404953956604004,1500
1998-02-24,15.5,16.0,15.5,15.9375,10.698640823364258,10300
1998-02-25,16.0625,16.0625,16.0625,16.0625,10.782546997070312,500
1998-02-26,16.0625,16.0625,16.0625,16.0625,10.782546997070312,0
1998-02-27,15.875,16.0,15.75,15.875,10.656681060791016,19100
1998-03-02,16.0,16.0,16.0,16.0,10.740592956542969,2100
1998-03-03,16.25,16.25,16.25,16.25,10.908415794372559,1600
1998-03-04,16.0,16.375,16.0,16.375,10.992324829101562,11200
1998-03-05,16.125,16.125,16.125,16.125,10.824504852294922,200
1998-03-06,16.0,16.375,16.0,16.375,10.992324829101562,1200
1998-03-09,16.375,16.375,16.25,16.25,10.908415794372559,600
1998-03-10,16.125,16.1875,15.875,16.0,10.740592956542969,4800
1998-03-11,16.0,16.0,15.75,16.0,10.740592956542969,4100
1998-03-12,16.0,16.0,16.0,16.0,10.740592956542969,1100
1998-03-13,16.1875,16.5,16.125,16.5,11.076239585876465,8900
1998-03-16,16.5,16.5,16.25,16.25,10.908415794372559,11100
1998-03-17,16.1875,16.875,16.1875,16.5625,11.118191719055176,6200
1998-03-18,16.5625,16.5625,16.5625,16.5625,11.118191719055176,0
1998-03-19,16.4375,16.625,16.375,16.375,10.992324829101562,4800
1998-03-20,16.4375,16.5,16.375,16.375,10.992324829101562,11800
1998-03-23,16.375,16.5,16.25,16.375,10.992324829101562,17700
1998-03-24,16.5,16.875,16.5,16.625,11.160149574279785,6200
1998-03-25,16.9375,17.5,16.9375,17.375,11.663612365722656,8600
1998-03-26,17.375,17.625,17.375,17.375,11.663612365722656,2400
1998-03-27,17.375,17.375,17.25,17.25,11.579706192016602,1000
1998-03-30,17.125,17.375,17.125,17.375,11.663612365722656,10400
1998-03-31,17.4375,17.625,17.25,17.25,11.579706192016602,8000
1998-04-01,17.25,17.375,17.125,17.375,11.663612365722656,2100
1998-04-02,17.5,17.625,17.5,17.625,11.831433296203613,2900
1998-04-03,17.875,18.0,17.75,17.875,11.999258995056152,23700
1998-04-06,18.0,18.0,17.75,18.0,12.083170890808105,14400
1998-04-07,18.25,18.25,17.25,17.625,11.831433296203613,48100
1998-04-08,17.75,17.875,17.75,17.75,11.9153470993042,10200
1998-04-09,17.9375,17.9375,17.625,17.75,11.9153470993042,15200
1998-04-13,17.75,17.875,17.625,17.875,11.999258995056152,7100
1998-04-14,17.9375,18.0,17.8125,18.0,12.083170890808105,27500
1998-04-15,18.0,18.0,17.75,17.875,11.999258995056152,9800
1998-04-16,17.9375,17.9375,17.625,17.8125,11.957304954528809,13000
1998-04-17,17.625,18.125,17.625,18.0625,12.125123977661133,181100
1998-04-20,17.875,18.375,17.875,18.25,12.291820526123047,6200
1998-04-21,18.5,18.5,18.0,18.125,12.207629203796387,50600
1998-04-22,18.25,18.375,18.25,18.25,12.291820526123047,2600
1998-04-23,18.3125,18.3125,18.0625,18.125,12.207629203796387,8900
1998-04-24,18.125,18.125,18.0,18.0625,12.165536880493164,5000
1998-04-27,18.0,18.0,17.875,18.0,12.123441696166992,2900
1998-04-28,17.875,18.4375,17.875,18.4375,12.418107986450195,5100
1998-04-29,18.4375,18.4375,17.75,18.0,12.123441696166992,11500
1998-04-30,18.0625,18.25,17.9375,18.25,12.291820526123047,16800
1998-05-01,18.375,19.0,18.375,18.625,12.544395446777344,12700
1998-05-04,18.125,18.375,18.125,18.25,12.291820526123047,13200
1998-05-05,18.25,18.25,18.0,18.125,12.207629203796387,11700
1998-05-06,18.0,18.1875,18.0,18.0,12.123441696166992,109000
1998-05-07,18.125,18.125,17.875,17.875,12.03925609588623,5800
1998-05-08,18.0,18.1875,17.875,18.1875,12.249727249145508,11200
1998-05-11,18.125,18.125,18.125,18.125,12.207629203796387,600
1998-05-12,18.125,18.25,18.125,18.25,12.291820526123047,9400
1998-05-13,18.125,18.375,18.125,18.125,12.207629203796387,1900
1998-05-14,18.125,18.375,18.0,18.375,12.376016616821289,5900
1998-05-15,18.375,18.875,18.25,18.625,12.544395446777344,15300
1998-05-18,18.625,18.75,18.3125,18.3125,12.333915710449219,6200
1998-05-19,18.3125,18.3125,18.25,18.3125,12.333915710449219,3200
1998-05-20,18.25,18.25,17.875,18.0,12.123441696166992,8300
1998-05-21,17.875,17.875,17.6875,17.6875,11.912965774536133,6800
1998-05-22,17.625,17.625,17.625,17.625,11.870867729187012,900
1998-05-26,17.625,17.625,17.5,17.625,11.870867729187012,1800
1998-05-27,17.625,17.625,17.625,17.625,11.870867729187012,2300
1998-05-28,17.625,17.625,17.375,17.375,11.702486038208008,7200
1998-05-29,17.5,18.0,17.5,18.0,12.123441696166992,21300
1998-06-01,18.0,18.0,17.75,17.75,11.955062866210938,3400
1998-06-02,17.875,18.0,17.75,17.75,11.955062866210938,6900
1998-06-03,17.625,17.75,17.375,17.375,11.702486038208008,9500
1998-06-04,17.375,17.375,17.375,17.375,11.702486038208008,300
1998-06-05,17.375,17.4375,17.375,17.4375,11.744585037231445,600
1998-06-08,17.4375,17.75,17.375,17.5625,11.828773498535156,3000
1998-06-09,17.625,17.9375,17.5,17.875,12.03925609588623,9900
1998-06-10,17.9375,17.9375,17.8125,17.9375,12.081342697143555,7200
1998-06-11,17.9375,17.9375,17.625,17.625,11.870867729187012,16000
1998-06-12,17.75,17.75,17.1875,17.25,11.618300437927246,8200
1998-06-15,17.3125,17.5625,17.25,17.3125,11.660395622253418,6900
1998-06-16,17.3125,17.75,17.3125,17.75,11.955062866210938,5800
1998-06-17,17.625,17.9375,17.625,17.9375,12.081342697143555,8200
1998-06-18,17.75,17.9375,17.625,17.9375,12.081342697143555,8400
1998-06-19,17.875,17.9375,17.875,17.9375,12.081342697143555,16900
1998-06-22,17.875,18.0,17.6875,18.0,12.123441696166992,8100
1998-06-23,17.875,18.0,17.8125,18.0,12.123441696166992,14600
1998-06-24,17.875,17.9375,17.8125,17.9375,12.081342697143555,23500
1998-06-25,17.90625,17.9375,17.78125,17.9375,12.081342697143555,71800
1998-06-26,17.875,17.875,17.6875,17.6875,11.912965774536133,5200
1998-06-29,17.625,17.6875,17.25,17.25,11.618300437927246,54400
1998-06-30,17.125,17.375,17.125,17.25,11.618300437927246,54100
1998-07-01,17.25,17.25,17.1875,17.1875,11.576203346252441,3100
1998-07-02,17.25,17.25,16.625,16.6875,11.23944091796875,36000
1998-07-06,16.6875,16.875,16.6875,16.8125,11.32363224029541,700
1998-07-07,16.8125,16.8125,16.8125,16.8125,11.32363224029541,100
1998-07-08,17.0,17.625,17.0,17.625,11.870867729187012,9100
1998-07-09,17.5,17.5625,17.5,17.5625,11.828773498535156,1900
1998-07-10,17.6875,17.6875,17.625,17.625,11.870867729187012,700
1998-07-13,17.625,17.75,17.5,17.6875,11.912965774536133,900
1998-07-14,18.0,18.5,17.875,18.0,12.123441696166992,52200
1998-07-15,18.0,18.0,17.75,17.9375,12.081342697143555,6100
1998-07-16,17.9375,18.0,17.75,17.8125,11.997157096862793,14000
1998-07-17,17.75,17.75,17.25,17.375,11.742035865783691,4200
1998-07-20,17.25,17.5,17.1875,17.1875,11.615328788757324,2400
1998-07-21,17.125,17.125,17.0,17.0,11.488616943359375,1400
1998-07-22,17.0,17.0625,17.0,17.0625,11.530855178833008,700
1998-07-23,17.0,17.0,16.75,16.75,11.319663047790527,5300
1998-07-24,16.75,16.8125,16.3125,16.3125,11.024002075195312,12700
1998-07-27,16.25,16.25,16.09375,16.09375,10.876171112060547,5600
1998-07-28,16.0,16.0625,15.875,15.875,10.728338241577148,3400
1998-07-29,15.875,16.1875,15.625,16.1875,10.939528465270996,6300
1998-07-30,16.125,16.1875,16.125,16.1875,10.939528465270996,6300
1998-07-31,16.3125,16.375,16.125,16.1875,10.939528465270996,19000
1998-08-03,16.1875,16.1875,15.875,15.9375,10.770574569702148,12000
1998-08-04,15.75,15.875,15.6875,15.75,10.643863677978516,11700
1998-08-05,15.6875,15.6875,14.75,14.875,10.05253791809082,12900
1998-08-06,14.875,15.125,14.875,14.875,10.05253791809082,9900
1998-08-07,14.9375,15.375,14.9375,15.375,10.390440940856934,12000
1998-08-10,15.25,16.0,15.25,15.875,10.728338241577148,169800
1998-08-11,15.625,16.3125,15.375,16.25,10.981764793395996,12700
1998-08-12,16.5,17.375,16.5,17.375,11.742035865783691,6800
1998-08-13,17.625,17.625,17.25,17.4375,11.78427791595459,16100
1998-08-14,17.5,18.0,17.5,18.0,12.16441822052002,9400
1998-08-17,17.75,17.9375,17.625,17.9375,12.122172355651855,14900
1998-08-18,17.9375,17.9375,17.3125,17.3125,11.69980525970459,12400
1998-08-19,17.375,17.375,17.3125,17.3125,11.69980525970459,2600
1998-08-20,17.3125,17.3125,17.3125,17.3125,11.69980525970459,0
1998-08-21,17.125,17.125,16.75,16.75,11.319663047790527,2500
1998-08-24,16.625,16.6875,16.5625,16.5625,11.192952156066895,4700
1998-08-25,16.5625,16.875,16.5625,16.875,11.40414047241211,2800
1998-08-26,16.75,16.75,16.75,16.75,11.319663047790527,400
1998-08-27,16.625,16.6875,16.625,16.6875,11.277430534362793,1100
1998-08-28,16.5625,16.5625,16.5625,16.5625,11.192952156066895,200
1998-08-31,16.375,16.4375,15.5,15.625,10.559389114379883,9100
1998-09-01,15.375,15.375,15.125,15.1875,10.263729095458984,10400
1998-09-02,15.0,15.1875,15.0,15.125,10.221492767333984,700
1998-09-03,15.0625,15.125,14.875,14.875,10.05253791809082,53400
1998-09-04,14.875,14.875,14.875,14.875,10.05253791809082,0
1998-09-08,14.9375,14.9375,14.9375,14.9375,10.094776153564453,4700
1998-09-09,14.75,14.9375,14.75,14.9375,10.094776153564453,4100
1998-09-10,15.0,15.0,14.8125,14.875,10.05253791809082,1200
1998-09-11,14.9375,14.9375,14.875,14.9375,10.094776153564453,700
1998-09-14,14.9375,14.9375,14.8125,14.8125,10.010302543640137,400
1998-09-15,14.875,14.875,14.625,14.625,9.883590698242188,25100
1998-09-16,14.625,14.625,14.625,14.625,9.883590698242188,3900
1998-09-17,14.5,14.5,14.5,14.5,9.799112319946289,12300
1998-09-18,14.625,14.625,14.5,14.5625,9.841350555419922,8400
1998-09-21,14.4375,14.625,14.4375,14.5625,9.841350555419922,7900
1998-09-22,14.5625,14.5625,14.4375,14.4375,9.756877899169922,5700
1998-09-23,14.4375,14.4375,14.375,14.375,9.714634895324707,23400
1998-09-24,14.25,14.25,13.375,13.375,9.03884220123291,34100
1998-09-25,13.5,13.625,13.25,13.375,9.03884220123291,5600
1998-09-28,14.5,15.125,14.5,14.8125,10.010302543640137,145600
1998-09-29,14.6875,14.8125,14.25,14.25,9.630167007446289,11100
1998-09-30,14.125,14.1875,13.75,14.1875,9.587924003601074,24700
1998-10-01,14.25,14.25,13.875,13.875,9.376739501953125,4500
1998-10-02,13.75,14.0,13.75,14.0,9.461212158203125,1300
1998-10-05,14.0,14.0,13.3125,13.3125,8.996599197387695,5300
1998-10-06,13.375,13.375,13.0625,13.0625,8.82764720916748,1900
1998-10-07,12.9375,13.0625,12.875,12.9375,8.743173599243164,5700
1998-10-08,12.875,12.875,12.75,12.875,8.700937271118164,1400
1998-10-09,12.75,12.75,12.625,12.625,8.531984329223633,3500
1998-10-12,12.75,13.375,12.75,13.0,8.785412788391113,5400
1998-10-13,13.125,13.125,13.0,13.0,8.785412788391113,1600
1998-10-14,13.0,13.375,13.0,13.375,9.03884220123291,2200
1998-10-15,13.375,13.5625,13.375,13.5625,9.165550231933594,1400
1998-10-16,13.5625,13.5625,13.5625,13.5625,9.165550231933594,300
1998-10-19,13.625,14.0,13.625,14.0,9.461212158203125,39100
1998-10-20,14.0,14.375,13.9375,14.375,9.714634895324707,11000
1998-10-21,14.625,14.75,14.625,14.75,9.968063354492188,2300
1998-10-22,15.0,17.0,15.0,17.0,11.488616943359375,27100
1998-10-23,16.875,16.875,16.5,16.5,11.150712966918945,9800
1998-10-26,16.5,17.0,16.5,17.0,11.488616943359375,63000
1998-10-27,17.0,17.125,16.5,16.5,11.150712966918945,4800
1998-10-28,16.25,16.375,16.25,16.375,11.066242218017578,2300
1998-10-29,16.3125,16.3125,16.125,16.25,10.981764793395996,5100
1998-10-30,16.125,16.125,15.75,15.75,10.643863677978516,7600
1998-11-02,15.75,15.75,15.75,15.75,10.643863677978516,2000
1998-11-03,15.75,15.8125,15.75,15.75,10.643863677978516,1300
1998-11-04,15.5,15.75,15.5,15.75,10.643863677978516,2700
1998-11-05,15.625,15.875,15.625,15.875,10.728338241577148,1700
1998-11-06,15.875,16.5,15.875,16.5,11.150712966918945,11300
1998-11-09,16.375,16.5,16.375,16.5,11.150712966918945,6000
1998-11-10,16.5,16.5,14.5,14.5625,9.841350555419922,304500
1998-11-11,14.625,14.625,14.5,14.5,9.799112319946289,6600
1998-11-12,14.5,14.5,14.4375,14.4375,9.756877899169922,25000
1998-11-13,14.375,14.375,14.125,14.125,9.54568862915039,17800
1998-11-16,14.0,14.125,13.375,14.125,9.54568862915039,27900
1998-11-17,14.125,14.125,13.875,14.0625,9.503449440002441,5500
1998-11-18,13.875,14.0,13.6875,14.0,9.501754760742188,7800
1998-11-19,14.0,14.75,14.0,14.625,9.92594051361084,38600
1998-11-20,14.5,14.625,14.5,14.625,9.92594051361084,2900
1998-11-23,14.5,14.625,13.9375,13.9375,9.459336280822754,6600
1998-11-24,13.8125,14.0,13.5625,13.5625,9.20482349395752,9600
1998-11-25,13.75,14.0,13.75,14.0,9.501754760742188,1700
1998-11-27,14.0,14.0,14.0,14.0,9.501754760742188,0
1998-11-30,14.0,14.0625,14.0,14.0,9.501754760742188,4200
1998-12-01,14.0,14.34375,14.0,14.25,9.671427726745605,11200
1998-12-02,14.25,14.3125,13.875,14.25,9.671427726745605,77500
1998-12-03,14.25,14.3125,14.25,14.3125,9.713848114013672,15500
1998-12-04,14.4375,14.5,14.25,14.5,9.841099739074707,1300
1998-12-07,14.4375,14.4375,14.25,14.25,9.671427726745605,8000
1998-12-08,14.3125,14.3125,14.25,14.25,9.671427726745605,5200
1998-12-09,14.375,14.5,14.375,14.375,9.75625991821289,2300
1998-12-10,14.5,14.875,14.375,14.8125,10.053190231323242,48000
1998-12-11,14.9375,15.0,14.8125,14.8125,10.053190231323242,1900
1998-12-14,14.8125,15.0,14.75,14.75,10.010777473449707,4000
1998-12-15,14.625,14.75,14.5,14.75,10.010777473449707,6700
1998-12-16,14.75,14.75,14.5,14.625,9.92594051361084,1400
1998-12-17,14.5,14.6875,14.5,14.625,9.92594051361084,10200
1998-12-18,14.6875,14.6875,14.625,14.625,9.92594051361084,26000
1998-12-21,14.6875,14.6875,14.4375,14.625,9.92594051361084,22400
1998-12-22,14.6875,14.6875,14.625,14.6875,9.968358039855957,38300
1998-12-23,14.625,14.6875,14.4375,14.5625,9.883522987365723,19700
1998-12-24,14.625,14.6875,14.625,14.6875,9.968358039855957,800
1998-12-28,14.6875,14.6875,14.0,14.0,9.501754760742188,22800
1998-12-29,14.375,14.375,14.25,14.25,9.671427726745605,9900
1998-12-30,14.25,14.25,14.0625,14.125,9.586592674255371,1800
1998-12-31,14.125,14.125,14.0,14.125,9.586592674255371,5100
1999-01-04,14.125,14.25,14.125,14.125,9.586592674255371,8800
1999-01-05,14.125,14.125,14.0,14.125,9.586592674255371,20200
1999-01-06,14.25,14.25,14.25,14.25,9.671427726745605,3200
1999-01-07,14.375,14.375,14.25,14.25,9.671427726745605,1800
1999-01-08,14.125,14.125,14.0,14.0,9.501754760742188,1400
1999-01-11,13.875,13.875,13.875,13.875,9.41691780090332,1700
1999-01-12,13.75,13.75,13.5,13.5625,9.20482349395752,8100
1999-01-13,13.375,13.4375,13.25,13.375,9.077569961547852,1200
1999-01-14,13.5,13.5,13.375,13.375,9.077569961547852,2700
1999-01-15,13.375,13.625,13.375,13.625,9.247244834899902,2100
1999-01-19,13.5625,13.5625,13.5,13.5,9.162406921386719,2600
1999-01-20,13.625,13.625,13.25,13.25,8.992732048034668,4000
1999-01-21,13.125,13.1875,13.125,13.1875,8.950312614440918,2600
1999-01-22,13.125,13.125,12.875,13.0,8.823057174682617,13400
1999-01-25,12.875,12.9375,12.75,12.75,8.693509101867676,2600
1999-01-26,12.875,13.0,12.875,12.9375,8.821352005004883,1300
1999-01-27,12.75,12.75,12.4375,12.4375,8.48043155670166,2100
1999-01-28,12.5,12.5,12.375,12.375,8.437814712524414,2700
1999-01-29,12.375,12.375,11.875,12.0,8.182125091552734,20900
1999-02-01,12.125,12.125,11.75,11.75,8.011663436889648,3000
1999-02-02,11.875,11.875,11.25,11.25,7.670744895935059,17800
1999-02-03,11.25,11.3125,11.125,11.25,7.670744895935059,25500
1999-02-04,11.375,11.375,11.125,11.25,7.670744895935059,26500
1999-02-05,11.25,11.3125,11.1875,11.1875,7.6281280517578125,24100
1999-02-08,11.5,11.625,11.0,11.0,7.500278949737549,16800
1999-02-09,11.125,11.25,11.0,11.25,7.670744895935059,27700
1999-02-10,11.25,11.25,10.875,10.875,7.415050029754639,9100
1999-02-11,11.0,11.0,10.625,10.6875,7.28720235824585,7400
1999-02-12,10.6875,10.6875,9.875,10.25,6.988897800445557,16400
1999-02-16,10.5,10.75,10.4375,10.5,7.159361362457275,27100
1999-02-17,10.625,10.625,10.0,10.0,6.818436145782471,7800
1999-02-18,10.125,10.4375,10.0,10.3125,7.031510353088379,10000
1999-02-19,10.4375,10.4375,10.25,10.25,6.988897800445557,38500
1999-02-22,10.375,10.5,10.375,10.5,7.159361362457275,1500
1999-02-23,10.5,10.5,10.375,10.4375,7.116741180419922,1900
1999-02-24,10.375,10.375,10.25,10.25,6.988897800445557,2400
1999-02-25,10.25,10.25,10.0,10.0625,6.861052513122559,23700
1999-02-26,10.0625,10.0625,9.9375,10.0,6.818436145782471,40600
1999-03-01,10.0,10.0,9.9375,9.9375,6.775821685791016,17800
1999-03-02,10.0,10.0,9.75,9.8125,6.690590858459473,7000
1999-03-03,9.9375,9.9375,9.75,9.75,6.647975921630859,19000
1999-03-04,9.8125,9.8125,9.75,9.75,6.647975921630859,5700
1999-03-05,9.875,9.875,9.375,9.5625,6.520130634307861,43700
1999-03-08,9.5625,9.5625,9.125,9.125,6.221822261810303,14400
1999-03-09,9.25,9.3125,9.25,9.3125,6.349669456481934,27500
1999-03-10,9.375,9.4375,9.125,9.3125,6.349669456481934,12900
1999-03-11,9.4375,9.75,9.25,9.375,6.3922858238220215,158700
1999-03-12,9.375,9.4375,9.375,9.375,6.3922858238220215,53600
1999-03-15,9.5,9.5,9.375,9.4375,6.434900283813477,22700
1999-03-16,9.5625,9.625,9.5,9.5,6.477516174316406,10400
1999-03-17,9.4375,9.4375,9.125,9.125,6.221822261810303,6400
1999-03-18,9.125,9.125,8.75,8.75,5.966131210327148,28700
1999-03-19,8.8125,8.9375,8.6875,8.75,5.966131210327148,36200
1999-03-22,8.75,8.9375,8.5,8.5,5.795670509338379,34700
1999-03-23,8.5625,8.5625,8.1875,8.1875,5.5825958251953125,25000
1999-03-24,8.3125,8.75,8.25,8.75,5.966131210327148,15500
1999-03-25,8.625,8.75,8.375,8.75,5.966131210327148,33500
1999-03-26,8.75,8.875,8.75,8.75,5.966131210327148,4300
1999-03-29,8.875,9.0,8.625,9.0,6.136592864990234,23400
1999-03-30,9.125,9.625,9.125,9.375,6.3922858238220215,61700
1999-03-31,9.75,9.875,9.5,9.5,6.477516174316406,21600
1999-04-01,9.625,9.625,9.25,9.375,6.3922858238220215,21900
1999-04-05,9.375,9.375,9.3125,9.375,6.3922858238220215,1800
1999-04-06,9.5,10.0,9.5,9.8125,6.690590858459473,111000
1999-04-07,9.8125,9.8125,9.375,9.375,6.3922858238220215,34200
1999-04-08,9.4375,9.4375,9.09375,9.1875,6.264439105987549,23000
1999-04-09,9.25,9.3125,9.125,9.25,6.307051181793213,10400
1999-04-12,9.375,9.375,9.1875,9.1875,6.264439105987549,23200
1999-04-13,8.9375,8.9375,8.4375,8.625,5.8809027671813965,52200
1999-04-14,8.625,8.9375,8.5625,8.625,5.8809027671813965,64900
1999-04-15,8.75,9.0,8.625,9.0,6.136592864990234,20800
1999-04-16,8.9375,9.0,8.9375,8.9375,6.0939788818359375,50000
1999-04-19,8.9375,9.0,8.75,8.8125,6.049356937408447,124300
1999-04-20,8.9375,9.0,8.8125,8.8125,6.049356937408447,57600
1999-04-21,8.9375,9.0,8.875,8.9375,6.135165691375732,110800
1999-04-22,8.875,9.0,8.875,9.0,6.1780686378479,138300
1999-04-23,9.0,9.0,8.875,9.0,6.1780686378479,42600
1999-04-26,9.0,9.0,8.875,9.0,6.1780686378479,49000
1999-04-27,9.0,9.0,8.9375,9.0,6.1780686378479,30000
1999-04-28,9.0,9.0,8.875,9.0,6.1780686378479,73000
1999-04-29,9.0,9.0,8.9375,9.0,6.1780686378479,30100
1999-04-30,9.0,9.0,8.9375,9.0,6.1780686378479,93200
1999-05-03,9.0,9.0,8.9375,9.0,6.1780686378479,48000
1999-05-04,9.0,9.25,9.0,9.1875,6.306778430938721,61200
1999-05-05,9.25,9.25,9.0625,9.125,6.26387357711792,17800
1999-05-06,9.1875,9.25,9.1875,9.25,6.3496785163879395,30800
1999-05-07,9.25,9.75,9.1875,9.75,6.692907810211182,108900
1999-05-10,9.75,10.625,9.5,10.625,7.293552875518799,218300
1999-05-11,10.625,10.625,10.25,10.5625,7.250649929046631,53500
1999-05-12,10.5,10.625,10.5,10.5,7.207749366760254,24100
1999-05-13,10.625,10.625,10.5625,10.625,7.293552875518799,51600
1999-05-14,10.5625,10.5625,10.25,10.3125,7.079034805297852,9700
1999-05-17,10.3125,10.3125,10.0,10.25,7.0361328125,19400
1999-05-18,10.25,10.25,10.0,10.0,6.864520072937012,10900
1999-05-19,10.125,10.5,10.0,10.3125,7.079034805297852,56700
1999-05-20,10.375,10.375,10.125,10.25,7.0361328125,21600
1999-05-21,10.25,10.25,10.125,10.1875,6.993231296539307,6500
1999-05-24,10.125,10.25,10.0625,10.1875,6.993231296539307,11200
1999-05-25,10.1875,10.1875,9.875,10.1875,6.993231296539307,29300
1999-05-26,10.1875,10.25,9.9375,9.9375,6.8216166496276855,13800
1999-05-27,10.0,10.0,9.125,9.375,6.435488700866699,51300
1999-05-28,9.4375,9.4375,9.0,9.3125,6.392584800720215,121900
1999-06-01,9.625,9.8125,9.625,9.75,6.692907810211182,32500
1999-06-02,9.75,9.75,9.46875,9.5,6.521294593811035,66400
1999-06-03,9.5,9.6875,9.4375,9.625,6.607102394104004,36000
1999-06-04,9.625,9.875,9.625,9.875,6.778714179992676,29000
1999-06-07,9.75,10.1875,9.75,9.9375,6.8216166496276855,146700
1999-06-08,9.9375,9.9375,9.75,9.875,6.778714179992676,53300
1999-06-09,9.75,9.875,9.75,9.875,6.778714179992676,9000
1999-06-10,9.875,10.0,9.8125,10.0,6.864520072937012,18600
1999-06-11,10.0,10.0625,9.875,10.0,6.864520072937012,15600
1999-06-14,9.75,10.125,9.75,10.0,6.864520072937012,30100
1999-06-15,10.0625,10.0625,10.0,10.0625,6.907423973083496,4800
1999-06-16,10.0,10.125,9.875,10.0,6.864520072937012,237500
1999-06-17,10.0,10.0625,10.0,10.0625,6.907423973083496,6100
1999-06-18,10.125,10.125,10.0,10.0,6.864520072937012,12900
1999-06-21,10.0,10.25,10.0,10.25,7.0361328125,109100
1999-06-22,10.125,10.125,10.0,10.125,6.950328350067139,21400
1999-06-23,10.25,10.25,10.0625,10.125,6.950328350067139,7400
1999-06-24,10.125,10.125,10.0625,10.0625,6.907423973083496,38600
1999-06-25,10.125,10.1875,10.0,10.0625,6.907423973083496,21800
1999-06-28,10.0,10.25,9.875,10.25,7.0361328125,64700
1999-06-29,10.125,10.25,10.0,10.125,6.950328350067139,33600
1999-06-30,10.1875,10.5,10.0,10.5,7.207749366760254,60700
1999-07-01,10.625,10.875,10.25,10.4375,7.164841175079346,26000
1999-07-02,10.625,10.625,10.4375,10.4375,7.164841175079346,10100
1999-07-06,10.5,10.875,10.5,10.625,7.293552875518799,11000
1999-07-07,10.5,10.875,10.5,10.8125,7.422260284423828,15800
1999-07-08,10.8125,10.875,10.75,10.8125,7.422260284423828,8900
1999-07-09,10.9375,11.0,10.875,11.0,7.550971031188965,6300
1999-07-12,11.0,11.25,10.875,10.9375,7.508068561553955,34100
1999-07-13,11.0625,11.1875,11.0,11.0,7.550971031188965,22100
1999-07-14,11.125,11.125,10.59375,10.625,7.293552875518799,28300
1999-07-15,10.625,10.875,10.625,10.8125,7.422260284423828,7600
1999-07-16,10.9375,11.125,10.9375,11.0625,7.593874931335449,11300
1999-07-19,11.0,11.625,10.875,11.5,7.894198894500732,43300
1999-07-20,11.625,12.25,11.5625,12.25,8.409035682678223,34200
1999-07-21,12.375,12.5,12.25,12.3125,8.45194149017334,15100
1999-07-22,12.3125,12.4375,12.125,12.125,8.323230743408203,25700
1999-07-23,11.75,11.75,11.1875,11.375,7.9460129737854,34800
1999-07-26,11.5,11.625,11.375,11.5,8.033331871032715,3800
1999-07-27,11.4375,11.625,11.4375,11.5625,8.076992988586426,10800
1999-07-28,11.6875,11.6875,11.4375,11.5625,8.076992988586426,9300
1999-07-29,11.5625,11.5625,11.375,11.4375,7.989674091339111,9400
1999-07-30,11.375,11.375,11.25,11.3125,7.902350902557373,4200
1999-08-02,11.4375,11.625,11.4375,11.5,8.033331871032715,7600
1999-08-03,11.5625,11.5625,11.25,11.25,7.8586931228637695,13800
1999-08-04,11.375,11.375,11.25,11.25,7.8586931228637695,9500
1999-08-05,11.375,11.375,10.875,10.9375,7.640397071838379,20500
1999-08-06,10.9375,10.9375,10.9375,10.9375,7.640397071838379,0
1999-08-09,10.875,10.875,10.875,10.875,7.596738338470459,1800
1999-08-10,10.875,10.875,10.5,10.625,7.4220991134643555,13100
1999-08-11,10.75,10.75,10.25,10.25,7.160144329071045,56600
1999-08-12,10.25,10.4375,10.25,10.25,7.160144329071045,23200
1999-08-13,10.375,10.375,10.375,10.375,7.247464179992676,2400
1999-08-16,10.5,10.5,10.4375,10.4375,7.291118621826172,3400
1999-08-17,10.4375,10.6875,10.4375,10.5,7.33478307723999,3900
1999-08-18,10.5,10.5625,10.5,10.5625,7.378440856933594,1700
1999-08-19,10.5,10.875,10.5,10.875,7.596738338470459,6300
1999-08-20,10.9375,10.9375,10.875,10.9375,7.640397071838379,1400
1999-08-23,10.9375,11.125,10.875,11.125,7.771378517150879,1700
1999-08-24,11.0,11.0,11.0,11.0,7.684056282043457,900
1999-08-25,11.0,11.0,10.875,10.875,7.596738338470459,2600
1999-08-26,11.0,11.0,10.75,10.75,7.509417533874512,5400
1999-08-27,10.875,10.875,10.75,10.75,7.509417533874512,2800
1999-08-30,10.875,10.875,10.625,10.625,7.4220991134643555,1100
1999-08-31,10.625,10.75,10.625,10.625,7.4220991134643555,4700
1999-09-01,10.625,10.625,10.625,10.625,7.4220991134643555,3800
1999-09-02,10.5,10.75,10.5,10.625,7.4220991134643555,9500
1999-09-03,10.75,11.0,10.75,10.75,7.509417533874512,19200
1999-09-07,10.75,10.875,10.5,10.5,7.33478307723999,8200
1999-09-08,10.5,10.625,10.5,10.625,7.4220991134643555,4700
1999-09-09,10.5625,10.5625,10.5625,10.5625,7.378440856933594,1300
1999-09-10,10.5,10.625,10.5,10.625,7.4220991134643555,7000
1999-09-13,10.625,10.625,10.625,10.625,7.4220991134643555,2100
1999-09-14,10.625,10.625,10.5,10.625,7.4220991134643555,15300
1999-09-15,10.625,11.0,10.5625,10.875,7.596738338470459,4900
1999-09-16,11.0,11.25,10.9375,11.125,7.771378517150879,7300
1999-09-17,11.25,11.375,11.0625,11.125,7.771378517150879,7300
1999-09-20,11.25,11.375,11.125,11.125,7.771378517150879,4800
1999-09-21,11.25,11.25,10.9375,11.0625,7.727715969085693,6300
1999-09-22,11.0625,11.1875,11.0,11.1875,7.815037250518799,1000
1999-09-23,11.0625,11.125,11.0,11.0,7.684056282043457,12700
1999-09-24,11.125,11.1875,11.0,11.0,7.684056282043457,1300
1999-09-27,11.125,11.125,11.0,11.0625,7.727715969085693,8300
1999-09-28,11.0,11.125,11.0,11.125,7.771378517150879,15600
1999-09-29,11.0,11.0,11.0,11.0,7.684056282043457,5800
1999-09-30,11.0,11.125,11.0,11.0625,7.727715969085693,32700
1999-10-01,11.0,11.125,11.0,11.125,7.771378517150879,49500
1999-10-04,11.0,11.0,10.625,10.8125,7.5530805587768555,10200
1999-10-05,10.875,10.875,10.75,10.75,7.509417533874512,2800
1999-10-06,10.625,10.75,10.5,10.75,7.509417533874512,21000
1999-10-07,10.6875,10.8125,10.6875,10.8125,7.5530805587768555,2900
1999-10-08,10.875,10.9375,10.75,10.75,7.509417533874512,7700
1999-10-11,10.9375,10.9375,10.875,10.875,7.596738338470459,1200
1999-10-12,10.875,10.875,10.75,10.75,7.509417533874512,3100
1999-10-13,10.75,10.75,10.75,10.75,7.509417533874512,0
1999-10-14,10.6875,10.6875,10.625,10.6875,7.465761184692383,600
1999-10-15,10.75,10.8125,10.6875,10.75,7.509417533874512,3600
1999-10-18,10.75,10.75,10.5,10.5,7.33478307723999,7700
1999-10-19,10.6875,10.6875,10.625,10.625,7.4220991134643555,11900
1999-10-20,10.625,10.625,10.625,10.625,7.4220991134643555,1100
1999-10-21,10.625,10.625,10.625,10.625,7.4220991134643555,7300
1999-10-22,10.625,10.625,10.625,10.625,7.4220991134643555,100
1999-10-25,10.625,10.6875,10.625,10.6875,7.465761184692383,4100
1999-10-26,10.5625,10.625,10.5,10.5,7.33478307723999,24500
1999-10-27,10.625,10.625,10.5625,10.625,7.4220991134643555,2300
1999-10-28,10.5625,10.5625,10.5625,10.5625,7.378440856933594,1200
1999-10-29,10.5,10.625,10.3125,10.3125,7.203803062438965,21700
1999-11-01,10.4375,10.4375,10.25,10.3125,7.203803062438965,5800
1999-11-02,10.25,10.375,10.25,10.375,7.247464179992676,4100
1999-11-03,10.375,10.375,10.3125,10.3125,7.203803062438965,1800
1999-11-04,10.25,10.3125,10.25,10.25,7.160144329071045,7100
1999-11-05,10.25,10.375,10.25,10.25,7.160144329071045,1400
1999-11-08,10.25,10.375,10.25,10.25,7.160144329071045,3300
1999-11-09,10.375,10.5625,10.25,10.25,7.160144329071045,25100
1999-11-10,10.3125,10.375,10.125,10.25,7.160144329071045,24400
1999-11-11,10.1875,10.25,10.125,10.125,7.072825908660889,15200
1999-11-12,10.125,10.125,9.875,9.9375,6.94184684753418,18900
1999-11-15,10.0,10.0625,10.0,10.0,6.985506057739258,15200
1999-11-16,10.0,10.0625,9.9375,10.0,6.985506057739258,2300
1999-11-17,9.9375,10.0,9.8125,9.9375,7.004891395568848,6500
1999-11-18,9.8125,9.9375,9.8125,9.9375,7.004891395568848,4600
1999-11-19,9.875,9.9375,9.6875,9.75,6.872725009918213,28100
1999-11-22,9.6875,9.75,9.6875,9.75,6.872725009918213,20200
1999-11-23,9.75,9.875,9.75,9.875,6.9608354568481445,4900
1999-11-24,9.875,9.875,9.75,9.75,6.872725009918213,14400
1999-11-26,9.875,9.875,9.75,9.8125,6.916779041290283,1600
1999-11-29,9.8125,9.9375,9.75,9.875,6.9608354568481445,2300
1999-11-30,9.875,10.0,9.875,10.0,7.048946857452393,1000
1999-12-01,9.9375,10.125,9.9375,10.125,7.137059688568115,3400
1999-12-02,10.0,10.125,9.875,10.0,7.048946857452393,1300
1999-12-03,10.0,10.0,9.75,10.0,7.048946857452393,4700
1999-12-06,10.0,10.0625,9.75,10.0,7.048946857452393,8100
1999-12-07,10.0,10.0,9.875,10.0,7.048946857452393,8900
1999-12-08,9.9375,10.0,9.8125,9.8125,6.916779041290283,1800
1999-12-09,9.875,10.0,9.8125,9.875,6.9608354568481445,15900
1999-12-10,9.875,10.375,9.875,10.25,7.225171089172363,372800
1999-12-13,10.625,10.625,10.375,10.4375,7.357334613800049,34600
1999-12-14,10.25,10.375,10.0,10.375,7.313283920288086,22400
1999-12-15,10.125,10.3125,9.875,9.9375,7.004891395568848,10200
1999-12-16,9.875,9.9375,9.75,9.875,6.9608354568481445,10000
1999-12-17,10.0,10.0,9.75,9.875,6.9608354568481445,21800
1999-12-20,9.75,9.75,9.75,9.75,6.872725009918213,33900
1999-12-21,9.75,9.875,9.5625,9.8125,6.916779041290283,7500
1999-12-22,9.125,9.125,8.75,8.8125,6.211884498596191,45700
1999-12-23,8.625,8.625,8.1875,8.25,5.81538200378418,81900
1999-12-27,8.3125,8.4375,8.3125,8.375,5.903492450714111,19400
1999-12-28,8.375,9.0,8.375,8.9375,6.299994945526123,110800
1999-12-29,8.8125,8.875,8.625,8.75,6.1678290367126465,41100
1999-12-30,8.875,8.875,8.75,8.75,6.1678290367126465,21500
1999-12-31,8.75,8.75,8.625,8.625,6.079716205596924,10300
2000-01-03,8.625,8.6875,8.5625,8.625,6.079716205596924,24000
2000-01-04,8.5625,8.625,8.4375,8.4375,5.947549819946289,14600
2000-01-05,8.4375,8.625,8.4375,8.625,6.079716205596924,15300
2000-01-06,8.5,8.875,8.5,8.75,6.1678290367126465,15400
2000-01-07,8.875,8.875,8.75,8.75,6.1678290367126465,39800
2000-01-10,8.75,9.125,8.75,9.0,6.344052314758301,11200
2000-01-11,9.0,9.0,8.5,8.5625,6.035661697387695,20100
2000-01-12,8.5625,8.6875,8.5,8.5,5.991603851318359,61400
2000-01-13,8.625,8.625,8.375,8.4375,5.947549819946289,127500
2000-01-14,8.5,8.625,8.5,8.625,6.079716205596924,5800
2000-01-18,8.75,8.75,8.625,8.75,6.1678290367126465,23700
2000-01-19,8.8125,8.875,8.6875,8.6875,6.123771667480469,30600
2000-01-20,8.75,8.75,8.375,8.5,5.991603851318359,40700
2000-01-21,8.625,8.6875,8.4375,8.4375,5.947549819946289,8900
2000-01-24,8.3125,8.3125,8.3125,8.3125,5.922611236572266,400
2000-01-25,8.375,8.4375,8.3125,8.375,5.967143535614014,87500
2000-01-26,8.4375,8.4375,8.375,8.375,5.967143535614014,34300
2000-01-27,8.3125,8.5,8.3125,8.375,5.967143535614014,12500
2000-01-28,8.625,8.625,8.25,8.3125,5.922611236572266,2000
2000-01-31,8.375,8.625,8.375,8.4375,6.011673450469971,6100
2000-02-01,8.5625,8.625,8.5,8.625,6.145269393920898,4900
2000-02-02,8.625,8.75,8.5625,8.6875,6.189795970916748,2900
2000-02-03,8.625,8.75,8.625,8.625,6.145269393920898,1200
2000-02-04,8.5,9.0,8.5,8.875,6.323389530181885,15300
2000-02-07,8.75,8.75,8.625,8.625,6.145269393920898,5300
2000-02-08,8.75,9.125,8.5625,9.0,6.412452220916748,17800
2000-02-09,9.0,9.0,8.5,8.5,6.056203365325928,15400
2000-02-10,8.5,8.625,8.4375,8.625,6.145269393920898,11900
2000-02-11,8.75,8.75,8.375,8.375,5.967143535614014,7400
2000-02-14,8.375,8.5,8.375,8.5,6.056203365325928,21000
2000-02-15,8.625,8.625,8.3125,8.3125,5.922611236572266,265100
2000-02-16,8.375,8.5,8.3125,8.4375,6.011673450469971,6700
2000-02-17,8.4375,8.4375,8.25,8.25,5.878080368041992,15400
2000-02-18,8.375,8.375,8.25,8.25,5.878080368041992,4400
2000-02-22,8.375,8.4375,8.1875,8.3125,5.922611236572266,25000
2000-02-23,8.25,8.25,8.1875,8.1875,5.833548069000244,9400
2000-02-24,8.25,8.25,8.125,8.125,5.789017200469971,1500
2000-02-25,8.125,8.125,8.0625,8.0625,5.744487762451172,3200
2000-02-28,8.125,8.25,8.0625,8.25,5.878080368041992,2900
2000-02-29,8.125,8.25,8.125,8.25,5.878080368041992,1600
2000-03-01,8.25,8.25,8.0625,8.125,5.789017200469971,3600
2000-03-02,8.125,8.125,7.9375,7.9375,5.655424118041992,14100
2000-03-03,7.875,8.0,7.875,7.9375,5.655424118041992,20000
2000-03-06,8.0625,8.0625,7.875,7.9375,5.655424118041992,21600
2000-03-07,7.875,8.0,7.875,7.875,5.610893726348877,6600
2000-03-08,7.875,7.875,7.8125,7.8125,5.5663628578186035,14300
2000-03-09,7.8125,7.8125,7.75,7.75,5.521832466125488,5000
2000-03-10,7.875,7.875,7.75,7.75,5.521832466125488,5800
2000-03-13,7.625,7.875,7.625,7.875,5.610893726348877,16500
2000-03-14,8.0,8.0,7.9375,7.9375,5.655424118041992,7500
2000-03-15,7.9375,8.25,7.9375,8.25,5.878080368041992,21500
2000-03-16,8.125,8.125,7.9375,8.0625,5.744487762451172,1600
2000-03-17,8.0625,8.0625,7.875,7.875,5.610893726348877,12700
2000-03-20,7.875,8.0,7.875,7.875,5.610893726348877,6200
2000-03-21,7.875,8.0625,7.875,8.0625,5.744487762451172,13400
2000-03-22,8.0625,8.0625,7.875,7.9375,5.655424118041992,19500
2000-03-23,7.875,7.875,7.875,7.875,5.610893726348877,800
2000-03-24,7.875,7.9375,7.875,7.875,5.610893726348877,10800
2000-03-27,7.875,8.0625,7.875,8.0,5.69995641708374,3900
2000-03-28,8.0625,8.0625,7.875,7.875,5.610893726348877,3000
2000-03-29,8.0,8.0,7.75,7.75,5.521832466125488,2700
2000-03-30,7.625,7.6875,7.5,7.625,5.432769775390625,7000
2000-03-31,7.5,7.875,7.5,7.8125,5.5663628578186035,11300
2000-04-03,7.75,7.875,7.5,7.875,5.610893726348877,13000
2000-04-04,8.0,8.4375,8.0,8.375,5.967143535614014,25200
2000-04-05,8.25,8.375,8.25,8.3125,5.922611236572266,18600
2000-04-06,8.375,8.375,8.375,8.375,5.967143535614014,300
2000-04-07,8.375,8.375,8.25,8.25,5.878080368041992,5100
2000-04-10,8.25,8.25,8.0,8.0,5.69995641708374,3400
2000-04-11,8.0,8.0,7.9375,7.9375,5.655424118041992,2800
2000-04-12,8.0,8.0,7.875,7.9375,5.655424118041992,2100
2000-04-13,7.875,7.9375,7.625,7.6875,5.477301597595215,22500
2000-04-14,7.5,7.5,7.3125,7.4375,5.299177646636963,12300
2000-04-17,7.1875,7.25,7.0,7.0625,5.031993389129639,17900
2000-04-18,7.0625,7.375,7.0625,7.375,5.254645824432373,6600
2000-04-19,7.375,7.75,7.375,7.75,5.521832466125488,4900
2000-04-20,7.625,7.625,7.5625,7.5625,5.388240814208984,1200
2000-04-24,7.5,7.625,7.5,7.625,5.498204231262207,4600
2000-04-25,7.625,7.625,7.5625,7.5625,5.453138828277588,1200
2000-04-26,7.6875,7.6875,7.5625,7.5625,5.453138828277588,3800
2000-04-27,7.5,7.625,7.5,7.625,5.498204231262207,3200
2000-04-28,7.625,7.75,7.625,7.625,5.498204231262207,700
2000-05-01,7.625,7.75,7.5625,7.6875,5.543271064758301,2100
2000-05-02,7.75,7.75,7.5,7.5,5.4080705642700195,8300
2000-05-03,7.625,7.625,7.625,7.625,5.498204231262207,200
2000-05-04,7.5,7.625,7.5,7.5625,5.453138828277588,2400
2000-05-05,7.5625,7.875,7.375,7.5,5.4080705642700195,8600
2000-05-08,7.5,7.625,7.5,7.625,5.498204231262207,11100
2000-05-09,7.5625,7.5625,7.5,7.5,5.4080705642700195,5700
2000-05-10,7.5,7.5625,7.4375,7.5625,5.453138828277588,2400
2000-05-11,7.6875,7.75,7.5625,7.75,5.588339805603027,5500
2000-05-12,7.625,7.75,7.625,7.75,5.588339805603027,7600
2000-05-15,7.875,7.9375,7.875,7.9375,5.723541736602783,1200
2000-05-16,8.0,8.0,7.875,7.875,5.67847204208374,4700
2000-05-17,8.0625,8.0625,8.0625,8.0625,5.813675880432129,1400
2000-05-18,8.0,8.0,8.0,8.0,5.768607139587402,2000
2000-05-19,7.875,7.875,7.875,7.875,5.67847204208374,400
2000-05-22,7.75,7.8125,7.6875,7.8125,5.6334052085876465,1400
2000-05-23,7.6875,7.75,7.6875,7.75,5.588339805603027,2200
2000-05-24,7.625,7.625,7.375,7.375,5.317934989929199,2100
2000-05-25,7.5,7.5625,7.5,7.5,5.4080705642700195,13000
2000-05-26,7.375,7.5,7.375,7.5,5.4080705642700195,7900
2000-05-30,7.4375,7.4375,7.375,7.375,5.317934989929199,2800
2000-05-31,7.5,7.625,7.5,7.5,5.4080705642700195,1300
2000-06-01,7.625,7.625,7.625,7.625,5.498204231262207,2600
2000-06-02,7.625,7.75,7.625,7.75,5.588339805603027,400
2000-06-05,7.8125,8.375,7.75,8.375,6.039012908935547,8000
2000-06-06,8.5,9.0,8.5,9.0,6.489685535430908,13700
2000-06-07,8.875,9.0,8.875,9.0,6.489685535430908,3200
2000-06-08,9.0,9.0,8.625,8.6875,6.264345645904541,6200
2000-06-09,8.75,8.9375,8.75,8.875,6.3995490074157715,19700
2000-06-12,9.0,9.125,8.875,8.875,6.3995490074157715,23500
2000-06-13,9.0,9.0,8.8125,8.875,6.3995490074157715,3200
2000-06-14,8.75,9.0,8.75,9.0,6.489685535430908,5800
2000-06-15,8.875,9.25,8.875,9.25,6.669953346252441,3200
2000-06-16,9.125,9.125,9.0,9.0,6.489685535430908,1700
2000-06-19,8.875,8.9375,8.625,8.625,6.219282150268555,2400
2000-06-20,8.5,8.5,8.375,8.375,6.039012908935547,1300
2000-06-21,8.3125,8.4375,8.3125,8.375,6.039012908935547,2100
2000-06-22,8.25,8.25,8.0,8.125,5.85874080657959,6000
2000-06-23,8.0,8.0,8.0,8.0,5.768607139587402,1900
2000-06-26,7.875,7.875,7.875,7.875,5.67847204208374,400
2000-06-27,7.75,7.75,7.5,7.5625,5.453138828277588,2700
2000-06-28,7.625,7.75,7.375,7.5,5.4080705642700195,3100
2000-06-29,7.375,7.375,7.25,7.375,5.317934989929199,1200
2000-06-30,7.25,7.375,7.25,7.25,5.227802753448486,3300
2000-07-03,7.25,7.25,7.25,7.25,5.227802753448486,100
2000-07-05,7.375,7.375,7.25,7.375,5.317934989929199,3800
2000-07-06,7.3125,7.625,7.3125,7.625,5.498204231262207,8300
2000-07-07,7.75,7.75,7.6875,7.6875,5.543271064758301,1200
2000-07-10,7.8125,7.8125,7.6875,7.6875,5.543271064758301,700
2000-07-11,7.8125,7.9375,7.8125,7.8125,5.6334052085876465,1400
2000-07-12,7.9375,8.25,7.9375,8.1875,5.903810024261475,5700
2000-07-13,8.25,8.25,8.125,8.125,5.85874080657959,700
2000-07-14,8.25,8.25,8.25,8.25,5.948875904083252,800
2000-07-17,8.125,8.25,8.125,8.25,5.948875904083252,2100
2000-07-18,8.25,8.375,8.25,8.25,5.948875904083252,1600
2000-07-19,8.25,8.375,8.25,8.375,6.039012908935547,2800
2000-07-20,8.375,8.625,8.375,8.625,6.219282150268555,6600
2000-07-21,8.75,8.875,8.75,8.875,6.3995490074157715,17900
2000-07-24,8.625,8.625,8.5,8.625,6.282995700836182,400
2000-07-25,8.75,8.75,8.625,8.6875,6.328524589538574,2300
2000-07-26,8.625,8.6875,8.5,8.5,6.191937446594238,1800
2000-07-27,8.5,8.75,8.4375,8.4375,6.146408557891846,3900
2000-07-28,8.4375,8.4375,8.4375,8.4375,6.146408557891846,400
2000-07-31,8.3125,8.3125,8.3125,8.3125,6.0553507804870605,1000
2000-08-01,8.4375,8.4375,8.375,8.375,6.100878715515137,2400
2000-08-02,8.4375,8.5,8.4375,8.4375,6.146408557891846,7800
2000-08-03,8.375,8.5,8.25,8.25,6.00982141494751,3000
2000-08-04,8.375,8.5,8.25,8.375,6.100878715515137,6100
2000-08-07,8.375,8.375,8.375,8.375,6.100878715515137,0
2000-08-08,8.25,8.75,8.25,8.6875,6.328524589538574,6600
2000-08-09,8.8125,8.8125,8.8125,8.8125,6.419581413269043,700
2000-08-10,8.6875,8.6875,8.6875,8.6875,6.328524589538574,100
2000-08-11,8.5625,8.5625,8.5625,8.5625,6.237466335296631,2400
2000-08-14,8.5,8.5,8.5,8.5,6.191937446594238,1200
2000-08-15,8.375,8.375,8.25,8.375,6.100878715515137,3300
2000-08-16,8.375,8.625,8.375,8.375,6.100878715515137,10200
2000-08-17,8.5,8.5,8.1875,8.375,6.100878715515137,19100
2000-08-18,8.25,8.625,8.25,8.625,6.282995700836182,3200
2000-08-21,8.625,8.625,8.5,8.625,6.282995700836182,4400
2000-08-22,8.5,8.625,8.5,8.5625,6.237466335296631,8300
2000-08-23,8.4375,8.6875,8.4375,8.6875,6.328524589538574,3000
2000-08-24,8.5625,8.6875,8.375,8.4375,6.146408557891846,6500
2000-08-25,8.4375,8.625,8.4375,8.5625,6.237466335296631,5100
2000-08-28,8.5,8.625,8.5,8.5,6.191937446594238,12600
2000-08-29,8.625,8.75,8.625,8.75,6.374053955078125,1400
2000-08-30,8.625,8.625,8.625,8.625,6.282995700836182,200
2000-08-31,8.625,8.625,8.25,8.25,6.00982141494751,4600
2000-09-01,8.25,8.25,8.25,8.25,6.00982141494751,300
2000-09-05,8.25,8.625,8.25,8.5,6.191937446594238,5600
2000-09-06,8.625,8.9375,8.625,8.9375,6.5106377601623535,15600
2000-09-07,9.0,9.0,8.75,8.75,6.374053955078125,4000
2000-09-08,8.75,8.75,8.75,8.75,6.374053955078125,1100
2000-09-11,9.0,9.0,8.75,8.9375,6.5106377601623535,3100
2000-09-12,8.8125,8.8125,8.625,8.625,6.282995700836182,29300
2000-09-13,8.625,8.75,8.625,8.75,6.374053955078125,6000
2000-09-14,8.5,8.5,8.5,8.5,6.191937446594238,600
2000-09-15,8.5,8.5,8.5,8.5,6.191937446594238,200
2000-09-18,8.5,8.5,8.5,8.5,6.191937446594238,2200
2000-09-19,8.5,8.5,8.375,8.375,6.100878715515137,3100
2000-09-20,8.375,8.375,8.375,8.375,6.100878715515137,500
2000-09-21,8.375,8.375,8.375,8.375,6.100878715515137,300
2000-09-22,8.375,8.375,8.375,8.375,6.100878715515137,500
2000-09-25,8.375,8.375,8.375,8.375,6.100878715515137,0
2000-09-26,8.375,8.625,8.375,8.625,6.282995700836182,200
2000-09-27,8.375,8.6875,8.375,8.625,6.282995700836182,3200
2000-09-28,8.5,8.5,8.5,8.5,6.191937446594238,1100
2000-09-29,8.5,8.5,8.5,8.5,6.191937446594238,26800
2000-10-02,8.375,8.375,8.3125,8.375,6.100878715515137,2600
2000-10-03,8.375,8.375,8.375,8.375,6.100878715515137,2000
2000-10-04,8.375,8.375,8.375,8.375,6.100878715515137,0
2000-10-05,8.375,8.375,8.375,8.375,6.100878715515137,500
2000-10-06,8.375,8.375,8.375,8.375,6.100878715515137,0
2000-10-09,8.5,8.75,8.5,8.75,6.374053955078125,7300
2000-10-10,8.6875,8.6875,8.6875,8.6875,6.328524589538574,2000
2000-10-11,8.625,8.8125,8.5625,8.5625,6.237466335296631,7300
2000-10-12,8.4375,8.75,8.4375,8.6875,6.328524589538574,7900
2000-10-13,8.5625,8.6875,8.375,8.375,6.100878715515137,4100
2000-10-16,8.375,8.375,8.375,8.375,6.100878715515137,2000
2000-10-17,8.375,8.5,8.375,8.5,6.191937446594238,1500
2000-10-18,8.375,8.4375,8.375,8.4375,6.146408557891846,2900
2000-10-19,8.375,8.4375,8.375,8.4375,6.146408557891846,3700
2000-10-20,8.5,8.5,8.125,8.25,6.00982141494751,8700
2000-10-23,8.625,10.1875,8.5,10.0,7.284632682800293,52700
2000-10-24,9.625,9.625,9.375,9.5,6.920401096343994,15500
2000-10-25,9.5,9.5,9.125,9.125,6.647225856781006,6400
2000-10-26,9.125,9.25,8.875,8.875,6.465109348297119,6700
2000-10-27,8.875,8.875,8.75,8.75,6.374053955078125,6100
2000-10-30,9.0,9.0,8.75,8.75,6.374053955078125,16100
2000-10-31,8.875,9.0,8.8125,8.875,6.465109348297119,6800
2000-11-01,9.0,9.25,8.875,8.875,6.465109348297119,8500
2000-11-02,8.9375,9.0,8.9375,9.0,6.556169033050537,2400
2000-11-03,8.875,9.0,8.625,8.8125,6.419581413269043,15600
2000-11-06,8.9375,9.125,8.8125,8.875,6.465109348297119,11500
2000-11-07,8.875,9.1875,8.875,9.1875,6.692755222320557,9700
2000-11-08,9.6875,9.6875,9.4375,9.5,6.920401096343994,10600
2000-11-09,9.375,9.4375,9.25,9.25,6.738285064697266,9800
2000-11-10,9.3125,9.375,9.25,9.25,6.738285064697266,2900
2000-11-13,9.25,9.375,9.25,9.25,6.738285064697266,2700
2000-11-14,9.375,9.5,9.125,9.125,6.647225856781006,11300
2000-11-15,9.25,9.25,9.25,9.25,6.738285064697266,3100
2000-11-16,9.25,9.25,9.25,9.25,6.738285064697266,400
2000-11-17,9.375,9.375,9.375,9.375,6.829344272613525,300
2000-11-20,9.375,9.375,9.375,9.375,6.895540714263916,1000
2000-11-21,9.5,9.5,9.25,9.25,6.8035993576049805,2900
2000-11-22,9.5,9.875,9.5,9.5,6.987481117248535,16900
2000-11-24,9.625,9.875,9.625,9.875,7.263303756713867,5200
2000-11-27,9.9375,10.0,9.8125,9.875,7.263303756713867,6000
2000-11-28,9.75,10.0,9.75,10.0,7.3552422523498535,2000
2000-11-29,9.8125,9.8125,9.8125,9.8125,7.217334270477295,900
2000-11-30,9.875,9.875,9.5,9.5625,7.03345251083374,6200
2000-12-01,9.4375,9.4375,9.25,9.25,6.8035993576049805,13300
2000-12-04,9.25,9.25,9.125,9.125,6.711657524108887,11000
2000-12-05,9.125,9.5,9.125,9.375,6.895540714263916,6900
2000-12-06,9.25,9.5,9.25,9.3125,6.849569320678711,1500
2000-12-07,9.3125,9.3125,9.125,9.25,6.8035993576049805,3300
2000-12-08,9.25,9.4375,9.25,9.25,6.8035993576049805,3700
2000-12-11,9.25,9.5,9.125,9.25,6.8035993576049805,12400
2000-12-12,9.375,9.375,9.0625,9.0625,6.6656880378723145,9900
2000-12-13,9.0625,9.0625,8.6875,8.9375,6.5737457275390625,12500
2000-12-14,8.9375,9.0625,8.9375,9.0,6.619718074798584,1200
2000-12-15,9.0,9.0,8.875,9.0,6.619718074798584,4100
2000-12-18,9.0,9.0,8.875,8.875,6.527777671813965,4400
2000-12-19,8.875,8.875,8.75,8.8125,6.481808185577393,4000
2000-12-20,8.75,8.75,8.75,8.75,6.435837745666504,100
2000-12-21,8.75,8.75,8.625,8.625,6.343899250030518,1400
2000-12-22,8.625,8.625,8.4375,8.5625,6.297926902770996,2700
2000-12-26,8.5625,8.5625,8.5,8.5,6.251955986022949,200
2000-12-27,8.5,8.5,8.1875,8.3125,6.114045143127441,12100
2000-12-28,8.4375,8.5625,8.4375,8.4375,6.205986499786377,2700
2000-12-29,8.4375,8.4375,8.125,8.25,6.068074703216553,6300
2001-01-02,8.25,8.25,8.25,8.25,6.068074703216553,0
2001-01-03,8.375,8.5,8.375,8.5,6.251955986022949,2700
2001-01-04,8.625,8.6875,8.625,8.6875,6.389867305755615,2600
2001-01-05,8.6875,8.6875,8.5,8.6875,6.389867305755615,7300
2001-01-08,8.6875,8.6875,8.625,8.6875,6.389867305755615,3700
2001-01-09,8.75,9.625,8.75,9.5,6.987481117248535,34900
2001-01-10,9.75,9.875,9.5625,9.5625,7.03345251083374,12500
2001-01-11,9.6875,10.0,9.6875,10.0,7.3552422523498535,8300
2001-01-12,10.0,10.0,9.625,9.625,7.07942008972168,4700
2001-01-16,9.75,9.75,9.375,9.4375,6.941512584686279,4400
2001-01-17,9.375,9.5,9.375,9.5,6.987481117248535,6200
2001-01-18,9.625,9.9375,9.625,9.75,7.171363353729248,27200
2001-01-19,9.6875,9.9375,9.5625,9.625,7.07942008972168,3200
2001-01-22,9.625,9.75,9.375,9.375,6.960628032684326,11600
2001-01-23,9.5,9.5625,9.5,9.5625,7.09984016418457,600
2001-01-24,9.5625,9.5625,9.0,9.0,6.682201385498047,6200
2001-01-25,9.0,9.0,8.8125,8.875,6.58939266204834,4200
2001-01-26,9.0,9.0625,8.9375,9.0,6.682201385498047,8300
2001-01-29,8.800000190734863,8.989999771118164,8.75,8.989999771118164,6.67477560043335,3200
2001-01-30,8.9399995803833,8.949999809265137,8.800000190734863,8.949999809265137,6.645077228546143,3400
2001-01-31,8.800000190734863,9.149999618530273,8.800000190734863,9.0600004196167,6.726749897003174,6100
2001-02-01,9.199999809265137,9.199999809265137,9.119999885559082,9.119999885559082,6.771296501159668,1400
2001-02-02,9.25,9.399999618530273,9.25,9.390000343322754,6.971761703491211,2800
2001-02-05,9.399999618530273,9.489999771118164,9.399999618530273,9.489999771118164,7.046009540557861,1800
2001-02-06,9.5,9.800000190734863,9.5,9.760000228881836,7.246476173400879,6000
2001-02-07,9.960000038146973,9.960000038146973,9.75,9.800000190734863,7.276176452636719,11400
2001-02-08,9.800000190734863,9.899999618530273,9.800000190734863,9.899999618530273,7.35042142868042,6600
2001-02-09,10.0,10.300000190734863,10.0,10.149999618530273,7.536036014556885,24000
2001-02-12,10.0,10.100000381469727,10.0,10.029999732971191,7.446941375732422,4800
2001-02-13,10.020000457763672,10.149999618530273,10.020000457763672,10.09000015258789,7.491489887237549,700
2001-02-14,10.199999809265137,10.25,10.0,10.039999961853027,7.454365253448486,9400
2001-02-15,10.0,10.100000381469727,10.0,10.0,7.424665927886963,7400
2001-02-16,10.0,10.0,9.949999809265137,10.0,7.424665927886963,12700
2001-02-20,10.0,10.0,10.0,10.0,7.424665927886963,6100
2001-02-21,10.079999923706055,10.079999923706055,9.899999618530273,10.0,7.424665927886963,16000
2001-02-22,10.0,10.0,9.819999694824219,9.819999694824219,7.291022777557373,4800
2001-02-23,9.819999694824219,9.819999694824219,9.600000381469727,9.600000381469727,7.127681732177734,4400
2001-02-26,9.600000381469727,9.600000381469727,9.600000381469727,9.600000381469727,7.127681732177734,300
2001-02-27,9.600000381469727,9.800000190734863,9.600000381469727,9.800000190734863,7.276176452636719,3400
2001-02-28,9.850000381469727,9.850000381469727,9.75,9.850000381469727,7.31329870223999,2800
2001-03-01,9.800000190734863,9.850000381469727,9.800000190734863,9.850000381469727,7.31329870223999,600
2001-03-02,8.949999809265137,9.0,8.399999618530273,8.800000190734863,6.533709526062012,74100
2001-03-05,8.800000190734863,9.050000190734863,8.699999809265137,8.949999809265137,6.645077228546143,7300
2001-03-06,9.0,9.0600004196167,8.899999618530273,9.0600004196167,6.726749897003174,3000
2001-03-07,9.0,9.109999656677246,9.0,9.109999656677246,6.7638726234436035,9400
2001-03-08,9.15999984741211,9.15999984741211,9.0,9.100000381469727,6.756447792053223,2300
2001-03-09,9.100000381469727,9.199999809265137,9.010000228881836,9.100000381469727,6.756447792053223,15600
2001-03-12,8.850000381469727,9.039999961853027,8.850000381469727,9.0,6.682201385498047,11500
2001-03-13,9.0,9.100000381469727,8.850000381469727,9.079999923706055,6.7415995597839355,25500
2001-03-14,9.0,9.0,8.899999618530273,9.0,6.682201385498047,5300
2001-03-15,9.0600004196167,9.0600004196167,9.050000190734863,9.050000190734863,6.719323635101318,600
2001-03-16,9.100000381469727,9.100000381469727,9.0,9.09000015258789,6.749022006988525,1700
2001-03-19,9.050000190734863,9.050000190734863,8.800000190734863,9.0,6.682201385498047,34700
2001-03-20,9.0,9.100000381469727,9.0,9.050000190734863,6.719323635101318,4100
2001-03-21,9.050000190734863,9.25,9.0,9.0,6.682201385498047,21800
2001-03-22,9.0,9.100000381469727,8.899999618530273,9.0,6.682201385498047,20200
2001-03-23,9.100000381469727,9.100000381469727,8.949999809265137,8.949999809265137,6.645077228546143,2300
2001-03-26,8.949999809265137,8.949999809265137,8.949999809265137,8.949999809265137,6.645077228546143,200
2001-03-27,8.75,8.75,8.350000381469727,8.350000381469727,6.1995978355407715,14900
2001-03-28,8.449999809265137,8.449999809265137,8.149999618530273,8.149999618530273,6.0511040687561035,7200
2001-03-29,8.25,8.5,8.25,8.399999618530273,6.236721038818359,6700
2001-03-30,8.5,8.800000190734863,8.5,8.699999809265137,6.459461212158203,10300
2001-04-02,8.800000190734863,8.850000381469727,8.800000190734863,8.850000381469727,6.570830821990967,800
2001-04-03,8.75,8.899999618530273,8.75,8.850000381469727,6.570830821990967,4200
2001-04-04,8.850000381469727,8.949999809265137,8.850000381469727,8.949999809265137,6.645077228546143,600
2001-04-05,8.930000305175781,8.930000305175781,8.930000305175781,8.930000305175781,6.630229473114014,500
2001-04-06,8.899999618530273,9.0,8.899999618530273,8.899999618530273,6.607954502105713,3100
2001-04-09,8.899999618530273,8.899999618530273,8.899999618530273,8.899999618530273,6.607954502105713,0
2001-04-10,9.0,9.100000381469727,8.899999618530273,9.0,6.682201385498047,8000
2001-04-11,8.989999771118164,9.079999923706055,8.989999771118164,9.079999923706055,6.7415995597839355,700
2001-04-12,9.0600004196167,9.100000381469727,9.0,9.0,6.682201385498047,14900
2001-04-16,9.069999694824219,9.069999694824219,8.949999809265137,9.0,6.682201385498047,8400
2001-04-17,9.0,9.050000190734863,8.979999542236328,9.0,6.682201385498047,3900
2001-04-18,9.100000381469727,9.149999618530273,8.899999618530273,8.949999809265137,6.645077228546143,27900
2001-04-19,8.899999618530273,8.90999984741211,8.899999618530273,8.90999984741211,6.615376949310303,1900
2001-04-20,8.899999618530273,9.0,8.899999618530273,8.989999771118164,6.67477560043335,2500
2001-04-23,9.0,9.079999923706055,9.0,9.0,6.7497735023498535,4700
2001-04-24,9.0,9.050000190734863,8.979999542236328,8.979999542236328,6.734772205352783,1900
2001-04-25,8.979999542236328,9.050000190734863,8.899999618530273,8.949999809265137,6.712274074554443,4600
2001-04-26,8.949999809265137,8.949999809265137,8.880000114440918,8.890000343322754,6.6672773361206055,2800
2001-04-27,8.899999618530273,8.899999618530273,8.850000381469727,8.850000381469727,6.637278079986572,400
2001-04-30,8.880000114440918,8.899999618530273,8.75,8.899999618530273,6.674776077270508,2700
2001-05-01,8.899999618530273,8.899999618530273,8.850000381469727,8.880000114440918,6.659777641296387,1100
2001-05-02,8.880000114440918,8.880000114440918,8.75,8.880000114440918,6.659777641296387,4000
2001-05-03,8.850000381469727,8.850000381469727,8.850000381469727,8.850000381469727,6.637278079986572,300
2001-05-04,8.850000381469727,8.890000343322754,8.850000381469727,8.890000343322754,6.6672773361206055,1600
2001-05-07,8.850000381469727,8.899999618530273,8.850000381469727,8.850000381469727,6.637278079986572,3800
2001-05-08,8.899999618530273,9.0,8.899999618530273,9.0,6.7497735023498535,1200
2001-05-09,9.050000190734863,9.069999694824219,9.050000190734863,9.050000190734863,6.787271499633789,700
2001-05-10,9.050000190734863,9.050000190734863,9.050000190734863,9.050000190734863,6.787271499633789,100
2001-05-11,9.020000457763672,9.079999923706055,9.020000457763672,9.079999923706055,6.809772491455078,1900
2001-05-14,9.079999923706055,9.079999923706055,9.0,9.0,6.7497735023498535,2100
2001-05-15,9.050000190734863,9.09000015258789,9.0,9.09000015258789,6.8172712326049805,2700
2001-05-16,9.09000015258789,9.09000015258789,9.09000015258789,9.09000015258789,6.8172712326049805,1900
2001-05-17,9.09000015258789,9.09000015258789,8.899999618530273,8.949999809265137,6.712274074554443,3400
2001-05-18,8.949999809265137,8.949999809265137,8.930000305175781,8.930000305175781,6.6972761154174805,2900
2001-05-21,8.930000305175781,8.930000305175781,8.930000305175781,8.930000305175781,6.6972761154174805,1300
2001-05-22,8.930000305175781,8.949999809265137,8.90999984741211,8.9399995803833,6.704775810241699,5200
2001-05-23,8.9399995803833,8.9399995803833,8.899999618530273,8.9399995803833,6.704775810241699,10400
2001-05-24,8.899999618530273,8.899999618530273,8.850000381469727,8.899999618530273,6.674776077270508,2100
2001-05-25,8.949999809265137,9.0,8.949999809265137,8.979999542236328,6.734772205352783,1700
2001-05-29,9.050000190734863,9.050000190734863,8.949999809265137,9.0,6.7497735023498535,9900
2001-05-30,9.079999923706055,9.079999923706055,8.949999809265137,9.0,6.7497735023498535,6300
2001-05-31,8.979999542236328,9.0,8.949999809265137,8.949999809265137,6.712274074554443,7700
2001-06-01,9.0,9.0,8.949999809265137,8.949999809265137,6.712274074554443,3800
2001-06-04,9.0,9.0,8.949999809265137,9.0,6.7497735023498535,2100
2001-06-05,9.050000190734863,9.050000190734863,8.899999618530273,8.949999809265137,6.712274074554443,9100
2001-06-06,9.0,9.050000190734863,8.949999809265137,8.949999809265137,6.712274074554443,4200
2001-06-07,9.0,9.0,8.949999809265137,8.949999809265137,6.712274074554443,5100
2001-06-08,9.0,9.0,9.0,9.0,6.7497735023498535,900
2001-06-11,8.949999809265137,8.949999809265137,8.760000228881836,8.800000190734863,6.599780082702637,8200
2001-06-12,8.800000190734863,8.800000190734863,8.550000190734863,8.550000190734863,6.412283420562744,10500
2001-06-13,8.600000381469727,8.75,8.600000381469727,8.699999809265137,6.524780750274658,8300
2001-06-14,8.75,8.75,8.600000381469727,8.649999618530273,6.487281799316406,6300
2001-06-15,8.649999618530273,8.680000305175781,8.649999618530273,8.680000305175781,6.509781360626221,400
2001-06-18,8.680000305175781,8.6899995803833,8.600000381469727,8.600000381469727,6.4497857093811035,8500
2001-06-19,8.649999618530273,8.649999618530273,8.550000190734863,8.600000381469727,6.4497857093811035,2000
2001-06-20,8.550000190734863,8.550000190734863,8.5,8.539999961853027,6.404784679412842,2400
2001-06-21,8.539999961853027,8.550000190734863,8.5,8.550000190734863,6.412283420562744,4500
2001-06-22,8.5,8.529999732971191,8.5,8.529999732971191,6.397286891937256,2100
2001-06-25,8.5,8.600000381469727,8.5,8.600000381469727,6.4497857093811035,12100
2001-06-26,8.649999618530273,8.899999618530273,8.649999618530273,8.850000381469727,6.637278079986572,25300
2001-06-27,8.949999809265137,9.100000381469727,8.949999809265137,9.079999923706055,6.809772491455078,7400
2001-06-28,9.050000190734863,9.350000381469727,9.050000190734863,9.350000381469727,7.012265682220459,10600
2001-06-29,9.40999984741211,9.40999984741211,9.199999809265137,9.289999961853027,6.96726655960083,15300
2001-07-02,9.25,9.350000381469727,9.199999809265137,9.350000381469727,7.012265682220459,3800
2001-07-03,9.5,9.5,9.350000381469727,9.399999618530273,7.049764633178711,14200
2001-07-05,9.399999618530273,9.600000381469727,9.399999618530273,9.550000190734863,7.162263870239258,3000
2001-07-06,9.550000190734863,9.550000190734863,9.399999618530273,9.5,7.124764919281006,2300
2001-07-09,9.399999618530273,9.399999618530273,9.010000228881836,9.010000228881836,6.757273197174072,9500
2001-07-10,9.149999618530273,9.170000076293945,8.399999618530273,8.449999809265137,6.337286472320557,18000
2001-07-11,8.489999771118164,8.5,8.489999771118164,8.5,6.374788284301758,3000
2001-07-12,8.449999809265137,8.5,8.449999809265137,8.489999771118164,6.367285251617432,1100
2001-07-13,8.550000190734863,8.550000190734863,8.550000190734863,8.550000190734863,6.412283420562744,400
2001-07-16,8.40999984741211,8.539999961853027,8.40999984741211,8.539999961853027,6.404784679412842,200
2001-07-17,8.4399995803833,8.5,8.4399995803833,8.5,6.374788284301758,3500
2001-07-18,8.649999618530273,8.699999809265137,8.550000190734863,8.600000381469727,6.4497857093811035,1400
2001-07-19,8.699999809265137,8.75,8.699999809265137,8.75,6.562282085418701,1400
2001-07-20,8.760000228881836,8.989999771118164,8.760000228881836,8.979999542236328,6.734772205352783,7900
2001-07-23,8.850000381469727,8.949999809265137,8.40999984741211,8.40999984741211,6.371142864227295,4800
2001-07-24,8.550000190734863,8.550000190734863,8.260000228881836,8.260000228881836,6.257508754730225,2000
2001-07-25,8.399999618530273,8.550000190734863,8.399999618530273,8.529999732971191,6.462050437927246,7900
2001-07-26,8.600000381469727,8.630000114440918,8.600000381469727,8.630000114440918,6.537807464599609,400
2001-07-27,8.619999885559082,8.75,8.619999885559082,8.75,6.628714084625244,1500
2001-07-30,8.699999809265137,8.789999961853027,8.649999618530273,8.779999732971191,6.651442527770996,1500
2001-07-31,8.789999961853027,8.789999961853027,8.699999809265137,8.75,6.628714084625244,9300
2001-08-01,8.75,8.779999732971191,8.649999618530273,8.75,6.628714084625244,2300
2001-08-02,8.770000457763672,8.789999961853027,8.760000228881836,8.789999961853027,6.659018039703369,1400
2001-08-03,8.779999732971191,8.779999732971191,8.609999656677246,8.75,6.628714084625244,4100
2001-08-06,8.800000190734863,8.800000190734863,8.399999618530273,8.399999618530273,6.36356782913208,6800
2001-08-07,8.399999618530273,8.5,8.399999618530273,8.449999809265137,6.401444911956787,3400
2001-08-08,8.5,8.5,8.449999809265137,8.449999809265137,6.401444911956787,1100
2001-08-09,8.5,8.569999694824219,8.350000381469727,8.350000381469727,6.325688362121582,5800
2001-08-10,8.350000381469727,8.399999618530273,8.350000381469727,8.390000343322754,6.355991363525391,1500
2001-08-13,8.289999961853027,8.399999618530273,8.289999961853027,8.350000381469727,6.325688362121582,2500
2001-08-14,8.399999618530273,8.5,8.300000190734863,8.5,6.439323902130127,3400
2001-08-15,8.550000190734863,8.649999618530273,8.550000190734863,8.550000190734863,6.477201461791992,3100
2001-08-16,8.550000190734863,8.649999618530273,8.449999809265137,8.649999618530273,6.552956581115723,2800
2001-08-17,8.699999809265137,8.75,8.600000381469727,8.699999809265137,6.590836524963379,800
2001-08-20,8.649999618530273,8.699999809265137,8.649999618530273,8.699999809265137,6.590836524963379,400
2001-08-21,8.699999809265137,8.699999809265137,8.5600004196167,8.699999809265137,6.590836524963379,1600
2001-08-22,8.75,8.779999732971191,8.75,8.779999732971191,6.651442527770996,11600
2001-08-23,8.779999732971191,8.779999732971191,8.779999732971191,8.779999732971191,6.651442527770996,900
2001-08-24,8.699999809265137,8.770000457763672,8.699999809265137,8.770000457763672,6.64386510848999,2200
2001-08-27,8.770000457763672,8.770000457763672,8.770000457763672,8.770000457763672,6.64386510848999,2100
2001-08-28,8.770000457763672,8.800000190734863,8.770000457763672,8.789999961853027,6.659018039703369,1000
2001-08-29,8.789999961853027,8.800000190734863,8.699999809265137,8.75,6.628714084625244,4400
2001-08-30,8.779999732971191,8.800000190734863,8.699999809265137,8.699999809265137,6.590836524963379,5200
2001-08-31,8.649999618530273,8.680000305175781,8.600000381469727,8.600000381469727,6.515081405639648,2000
2001-09-04,8.5,8.5,8.350000381469727,8.399999618530273,6.36356782913208,6700
2001-09-05,8.449999809265137,8.449999809265137,8.300000190734863,8.300000190734863,6.287812232971191,2700
2001-09-06,8.350000381469727,8.350000381469727,8.350000381469727,8.350000381469727,6.325688362121582,200
2001-09-07,8.300000190734863,8.350000381469727,8.199999809265137,8.25,6.2499308586120605,7200
2001-09-10,8.25,8.300000190734863,8.25,8.25,6.2499308586120605,1100
2001-09-17,8.25,8.300000190734863,8.149999618530273,8.25,6.2499308586120605,3000
2001-09-18,8.199999809265137,8.449999809265137,8.199999809265137,8.449999809265137,6.401444911956787,2800
2001-09-19,8.399999618530273,8.399999618530273,8.350000381469727,8.399999618530273,6.36356782913208,1500
2001-09-20,8.350000381469727,8.350000381469727,8.239999771118164,8.239999771118164,6.242354869842529,5100
2001-09-21,8.199999809265137,8.25,8.149999618530273,8.149999618530273,6.17417573928833,3900
2001-09-24,8.199999809265137,8.199999809265137,7.960000038146973,7.960000038146973,6.03023624420166,3600
2001-09-25,7.900000095367432,8.020000457763672,7.849999904632568,7.949999809265137,6.022662162780762,18200
2001-09-26,7.900000095367432,7.949999809265137,7.900000095367432,7.949999809265137,6.022662162780762,900
2001-09-27,8.0,8.0,7.949999809265137,7.949999809265137,6.022662162780762,700
2001-09-28,8.0,8.050000190734863,8.0,8.039999961853027,6.090843200683594,3200
2001-10-01,8.100000381469727,8.199999809265137,8.100000381469727,8.199999809265137,6.2120537757873535,2200
2001-10-02,8.25,8.369999885559082,8.25,8.300000190734863,6.287812232971191,5800
2001-10-03,8.399999618530273,8.399999618530273,8.300000190734863,8.300000190734863,6.287812232971191,4300
2001-10-04,8.300000190734863,8.300000190734863,8.300000190734863,8.300000190734863,6.287812232971191,100
2001-10-05,8.350000381469727,8.350000381469727,8.350000381469727,8.350000381469727,6.325688362121582,2200
2001-10-08,8.380000114440918,8.380000114440918,8.25,8.25,6.2499308586120605,2700
2001-10-09,8.210000038146973,8.210000038146973,8.199999809265137,8.199999809265137,6.2120537757873535,1000
2001-10-10,8.149999618530273,8.149999618530273,8.0,8.0,6.060538291931152,6300
2001-10-11,8.0,8.0,8.0,8.0,6.060538291931152,500
2001-10-12,8.050000190734863,8.100000381469727,8.0,8.100000381469727,6.136296272277832,2100
2001-10-15,8.050000190734863,8.050000190734863,8.050000190734863,8.050000190734863,6.098419666290283,500
2001-10-16,8.069999694824219,8.100000381469727,8.069999694824219,8.09000015258789,6.128721237182617,2400
2001-10-17,8.100000381469727,8.149999618530273,8.100000381469727,8.149999618530273,6.17417573928833,2000
2001-10-18,8.199999809265137,8.199999809265137,8.100000381469727,8.100000381469727,6.136296272277832,2200
2001-10-19,8.100000381469727,8.100000381469727,8.100000381469727,8.100000381469727,6.136296272277832,400
2001-10-22,8.149999618530273,8.149999618530273,8.0,8.039999961853027,6.090843200683594,2400
2001-10-23,8.100000381469727,8.100000381469727,8.09000015258789,8.09000015258789,6.128721237182617,700
2001-10-24,8.149999618530273,8.149999618530273,7.949999809265137,7.949999809265137,6.022662162780762,3300
2001-10-25,8.0,8.050000190734863,8.0,8.050000190734863,6.098419666290283,400
2001-10-26,8.100000381469727,8.100000381469727,8.100000381469727,8.100000381469727,6.136296272277832,1100
2001-10-29,8.050000190734863,8.050000190734863,7.949999809265137,7.949999809265137,6.022662162780762,4400
2001-10-30,7.900000095367432,7.900000095367432,7.800000190734863,7.869999885559082,5.962055683135986,800
2001-10-31,7.849999904632568,7.860000133514404,7.800000190734863,7.800000190734863,5.909027099609375,1100
2001-11-01,7.789999961853027,7.800000190734863,7.769999980926514,7.789999961853027,5.9014506340026855,2300
2001-11-02,7.789999961853027,7.800000190734863,7.75,7.800000190734863,5.909027099609375,10700
2001-11-05,7.800000190734863,7.800000190734863,7.800000190734863,7.800000190734863,5.909027099609375,200
2001-11-06,7.849999904632568,7.849999904632568,7.849999904632568,7.849999904632568,5.946902751922607,900
2001-11-07,7.900000095367432,7.900000095367432,7.75,7.78000020980835,5.893873691558838,2400
2001-11-08,7.75,7.949999809265137,7.75,7.949999809265137,6.022662162780762,3100
2001-11-09,7.980000019073486,7.980000019073486,7.900000095367432,7.900000095367432,5.984782695770264,2200
2001-11-12,7.900000095367432,7.949999809265137,7.900000095367432,7.940000057220459,6.015085220336914,3400
2001-11-13,7.940000057220459,7.949999809265137,7.900000095367432,7.900000095367432,5.984782695770264,3400
2001-11-14,7.849999904632568,7.849999904632568,7.800000190734863,7.849999904632568,5.946902751922607,5700
2001-11-15,7.849999904632568,7.900000095367432,7.75,7.75,5.8711466789245605,10400
2001-11-16,7.800000190734863,7.849999904632568,7.789999961853027,7.840000152587891,5.939328670501709,3200
2001-11-19,7.75,7.75,7.650000095367432,7.650000095367432,5.840085506439209,4700
2001-11-20,7.650000095367432,7.650000095367432,7.599999904632568,7.599999904632568,5.801916599273682,1700
2001-11-21,7.599999904632568,7.599999904632568,7.599999904632568,7.599999904632568,5.801916599273682,400
2001-11-23,7.650000095367432,7.699999809265137,7.650000095367432,7.699999809265137,5.878256797790527,1000
2001-11-26,7.650000095367432,7.650000095367432,7.550000190734863,7.639999866485596,5.832451343536377,8000
2001-11-27,7.699999809265137,7.699999809265137,7.400000095367432,7.440000057220459,5.679769515991211,4600
2001-11-28,7.440000057220459,7.440000057220459,7.440000057220459,7.440000057220459,5.679769515991211,1200
2001-11-29,7.440000057220459,7.440000057220459,7.300000190734863,7.369999885559082,5.626331329345703,2400
2001-11-30,7.400000095367432,7.400000095367432,7.380000114440918,7.380000114440918,5.633965015411377,11600
2001-12-03,7.300000190734863,7.300000190734863,7.199999809265137,7.25,5.534720420837402,1400
2001-12-04,7.190000057220459,7.25,7.150000095367432,7.150000095367432,5.45837926864624,10300
2001-12-05,7.150000095367432,7.25,7.150000095367432,7.25,5.534720420837402,3200
2001-12-06,7.28000020980835,7.28000020980835,7.099999904632568,7.119999885559082,5.435477256774902,4500
2001-12-07,7.150000095367432,7.150000095367432,7.050000190734863,7.050000190734863,5.3820390701293945,3900
2001-12-10,7.050000190734863,7.099999904632568,6.920000076293945,6.920000076293945,5.2827959060668945,12600
2001-12-11,6.849999904632568,6.900000095367432,6.800000190734863,6.849999904632568,5.229357719421387,2600
2001-12-12,6.900000095367432,7.0,6.75,7.0,5.343869209289551,92400
2001-12-13,7.050000190734863,7.349999904632568,7.050000190734863,7.349999904632568,5.611063003540039,7300
2001-12-14,7.349999904632568,7.400000095367432,7.300000190734863,7.400000095367432,5.649232864379883,5200
2001-12-17,7.389999866485596,7.449999809265137,7.349999904632568,7.349999904632568,5.611063003540039,5300
2001-12-18,7.420000076293945,7.420000076293945,7.050000190734863,7.050000190734863,5.3820390701293945,13000
2001-12-19,7.050000190734863,7.099999904632568,7.0,7.099999904632568,5.420208930969238,13000
2001-12-20,7.150000095367432,7.150000095367432,7.0,7.050000190734863,5.3820390701293945,8600
2001-12-21,7.0,7.099999904632568,7.0,7.099999904632568,5.420208930969238,9100
2001-12-24,7.130000114440918,7.25,7.130000114440918,7.25,5.534720420837402,1600
2001-12-26,7.289999961853027,7.320000171661377,7.25,7.320000171661377,5.588160514831543,3400
2001-12-27,7.329999923706055,7.340000152587891,7.25,7.25,5.534720420837402,6500
2001-12-28,7.199999809265137,7.320000171661377,7.199999809265137,7.269999980926514,5.549990653991699,9300
2001-12-31,7.150000095367432,7.269999980926514,7.099999904632568,7.25,5.534720420837402,8000
2002-01-02,7.25,7.25,7.199999809265137,7.239999771118164,5.527087211608887,700
2002-01-03,7.239999771118164,7.300000190734863,7.199999809265137,7.25,5.534720420837402,2800
2002-01-04,7.320000171661377,7.400000095367432,7.0,7.349999904632568,5.611063003540039,102500
2002-01-07,7.400000095367432,7.599999904632568,7.400000095367432,7.599999904632568,5.801916599273682,5600
2002-01-08,7.519999980926514,7.699999809265137,7.449999809265137,7.449999809265137,5.68740177154541,7300
2002-01-09,6.989999771118164,7.150000095367432,6.96999979019165,7.050000190734863,5.3820390701293945,47200
2002-01-10,7.0,7.070000171661377,7.0,7.070000171661377,5.397308826446533,9900
2002-01-11,7.130000114440918,7.150000095367432,7.050000190734863,7.050000190734863,5.3820390701293945,9700
2002-01-14,7.010000228881836,7.03000020980835,7.0,7.010000228881836,5.351503372192383,7600
2002-01-15,7.010000228881836,7.019999980926514,7.0,7.019999980926514,5.359135627746582,19600
2002-01-16,7.099999904632568,7.099999904632568,7.050000190734863,7.050000190734863,5.3820390701293945,1600
2002-01-17,7.099999904632568,7.199999809265137,7.099999904632568,7.130000114440918,5.443112850189209,3000
2002-01-18,7.099999904632568,7.199999809265137,7.099999904632568,7.099999904632568,5.420208930969238,39800
2002-01-22,7.130000114440918,7.199999809265137,7.130000114440918,7.199999809265137,5.4965500831604,800
2002-01-23,7.139999866485596,7.150000095367432,7.099999904632568,7.130000114440918,5.443112850189209,9200
2002-01-24,7.099999904632568,7.150000095367432,7.099999904632568,7.110000133514404,5.42784309387207,2100
2002-01-25,7.150000095367432,7.199999809265137,7.150000095367432,7.179999828338623,5.481282711029053,13200
2002-01-28,7.150000095367432,7.190000057220459,7.110000133514404,7.190000057220459,5.488916397094727,2300
2002-01-29,7.190000057220459,7.190000057220459,7.110000133514404,7.179999828338623,5.481282711029053,2900
2002-01-30,7.179999828338623,7.179999828338623,7.130000114440918,7.150000095367432,5.45837926864624,2100
2002-01-31,7.119999885559082,7.170000076293945,7.119999885559082,7.159999847412109,5.4660139083862305,2900
2002-02-01,7.150000095367432,7.150000095367432,7.150000095367432,7.150000095367432,5.45837926864624,1400
2002-02-04,7.190000057220459,7.190000057220459,7.190000057220459,7.190000057220459,5.488916397094727,500
2002-02-05,7.199999809265137,7.199999809265137,7.110000133514404,7.110000133514404,5.42784309387207,6100
2002-02-06,7.110000133514404,7.110000133514404,7.090000152587891,7.090000152587891,5.412576675415039,2500
2002-02-07,7.050000190734863,7.090000152587891,7.050000190734863,7.050000190734863,5.3820390701293945,2900
2002-02-08,7.050000190734863,7.070000171661377,7.0,7.059999942779541,5.389673709869385,4700
2002-02-11,7.03000020980835,7.03000020980835,7.0,7.0,5.343869209289551,2300
2002-02-12,6.949999809265137,7.0,6.900000095367432,6.900000095367432,5.267529010772705,6600
2002-02-13,7.0,7.0,7.0,7.0,5.343869209289551,1000
2002-02-14,7.0,7.0,7.0,7.0,5.343869209289551,200
2002-02-15,6.949999809265137,6.949999809265137,6.949999809265137,6.949999809265137,5.305696964263916,500
2002-02-19,6.949999809265137,6.949999809265137,6.900000095367432,6.949999809265137,5.305696964263916,6000
2002-02-20,6.949999809265137,6.949999809265137,6.800000190734863,6.800000190734863,5.191187858581543,4000
2002-02-21,6.75,6.800000190734863,6.699999809265137,6.699999809265137,5.114847183227539,1500
2002-02-22,6.699999809265137,6.710000038146973,6.670000076293945,6.710000038146973,5.122480869293213,2000
2002-02-25,6.699999809265137,6.730000019073486,6.630000114440918,6.690000057220459,5.107212543487549,4400
2002-02-26,6.75,6.75,6.639999866485596,6.650000095367432,5.076674938201904,1700
2002-02-27,6.650000095367432,6.800000190734863,6.650000095367432,6.800000190734863,5.191187858581543,4100
2002-02-28,6.75,6.75,6.71999979019165,6.71999979019165,5.130112171173096,400
2002-03-01,6.71999979019165,6.800000190734863,6.71999979019165,6.800000190734863,5.191187858581543,9800
2002-03-04,6.800000190734863,6.949999809265137,6.800000190734863,6.929999828338623,5.290428638458252,21900
2002-03-05,6.949999809265137,6.949999809265137,6.929999828338623,6.940000057220459,5.2980637550354,4800
2002-03-06,6.940000057220459,6.949999809265137,6.900000095367432,6.900000095367432,5.267529010772705,5800
2002-03-07,6.849999904632568,6.920000076293945,6.800000190734863,6.920000076293945,5.2827959060668945,6800
2002-03-08,6.900000095367432,6.900000095367432,6.78000020980835,6.900000095367432,5.267529010772705,14500
2002-03-11,6.949999809265137,7.03000020980835,6.949999809265137,7.03000020980835,5.366770267486572,9900
2002-03-12,7.0,7.0,7.0,7.0,5.343869209289551,700
2002-03-13,7.0,7.0,7.0,7.0,5.343869209289551,0
2002-03-14,6.949999809265137,6.949999809265137,6.949999809265137,6.949999809265137,5.305696964263916,200
2002-03-15,6.960000038146973,6.96999979019165,6.960000038146973,6.96999979019165,5.320967674255371,600
2002-03-18,7.03000020980835,7.03000020980835,6.960000038146973,6.960000038146973,5.313333511352539,14400
2002-03-19,7.0,7.03000020980835,6.949999809265137,6.980000019073486,5.32859992980957,5400
2002-03-20,7.0,7.0,7.0,7.0,5.343869209289551,54000
2002-03-21,7.050000190734863,7.050000190734863,7.050000190734863,7.050000190734863,5.3820390701293945,900
2002-03-22,7.099999904632568,7.099999904632568,7.0,7.0,5.343869209289551,4400
2002-03-25,7.0,7.0,6.949999809265137,6.949999809265137,5.305696964263916,1500
2002-03-26,6.949999809265137,6.949999809265137,6.889999866485596,6.900000095367432,5.267529010772705,6000
2002-03-27,6.900000095367432,6.900000095367432,6.599999904632568,6.599999904632568,5.038503646850586,5700
2002-03-28,6.650000095367432,6.769999980926514,6.650000095367432,6.769999980926514,5.168285369873047,9200
2002-04-01,6.75,6.889999866485596,6.75,6.800000190734863,5.191187858581543,8500
2002-04-02,6.800000190734863,6.820000171661377,6.800000190734863,6.820000171661377,5.206455707550049,600
2002-04-03,6.869999885559082,6.980000019073486,6.869999885559082,6.96999979019165,5.320967674255371,900
2002-04-04,7.019999980926514,7.019999980926514,7.010000228881836,7.010000228881836,5.351503372192383,800
2002-04-05,7.0,7.010000228881836,7.0,7.010000228881836,5.351503372192383,400
2002-04-08,7.0,7.0,6.96999979019165,6.96999979019165,5.320967674255371,500
2002-04-09,6.96999979019165,6.96999979019165,6.949999809265137,6.949999809265137,5.305696964263916,1400
2002-04-10,6.949999809265137,7.050000190734863,6.940000057220459,7.050000190734863,5.3820390701293945,2700
2002-04-11,7.050000190734863,7.199999809265137,7.050000190734863,7.150000095367432,5.45837926864624,2600
2002-04-12,7.099999904632568,7.099999904632568,7.050000190734863,7.050000190734863,5.3820390701293945,1000
2002-04-15,7.099999904632568,7.199999809265137,7.099999904632568,7.150000095367432,5.45837926864624,3100
2002-04-16,7.199999809265137,7.199999809265137,7.199999809265137,7.199999809265137,5.4965500831604,200
2002-04-17,7.25,7.25,7.150000095367432,7.150000095367432,5.45837926864624,2400
2002-04-18,7.099999904632568,7.099999904632568,7.050000190734863,7.050000190734863,5.3820390701293945,2200
2002-04-19,7.150000095367432,7.199999809265137,7.150000095367432,7.179999828338623,5.481282711029053,5200
2002-04-22,7.179999828338623,7.300000190734863,7.179999828338623,7.25,5.534720420837402,2100
2002-04-23,7.260000228881836,7.389999866485596,7.260000228881836,7.380000114440918,5.633965015411377,1900
2002-04-24,7.320000171661377,7.320000171661377,7.300000190734863,7.309999942779541,5.580526351928711,2200
2002-04-25,7.25,7.300000190734863,7.239999771118164,7.289999961853027,5.565258026123047,3800
2002-04-26,7.210000038146973,7.300000190734863,7.210000038146973,7.300000190734863,5.572891712188721,600
2002-04-29,7.25,7.349999904632568,7.25,7.349999904632568,5.611063003540039,900
2002-04-30,7.400000095367432,7.400000095367432,7.400000095367432,7.400000095367432,5.649232864379883,200
2002-05-01,7.409999847412109,7.409999847412109,7.409999847412109,7.409999847412109,5.656867027282715,700
2002-05-02,7.349999904632568,7.349999904632568,7.300000190734863,7.300000190734863,5.572891712188721,300
2002-05-03,7.300000190734863,7.300000190734863,7.300000190734863,7.300000190734863,5.572891712188721,0
2002-05-06,7.349999904632568,7.5,7.349999904632568,7.5,5.725573539733887,1400
2002-05-07,7.449999809265137,7.449999809265137,7.300000190734863,7.300000190734863,5.572891712188721,2600
2002-05-08,7.25,7.25,7.199999809265137,7.199999809265137,5.4965500831604,800
2002-05-09,7.25,7.25,7.25,7.25,5.534720420837402,500
2002-05-10,7.25,7.25,7.25,7.25,5.534720420837402,0
2002-05-13,7.300000190734863,7.300000190734863,7.25,7.25,5.534720420837402,200
2002-05-14,7.199999809265137,7.199999809265137,7.150000095367432,7.150000095367432,5.45837926864624,300
2002-05-15,7.099999904632568,7.099999904632568,7.099999904632568,7.099999904632568,5.420208930969238,200
2002-05-16,7.150000095367432,7.150000095367432,7.150000095367432,7.150000095367432,5.45837926864624,500
2002-05-17,7.150000095367432,7.150000095367432,7.150000095367432,7.150000095367432,5.45837926864624,0
2002-05-20,7.099999904632568,7.099999904632568,6.96999979019165,7.0,5.343869209289551,3100
2002-05-21,6.949999809265137,7.380000114440918,6.949999809265137,7.300000190734863,5.572891712188721,11300
2002-05-22,7.349999904632568,7.349999904632568,7.199999809265137,7.25,5.534720420837402,2000
2002-05-23,7.25,7.260000228881836,7.199999809265137,7.199999809265137,5.4965500831604,5200
2002-05-24,7.25,7.449999809265137,7.25,7.420000076293945,5.664500713348389,2800
2002-05-28,7.5,7.5,7.400000095367432,7.400000095367432,5.649232864379883,800
2002-05-29,7.349999904632568,7.349999904632568,7.349999904632568,7.349999904632568,5.611063003540039,1500
2002-05-30,7.300000190734863,7.300000190734863,7.300000190734863,7.300000190734863,5.572891712188721,100
2002-05-31,7.349999904632568,7.349999904632568,7.25,7.25,5.534720420837402,1600
2002-06-03,7.199999809265137,7.25,7.199999809265137,7.25,5.534720420837402,1200
2002-06-04,7.210000038146973,7.329999923706055,7.210000038146973,7.329999923706055,5.595792770385742,500
2002-06-05,7.340000152587891,7.400000095367432,7.300000190734863,7.300000190734863,5.572891712188721,1200
2002-06-06,7.300000190734863,7.300000190734863,7.300000190734863,7.300000190734863,5.572891712188721,1000
2002-06-07,7.25,7.400000095367432,7.25,7.400000095367432,5.649232864379883,4100
2002-06-10,7.349999904632568,7.349999904632568,7.300000190734863,7.349999904632568,5.611063003540039,800
2002-06-11,7.400000095367432,7.400000095367432,7.400000095367432,7.400000095367432,5.649232864379883,100
2002-06-12,7.369999885559082,7.369999885559082,7.349999904632568,7.349999904632568,5.611063003540039,6700
2002-06-13,7.329999923706055,7.329999923706055,7.25,7.300000190734863,5.572891712188721,25000
2002-06-14,7.25,7.25,7.199999809265137,7.199999809265137,5.4965500831604,4300
2002-06-17,7.199999809265137,7.199999809265137,7.199999809265137,7.199999809265137,5.4965500831604,4800
2002-06-18,7.25,7.25,7.25,7.25,5.534720420837402,5100
2002-06-19,7.25,7.25,7.25,7.25,5.534720420837402,6900
2002-06-20,7.300000190734863,7.300000190734863,7.25,7.25,5.534720420837402,5400
2002-06-21,7.199999809265137,7.25,7.199999809265137,7.25,5.534720420837402,13500
2002-06-24,7.300000190734863,7.300000190734863,7.199999809265137,7.25,5.534720420837402,13800
2002-06-25,7.25,7.300000190734863,7.25,7.300000190734863,5.572891712188721,7500
2002-06-26,7.25,7.25,7.25,7.25,5.534720420837402,200
2002-06-27,7.199999809265137,7.199999809265137,7.199999809265137,7.199999809265137,5.4965500831604,400
2002-06-28,7.199999809265137,7.300000190734863,7.099999904632568,7.300000190734863,5.572891712188721,5700
2002-07-01,7.199999809265137,7.5,7.199999809265137,7.5,5.725573539733887,7500
2002-07-02,7.449999809265137,7.449999809265137,7.400000095367432,7.400000095367432,5.649232864379883,600
2002-07-03,7.349999904632568,7.400000095367432,7.300000190734863,7.400000095367432,5.649232864379883,2200
2002-07-05,7.349999904632568,7.349999904632568,7.349999904632568,7.349999904632568,5.611063003540039,200
2002-07-08,7.300000190734863,7.300000190734863,7.25,7.260000228881836,5.542353630065918,600
2002-07-09,7.260000228881836,7.349999904632568,7.25,7.309999942779541,5.580526351928711,17500
2002-07-10,7.5,7.599999904632568,7.5,7.5,5.725573539733887,34400
2002-07-11,7.510000228881836,7.53000020980835,7.28000020980835,7.28000020980835,5.557624816894531,25800
2002-07-12,7.28000020980835,7.28000020980835,7.230000019073486,7.230000019073486,5.519453525543213,500
2002-07-15,7.230000019073486,7.25,7.139999866485596,7.199999809265137,5.4965500831604,50900
2002-07-16,7.170000076293945,7.199999809265137,7.150000095367432,7.199999809265137,5.4965500831604,7400
2002-07-17,7.199999809265137,7.199999809265137,7.099999904632568,7.150000095367432,5.45837926864624,1800
2002-07-18,7.099999904632568,7.25,7.0,7.25,5.534720420837402,23200
2002-07-19,7.199999809265137,7.449999809265137,7.099999904632568,7.449999809265137,5.68740177154541,5200
2002-07-22,7.400000095367432,7.400000095367432,7.199999809265137,7.199999809265137,5.4965500831604,3000
2002-07-23,7.150000095367432,7.21999979019165,7.150000095367432,7.199999809265137,5.4965500831604,29600
2002-07-24,7.150000095367432,7.510000228881836,7.099999904632568,7.510000228881836,5.733208179473877,77000
2002-07-25,7.449999809265137,8.0,7.400000095367432,8.0,6.107280254364014,6700
2002-07-26,8.0,8.0,7.800000190734863,7.800000190734863,5.954595565795898,3000
2002-07-29,7.769999980926514,7.769999980926514,7.699999809265137,7.699999809265137,5.878256797790527,600
2002-07-30,7.650000095367432,7.650000095367432,7.400000095367432,7.400000095367432,5.649232864379883,1900
2002-07-31,7.349999904632568,7.349999904632568,7.150000095367432,7.150000095367432,5.45837926864624,1100
2002-08-01,7.150000095367432,7.239999771118164,7.150000095367432,7.239999771118164,5.527087211608887,1600
2002-08-02,7.190000057220459,7.190000057220459,7.190000057220459,7.190000057220459,5.488916397094727,400
2002-08-05,7.190000057220459,7.190000057220459,7.0,7.0,5.343869209289551,3000
2002-08-06,7.0,7.0,6.75,6.800000190734863,5.191187858581543,39400
2002-08-07,6.710000038146973,6.710000038146973,6.710000038146973,6.710000038146973,5.122480869293213,200
2002-08-08,6.710000038146973,6.760000228881836,6.710000038146973,6.760000228881836,5.160650730133057,900
2002-08-09,6.800000190734863,6.800000190734863,6.800000190734863,6.800000190734863,5.191187858581543,12000
2002-08-12,6.800000190734863,6.800000190734863,6.800000190734863,6.800000190734863,5.191187858581543,0
2002-08-13,6.75,6.75,6.699999809265137,6.699999809265137,5.114847183227539,900
2002-08-14,6.699999809265137,6.699999809265137,6.699999809265137,6.699999809265137,5.114847183227539,0
2002-08-15,6.650000095367432,6.650000095367432,6.650000095367432,6.650000095367432,5.076674938201904,100
2002-08-16,6.650000095367432,6.650000095367432,6.650000095367432,6.650000095367432,5.076674938201904,100
2002-08-19,6.639999866485596,6.639999866485596,6.619999885559082,6.619999885559082,5.053773403167725,300
2002-08-20,6.559999942779541,6.559999942779541,6.559999942779541,6.559999942779541,5.007970809936523,100
2002-08-21,6.5,6.5,6.380000114440918,6.400000095367432,4.8858256340026855,1200
2002-08-22,6.349999904632568,6.349999904632568,6.25,6.25,4.7713117599487305,8600
2002-08-23,6.179999828338623,6.179999828338623,6.150000095367432,6.150000095367432,4.69497013092041,5800
2002-08-26,6.190000057220459,6.190000057220459,6.190000057220459,6.190000057220459,4.725506782531738,600
2002-08-27,6.230000019073486,6.230000019073486,6.150000095367432,6.150000095367432,4.69497013092041,700
2002-08-28,6.150000095367432,6.150000095367432,6.150000095367432,6.150000095367432,4.69497013092041,0
2002-08-29,6.150000095367432,6.150000095367432,6.150000095367432,6.150000095367432,4.69497013092041,300
2002-08-30,6.199999809265137,6.199999809265137,6.099999904632568,6.150000095367432,4.69497013092041,3900
2002-09-03,6.25,6.25,6.150000095367432,6.150000095367432,4.69497013092041,2200
2002-09-04,6.159999847412109,6.159999847412109,6.139999866485596,6.139999866485596,4.6873369216918945,1600
2002-09-05,6.139999866485596,6.150000095367432,6.110000133514404,6.110000133514404,4.66443395614624,1700
2002-09-06,6.119999885559082,6.119999885559082,6.110000133514404,6.110000133514404,4.66443395614624,600
2002-09-09,6.099999904632568,6.099999904632568,5.949999809265137,5.960000038146973,4.549922466278076,9500
2002-09-10,5.940000057220459,6.099999904632568,5.849999904632568,5.920000076293945,4.519387245178223,10400
2002-09-11,6.019999980926514,6.019999980926514,5.949999809265137,5.949999809265137,4.542288780212402,8000
2002-09-12,5.920000076293945,6.0,5.900000095367432,6.0,4.580458641052246,3700
2002-09-13,5.900000095367432,5.900000095367432,5.849999904632568,5.849999904632568,4.46594762802124,6300
2002-09-16,5.900000095367432,5.900000095367432,5.769999980926514,5.800000190734863,4.42777681350708,3000
2002-09-17,5.800000190734863,5.800000190734863,5.800000190734863,5.800000190734863,4.42777681350708,1000
2002-09-18,5.75,5.800000190734863,5.53000020980835,5.53000020980835,4.221656322479248,8000
2002-09-19,5.5,5.550000190734863,5.5,5.5,4.198753356933594,7200
2002-09-20,5.400000095367432,5.400000095367432,5.349999904632568,5.349999904632568,4.084243297576904,400
2002-09-23,5.300000190734863,5.300000190734863,5.050000190734863,5.050000190734863,3.855219602584839,3900
2002-09-24,5.0,5.050000190734863,4.849999904632568,4.849999904632568,3.702538251876831,9400
2002-09-25,4.849999904632568,4.849999904632568,4.610000133514404,4.610000133514404,3.5193190574645996,3700
2002-09-26,4.650000095367432,4.849999904632568,4.599999904632568,4.610000133514404,3.5193190574645996,7800
2002-09-27,4.610000133514404,4.690000057220459,4.550000190734863,4.599999904632568,3.511686325073242,2800
2002-09-30,4.550000190734863,4.550000190734863,4.449999809265137,4.449999809265137,3.3971750736236572,1700
2002-10-01,4.5,4.5,4.300000190734863,4.449999809265137,3.3971750736236572,22200
2002-10-02,4.5,4.849999904632568,4.5,4.610000133514404,3.5193190574645996,13100
2002-10-03,4.610000133514404,4.610000133514404,4.5,4.5,3.4353442192077637,5400
2002-10-04,4.449999809265137,4.5,4.309999942779541,4.449999809265137,3.3971750736236572,10300
2002-10-07,4.400000095367432,4.400000095367432,4.309999942779541,4.309999942779541,3.290297269821167,2100
2002-10-08,4.349999904632568,4.349999904632568,4.099999904632568,4.349999904632568,3.3208329677581787,6200
2002-10-09,4.400000095367432,4.449999809265137,4.25,4.25,3.244492530822754,4900
2002-10-10,4.449999809265137,4.449999809265137,4.349999904632568,4.349999904632568,3.3208329677581787,3800
2002-10-11,4.309999942779541,4.449999809265137,4.309999942779541,4.449999809265137,3.3971750736236572,4900
2002-10-14,4.5,4.5,4.449999809265137,4.5,3.4353442192077637,1100
2002-10-15,4.550000190734863,4.599999904632568,4.349999904632568,4.550000190734863,3.473515033721924,7700
2002-10-16,4.599999904632568,4.800000190734863,4.599999904632568,4.800000190734863,3.6643669605255127,5000
2002-10-17,4.849999904632568,5.039999961853027,4.75,5.0,3.8170506954193115,4900
2002-10-18,5.050000190734863,5.150000095367432,5.0,5.099999904632568,3.893390417098999,53900
2002-10-21,5.099999904632568,5.099999904632568,5.0,5.0,3.8170506954193115,9900
2002-10-22,5.050000190734863,5.050000190734863,5.0,5.039999961853027,3.8475840091705322,3200
2002-10-23,5.0,5.0,4.909999847412109,5.0,3.8170506954193115,2900
2002-10-24,4.949999809265137,5.0,4.949999809265137,5.0,3.8170506954193115,3500
2002-10-25,5.050000190734863,5.050000190734863,5.050000190734863,5.050000190734863,3.855219602584839,123000
2002-10-28,5.050000190734863,5.650000095367432,5.050000190734863,5.599999904632568,4.275094985961914,195100
2002-10-29,5.519999980926514,6.059999942779541,5.519999980926514,5.989999771118164,4.572824478149414,20900
2002-10-30,6.0,6.0,5.849999904632568,5.989999771118164,4.572824478149414,12600
2002-10-31,5.900000095367432,5.989999771118164,5.849999904632568,5.960000038146973,4.549922466278076,2400
2002-11-01,5.860000133514404,5.989999771118164,5.849999904632568,5.849999904632568,4.46594762802124,3900
2002-11-04,6.25,6.300000190734863,6.210000038146973,6.25,4.7713117599487305,11900
2002-11-05,6.449999809265137,6.550000190734863,6.320000171661377,6.510000228881836,4.969799041748047,5100
2002-11-06,6.489999771118164,6.489999771118164,6.400000095367432,6.409999847412109,4.893457412719727,7400
2002-11-07,6.409999847412109,6.510000228881836,6.360000133514404,6.360000133514404,4.855288028717041,3800
2002-11-08,6.400000095367432,6.550000190734863,6.400000095367432,6.550000190734863,5.000333786010742,1500
2002-11-11,6.650000095367432,6.900000095367432,6.650000095367432,6.800000190734863,5.191187858581543,16700
2002-11-12,6.900000095367432,7.099999904632568,6.900000095367432,7.0,5.343869209289551,19700
2002-11-13,6.949999809265137,6.949999809265137,6.75,6.75,5.153015613555908,5900
2002-11-14,6.699999809265137,6.710000038146973,6.550000190734863,6.599999904632568,5.038503646850586,4300
2002-11-15,6.559999942779541,6.800000190734863,6.559999942779541,6.699999809265137,5.114847183227539,5200
2002-11-18,6.710000038146973,6.769999980926514,6.650000095367432,6.699999809265137,5.114847183227539,6500
2002-11-19,6.630000114440918,6.630000114440918,6.630000114440918,6.630000114440918,5.061408042907715,100
2002-11-20,6.699999809265137,6.699999809265137,6.550000190734863,6.550000190734863,5.000333786010742,4800
2002-11-21,6.550000190734863,6.599999904632568,6.449999809265137,6.449999809265137,4.923994064331055,5900
2002-11-22,6.449999809265137,6.5,6.449999809265137,6.5,4.962163925170898,21200
2002-11-25,6.550000190734863,6.880000114440918,6.550000190734863,6.880000114440918,5.252259254455566,4100
2002-11-26,6.829999923706055,6.900000095367432,6.75,6.849999904632568,5.229357719421387,7500
2002-11-27,6.800000190734863,6.949999809265137,6.699999809265137,6.900000095367432,5.267529010772705,2700
2002-11-29,6.650000095367432,6.840000152587891,6.650000095367432,6.75,5.153015613555908,7300
2002-12-02,6.699999809265137,6.699999809265137,6.550000190734863,6.650000095367432,5.076674938201904,1500
2002-12-03,6.610000133514404,6.650000095367432,6.5,6.650000095367432,5.076674938201904,4600
2002-12-04,6.599999904632568,6.900000095367432,6.550000190734863,6.849999904632568,5.229357719421387,3500
2002-12-05,6.75,6.75,6.599999904632568,6.699999809265137,5.114847183227539,2100
2002-12-06,6.610000133514404,6.889999866485596,6.610000133514404,6.789999961853027,5.183553218841553,2300
2002-12-09,6.710000038146973,6.710000038146973,6.300000190734863,6.599999904632568,5.038503646850586,12400
2002-12-10,6.559999942779541,6.559999942779541,6.300000190734863,6.489999771118164,4.954529762268066,7800
2002-12-11,6.420000076293945,6.550000190734863,6.349999904632568,6.550000190734863,5.000333786010742,1400
2002-12-12,6.550000190734863,6.570000171661377,6.25,6.400000095367432,4.8858256340026855,15700
2002-12-13,6.449999809265137,6.699999809265137,6.349999904632568,6.699999809265137,5.114847183227539,7600
2002-12-16,6.639999866485596,7.159999847412109,6.639999866485596,7.050000190734863,5.3820390701293945,11500
2002-12-17,7.130000114440918,7.150000095367432,6.949999809265137,6.949999809265137,5.305696964263916,1800
2002-12-18,6.949999809265137,7.03000020980835,6.849999904632568,7.03000020980835,5.366770267486572,2500
2002-12-19,7.050000190734863,7.050000190734863,7.050000190734863,7.050000190734863,5.3820390701293945,1300
2002-12-20,7.099999904632568,7.110000133514404,6.929999828338623,6.929999828338623,5.290428638458252,7900
2002-12-23,6.679999828338623,6.699999809265137,6.679999828338623,6.699999809265137,5.114847183227539,13000
2002-12-24,6.800000190734863,6.800000190734863,6.699999809265137,6.699999809265137,5.114847183227539,600
2002-12-26,6.710000038146973,6.820000171661377,6.699999809265137,6.699999809265137,5.114847183227539,1300
2002-12-27,6.699999809265137,7.25,6.699999809265137,7.179999828338623,5.481282711029053,21600
2002-12-30,7.130000114440918,7.25,7.090000152587891,7.090000152587891,5.412576675415039,3300
2002-12-31,7.019999980926514,7.150000095367432,7.0,7.130000114440918,5.443112850189209,2800
2003-01-02,7.199999809265137,7.269999980926514,7.179999828338623,7.230000019073486,5.519453525543213,1300
2003-01-03,7.179999828338623,7.179999828338623,7.179999828338623,7.179999828338623,5.481282711029053,100
2003-01-06,7.179999828338623,7.53000020980835,7.179999828338623,7.53000020980835,5.748476505279541,10400
2003-01-07,7.429999828338623,7.429999828338623,7.199999809265137,7.239999771118164,5.527087211608887,2500
2003-01-08,7.239999771118164,7.260000228881836,7.239999771118164,7.260000228881836,5.542353630065918,400
2003-01-09,7.199999809265137,7.25,7.159999847412109,7.21999979019165,5.5118184089660645,1200
2003-01-10,7.260000228881836,7.28000020980835,7.25,7.25,5.534720420837402,1900
2003-01-13,7.199999809265137,7.400000095367432,7.199999809265137,7.400000095367432,5.649232864379883,1600
2003-01-14,7.349999904632568,7.5,7.349999904632568,7.5,5.725573539733887,1200
2003-01-15,7.599999904632568,7.599999904632568,7.599999904632568,7.599999904632568,5.801916599273682,200
2003-01-16,7.5,7.5,7.25,7.25,5.534720420837402,2900
2003-01-17,7.199999809265137,7.199999809265137,7.199999809265137,7.199999809265137,5.4965500831604,200
2003-01-21,7.099999904632568,7.28000020980835,6.900000095367432,6.96999979019165,5.320967674255371,4200
2003-01-22,7.050000190734863,7.070000171661377,7.050000190734863,7.050000190734863,5.3820390701293945,800
2003-01-23,6.96999979019165,7.070000171661377,6.96999979019165,7.070000171661377,5.397308826446533,1500
2003-01-24,7.050000190734863,7.190000057220459,7.050000190734863,7.190000057220459,5.488916397094727,1100
2003-01-27,7.099999904632568,7.150000095367432,7.099999904632568,7.119999885559082,5.435477256774902,700
2003-01-28,7.239999771118164,7.300000190734863,7.199999809265137,7.25,5.534720420837402,3200
2003-01-29,7.230000019073486,7.230000019073486,6.900000095367432,7.099999904632568,5.420208930969238,4300
2003-01-30,7.099999904632568,7.099999904632568,7.099999904632568,7.099999904632568,5.420208930969238,0
2003-01-31,7.010000228881836,7.010000228881836,6.849999904632568,6.949999809265137,5.305696964263916,5500
2003-02-03,6.940000057220459,6.940000057220459,6.900000095367432,6.900000095367432,5.267529010772705,900
2003-02-04,6.800000190734863,6.920000076293945,6.800000190734863,6.920000076293945,5.2827959060668945,1300
2003-02-05,6.980000019073486,7.0,6.980000019073486,7.0,5.343869209289551,2300
2003-02-06,6.909999847412109,7.099999904632568,6.909999847412109,7.099999904632568,5.420208930969238,1700
2003-02-07,7.199999809265137,7.400000095367432,7.199999809265137,7.400000095367432,5.649232864379883,2700
2003-02-10,7.489999771118164,7.5,7.489999771118164,7.5,5.725573539733887,2500
2003-02-11,7.5,7.510000228881836,7.5,7.510000228881836,5.733208179473877,1600
2003-02-12,7.460000038146973,7.5,7.400000095367432,7.5,5.725573539733887,5300
2003-02-13,7.5,7.599999904632568,7.400000095367432,7.510000228881836,5.733208179473877,2300
2003-02-14,7.579999923706055,7.739999771118164,7.449999809265137,7.739999771118164,5.9087934494018555,5100
2003-02-18,7.739999771118164,7.739999771118164,7.690000057220459,7.690000057220459,5.870622158050537,1300
2003-02-19,7.900000095367432,7.940000057220459,7.900000095367432,7.940000057220459,6.061474323272705,2600
2003-02-20,7.949999809265137,8.180000305175781,7.909999847412109,8.050000190734863,6.145450115203857,6400
2003-02-21,8.100000381469727,8.479999542236328,8.0600004196167,8.350000381469727,6.374471664428711,8600
2003-02-24,8.350000381469727,8.350000381469727,8.050000190734863,8.050000190734863,6.145450115203857,7000
2003-02-25,8.050000190734863,8.050000190734863,7.900000095367432,7.96999979019165,6.084376335144043,1900
2003-02-26,8.020000457763672,8.149999618530273,8.0,8.149999618530273,6.221789360046387,2900
2003-02-27,8.199999809265137,8.300000190734863,8.050000190734863,8.220000267028809,6.2752299308776855,5900
2003-02-28,8.119999885559082,8.300000190734863,8.119999885559082,8.149999618530273,6.221789360046387,5700
2003-03-03,8.149999618530273,8.3100004196167,8.100000381469727,8.300000190734863,6.336303234100342,8200
2003-03-04,8.270000457763672,8.300000190734863,8.149999618530273,8.25,6.298132419586182,6200
2003-03-05,8.270000457763672,8.300000190734863,8.149999618530273,8.149999618530273,6.221789360046387,2000
2003-03-06,8.239999771118164,8.25,8.149999618530273,8.149999618530273,6.221789360046387,3100
2003-03-07,8.109999656677246,8.25,8.109999656677246,8.199999809265137,6.259960174560547,4300
2003-03-10,8.199999809265137,8.239999771118164,8.140000343322754,8.199999809265137,6.259960174560547,2300
2003-03-11,8.199999809265137,8.199999809265137,8.180000305175781,8.180000305175781,6.244693756103516,1100
2003-03-12,8.130000114440918,8.130000114440918,7.900000095367432,7.909999847412109,6.038572311401367,4900
2003-03-13,7.929999828338623,8.1899995803833,7.849999904632568,8.140000343322754,6.214158535003662,17400
2003-03-14,8.100000381469727,8.100000381469727,8.0,8.0,6.107280254364014,5100
2003-03-17,8.0,8.0,7.920000076293945,7.960000038146973,6.076742649078369,4700
2003-03-18,7.980000019073486,8.0,7.900000095367432,7.980000019073486,6.092012882232666,7000
2003-03-19,7.980000019073486,7.989999771118164,7.929999828338623,7.989999771118164,6.099645137786865,900
2003-03-20,7.949999809265137,7.949999809265137,7.920000076293945,7.929999828338623,6.053840160369873,400
2003-03-21,7.989999771118164,8.100000381469727,7.940000057220459,8.100000381469727,6.183619499206543,2800
2003-03-24,8.149999618530273,8.1899995803833,8.069999694824219,8.15999984741211,6.229425430297852,3600
2003-03-25,8.15999984741211,8.199999809265137,8.100000381469727,8.180000305175781,6.244693756103516,5100
2003-03-26,8.079999923706055,8.199999809265137,8.079999923706055,8.180000305175781,6.244693756103516,7100
2003-03-27,8.1899995803833,8.199999809265137,8.140000343322754,8.199999809265137,6.259960174560547,7100
2003-03-28,8.199999809265137,8.210000038146973,8.15999984741211,8.199999809265137,6.259960174560547,14700
2003-03-31,8.149999618530273,8.25,8.149999618530273,8.199999809265137,6.259960174560547,4500
2003-04-01,8.149999618530273,8.289999961853027,7.960000038146973,8.079999923706055,6.1683526039123535,7000
2003-04-02,8.149999618530273,8.399999618530273,7.949999809265137,8.210000038146973,6.267593860626221,11600
2003-04-03,8.34000015258789,9.0,8.34000015258789,8.979999542236328,6.85542106628418,45400
2003-04-04,8.880000114440918,9.199999809265137,8.880000114440918,9.050000190734863,6.9088592529296875,9100
2003-04-07,9.0600004196167,9.149999618530273,8.180000305175781,8.529999732971191,6.511889457702637,80700
2003-04-08,8.460000038146973,8.5,8.020000457763672,8.5,6.488985061645508,18300
2003-04-09,8.399999618530273,8.399999618530273,8.0,8.210000038146973,6.267593860626221,14600
2003-04-10,8.25,8.289999961853027,8.180000305175781,8.289999961853027,6.328668117523193,6900
2003-04-11,8.239999771118164,8.270000457763672,8.1899995803833,8.220000267028809,6.2752299308776855,40700
2003-04-14,8.220000267028809,8.220000267028809,8.149999618530273,8.210000038146973,6.267593860626221,32900
2003-04-15,8.210000038146973,8.220000267028809,8.020000457763672,8.149999618530273,6.221789360046387,50800
2003-04-16,8.149999618530273,8.170000076293945,8.069999694824219,8.15999984741211,6.229425430297852,6000
2003-04-17,8.079999923706055,8.260000228881836,8.079999923706055,8.260000228881836,6.305766582489014,49300
2003-04-21,8.15999984741211,8.300000190734863,8.100000381469727,8.149999618530273,6.221789360046387,27200
2003-04-22,8.079999923706055,8.100000381469727,8.010000228881836,8.0600004196167,6.153085708618164,7700
2003-04-23,8.050000190734863,8.270000457763672,8.050000190734863,8.25,6.298132419586182,11100
2003-04-24,8.239999771118164,8.25,8.109999656677246,8.229999542236328,6.282862663269043,6300
2003-04-25,8.199999809265137,8.420000076293945,8.100000381469727,8.300000190734863,6.336303234100342,10500
2003-04-28,8.25,8.34000015258789,8.180000305175781,8.329999923706055,6.35920524597168,8100
2003-04-29,8.34000015258789,8.489999771118164,8.34000015258789,8.489999771118164,6.481349945068359,3400
2003-04-30,8.479999542236328,8.510000228881836,8.300000190734863,8.3100004196167,6.343936920166016,4700
2003-05-01,8.3100004196167,8.5,8.3100004196167,8.430000305175781,6.435546398162842,4000
2003-05-02,8.4399995803833,8.4399995803833,8.119999885559082,8.180000305175781,6.244693756103516,2800
2003-05-05,8.149999618530273,8.420000076293945,8.149999618530273,8.25,6.298132419586182,10200
2003-05-06,8.25,8.550000190734863,8.199999809265137,8.449999809265137,6.450815200805664,11900
2003-05-07,8.449999809265137,8.449999809265137,8.350000381469727,8.399999618530273,6.412642955780029,4800
2003-05-08,8.520000457763672,9.420000076293945,8.520000457763672,9.279999732971191,7.084441661834717,16300
2003-05-09,9.350000381469727,9.569999694824219,9.350000381469727,9.5,7.252395153045654,30800
2003-05-12,9.5,9.5600004196167,9.449999809265137,9.5,7.252395153045654,34900
2003-05-13,9.5,9.710000038146973,9.449999809265137,9.710000038146973,7.412708759307861,27300
2003-05-14,9.75,9.75,9.6899995803833,9.699999809265137,7.405076503753662,12200
2003-05-15,9.75,9.75,9.649999618530273,9.75,7.443244457244873,11200
2003-05-16,9.720000267028809,9.75,9.720000267028809,9.75,7.443244457244873,8600
2003-05-19,9.720000267028809,9.75,9.600000381469727,9.699999809265137,7.405076503753662,9500
2003-05-20,9.729999542236328,9.75,9.720000267028809,9.75,7.443244457244873,11700
2003-05-21,9.75,9.75,9.720000267028809,9.75,7.443244457244873,8800
2003-05-22,9.75,9.800000190734863,9.720000267028809,9.739999771118164,7.43561315536499,18400
2003-05-23,9.75,9.760000228881836,9.739999771118164,9.75,7.443244457244873,14300
2003-05-27,9.75,9.800000190734863,9.699999809265137,9.729999542236328,7.427980899810791,8500
2003-05-28,9.75,10.239999771118164,9.75,10.229999542236328,7.809683799743652,14500
2003-05-29,10.180000305175781,10.600000381469727,10.149999618530273,10.420000076293945,7.954730987548828,13100
2003-05-30,10.329999923706055,10.649999618530273,10.329999923706055,10.449999809265137,7.977633953094482,8300
2003-06-02,10.40999984741211,10.40999984741211,10.300000190734863,10.380000114440918,7.924193382263184,5100
2003-06-03,10.380000114440918,10.949999809265137,10.329999923706055,10.9399995803833,8.351701736450195,14200
2003-06-04,10.949999809265137,10.949999809265137,10.350000381469727,10.350000381469727,7.901294231414795,8800
2003-06-05,10.300000190734863,10.300000190734863,10.220000267028809,10.300000190734863,7.8631205558776855,2300
2003-06-06,10.289999961853027,10.289999961853027,10.149999618530273,10.25,7.824949264526367,7400
2003-06-09,10.229999542236328,10.75,10.229999542236328,10.75,8.206658363342285,23500
2003-06-10,10.75,11.079999923706055,10.699999809265137,11.050000190734863,8.435680389404297,17400
2003-06-11,11.020000457763672,11.5,11.0,11.170000076293945,8.5272855758667,29700
2003-06-12,11.270000457763672,11.600000381469727,11.210000038146973,11.5,8.779211044311523,15300
2003-06-13,11.449999809265137,13.75,11.420000076293945,12.899999618530273,9.84798812866211,115300
2003-06-16,12.899999618530273,13.039999961853027,12.850000381469727,12.899999618530273,9.84798812866211,37700
2003-06-17,12.899999618530273,13.1899995803833,12.899999618530273,13.130000114440918,10.023571968078613,19500
2003-06-18,13.0,13.0,12.800000190734863,12.869999885559082,9.825085639953613,13400
2003-06-19,12.619999885559082,12.619999885559082,11.640000343322754,12.130000114440918,9.260160446166992,29400
2003-06-20,11.949999809265137,11.949999809265137,11.050000190734863,11.279999732971191,8.6112642288208,22600
2003-06-23,11.199999809265137,11.199999809265137,10.100000381469727,10.949999809265137,8.35933780670166,38200
2003-06-24,10.850000381469727,10.90999984741211,10.25,10.520000457763672,8.031073570251465,13400
2003-06-25,10.420000076293945,10.420000076293945,10.149999618530273,10.170000076293945,7.763879299163818,28800
2003-06-26,10.170000076293945,10.90999984741211,10.170000076293945,10.670000076293945,8.145586967468262,29700
2003-06-27,10.710000038146973,10.850000381469727,10.449999809265137,10.819999694824219,8.260092735290527,32400
2003-06-30,10.84000015258789,11.800000190734863,10.84000015258789,10.850000381469727,8.282998085021973,174800
2003-07-01,10.949999809265137,11.1899995803833,10.65999984741211,10.850000381469727,8.282998085021973,19700
2003-07-02,10.949999809265137,11.300000190734863,10.920000076293945,11.1899995803833,8.542556762695312,24000
2003-07-03,11.199999809265137,11.899999618530273,11.199999809265137,11.899999618530273,9.084577560424805,25500
2003-07-07,11.899999618530273,12.199999809265137,11.899999618530273,12.149999618530273,9.27542781829834,20600
2003-07-08,12.100000381469727,12.149999618530273,11.600000381469727,12.09000015258789,9.229623794555664,22300
2003-07-09,13.100000381469727,13.59000015258789,13.100000381469727,13.569999694824219,10.359468460083008,96000
2003-07-10,13.399999618530273,13.850000381469727,13.239999771118164,13.239999771118164,10.10754680633545,56000
2003-07-11,13.239999771118164,13.350000381469727,12.699999809265137,12.699999809265137,9.695305824279785,22400
2003-07-14,12.0,12.15999984741211,11.850000381469727,12.0,9.160917282104492,69200
2003-07-15,12.149999618530273,12.25,12.0,12.079999923706055,9.221989631652832,56000
2003-07-16,12.079999923706055,12.079999923706055,11.949999809265137,11.970000267028809,9.138018608093262,10800
2003-07-17,11.960000038146973,12.0,11.949999809265137,12.0,9.160917282104492,10000
2003-07-18,12.0,12.069999694824219,11.949999809265137,12.020000457763672,9.176187515258789,31700
2003-07-21,12.119999885559082,12.180000305175781,11.779999732971191,12.0,9.160917282104492,24600
2003-07-22,12.0,12.25,11.930000305175781,12.210000038146973,9.321233749389648,19000
2003-07-23,12.109999656677246,12.5600004196167,12.109999656677246,12.489999771118164,9.534990310668945,53100
2003-07-24,12.649999618530273,13.5,12.600000381469727,13.270000457763672,10.130452156066895,60800
2003-07-25,13.300000190734863,13.800000190734863,13.149999618530273,13.800000190734863,10.53505802154541,65900
2003-07-28,13.880000114440918,14.489999771118164,13.75,13.859999656677246,10.580857276916504,41500
2003-07-29,13.8100004196167,13.899999618530273,13.550000190734863,13.75,10.49688720703125,19800
2003-07-30,13.800000190734863,13.949999809265137,13.5,13.949999809265137,10.649566650390625,24600
2003-07-31,13.960000038146973,14.069999694824219,13.9399995803833,13.9399995803833,10.641935348510742,39900
2003-08-01,13.949999809265137,14.0,13.850000381469727,13.949999809265137,10.649566650390625,31600
2003-08-04,13.960000038146973,14.0,13.850000381469727,13.930000305175781,10.634300231933594,11800
2003-08-05,13.949999809265137,14.0,13.720000267028809,14.0,10.687738418579102,22600
2003-08-06,13.850000381469727,13.949999809265137,13.760000228881836,13.760000228881836,10.504518508911133,26000
2003-08-07,13.720000267028809,13.770000457763672,13.300000190734863,13.75,10.49688720703125,35800
2003-08-08,13.800000190734863,13.800000190734863,13.600000381469727,13.699999809265137,10.458715438842773,17100
2003-08-11,13.6899995803833,13.6899995803833,13.579999923706055,13.649999618530273,10.42054557800293,3700
2003-08-12,13.529999732971191,13.609999656677246,13.199999809265137,13.229999542236328,10.099910736083984,26700
2003-08-13,13.260000228881836,13.380000114440918,13.0,13.050000190734863,9.962498664855957,14700
2003-08-14,13.0,13.5,13.0,13.5,10.306031227111816,13200
2003-08-15,13.600000381469727,13.699999809265137,13.449999809265137,13.699999809265137,10.458715438842773,6700
2003-08-18,13.699999809265137,13.699999809265137,13.579999923706055,13.680000305175781,10.443445205688477,11000
2003-08-19,13.729999542236328,13.949999809265137,13.710000038146973,13.949999809265137,10.649566650390625,11800
2003-08-20,13.949999809265137,14.0,13.869999885559082,13.970000267028809,10.664838790893555,22400
2003-08-21,13.970000267028809,13.989999771118164,13.920000076293945,13.949999809265137,10.649566650390625,6800
2003-08-22,13.949999809265137,13.979999542236328,13.850000381469727,13.850000381469727,10.57322883605957,18300
2003-08-25,13.859999656677246,13.979999542236328,13.800000190734863,13.979999542236328,10.672468185424805,15500
2003-08-26,13.979999542236328,14.5,13.880000114440918,14.399999618530273,10.9931001663208,38600
2003-08-27,14.399999618530273,14.399999618530273,14.109999656677246,14.300000190734863,10.91675853729248,24300
2003-08-28,14.399999618530273,14.75,14.399999618530273,14.649999618530273,11.183952331542969,77500
2003-08-29,14.649999618530273,14.9399995803833,14.279999732971191,14.3100004196167,10.924395561218262,35700
2003-09-02,14.40999984741211,14.609999656677246,14.170000076293945,14.609999656677246,11.15341567993164,18500
2003-09-03,14.510000228881836,14.850000381469727,14.460000038146973,14.850000381469727,11.336637496948242,28300
2003-09-04,14.850000381469727,15.850000381469727,14.829999923706055,15.789999961853027,12.054241180419922,47100
2003-09-05,15.789999961853027,15.789999961853027,15.0,15.449999809265137,11.79468059539795,37700
2003-09-08,15.430000305175781,15.600000381469727,15.399999618530273,15.600000381469727,11.909191131591797,14500
2003-09-09,15.699999809265137,15.75,15.399999618530273,15.5,11.832855224609375,7500
2003-09-10,15.420000076293945,15.420000076293945,14.199999809265137,14.199999809265137,10.840417861938477,18500
2003-09-11,14.199999809265137,15.050000190734863,14.050000190734863,15.050000190734863,11.489322662353516,16300
2003-09-12,15.050000190734863,15.050000190734863,14.710000038146973,14.850000381469727,11.336637496948242,6600
2003-09-15,14.880000114440918,15.0,14.149999618530273,14.180000305175781,10.825153350830078,11200
2003-09-16,14.199999809265137,14.5,14.149999618530273,14.489999771118164,11.061805725097656,4800
2003-09-17,14.5,14.649999618530273,14.369999885559082,14.609999656677246,11.15341567993164,17500
2003-09-18,14.5,14.649999618530273,14.449999809265137,14.640000343322754,11.176321029663086,9000
2003-09-19,14.399999618530273,14.930000305175781,14.399999618530273,14.739999771118164,11.252662658691406,16200
2003-09-22,14.720000267028809,14.720000267028809,14.300000190734863,14.649999618530273,11.183952331542969,20000
2003-09-23,14.600000381469727,14.600000381469727,14.5600004196167,14.600000381469727,11.145783424377441,1200
2003-09-24,14.600000381469727,14.600000381469727,14.149999618530273,14.229999542236328,10.863325119018555,8800
2003-09-25,14.130000114440918,14.850000381469727,13.600000381469727,14.850000381469727,11.336637496948242,41600
2003-09-26,14.819999694824219,14.819999694824219,13.850000381469727,13.899999618530273,10.611393928527832,11400
2003-09-29,13.84000015258789,14.0,13.720000267028809,14.0,10.687738418579102,3800
2003-09-30,14.010000228881836,14.100000381469727,13.300000190734863,13.510000228881836,10.313668251037598,19600
2003-10-01,13.529999732971191,13.880000114440918,13.529999732971191,13.850000381469727,10.57322883605957,4000
2003-10-02,13.779999732971191,13.949999809265137,13.5,13.850000381469727,10.57322883605957,10600
2003-10-03,13.949999809265137,14.359999656677246,13.949999809265137,14.0,10.687738418579102,20900
2003-10-06,13.949999809265137,14.199999809265137,13.890000343322754,14.199999809265137,10.840417861938477,11900
2003-10-07,14.25,14.489999771118164,14.25,14.489999771118164,11.061805725097656,8200
2003-10-08,14.390000343322754,14.390000343322754,13.920000076293945,14.050000190734863,10.725907325744629,8100
2003-10-09,14.0,14.350000381469727,13.949999809265137,14.25,10.878589630126953,6600
2003-10-10,14.199999809265137,14.210000038146973,14.0600004196167,14.199999809265137,10.840417861938477,4800
2003-10-13,14.319999694824219,14.359999656677246,14.170000076293945,14.25,10.878589630126953,7100
2003-10-14,14.350000381469727,14.449999809265137,14.279999732971191,14.449999809265137,11.03127384185791,5600
2003-10-15,14.449999809265137,14.5,14.300000190734863,14.329999923706055,10.93966293334961,7800
2003-10-16,14.25,14.25,13.850000381469727,13.9399995803833,10.641935348510742,7200
2003-10-17,14.039999961853027,14.079999923706055,13.270000457763672,13.289999961853027,10.145716667175293,7500
2003-10-20,13.300000190734863,13.369999885559082,13.0,13.149999618530273,10.03884220123291,8200
2003-10-21,13.050000190734863,13.3100004196167,13.050000190734863,13.119999885559082,10.015941619873047,5000
2003-10-22,13.100000381469727,13.25,13.050000190734863,13.069999694824219,9.977768898010254,8200
2003-10-23,13.0600004196167,13.0600004196167,12.300000190734863,12.520000457763672,9.557890892028809,27100
2003-10-24,12.510000228881836,12.649999618530273,12.4399995803833,12.649999618530273,9.657136917114258,11300
2003-10-27,12.720000267028809,12.920000076293945,12.720000267028809,12.920000076293945,9.86325454711914,4000
2003-10-28,12.949999809265137,13.149999618530273,12.949999809265137,13.149999618530273,10.03884220123291,13000
2003-10-29,13.100000381469727,13.149999618530273,12.649999618530273,12.75,9.733476638793945,16400
2003-10-30,12.850000381469727,13.119999885559082,12.710000038146973,13.0600004196167,9.970133781433105,11000
2003-10-31,13.109999656677246,13.109999656677246,12.640000343322754,12.640000343322754,9.649502754211426,10000
2003-11-03,12.720000267028809,12.949999809265137,12.710000038146973,12.720000267028809,9.710576057434082,6600
2003-11-04,12.729999542236328,12.859999656677246,12.449999809265137,12.600000381469727,9.618965148925781,15900
2003-11-05,12.449999809265137,12.699999809265137,12.25,12.699999809265137,9.695305824279785,18600
2003-11-06,12.800000190734863,12.84000015258789,12.6899995803833,12.729999542236328,9.718207359313965,12100
2003-11-07,12.75,13.329999923706055,12.75,13.3100004196167,10.160985946655273,15700
2003-11-10,13.359999656677246,13.470000267028809,13.300000190734863,13.399999618530273,10.229694366455078,18700
2003-11-11,13.329999923706055,13.649999618530273,13.300000190734863,13.649999618530273,10.42054557800293,10600
2003-11-12,13.649999618530273,13.829999923706055,13.449999809265137,13.550000190734863,10.344204902648926,41800
2003-11-13,13.630000114440918,13.630000114440918,13.399999618530273,13.4399995803833,10.260224342346191,34600
2003-11-14,13.369999885559082,13.5,12.90999984741211,13.050000190734863,9.962498664855957,14400
2003-11-17,13.039999961853027,13.039999961853027,12.510000228881836,12.5600004196167,9.588427543640137,12400
2003-11-18,12.760000228881836,12.920000076293945,12.5,12.600000381469727,9.618965148925781,7400
2003-11-19,12.75,13.449999809265137,12.649999618530273,13.449999809265137,10.267861366271973,13600
2003-11-20,13.5,13.5,13.319999694824219,13.460000038146973,10.275498390197754,14500
2003-11-21,13.479999542236328,13.75,13.430000305175781,13.75,10.49688720703125,10700
2003-11-24,13.850000381469727,14.420000076293945,13.850000381469727,14.199999809265137,10.840417861938477,33100
2003-11-25,14.300000190734863,14.5,14.300000190734863,14.40999984741211,11.000736236572266,21500
2003-11-26,14.460000038146973,14.5,14.199999809265137,14.420000076293945,11.008369445800781,7400
2003-11-28,14.430000305175781,14.5,14.390000343322754,14.5,11.069440841674805,5200
2003-12-01,14.479999542236328,14.989999771118164,14.479999542236328,14.989999771118164,11.443511962890625,52600
2003-12-02,14.949999809265137,15.0,14.899999618530273,14.949999809265137,11.412978172302246,41500
2003-12-03,14.949999809265137,14.949999809265137,14.399999618530273,14.399999618530273,10.9931001663208,13500
2003-12-04,14.40999984741211,14.859999656677246,14.399999618530273,14.859999656677246,11.344270706176758,10000
2003-12-05,14.899999618530273,14.90999984741211,14.710000038146973,14.710000038146973,11.229759216308594,10300
2003-12-08,14.710000038146973,14.920000076293945,14.600000381469727,14.880000114440918,11.359539031982422,29400
2003-12-09,14.920000076293945,15.100000381469727,14.819999694824219,15.100000381469727,11.52748966217041,63700
2003-12-10,15.100000381469727,15.130000114440918,14.899999618530273,14.90999984741211,11.382439613342285,41100
2003-12-11,14.850000381469727,15.949999809265137,14.760000228881836,15.880000114440918,12.12294864654541,61000
2003-12-12,15.75,16.75,15.699999809265137,16.75,12.787116050720215,91900
2003-12-15,16.899999618530273,17.100000381469727,16.299999237060547,16.510000228881836,12.603896141052246,62700
2003-12-16,16.459999084472656,16.68000030517578,16.450000762939453,16.6200008392334,12.687873840332031,23200
2003-12-17,16.700000762939453,17.010000228881836,16.600000381469727,17.010000228881836,12.985601425170898,22300
2003-12-18,17.110000610351562,17.690000534057617,17.049999237060547,17.549999237060547,13.397836685180664,87400
2003-12-19,17.450000762939453,17.600000381469727,17.100000381469727,17.600000381469727,13.436015129089355,38400
2003-12-22,17.5,17.530000686645508,17.31999969482422,17.399999618530273,13.283331871032715,42200
2003-12-23,17.299999237060547,17.450000762939453,17.0,17.450000762939453,13.321507453918457,27600
2003-12-24,17.56999969482422,17.6200008392334,17.43000030517578,17.610000610351562,13.443644523620605,80800
2003-12-26,17.709999084472656,17.709999084472656,17.610000610351562,17.6200008392334,13.451279640197754,14700
2003-12-29,17.670000076293945,17.850000381469727,17.0,17.25,13.168818473815918,29000
2003-12-30,17.200000762939453,17.200000762939453,16.18000030517578,16.18000030517578,12.351971626281738,43200
2003-12-31,15.5,16.889999389648438,15.5,16.75,12.787116050720215,42500
2004-01-02,16.6200008392334,17.450000762939453,16.6200008392334,17.450000762939453,13.321507453918457,16200
2004-01-05,17.649999618530273,18.5,17.649999618530273,18.5,14.123085021972656,57200
2004-01-06,18.649999618530273,18.65999984741211,18.079999923706055,18.219999313354492,13.909326553344727,19700
2004-01-07,18.149999618530273,18.25,18.049999237060547,18.25,13.932228088378906,20400
2004-01-08,18.200000762939453,18.200000762939453,17.899999618530273,17.989999771118164,13.733739852905273,43600
2004-01-09,17.600000381469727,18.260000228881836,17.600000381469727,18.190000534057617,13.886425971984863,45500
2004-01-12,18.200000762939453,19.25,18.079999923706055,19.100000381469727,14.58112907409668,55300
2004-01-13,20.75,20.75,19.25,19.549999237060547,14.924666404724121,153400
2004-01-14,19.549999237060547,19.709999084472656,18.299999237060547,18.520000457763672,14.138346672058105,33800
2004-01-15,18.56999969482422,18.979999542236328,18.520000457763672,18.530000686645508,14.14598560333252,45500
2004-01-16,18.75,19.0,18.709999084472656,18.780000686645508,14.336836814880371,52900
2004-01-20,18.899999618530273,18.899999618530273,18.510000228881836,18.729999542236328,14.298672676086426,36400
2004-01-21,18.729999542236328,18.799999237060547,18.559999465942383,18.75,14.313933372497559,35800
2004-01-22,18.75,19.450000762939453,18.75,19.389999389648438,14.802520751953125,57800
2004-01-23,19.5,19.5,19.0,19.139999389648438,14.611668586730957,18900
2004-01-26,19.299999237060547,19.299999237060547,18.969999313354492,19.100000381469727,14.58112907409668,16600
2004-01-27,19.149999618530273,19.149999618530273,19.0,19.010000228881836,14.512420654296875,15400
2004-01-28,19.0,19.100000381469727,18.649999618530273,18.649999618530273,14.237597465515137,18500
2004-01-29,18.549999237060547,18.549999237060547,18.010000228881836,18.170000076293945,13.871162414550781,31000
2004-01-30,18.049999237060547,18.200000762939453,17.110000610351562,18.0,13.741376876831055,65500
2004-02-02,18.100000381469727,18.100000381469727,17.469999313354492,17.469999313354492,13.336771011352539,15200
2004-02-03,17.5,17.5,17.25,17.3799991607666,13.268060684204102,15900
2004-02-04,17.299999237060547,17.299999237060547,17.010000228881836,17.100000381469727,13.054309844970703,11500
2004-02-05,17.100000381469727,17.100000381469727,16.5,16.75,12.787116050720215,33500
2004-02-06,16.799999237060547,17.809999465942383,16.760000228881836,17.75,13.550528526306152,20000
2004-02-09,17.799999237060547,17.940000534057617,17.799999237060547,17.889999389648438,13.657402992248535,2900
2004-02-10,17.889999389648438,17.889999389648438,17.459999084472656,17.68000030517578,13.49708366394043,7300
2004-02-11,17.600000381469727,17.719999313354492,17.420000076293945,17.670000076293945,13.489455223083496,4800
2004-02-12,17.700000762939453,17.790000915527344,17.600000381469727,17.68000030517578,13.49708366394043,10200
2004-02-13,17.75,17.75,17.6299991607666,17.75,13.550528526306152,9900
2004-02-17,17.549999237060547,17.549999237060547,17.350000381469727,17.350000381469727,13.245162963867188,7100
2004-02-18,16.93000030517578,16.93000030517578,16.549999237060547,16.690000534057617,12.741312980651855,25900
2004-02-19,16.649999618530273,16.719999313354492,16.549999237060547,16.559999465942383,12.642068862915039,13800
2004-02-20,16.520000457763672,16.549999237060547,16.299999237060547,16.469999313354492,12.573359489440918,15100
2004-02-23,16.399999618530273,16.5,16.049999237060547,16.100000381469727,12.290900230407715,19400
2004-02-24,16.100000381469727,16.15999984741211,14.5,15.069999694824219,11.504586219787598,36600
2004-02-25,14.850000381469727,15.40999984741211,14.850000381469727,15.399999618530273,11.756513595581055,22200
2004-02-26,15.5,17.0,15.5,17.0,12.977970123291016,28300
2004-02-27,17.0,17.399999618530273,16.75,17.059999465942383,13.023778915405273,67400
2004-03-01,17.0,17.139999389648438,16.079999923706055,16.09000015258789,12.283266067504883,39600
2004-03-02,16.0,16.34000015258789,15.5,16.06999969482422,12.267996788024902,21900
2004-03-03,16.0,16.0,15.229999542236328,15.229999542236328,11.626728057861328,17400
2004-03-04,15.229999542236328,15.449999809265137,15.149999618530273,15.350000381469727,11.718342781066895,46300
2004-03-05,15.25,16.899999618530273,15.25,16.899999618530273,12.901630401611328,28600
2004-03-08,16.780000686645508,16.780000686645508,16.260000228881836,16.260000228881836,12.413044929504395,8900
2004-03-09,16.25,16.510000228881836,16.149999618530273,16.459999084472656,12.565725326538086,9600
2004-03-10,16.459999084472656,16.6299991607666,16.290000915527344,16.299999237060547,12.443578720092773,11600
2004-03-11,16.450000762939453,16.450000762939453,16.239999771118164,16.239999771118164,12.397778511047363,6100
2004-03-12,16.239999771118164,17.579999923706055,16.239999771118164,17.579999923706055,13.420746803283691,34400
2004-03-15,17.579999923706055,17.889999389648438,17.469999313354492,17.8700008392334,13.642135620117188,11900
2004-03-16,17.8799991607666,18.0,17.8799991607666,17.920000076293945,13.680307388305664,13300
2004-03-17,17.920000076293945,17.920000076293945,17.399999618530273,17.510000228881836,13.367305755615234,15000
2004-03-18,17.5,18.549999237060547,17.450000762939453,17.90999984741211,13.672664642333984,22600
2004-03-19,18.0,18.329999923706055,17.799999237060547,18.149999618530273,13.855886459350586,15400
2004-03-22,17.950000762939453,18.209999084472656,17.950000762939453,18.110000610351562,13.825353622436523,28000
2004-03-23,18.049999237060547,18.139999389648438,17.649999618530273,17.649999618530273,13.4741849899292,39400
2004-03-24,17.549999237060547,17.75,17.3799991607666,17.739999771118164,13.542892456054688,10300
2004-03-25,17.850000381469727,18.149999618530273,16.850000381469727,16.899999618530273,12.901630401611328,56000
2004-03-26,17.049999237060547,17.479999542236328,17.049999237060547,17.3700008392334,13.260430335998535,16300
2004-03-29,17.299999237060547,17.450000762939453,17.270000457763672,17.399999618530273,13.283331871032715,13200
2004-03-30,17.399999618530273,17.469999313354492,16.940000534057617,17.059999465942383,13.023778915405273,6000
2004-03-31,17.1200008392334,17.1200008392334,16.860000610351562,16.889999389648438,12.893990516662598,21700
2004-04-01,16.799999237060547,16.8700008392334,16.549999237060547,16.65999984741211,12.71841049194336,11400
2004-04-02,16.809999465942383,16.809999465942383,16.639999389648438,16.68000030517578,12.733677864074707,14600
2004-04-05,16.600000381469727,16.6299991607666,15.850000381469727,15.859999656677246,12.107680320739746,52800
2004-04-06,15.859999656677246,15.859999656677246,15.319999694824219,15.649999618530273,11.94736385345459,54500
2004-04-07,15.699999809265137,15.710000038146973,15.550000190734863,15.699999809265137,11.98553466796875,42700
2004-04-08,15.770000457763672,16.8799991607666,15.770000457763672,16.700000762939453,12.748943328857422,58700
2004-04-12,17.049999237060547,17.43000030517578,16.549999237060547,16.709999084472656,12.756577491760254,40000
2004-04-13,16.75,17.5,16.649999618530273,17.200000762939453,13.130650520324707,58200
2004-04-14,17.149999618530273,17.149999618530273,16.200000762939453,16.200000762939453,12.367238998413086,45500
2004-04-15,16.299999237060547,16.459999084472656,16.1200008392334,16.149999618530273,12.329069137573242,28000
2004-04-16,16.229999542236328,16.979999542236328,16.18000030517578,16.979999542236328,12.962699890136719,19900
2004-04-19,16.700000762939453,17.399999618530273,16.600000381469727,17.329999923706055,13.229891777038574,40600
2004-04-20,17.299999237060547,17.420000076293945,16.989999771118164,17.059999465942383,13.023778915405273,22300
2004-04-21,17.299999237060547,17.299999237060547,16.540000915527344,16.899999618530273,12.901630401611328,32400
2004-04-22,16.950000762939453,17.049999237060547,16.950000762939453,16.989999771118164,12.970335006713867,35400
2004-04-23,16.940000534057617,17.5,16.940000534057617,17.5,13.359670639038086,8300
2004-04-26,17.5,17.670000076293945,17.299999237060547,17.489999771118164,13.352043151855469,23100
2004-04-27,17.469999313354492,17.75,17.389999389648438,17.399999618530273,13.283331871032715,15100
2004-04-28,17.299999237060547,17.399999618530273,17.0,17.200000762939453,13.130650520324707,32700
2004-04-29,17.149999618530273,17.549999237060547,17.149999618530273,17.209999084472656,13.138282775878906,27900
2004-04-30,17.200000762939453,17.200000762939453,16.799999237060547,16.899999618530273,12.901630401611328,13900
2004-05-03,16.850000381469727,17.0,16.670000076293945,17.0,12.977970123291016,22700
2004-05-04,17.0,17.139999389648438,16.809999465942383,17.1299991607666,13.077213287353516,5000
2004-05-05,17.139999389648438,17.15999984741211,16.899999618530273,16.899999618530273,12.901630401611328,12500
2004-05-06,16.899999618530273,16.899999618530273,16.049999237060547,16.25,12.405410766601562,16000
2004-05-07,16.299999237060547,16.299999237060547,15.649999618530273,15.680000305175781,11.970268249511719,12800
2004-05-10,15.579999923706055,15.579999923706055,14.960000038146973,14.960000038146973,11.420614242553711,13900
2004-05-11,15.0,15.0,14.550000190734863,14.619999885559082,11.161052703857422,15200
2004-05-12,14.619999885559082,14.970000267028809,14.569999694824219,14.949999809265137,11.412978172302246,17600
2004-05-13,14.949999809265137,15.050000190734863,14.800000190734863,14.819999694824219,11.31373405456543,12800
2004-05-14,14.800000190734863,14.899999618530273,14.520000457763672,14.699999809265137,11.222126007080078,16700
2004-05-17,14.680000305175781,14.680000305175781,14.010000228881836,14.300000190734863,10.91675853729248,20800
2004-05-18,14.300000190734863,14.75,14.300000190734863,14.699999809265137,11.222126007080078,9200
2004-05-19,14.800000190734863,14.949999809265137,14.710000038146973,14.84000015258789,11.329001426696777,22500
2004-05-20,14.84000015258789,15.0,14.550000190734863,14.699999809265137,11.222126007080078,8700
2004-05-21,14.649999618530273,15.0,14.649999618530273,15.0,11.451147079467773,8700
2004-05-24,15.069999694824219,15.319999694824219,15.069999694824219,15.3100004196167,11.687804222106934,7500
2004-05-25,15.319999694824219,15.869999885559082,15.319999694824219,15.800000190734863,12.061877250671387,12500
2004-05-26,16.600000381469727,17.149999618530273,16.600000381469727,17.059999465942383,13.023778915405273,76900
2004-05-27,17.200000762939453,17.34000015258789,17.1299991607666,17.200000762939453,13.130650520324707,59400
2004-05-28,17.399999618530273,17.5,17.229999542236328,17.229999542236328,13.153546333312988,66900
2004-06-01,17.229999542236328,17.399999618530273,16.25,16.40999984741211,12.527554512023926,19400
2004-06-02,16.459999084472656,16.5,16.25,16.25,12.405410766601562,15200
2004-06-03,16.270000457763672,16.899999618530273,16.25,16.719999313354492,12.764216423034668,13600
2004-06-04,16.850000381469727,17.149999618530273,16.799999237060547,17.049999237060547,13.016140937805176,26300
2004-06-07,17.059999465942383,17.350000381469727,17.010000228881836,17.350000381469727,13.245162963867188,7800
2004-06-08,17.350000381469727,17.700000762939453,17.350000381469727,17.420000076293945,13.298599243164062,25300
2004-06-09,17.350000381469727,17.940000534057617,17.350000381469727,17.93000030517578,13.68793773651123,47000
2004-06-10,17.899999618530273,18.0,17.850000381469727,17.90999984741211,13.672664642333984,31500
2004-06-14,17.850000381469727,17.850000381469727,17.610000610351562,17.700000762939453,13.512357711791992,51600
2004-06-15,17.600000381469727,17.93000030517578,17.600000381469727,17.829999923706055,13.611598014831543,34600
2004-06-16,17.829999923706055,17.979999542236328,17.75,17.899999618530273,13.665038108825684,17000
2004-06-17,18.649999618530273,19.579999923706055,18.600000381469727,19.579999923706055,14.9475679397583,169400
2004-06-18,19.799999237060547,20.0,19.260000228881836,19.309999465942383,14.74144172668457,62100
2004-06-21,19.209999084472656,19.209999084472656,18.850000381469727,19.15999984741211,14.626935958862305,224800
2004-06-22,19.299999237060547,19.350000381469727,19.100000381469727,19.100000381469727,14.58112907409668,89000
2004-06-23,19.110000610351562,19.200000762939453,18.950000762939453,19.110000610351562,14.588763236999512,87200
2004-06-24,19.149999618530273,19.3799991607666,19.059999465942383,19.100000381469727,14.58112907409668,48400
2004-06-25,19.100000381469727,19.200000762939453,18.899999618530273,19.149999618530273,14.619301795959473,39000
2004-06-28,19.0,19.219999313354492,18.899999618530273,18.90999984741211,14.436084747314453,35800
2004-06-29,18.90999984741211,19.1299991607666,18.850000381469727,18.920000076293945,14.443716049194336,46100
2004-06-30,18.93000030517578,19.09000015258789,18.899999618530273,19.049999237060547,14.542960166931152,60200
2004-07-01,19.0,19.440000534057617,19.0,19.399999618530273,14.810153007507324,56000
2004-07-02,19.469999313354492,19.469999313354492,19.200000762939453,19.399999618530273,14.810153007507324,34800
2004-07-06,19.399999618530273,19.530000686645508,19.139999389648438,19.399999618530273,14.810153007507324,33800
2004-07-07,19.450000762939453,19.649999618530273,19.440000534057617,19.649999618530273,15.000999450683594,26700
2004-07-08,19.579999923706055,19.700000762939453,19.399999618530273,19.649999618530273,15.000999450683594,30000
2004-07-09,19.700000762939453,19.850000381469727,19.649999618530273,19.850000381469727,15.153693199157715,21500
2004-07-12,19.850000381469727,19.899999618530273,19.700000762939453,19.8700008392334,15.168956756591797,31100
2004-07-13,19.899999618530273,20.0,19.709999084472656,19.850000381469727,15.153693199157715,37600
2004-07-14,21.0,22.399999618530273,20.899999618530273,22.100000381469727,16.871360778808594,408700
2004-07-15,22.25,23.100000381469727,21.25,21.600000381469727,16.48965835571289,236300
2004-07-16,21.700000762939453,21.799999237060547,20.25,20.649999618530273,15.764412879943848,66200
2004-07-19,20.5,20.5,19.899999618530273,20.100000381469727,15.344539642333984,110300
2004-07-20,20.100000381469727,20.8700008392334,20.049999237060547,20.75,15.840749740600586,116800
2004-07-21,20.81999969482422,21.399999618530273,20.3799991607666,21.290000915527344,16.252992630004883,82300
2004-07-22,21.260000228881836,21.610000610351562,21.010000228881836,21.399999618530273,16.38314437866211,89800
2004-07-23,21.0,21.139999389648438,20.68000030517578,21.0,16.076921463012695,51100
2004-07-26,21.149999618530273,21.549999237060547,21.020000457763672,21.110000610351562,16.161128997802734,64200
2004-07-27,21.25,21.59000015258789,21.200000762939453,21.34000015258789,16.337217330932617,55100
2004-07-28,21.34000015258789,21.75,21.100000381469727,21.75,16.651090621948242,105200
2004-07-29,21.739999771118164,24.1200008392334,21.719999313354492,23.8799991607666,18.281747817993164,137300
2004-07-30,23.950000762939453,23.950000762939453,22.399999618530273,22.950000762939453,17.569778442382812,80000
2004-08-02,22.450000762939453,22.799999237060547,22.350000381469727,22.729999542236328,17.401348114013672,36600
2004-08-03,22.850000381469727,23.360000610351562,22.75,22.75,17.41666603088379,29600
2004-08-04,22.899999618530273,23.350000381469727,22.459999084472656,23.0,17.608049392700195,66700
2004-08-05,23.149999618530273,23.799999237060547,23.049999237060547,23.110000610351562,17.692262649536133,69200
2004-08-06,23.049999237060547,23.049999237060547,21.700000762939453,21.760000228881836,16.658748626708984,61900
2004-08-09,21.760000228881836,22.010000228881836,21.760000228881836,21.860000610351562,16.735309600830078,18600
2004-08-10,21.860000610351562,22.290000915527344,21.860000610351562,22.190000534057617,16.98794174194336,22900
2004-08-11,22.149999618530273,22.549999237060547,21.979999542236328,22.5,17.225265502929688,51500
2004-08-12,22.510000228881836,22.510000228881836,22.0,22.0,16.842479705810547,16000
2004-08-13,22.0,22.280000686645508,21.799999237060547,22.190000534057617,16.98794174194336,16500
2004-08-16,22.25,22.3799991607666,22.0,22.15999984741211,16.964977264404297,16600
2004-08-17,22.219999313354492,22.299999237060547,21.68000030517578,21.729999542236328,16.63578224182129,45900
2004-08-18,21.739999771118164,21.799999237060547,21.6200008392334,21.729999542236328,16.63578224182129,61100
2004-08-19,21.850000381469727,22.079999923706055,21.489999771118164,21.969999313354492,16.819515228271484,50500
2004-08-20,21.969999313354492,23.549999237060547,21.969999313354492,23.079999923706055,17.669294357299805,73000
2004-08-23,23.149999618530273,23.200000762939453,22.59000015258789,22.600000381469727,17.301820755004883,12700
2004-08-24,22.670000076293945,22.799999237060547,22.469999313354492,22.510000228881836,17.232925415039062,12800
2004-08-25,22.579999923706055,22.600000381469727,22.350000381469727,22.469999313354492,17.202301025390625,13500
2004-08-26,22.549999237060547,22.549999237060547,21.709999084472656,21.75,16.651090621948242,34600
2004-08-27,21.75,21.75,21.549999237060547,21.700000762939453,16.612817764282227,18000
2004-08-30,21.799999237060547,21.799999237060547,21.309999465942383,21.399999618530273,16.38314437866211,17900
2004-08-31,21.299999237060547,21.34000015258789,20.850000381469727,21.049999237060547,16.11519432067871,21500
2004-09-01,21.0,21.540000915527344,21.0,21.049999237060547,16.11519432067871,22000
2004-09-02,20.950000762939453,21.389999389648438,20.170000076293945,20.440000534057617,15.648199081420898,64300
2004-09-03,20.299999237060547,21.209999084472656,19.690000534057617,21.209999084472656,16.237680435180664,34100
2004-09-07,21.239999771118164,21.34000015258789,20.790000915527344,21.0,16.076921463012695,31700
2004-09-08,21.0,21.8700008392334,20.969999313354492,21.59000015258789,16.528596878051758,22700
2004-09-09,21.5,21.6200008392334,21.299999237060547,21.59000015258789,16.528596878051758,26100
2004-09-10,21.549999237060547,21.549999237060547,20.889999389648438,21.100000381469727,16.15346908569336,32800
2004-09-13,20.950000762939453,21.549999237060547,20.93000030517578,21.149999618530273,16.191747665405273,21500
2004-09-14,21.149999618530273,21.5,20.899999618530273,21.399999618530273,16.38314437866211,10100
2004-09-15,21.489999771118164,22.420000076293945,21.479999542236328,22.399999618530273,17.148712158203125,35100
2004-09-16,22.450000762939453,22.549999237060547,21.969999313354492,22.329999923706055,17.095123291015625,97100
2004-09-17,22.31999969482422,22.329999923706055,21.850000381469727,22.25,17.033872604370117,26800
2004-09-20,22.1299991607666,22.520000457763672,22.110000610351562,22.5,17.225265502929688,19300
2004-09-21,22.549999237060547,23.0,22.549999237060547,22.969999313354492,17.5850830078125,24100
2004-09-22,22.959999084472656,22.959999084472656,22.0,22.0,16.842479705810547,14200
2004-09-23,22.049999237060547,22.229999542236328,22.049999237060547,22.079999923706055,16.90373420715332,8000
2004-09-24,22.299999237060547,22.899999618530273,22.200000762939453,22.850000381469727,17.49321937561035,68200
2004-09-27,22.350000381469727,22.579999923706055,22.239999771118164,22.25,17.033872604370117,36800
2004-09-28,22.299999237060547,23.219999313354492,22.299999237060547,22.6200008392334,17.3171329498291,97300
2004-09-29,22.75,24.0,22.729999542236328,23.969999313354492,18.350656509399414,87200
2004-09-30,23.959999084472656,24.399999618530273,23.75,24.0,18.373613357543945,67200
2004-10-01,24.100000381469727,25.59000015258789,24.100000381469727,25.190000534057617,19.284639358520508,66200
2004-10-04,25.200000762939453,25.200000762939453,24.530000686645508,24.799999237060547,18.986066818237305,57700
2004-10-05,24.649999618530273,24.649999618530273,24.010000228881836,24.059999465942383,18.419553756713867,30100
2004-10-06,24.350000381469727,24.649999618530273,24.350000381469727,24.6299991607666,18.855920791625977,30600
2004-10-07,24.700000762939453,24.739999771118164,23.399999618530273,23.479999542236328,17.975522994995117,39900
2004-10-08,23.469999313354492,24.0,23.350000381469727,24.0,18.373613357543945,30500
2004-10-11,24.450000762939453,24.450000762939453,24.1299991607666,24.34000015258789,18.633909225463867,20900
2004-10-12,24.34000015258789,24.3799991607666,23.690000534057617,23.989999771118164,18.36595916748047,17300
2004-10-13,23.989999771118164,24.1200008392334,23.34000015258789,23.34000015258789,17.868350982666016,29200
2004-10-14,23.34000015258789,23.6299991607666,23.34000015258789,23.610000610351562,18.07504653930664,15500
2004-10-15,23.68000030517578,24.309999465942383,23.68000030517578,24.290000915527344,18.59563636779785,23300
2004-10-18,23.850000381469727,24.850000381469727,23.850000381469727,24.850000381469727,19.024349212646484,33500
2004-10-19,24.850000381469727,24.850000381469727,24.559999465942383,24.600000381469727,18.83296012878418,17000
2004-10-20,24.5,25.149999618530273,24.450000762939453,25.149999618530273,19.254024505615234,54600
2004-10-21,25.399999618530273,25.399999618530273,24.100000381469727,24.510000228881836,18.764060974121094,74100
2004-10-22,24.40999984741211,24.75,24.329999923706055,24.5,18.75640106201172,13000
2004-10-25,24.3700008392334,25.239999771118164,24.299999237060547,25.200000762939453,19.29230308532715,29200
2004-10-26,25.350000381469727,25.350000381469727,25.09000015258789,25.100000381469727,19.215736389160156,54300
2004-10-27,25.149999618530273,25.450000762939453,24.979999542236328,25.010000228881836,19.14684295654297,18000
2004-10-28,25.010000228881836,25.1200008392334,24.790000915527344,24.84000015258789,19.016691207885742,24400
2004-10-29,24.84000015258789,24.979999542236328,24.68000030517578,24.690000534057617,18.90186309814453,14100
2004-11-01,24.649999618530273,24.799999237060547,24.350000381469727,24.350000381469727,18.641563415527344,18800
2004-11-02,24.350000381469727,24.950000762939453,24.350000381469727,24.75,18.94780158996582,26800
2004-11-03,24.850000381469727,25.260000228881836,24.850000381469727,25.18000030517578,19.27698516845703,16900
2004-11-04,24.950000762939453,25.350000381469727,24.950000762939453,25.34000015258789,19.399473190307617,22200
2004-11-05,25.440000534057617,25.440000534057617,25.25,25.34000015258789,19.399473190307617,26400
2004-11-08,25.350000381469727,26.0,25.31999969482422,25.799999237060547,19.751636505126953,38600
2004-11-09,25.850000381469727,25.959999084472656,25.68000030517578,25.829999923706055,19.774612426757812,46900
2004-11-10,27.5,27.549999237060547,26.549999237060547,26.920000076293945,20.60907745361328,111600
2004-11-11,26.940000534057617,27.100000381469727,26.299999237060547,26.739999771118164,20.471269607543945,72300
2004-11-12,26.8799991607666,26.979999542236328,26.56999969482422,26.799999237060547,20.517208099365234,53000
2004-11-15,26.799999237060547,26.799999237060547,25.600000381469727,26.59000015258789,20.35643768310547,106100
2004-11-16,26.75,27.149999618530273,26.75,26.989999771118164,20.662662506103516,72600
2004-11-17,27.049999237060547,28.079999923706055,27.049999237060547,28.0,21.4836483001709,66900
2004-11-18,28.219999313354492,28.219999313354492,27.790000915527344,27.90999984741211,21.414594650268555,24700
2004-11-19,27.989999771118164,27.989999771118164,27.0,27.520000457763672,21.115358352661133,37300
2004-11-22,27.520000457763672,28.139999389648438,27.420000076293945,28.030000686645508,21.506662368774414,43100
2004-11-23,28.030000686645508,28.219999313354492,28.030000686645508,28.15999984741211,21.60641098022461,37700
2004-11-24,28.40999984741211,28.760000228881836,28.34000015258789,28.43000030517578,21.81357765197754,28700
2004-11-26,28.5,28.850000381469727,28.5,28.719999313354492,22.03608512878418,16500
2004-11-29,29.0,29.5,28.940000534057617,29.350000381469727,22.51946449279785,43800
2004-11-30,29.5,29.850000381469727,29.209999084472656,29.739999771118164,22.81869888305664,76500
2004-12-01,29.850000381469727,30.649999618530273,29.850000381469727,30.5,23.401826858520508,128800
2004-12-02,30.510000228881836,31.0,30.5,30.850000381469727,23.67037582397461,79500
2004-12-03,31.0,32.0,31.0,31.969999313354492,24.529720306396484,169900
2004-12-06,32.20000076293945,32.68000030517578,31.799999237060547,32.61000061035156,25.02077865600586,88700
2004-12-07,32.66999816894531,32.779998779296875,31.100000381469727,31.25,23.97728729248047,130500
2004-12-08,31.75,33.779998779296875,31.43000030517578,33.779998779296875,25.91847801208496,105100
2004-12-09,33.75,33.75,32.900001525878906,32.959999084472656,25.289329528808594,114300
2004-12-10,32.959999084472656,33.16999816894531,32.41999816894531,32.560001373291016,24.982419967651367,94600
2004-12-13,31.959999084472656,32.900001525878906,31.190000534057617,32.70000076293945,25.089828491210938,100900
2004-12-14,32.650001525878906,34.5,32.650001525878906,34.459999084472656,26.440223693847656,62200
2004-12-15,34.709999084472656,36.099998474121094,34.709999084472656,36.099998474121094,27.698566436767578,130800
2004-12-16,35.5,36.9900016784668,31.520000457763672,36.97999954223633,28.373764038085938,626500
2004-12-17,36.599998474121094,36.75,34.439998626708984,34.5,26.470916748046875,175100
2004-12-20,34.599998474121094,35.790000915527344,34.599998474121094,35.45000076293945,27.199840545654297,67200
2004-12-21,35.650001525878906,36.400001525878906,35.25,36.0,27.621828079223633,63000
2004-12-22,36.06999969482422,36.599998474121094,36.06999969482422,36.209999084472656,27.782955169677734,45600
2004-12-23,36.36000061035156,36.380001068115234,35.439998626708984,35.5,27.238201141357422,45000
2004-12-27,35.650001525878906,36.33000183105469,35.45000076293945,36.31999969482422,27.867353439331055,47600
2004-12-28,36.45000076293945,36.75,35.5,36.70000076293945,28.1589298248291,69100
2004-12-29,36.5,36.5,34.439998626708984,34.810001373291016,26.708782196044922,176500
2004-12-30,34.810001373291016,35.0,32.650001525878906,33.349998474121094,25.58855438232422,514200
2004-12-31,33.70000076293945,33.9900016784668,33.25,33.849998474121094,25.972200393676758,136600
2005-01-03,34.04999923706055,34.20000076293945,33.0099983215332,34.040000915527344,26.117979049682617,114100
2005-01-04,34.040000915527344,34.150001525878906,33.099998474121094,33.970001220703125,26.064268112182617,136800
2005-01-05,33.75,33.880001068115234,32.040000915527344,32.41999816894531,24.874988555908203,84800
2005-01-06,32.349998474121094,32.599998474121094,32.25,32.58000183105469,24.997766494750977,125300
2005-01-07,32.599998474121094,32.709999084472656,31.600000381469727,32.400001525878906,24.859651565551758,222100
2005-01-10,31.399999618530273,32.130001068115234,30.200000762939453,31.799999237060547,24.399288177490234,318100
2005-01-11,31.950000762939453,32.5,30.8700008392334,32.400001525878906,24.859651565551758,162900
2005-01-12,32.849998474121094,32.900001525878906,30.739999771118164,31.549999237060547,24.207468032836914,144600
2005-01-13,31.700000762939453,31.84000015258789,31.0,31.280000686645508,24.00029945373535,127800
2005-01-14,31.049999237060547,32.119998931884766,31.049999237060547,31.899999618530273,24.476011276245117,106600
2005-01-18,31.649999618530273,32.689998626708984,31.549999237060547,31.75,24.360918045043945,190700
2005-01-19,32.0,32.0,31.100000381469727,31.329999923706055,24.038667678833008,61000
2005-01-20,31.25,31.25,29.850000381469727,30.040000915527344,23.048885345458984,91100
2005-01-21,29.950000762939453,30.049999237060547,28.3700008392334,28.450000762939453,21.828920364379883,214000
2005-01-24,28.549999237060547,28.700000762939453,26.700000762939453,26.75,20.567934036254883,244900
2005-01-25,26.950000762939453,27.700000762939453,26.65999984741211,26.75,20.567934036254883,128700
2005-01-26,26.799999237060547,27.100000381469727,26.290000915527344,26.5,20.375713348388672,73300
2005-01-27,27.049999237060547,27.920000076293945,26.969999313354492,27.540000915527344,21.17536735534668,93200
2005-01-28,27.84000015258789,27.850000381469727,27.25,27.469999313354492,21.121532440185547,52800
2005-01-31,27.600000381469727,28.149999618530273,27.5,27.8799991607666,21.436782836914062,78200
2005-02-01,27.899999618530273,28.0,27.06999969482422,27.450000762939453,21.106164932250977,127800
2005-02-02,27.450000762939453,28.530000686645508,27.170000076293945,28.469999313354492,21.890432357788086,163800
2005-02-03,28.5,28.510000228881836,27.450000762939453,27.75,21.336824417114258,59100
2005-02-04,27.850000381469727,28.360000610351562,27.610000610351562,27.940000534057617,21.482919692993164,105200
2005-02-07,27.8799991607666,27.899999618530273,27.530000686645508,27.579999923706055,21.206117630004883,31900
2005-02-08,27.459999084472656,27.459999084472656,26.510000228881836,27.18000030517578,20.898561477661133,114600
2005-02-09,27.079999923706055,27.3799991607666,25.889999389648438,26.0,19.99126434326172,87800
2005-02-10,25.899999618530273,27.270000457763672,25.899999618530273,27.0,20.760156631469727,67100
2005-02-11,27.100000381469727,27.600000381469727,26.84000015258789,27.049999237060547,20.798606872558594,74900
2005-02-14,27.149999618530273,27.149999618530273,26.200000762939453,26.309999465942383,20.2296199798584,50900
2005-02-15,26.360000610351562,26.850000381469727,26.209999084472656,26.850000381469727,20.644824981689453,34500
2005-02-16,26.75,27.149999618530273,26.520000457763672,26.899999618530273,20.683269500732422,44400
2005-02-17,26.899999618530273,27.25,26.540000915527344,26.799999237060547,20.60637855529785,43700
2005-02-18,26.739999771118164,27.139999389648438,26.600000381469727,26.799999237060547,20.60637855529785,67400
2005-02-22,26.799999237060547,26.989999771118164,25.559999465942383,25.6200008392334,19.699085235595703,75000
2005-02-23,25.6200008392334,26.5,25.559999465942383,26.399999618530273,20.298826217651367,59800
2005-02-24,26.299999237060547,26.399999618530273,25.8799991607666,26.3700008392334,20.275760650634766,36000
2005-02-25,26.3700008392334,27.079999923706055,26.3700008392334,27.06999969482422,20.813983917236328,69100
2005-02-28,27.06999969482422,27.270000457763672,26.959999084472656,27.030000686645508,20.783227920532227,81100
2005-03-01,27.149999618530273,27.75,27.1200008392334,27.25,20.952388763427734,38200
2005-03-02,27.0,27.5,26.850000381469727,27.34000015258789,21.021583557128906,118700
2005-03-03,27.34000015258789,27.350000381469727,26.739999771118164,27.100000381469727,20.837047576904297,135200
2005-03-04,27.149999618530273,27.329999923706055,26.959999084472656,27.260000228881836,20.960065841674805,71400
2005-03-07,27.139999389648438,27.479999542236328,26.290000915527344,26.5,20.375713348388672,58000
2005-03-08,26.3799991607666,27.15999984741211,26.25,26.350000381469727,20.260379791259766,54900
2005-03-09,26.399999618530273,26.450000762939453,26.0,26.100000381469727,20.068153381347656,62400
2005-03-10,27.100000381469727,31.040000915527344,27.100000381469727,30.31999969482422,23.312889099121094,562000
2005-03-11,30.25,30.920000076293945,29.299999237060547,30.899999618530273,23.75884437561035,189700
2005-03-14,30.899999618530273,31.299999237060547,29.049999237060547,29.389999389648438,22.597816467285156,92300
2005-03-15,29.489999771118164,30.40999984741211,29.489999771118164,30.020000457763672,23.08222007751465,101600
2005-03-16,29.940000534057617,29.940000534057617,29.549999237060547,29.649999618530273,22.797725677490234,82400
2005-03-17,29.799999237060547,30.149999618530273,29.299999237060547,29.979999542236328,23.051464080810547,67500
2005-03-18,30.229999542236328,30.649999618530273,29.700000762939453,30.559999465942383,23.49742317199707,137900
2005-03-21,30.799999237060547,34.5099983215332,30.579999923706055,32.849998474121094,25.258197784423828,286000
2005-03-22,32.95000076293945,33.5,32.5,33.18000030517578,25.511924743652344,106200
2005-03-23,33.029998779296875,33.029998779296875,32.0,32.25,24.796855926513672,133900
2005-03-24,32.25,33.33000183105469,32.060001373291016,33.04999923706055,25.411972045898438,108300
2005-03-28,33.54999923706055,34.70000076293945,33.189998626708984,34.400001525878906,26.449989318847656,202200
2005-03-29,34.400001525878906,34.400001525878906,33.400001525878906,33.54999923706055,25.796409606933594,242900
2005-03-30,34.75,35.2599983215332,33.04999923706055,34.7599983215332,26.726776123046875,412800
2005-03-31,35.0,35.25,34.400001525878906,35.09000015258789,26.980518341064453,174800
2005-04-01,35.34000015258789,35.88999938964844,34.369998931884766,34.79999923706055,26.757535934448242,157000
2005-04-04,34.79999923706055,35.79999923706055,34.689998626708984,35.0,26.911317825317383,131300
2005-04-05,35.25,35.68000030517578,35.20000076293945,35.40999984741211,27.2265625,101000
2005-04-06,35.40999984741211,37.150001525878906,35.38999938964844,37.0,28.449100494384766,149200
2005-04-07,37.0,37.0099983215332,35.79999923706055,36.20000076293945,27.833984375,83900
2005-04-08,36.099998474121094,36.650001525878906,35.41999816894531,35.43000030517578,27.241941452026367,69400
2005-04-11,35.45000076293945,35.5099983215332,33.0,33.20000076293945,25.57061195373535,289000
2005-04-12,33.25,33.880001068115234,32.45000076293945,32.849998474121094,25.301040649414062,172700
2005-04-13,32.849998474121094,32.93000030517578,31.760000228881836,32.189998626708984,24.792709350585938,71900
2005-04-14,32.439998626708984,32.900001525878906,31.700000762939453,31.700000762939453,24.415311813354492,92900
2005-04-15,31.700000762939453,32.52000045776367,31.260000228881836,31.299999237060547,24.107227325439453,64000
2005-04-18,31.350000381469727,31.799999237060547,31.079999923706055,31.649999618530273,24.37679672241211,85600
2005-04-19,31.799999237060547,32.599998474121094,31.719999313354492,31.950000762939453,24.60786247253418,101500
2005-04-20,32.099998474121094,32.79999923706055,31.780000686645508,31.780000686645508,24.4769287109375,76200
2005-04-21,32.75,33.689998626708984,31.75,32.34000015258789,24.90822982788086,288800
2005-04-22,32.20000076293945,32.459999084472656,31.5,31.579999923706055,24.32288360595703,108800
2005-04-25,31.649999618530273,33.0,31.549999237060547,32.79999923706055,25.262535095214844,82400
2005-04-26,32.900001525878906,32.900001525878906,31.5,31.5,24.261276245117188,89900
2005-04-27,31.549999237060547,31.549999237060547,30.59000015258789,30.90999984741211,23.806848526000977,116200
2005-04-28,30.899999618530273,30.899999618530273,30.0,30.010000228881836,23.11367416381836,83400
2005-04-29,30.25,30.34000015258789,29.049999237060547,29.200000762939453,22.48981475830078,77500
2005-05-02,29.350000381469727,30.0,29.149999618530273,29.799999237060547,22.951936721801758,118100
2005-05-03,29.899999618530273,30.3799991607666,29.700000762939453,30.100000381469727,23.182992935180664,118600
2005-05-04,29.950000762939453,30.940000534057617,29.899999618530273,30.1299991607666,23.206098556518555,173000
2005-05-05,29.899999618530273,30.079999923706055,27.1299991607666,27.299999237060547,21.02643394470215,565000
2005-05-06,26.399999618530273,27.290000915527344,26.100000381469727,26.649999618530273,20.52580451965332,2843200
2005-05-09,27.100000381469727,28.649999618530273,27.0,28.31999969482422,21.812036514282227,1025900
2005-05-10,28.25,28.489999771118164,27.700000762939453,28.100000381469727,21.642593383789062,300100
2005-05-11,28.110000610351562,28.18000030517578,27.350000381469727,28.0,21.56557846069336,321200
2005-05-12,28.25,28.3700008392334,26.899999618530273,27.0,20.79537010192871,248700
2005-05-13,26.899999618530273,27.010000228881836,26.25,26.31999969482422,20.271638870239258,184100
2005-05-16,25.920000076293945,26.700000762939453,25.68000030517578,25.889999389648438,19.940448760986328,406500
2005-05-17,25.75,26.34000015258789,25.399999618530273,26.309999465942383,20.263933181762695,177400
2005-05-18,26.399999618530273,27.59000015258789,26.350000381469727,27.540000915527344,21.211278915405273,457400
2005-05-19,27.440000534057617,27.540000915527344,26.40999984741211,26.75,20.602825164794922,258000
2005-05-20,26.799999237060547,26.940000534057617,26.280000686645508,26.729999542236328,20.587419509887695,117000
2005-05-23,26.8700008392334,26.989999771118164,26.399999618530273,26.649999618530273,20.52580451965332,171900
2005-05-24,26.600000381469727,26.719999313354492,26.1299991607666,26.1299991607666,20.125301361083984,168600
2005-05-25,26.1299991607666,26.43000030517578,25.65999984741211,25.75,19.832624435424805,192800
2005-05-26,25.829999923706055,26.610000610351562,25.600000381469727,26.600000381469727,20.48729705810547,487200
2005-05-27,26.700000762939453,27.040000915527344,26.670000076293945,26.950000762939453,20.75686264038086,145600
2005-05-31,27.200000762939453,27.799999237060547,27.1200008392334,27.719999313354492,21.349918365478516,304600
2005-06-01,27.799999237060547,28.670000076293945,27.799999237060547,28.670000076293945,22.08160400390625,387200
2005-06-02,28.700000762939453,29.219999313354492,28.700000762939453,29.219999313354492,22.50521469116211,278800
2005-06-03,29.209999084472656,29.25,28.65999984741211,29.149999618530273,22.451305389404297,252800
2005-06-06,29.149999618530273,29.149999618530273,28.90999984741211,29.030000686645508,22.3588809967041,107400
2005-06-07,29.200000762939453,29.350000381469727,28.760000228881836,28.969999313354492,22.312667846679688,235800
2005-06-08,28.899999618530273,28.950000762939453,28.399999618530273,28.639999389648438,22.058496475219727,282900
2005-06-09,28.700000762939453,28.920000076293945,28.170000076293945,28.31999969482422,21.812036514282227,124700
2005-06-10,29.0,29.5,28.34000015258789,28.600000381469727,22.027690887451172,491100
2005-06-13,28.479999542236328,28.790000915527344,28.450000762939453,28.600000381469727,22.027690887451172,145700
2005-06-14,28.549999237060547,29.149999618530273,28.549999237060547,29.139999389648438,22.4435977935791,138300
2005-06-15,29.200000762939453,29.969999313354492,28.56999969482422,29.860000610351562,22.99814224243164,269900
2005-06-16,30.0,30.530000686645508,29.5,30.420000076293945,23.429460525512695,205500
2005-06-17,30.5,30.700000762939453,29.770000457763672,29.809999465942383,22.95963478088379,89700
2005-06-20,29.709999084472656,29.729999542236328,28.709999084472656,29.049999237060547,22.374284744262695,64100
2005-06-21,29.0,29.639999389648438,28.860000610351562,29.299999237060547,22.56682777404785,108200
2005-06-22,29.350000381469727,29.690000534057617,29.25,29.65999984741211,22.84410285949707,133800
2005-06-23,29.549999237060547,29.549999237060547,27.899999618530273,28.100000381469727,21.642593383789062,161000
2005-06-24,28.100000381469727,28.110000610351562,27.15999984741211,27.530000686645508,21.203588485717773,218200
2005-06-27,27.450000762939453,28.1200008392334,26.799999237060547,27.799999237060547,21.411531448364258,98000
2005-06-28,27.899999618530273,28.700000762939453,27.899999618530273,28.549999237060547,21.989185333251953,115400
2005-06-29,28.56999969482422,29.420000076293945,27.610000610351562,29.270000457763672,22.543731689453125,168500
2005-06-30,30.0,30.549999237060547,26.200000762939453,27.100000381469727,20.872394561767578,1115700
2005-07-01,27.079999923706055,27.649999618530273,26.549999237060547,27.149999618530273,20.910905838012695,347500
2005-07-05,27.100000381469727,27.100000381469727,26.350000381469727,26.799999237060547,20.641334533691406,326800
2005-07-06,26.799999237060547,26.889999389648438,26.190000534057617,26.299999237060547,20.256237030029297,167500
2005-07-07,26.100000381469727,26.649999618530273,25.799999237060547,26.440000534057617,20.364057540893555,100600
2005-07-08,26.420000076293945,26.989999771118164,26.100000381469727,26.809999465942383,20.649032592773438,189900
2005-07-11,26.809999465942383,28.690000534057617,26.75,28.479999542236328,21.93526268005371,179900
2005-07-12,28.3799991607666,28.3799991607666,27.450000762939453,28.0,21.56557846069336,282000
2005-07-13,27.549999237060547,27.59000015258789,26.729999542236328,27.0,20.854961395263672,391900
2005-07-14,27.350000381469727,27.350000381469727,26.889999389648438,27.049999237060547,20.893583297729492,112900
2005-07-15,26.899999618530273,27.15999984741211,26.639999389648438,27.0,20.854961395263672,78500
2005-07-18,26.969999313354492,26.969999313354492,26.010000228881836,26.25,20.27565574645996,169900
2005-07-19,26.299999237060547,27.18000030517578,26.299999237060547,26.969999313354492,20.831790924072266,222400
2005-07-20,26.979999542236328,28.030000686645508,26.75,27.8700008392334,21.52695083618164,94400
2005-07-21,28.049999237060547,28.079999923706055,26.850000381469727,27.110000610351562,20.939922332763672,134600
2005-07-22,27.049999237060547,27.290000915527344,26.59000015258789,27.049999237060547,20.893583297729492,151000
2005-07-25,27.0,27.360000610351562,26.65999984741211,26.829999923706055,20.723649978637695,49400
2005-07-26,26.799999237060547,27.299999237060547,26.40999984741211,26.93000030517578,20.80088996887207,94500
2005-07-27,27.399999618530273,28.030000686645508,27.399999618530273,27.950000762939453,21.588747024536133,209100
2005-07-28,28.200000762939453,29.270000457763672,27.950000762939453,29.209999084472656,22.561981201171875,285400
2005-07-29,29.280000686645508,29.280000686645508,28.389999389648438,28.899999618530273,22.322532653808594,232500
2005-08-01,28.899999618530273,30.0,28.899999618530273,29.649999618530273,22.901838302612305,265400
2005-08-02,29.0,30.0,29.0,29.770000457763672,22.994524002075195,243900
2005-08-03,29.600000381469727,29.690000534057617,29.3799991607666,29.5,22.78597640991211,66900
2005-08-04,29.5,29.6200008392334,29.100000381469727,29.510000228881836,22.793697357177734,134700
2005-08-05,29.450000762939453,29.549999237060547,28.540000915527344,28.579999923706055,22.075359344482422,141100
2005-08-08,28.5,28.690000534057617,28.270000457763672,28.559999465942383,22.059911727905273,117700
2005-08-09,28.559999465942383,28.59000015258789,28.200000762939453,28.350000381469727,21.8977108001709,138700
2005-08-10,28.450000762939453,28.799999237060547,28.299999237060547,28.520000457763672,22.029014587402344,179900
2005-08-11,28.399999618530273,28.450000762939453,27.950000762939453,28.31999969482422,21.87453842163086,127300
2005-08-12,28.149999618530273,28.200000762939453,27.06999969482422,27.260000228881836,21.055788040161133,158800
2005-08-15,27.25,28.030000686645508,27.100000381469727,27.700000762939453,21.395645141601562,120900
2005-08-16,27.549999237060547,27.920000076293945,27.459999084472656,27.780000686645508,21.457433700561523,59400
2005-08-17,27.770000457763672,28.25,27.75,28.010000228881836,21.635089874267578,71200
2005-08-18,28.0,28.329999923706055,27.950000762939453,28.309999465942383,21.866811752319336,104600
2005-08-19,28.190000534057617,28.65999984741211,28.190000534057617,28.649999618530273,22.129430770874023,94300
2005-08-22,28.700000762939453,29.040000915527344,28.459999084472656,28.899999618530273,22.322532653808594,106200
2005-08-23,28.790000915527344,29.0,28.459999084472656,28.860000610351562,22.29163932800293,128200
2005-08-24,28.75,29.299999237060547,28.5,29.200000762939453,22.55425453186035,202300
2005-08-25,29.149999618530273,29.25,28.65999984741211,28.850000381469727,22.283912658691406,171600
2005-08-26,28.649999618530273,28.75,28.25,28.600000381469727,22.09081268310547,163700
2005-08-29,28.3700008392334,28.950000762939453,28.25,28.950000762939453,22.36115264892578,94400
2005-08-30,28.75,28.75,28.43000030517578,28.520000457763672,22.029014587402344,153400
2005-08-31,28.600000381469727,28.920000076293945,28.520000457763672,28.850000381469727,22.283912658691406,447500
2005-09-01,28.899999618530273,29.0,28.149999618530273,28.5,22.013568878173828,165900
2005-09-02,28.59000015258789,28.950000762939453,28.510000228881836,28.75,22.206676483154297,72400
2005-09-06,28.860000610351562,29.459999084472656,28.860000610351562,29.149999618530273,22.515628814697266,80300
2005-09-07,29.0,29.479999542236328,28.8799991607666,29.459999084472656,22.75507926940918,95700
2005-09-08,29.459999084472656,29.459999084472656,29.0,29.040000915527344,22.430662155151367,31700
2005-09-09,29.200000762939453,29.5,29.149999618530273,29.43000030517578,22.73191261291504,41400
2005-09-12,29.5,29.6299991607666,29.329999923706055,29.469999313354492,22.762802124023438,62400
2005-09-13,29.389999389648438,29.5,29.139999389648438,29.5,22.78597640991211,32500
2005-09-14,29.5,29.559999465942383,28.760000228881836,29.030000686645508,22.422948837280273,86600
2005-09-15,29.1299991607666,29.290000915527344,28.989999771118164,29.100000381469727,22.47701644897461,86200
2005-09-16,29.25,29.489999771118164,29.110000610351562,29.299999237060547,22.631492614746094,190900
2005-09-19,29.399999618530273,29.799999237060547,29.329999923706055,29.649999618530273,22.901838302612305,173100
2005-09-20,29.700000762939453,32.209999084472656,29.700000762939453,31.450000762939453,24.292165756225586,524300
2005-09-21,31.450000762939453,31.450000762939453,30.700000762939453,30.770000457763672,23.766931533813477,246400
2005-09-22,30.8700008392334,31.200000762939453,30.100000381469727,30.860000610351562,23.83645248413086,135000
2005-09-23,30.979999542236328,32.060001373291016,30.899999618530273,31.920000076293945,24.65519905090332,132000
2005-09-26,32.04999923706055,32.20000076293945,31.280000686645508,31.59000015258789,24.400306701660156,93100
2005-09-27,31.649999618530273,31.670000076293945,30.84000015258789,31.649999618530273,24.446645736694336,130500
2005-09-28,31.649999618530273,32.29999923706055,31.600000381469727,31.809999465942383,24.57023048400879,155400
2005-09-29,31.950000762939453,33.0,31.940000534057617,32.65999984741211,25.226783752441406,167800
2005-09-30,32.54999923706055,33.41999816894531,32.54999923706055,33.2400016784668,25.674776077270508,136600
2005-10-03,33.15999984741211,33.560001373291016,32.68000030517578,33.040000915527344,25.520292282104492,103300
2005-10-04,33.150001525878906,33.209999084472656,32.560001373291016,32.68000030517578,25.242225646972656,248200
2005-10-05,32.650001525878906,32.650001525878906,30.850000381469727,31.020000457763672,23.96002960205078,196600
2005-10-06,30.84000015258789,31.190000534057617,30.0,30.5,23.55838394165039,94700
2005-10-07,30.610000610351562,31.100000381469727,30.600000381469727,30.850000381469727,23.828723907470703,51300
2005-10-10,30.860000610351562,31.540000915527344,30.350000381469727,31.110000610351562,24.029544830322266,66300
2005-10-11,31.110000610351562,31.93000030517578,31.079999923706055,31.65999984741211,24.454368591308594,140700
2005-10-12,31.5,31.540000915527344,30.239999771118164,30.760000228881836,23.75920867919922,101800
2005-10-13,30.600000381469727,30.600000381469727,29.600000381469727,30.15999984741211,23.295757293701172,95200
2005-10-14,30.350000381469727,31.110000610351562,29.690000534057617,30.940000534057617,23.898235321044922,45700
2005-10-17,30.899999618530273,31.540000915527344,30.600000381469727,31.280000686645508,24.16086196899414,116900
2005-10-18,31.450000762939453,31.559999465942383,31.030000686645508,31.200000762939453,24.099061965942383,91400
2005-10-19,29.700000762939453,30.010000228881836,27.899999618530273,28.799999237060547,22.245288848876953,691500
2005-10-20,28.649999618530273,29.1200008392334,27.610000610351562,28.049999237060547,21.665985107421875,248900
2005-10-21,27.899999618530273,28.149999618530273,27.0,27.739999771118164,21.426538467407227,281800
2005-10-24,27.799999237060547,28.559999465942383,27.770000457763672,28.399999618530273,21.936328887939453,132100
2005-10-25,28.219999313354492,28.530000686645508,27.690000534057617,27.690000534057617,21.387922286987305,201000
2005-10-26,27.600000381469727,28.100000381469727,27.309999465942383,27.549999237060547,21.279781341552734,191600
2005-10-27,27.549999237060547,27.780000686645508,26.959999084472656,27.149999618530273,20.970821380615234,139000
2005-10-28,27.350000381469727,27.950000762939453,27.34000015258789,27.34000015258789,21.117578506469727,189300
2005-10-31,27.34000015258789,28.100000381469727,27.34000015258789,27.549999237060547,21.279781341552734,220100
2005-11-01,27.760000228881836,28.1299991607666,27.700000762939453,27.75,21.434263229370117,168000
2005-11-02,29.700000762939453,29.700000762939453,24.670000076293945,24.670000076293945,19.055248260498047,1606200
2005-11-03,24.75,26.31999969482422,24.75,26.200000762939453,20.237041473388672,430700
2005-11-04,26.100000381469727,26.549999237060547,26.100000381469727,26.149999618530273,20.198413848876953,264500
2005-11-07,26.1200008392334,26.739999771118164,26.010000228881836,26.299999237060547,20.31427764892578,268400
2005-11-08,26.149999618530273,26.690000534057617,26.0,26.65999984741211,20.592348098754883,122800
2005-11-09,26.700000762939453,27.450000762939453,26.510000228881836,27.0,20.917726516723633,221500
2005-11-10,26.700000762939453,27.149999618530273,26.260000228881836,26.850000381469727,20.8015193939209,162100
2005-11-11,27.0,27.209999084472656,26.579999923706055,26.989999771118164,20.90998077392578,132800
2005-11-14,27.149999618530273,27.479999542236328,26.829999923706055,27.0,20.917726516723633,187200
2005-11-15,27.0,27.0,25.809999465942383,25.950000762939453,20.10426139831543,767600
2005-11-16,26.149999618530273,26.75,26.06999969482422,26.329999923706055,20.398658752441406,156100
2005-11-17,26.139999389648438,26.6299991607666,26.0,26.1299991607666,20.24371337890625,122800
2005-11-18,26.34000015258789,26.5,26.219999313354492,26.3799991607666,20.43739891052246,197600
2005-11-21,26.530000686645508,26.959999084472656,26.0,26.3700008392334,20.429649353027344,265700
2005-11-22,26.170000076293945,27.18000030517578,26.170000076293945,27.059999465942383,20.96421241760254,287300
2005-11-23,27.149999618530273,27.459999084472656,27.079999923706055,27.200000762939453,21.072668075561523,58600
2005-11-25,27.049999237060547,27.170000076293945,26.709999084472656,26.739999771118164,20.71630096435547,67400
2005-11-28,26.59000015258789,27.799999237060547,26.399999618530273,26.989999771118164,20.90998077392578,271700
2005-11-29,26.90999984741211,27.350000381469727,26.5,26.899999618530273,20.840251922607422,232500
2005-11-30,26.90999984741211,27.25,26.600000381469727,27.25,21.11141014099121,213400
2005-12-01,27.450000762939453,28.450000762939453,27.399999618530273,28.100000381469727,21.769933700561523,158600
2005-12-02,28.469999313354492,29.200000762939453,28.25,28.950000762939453,22.428457260131836,253000
2005-12-05,28.75,29.149999618530273,27.940000534057617,28.049999237060547,21.7311954498291,212300
2005-12-06,28.149999618530273,28.350000381469727,27.510000228881836,27.639999389648438,21.413557052612305,105500
2005-12-07,27.68000030517578,27.850000381469727,27.399999618530273,27.690000534057617,21.45229148864746,106700
2005-12-08,27.559999465942383,27.799999237060547,26.75,27.329999923706055,21.17338752746582,142100
2005-12-09,27.239999771118164,28.459999084472656,27.239999771118164,28.420000076293945,22.01784896850586,98100
2005-12-12,28.649999618530273,28.75,28.360000610351562,28.610000610351562,22.1650447845459,163800
2005-12-13,28.579999923706055,28.600000381469727,27.760000228881836,28.010000228881836,21.70020866394043,176600
2005-12-14,28.040000915527344,28.200000762939453,27.579999923706055,28.0,21.692462921142578,127600
2005-12-15,28.1299991607666,28.610000610351562,27.8700008392334,28.350000381469727,21.963613510131836,170400
2005-12-16,28.799999237060547,29.0,27.65999984741211,27.799999237060547,21.537508010864258,290900
2005-12-19,27.84000015258789,28.0,27.25,27.450000762939453,21.266361236572266,254200
2005-12-20,27.450000762939453,27.75,27.229999542236328,27.479999542236328,21.289600372314453,254000
2005-12-21,27.479999542236328,28.030000686645508,27.479999542236328,27.950000762939453,21.65372085571289,167900
2005-12-22,27.979999542236328,28.450000762939453,27.920000076293945,28.309999465942383,21.932619094848633,92700
2005-12-23,28.229999542236328,28.399999618530273,27.979999542236328,28.200000762939453,21.8474063873291,51600
2005-12-27,28.06999969482422,28.299999237060547,27.709999084472656,27.899999618530273,21.614986419677734,111600
2005-12-28,27.8700008392334,28.43000030517578,27.299999237060547,28.31999969482422,21.94037437438965,178000
2005-12-29,28.299999237060547,29.020000457763672,28.299999237060547,28.799999237060547,22.312240600585938,91200
2005-12-30,29.020000457763672,29.079999923706055,28.350000381469727,28.399999618530273,22.002355575561523,123400
2006-01-03,28.600000381469727,28.979999542236328,27.799999237060547,28.260000228881836,21.893896102905273,239800
2006-01-04,29.399999618530273,31.100000381469727,29.020000457763672,30.5,23.629287719726562,1022000
2006-01-05,30.75,31.0,29.729999542236328,30.549999237060547,23.66801643371582,350700
2006-01-06,30.700000762939453,31.549999237060547,30.639999389648438,31.440000534057617,24.357528686523438,310800
2006-01-09,31.5,31.93000030517578,30.31999969482422,30.450000762939453,23.59054946899414,261600
2006-01-10,30.25,30.799999237060547,30.1200008392334,30.610000610351562,23.714509963989258,205100
2006-01-11,30.899999618530273,31.950000762939453,30.290000915527344,31.700000762939453,24.558961868286133,312900
2006-01-12,31.899999618530273,32.560001373291016,31.489999771118164,31.799999237060547,24.636436462402344,289400
2006-01-13,32.0,32.709999084472656,31.850000381469727,32.0,24.7913761138916,116000
2006-01-17,31.799999237060547,31.84000015258789,30.799999237060547,31.739999771118164,24.58995246887207,204700
2006-01-18,31.600000381469727,31.799999237060547,31.299999237060547,31.770000457763672,24.61319923400879,235200
2006-01-19,32.29999923706055,32.630001068115234,31.5,31.889999389648438,24.706157684326172,264900
2006-01-20,30.950000762939453,31.790000915527344,30.170000076293945,31.010000228881836,24.024404525756836,387600
2006-01-23,30.93000030517578,30.979999542236328,30.18000030517578,30.31999969482422,23.55059051513672,242100
2006-01-24,30.5,31.309999465942383,30.5,30.780000686645508,23.907886505126953,383200
2006-01-25,31.18000030517578,31.360000610351562,30.700000762939453,30.850000381469727,23.962261199951172,232500
2006-01-26,32.25,35.16999816894531,32.189998626708984,35.0,27.185714721679688,985600
2006-01-27,35.099998474121094,35.099998474121094,34.08000183105469,35.0099983215332,27.193477630615234,619600
2006-01-30,35.349998474121094,35.349998474121094,33.95000076293945,34.720001220703125,26.968225479125977,266200
2006-01-31,34.400001525878906,35.650001525878906,33.95000076293945,35.45000076293945,27.535226821899414,358100
2006-02-01,36.29999923706055,37.400001525878906,35.75,36.099998474121094,28.040111541748047,481400
2006-02-02,36.25,36.5,34.93000030517578,35.349998474121094,27.457563400268555,160800
2006-02-03,35.40999984741211,37.38999938964844,35.20000076293945,35.959999084472656,27.93136978149414,304700
2006-02-06,36.0,36.709999084472656,35.779998779296875,36.58000183105469,28.412940979003906,167000
2006-02-07,36.7599983215332,37.5,35.36000061035156,35.36000061035156,27.465335845947266,331300
2006-02-08,35.310001373291016,36.27000045776367,34.95000076293945,36.040000915527344,27.993505477905273,194200
2006-02-09,36.25,36.470001220703125,35.7599983215332,35.779998779296875,27.79155921936035,138200
2006-02-10,35.599998474121094,36.29999923706055,34.40999984741211,36.0099983215332,27.9702091217041,155000
2006-02-13,37.25,38.400001525878906,36.09000015258789,36.79999923706055,28.583829879760742,587500
2006-02-14,36.72999954223633,37.29999923706055,36.0,37.029998779296875,28.76247787475586,323000
2006-02-15,37.16999816894531,37.349998474121094,36.13999938964844,36.439998626708984,28.304197311401367,305100
2006-02-16,37.0,37.77000045776367,36.75,37.68000030517578,29.267353057861328,150000
2006-02-17,37.68000030517578,37.75,36.59000015258789,36.84000015258789,28.614896774291992,84900
2006-02-21,37.0,37.9900016784668,36.369998931884766,37.959999084472656,29.484830856323242,172400
2006-02-22,38.150001525878906,40.0,38.130001068115234,39.349998474121094,30.564498901367188,320100
2006-02-23,39.400001525878906,39.400001525878906,38.04999923706055,38.68000030517578,30.04408836364746,170500
2006-02-24,38.72999954223633,38.72999954223633,37.79999923706055,38.369998931884766,29.803295135498047,97400
2006-02-27,38.470001220703125,39.86000061035156,38.25,39.5,30.68100357055664,115800
2006-02-28,39.5,39.5,37.52000045776367,37.779998779296875,29.345027923583984,162400
2006-03-01,40.25,44.439998626708984,40.25,43.349998474121094,33.67144012451172,884900
2006-03-02,43.349998474121094,44.029998779296875,42.900001525878906,43.0099983215332,33.407352447509766,331000
2006-03-03,42.90999984741211,43.470001220703125,40.5099983215332,41.04999923706055,31.88495445251465,485200
2006-03-06,41.54999923706055,42.0,41.04999923706055,41.349998474121094,32.117977142333984,290300
2006-03-07,41.900001525878906,41.900001525878906,39.75,39.9900016784668,31.061614990234375,216300
2006-03-08,39.95000076293945,39.95000076293945,37.54999923706055,39.18000030517578,30.432464599609375,354400
2006-03-09,39.380001068115234,39.5099983215332,37.900001525878906,38.099998474121094,29.593582153320312,174900
2006-03-10,37.97999954223633,39.5,37.459999084472656,39.5,30.68100357055664,326800
2006-03-13,39.5,40.04999923706055,39.18000030517578,39.5,30.68100357055664,153200
2006-03-14,39.25,40.470001220703125,38.45000076293945,40.150001525878906,31.185901641845703,150500
2006-03-15,41.150001525878906,42.20000076293945,40.810001373291016,41.369998931884766,32.13350296020508,204000
2006-03-16,41.54999923706055,41.95000076293945,41.220001220703125,41.650001525878906,32.35099411010742,93100
2006-03-17,41.900001525878906,42.119998931884766,41.5,41.5099983215332,32.242252349853516,111700
2006-03-20,41.70000076293945,41.88999938964844,40.599998474121094,40.9900016784668,31.838350296020508,86800
2006-03-21,40.849998474121094,41.13999938964844,40.13999938964844,40.25,31.263559341430664,77800
2006-03-22,40.220001220703125,41.2400016784668,40.220001220703125,40.880001068115234,31.75290870666504,112900
2006-03-23,40.68000030517578,41.47999954223633,40.25,41.29999923706055,32.07912826538086,138300
2006-03-24,41.29999923706055,41.36000061035156,40.68000030517578,40.70000076293945,31.613082885742188,96300
2006-03-27,40.599998474121094,40.75,40.25,40.349998474121094,31.341238021850586,86400
2006-03-28,40.45000076293945,40.75,40.25,40.38999938964844,31.37230682373047,72100
2006-03-29,40.220001220703125,40.66999816894531,40.0,40.15999984741211,31.193653106689453,222200
2006-03-30,39.599998474121094,40.45000076293945,39.599998474121094,39.90999984741211,30.999483108520508,208300
2006-03-31,40.04999923706055,40.34000015258789,39.5,40.04999923706055,31.10820770263672,109400
2006-04-03,40.150001525878906,41.220001220703125,40.0,40.849998474121094,31.7296085357666,231700
2006-04-04,41.599998474121094,42.47999954223633,40.9900016784668,42.130001068115234,32.72382354736328,603300
2006-04-05,40.279998779296875,42.7400016784668,40.20000076293945,41.40999984741211,32.164573669433594,568500
2006-04-06,41.15999984741211,41.5,39.91999816894531,40.43000030517578,31.403385162353516,329800
2006-04-07,41.099998474121094,41.93000030517578,40.79999923706055,41.119998931884766,31.939327239990234,254200
2006-04-10,41.119998931884766,41.18000030517578,39.5,39.7400016784668,30.8674373626709,263300
2006-04-11,39.70000076293945,39.720001220703125,38.0099983215332,38.41999816894531,29.842134475708008,251500
2006-04-12,38.599998474121094,39.2599983215332,38.400001525878906,39.06999969482422,30.34701919555664,227500
2006-04-13,39.20000076293945,39.93000030517578,39.150001525878906,39.83000183105469,30.937345504760742,165200
2006-04-17,39.619998931884766,40.279998779296875,39.400001525878906,40.2599983215332,31.334270477294922,207500
2006-04-18,40.29999923706055,40.599998474121094,39.459999084472656,40.130001068115234,31.233102798461914,612600
2006-04-19,41.25,43.470001220703125,41.150001525878906,43.459999084472656,33.8248291015625,702200
2006-04-20,43.459999084472656,43.459999084472656,41.79999923706055,41.9900016784668,32.680728912353516,226300
2006-04-21,42.29999923706055,43.13999938964844,42.02000045776367,42.439998626708984,33.03096008300781,395500
2006-04-24,42.650001525878906,42.900001525878906,41.58000183105469,42.29999923706055,32.9219970703125,179800
2006-04-25,42.150001525878906,42.27000045776367,40.36000061035156,41.470001220703125,32.27601623535156,250700
2006-04-26,41.54999923706055,42.470001220703125,41.31999969482422,41.88999938964844,32.60289001464844,350300
2006-04-27,41.790000915527344,41.790000915527344,39.0099983215332,39.79999923706055,30.976245880126953,231400
2006-04-28,39.70000076293945,40.70000076293945,39.31999969482422,40.150001525878906,31.2486572265625,268100
2006-05-01,40.22999954223633,41.08000183105469,40.06999969482422,40.79999923706055,31.754554748535156,227000
2006-05-02,40.95000076293945,41.25,40.2599983215332,41.130001068115234,32.01138687133789,167300
2006-05-03,41.130001068115234,42.43000030517578,40.900001525878906,42.29999923706055,32.9219970703125,269800
2006-05-04,41.849998474121094,45.349998474121094,41.5,44.400001525878906,34.55642318725586,562100
2006-05-05,45.599998474121094,46.630001068115234,44.83000183105469,45.650001525878906,35.52930450439453,346700
2006-05-08,45.650001525878906,46.34000015258789,44.79999923706055,45.0,35.023406982421875,190500
2006-05-09,45.0099983215332,45.5,44.63999938964844,44.75,34.82883834838867,151500
2006-05-10,44.58000183105469,44.7400016784668,42.61000061035156,43.70000076293945,34.011619567871094,343000
2006-05-11,43.70000076293945,43.70000076293945,42.18000030517578,42.31999969482422,32.93756866455078,153500
2006-05-12,41.400001525878906,41.68000030517578,39.5,40.70000076293945,31.676725387573242,331200
2006-05-15,40.70000076293945,40.75,38.560001373291016,39.36000061035156,30.633798599243164,285600
2006-05-16,38.45000076293945,38.45000076293945,36.369998931884766,36.959999084472656,28.76589012145996,1188200
2006-05-17,36.779998779296875,37.459999084472656,36.349998474121094,36.5,28.40787124633789,1144400
2006-05-18,36.95000076293945,37.16999816894531,34.79999923706055,34.88999938964844,27.154808044433594,278400
2006-05-19,35.0,35.5,33.900001525878906,34.90999984741211,27.170379638671875,504700
2006-05-22,34.849998474121094,35.20000076293945,33.70000076293945,34.380001068115234,26.757877349853516,449100
2006-05-23,34.900001525878906,35.70000076293945,33.900001525878906,34.25,26.656700134277344,289900
2006-05-24,34.189998626708984,34.4900016784668,32.93000030517578,33.5,26.072973251342773,308800
2006-05-25,32.79999923706055,34.38999938964844,32.79999923706055,34.15999984741211,26.58664894104004,270500
2006-05-26,34.29999923706055,35.02000045776367,33.70000076293945,34.869998931884766,27.139245986938477,398600
2006-05-30,34.650001525878906,34.650001525878906,33.45000076293945,33.650001525878906,26.189727783203125,301400
2006-05-31,33.619998931884766,34.900001525878906,33.13999938964844,34.650001525878906,26.9680233001709,499200
2006-06-01,34.70000076293945,34.900001525878906,33.79999923706055,34.13999938964844,26.571081161499023,320700
2006-06-02,34.45000076293945,34.54999923706055,33.61000061035156,34.13999938964844,26.571081161499023,301300
2006-06-05,33.849998474121094,33.90999984741211,32.119998931884766,32.150001525878906,25.022274017333984,378900
2006-06-06,32.290000915527344,32.7400016784668,30.989999771118164,31.200000762939453,24.282888412475586,260100
2006-06-07,31.229999542236328,31.729999542236328,30.290000915527344,30.299999237060547,23.582420349121094,274900
2006-06-08,30.399999618530273,30.399999618530273,28.899999618530273,30.1299991607666,23.45010757446289,615100
2006-06-09,30.25,30.780000686645508,29.559999465942383,29.670000076293945,23.09209632873535,213900
2006-06-12,29.68000030517578,30.1200008392334,27.670000076293945,28.139999389648438,21.90129852294922,579400
2006-06-13,28.200000762939453,28.799999237060547,27.5,27.75,21.59776496887207,397500
2006-06-14,28.200000762939453,29.649999618530273,28.200000762939453,29.420000076293945,22.897520065307617,563000
2006-06-15,29.399999618530273,31.469999313354492,29.399999618530273,31.209999084472656,24.290674209594727,540500
2006-06-16,31.25,31.600000381469727,30.280000686645508,30.90999984741211,24.057180404663086,385000
2006-06-19,31.270000457763672,31.579999923706055,30.040000915527344,30.420000076293945,23.67582130432129,238100
2006-06-20,30.780000686645508,31.489999771118164,30.059999465942383,30.1299991607666,23.45010757446289,406300
2006-06-21,30.040000915527344,31.06999969482422,30.0,30.690000534057617,23.885963439941406,380100
2006-06-22,30.850000381469727,30.950000762939453,30.100000381469727,30.68000030517578,23.878177642822266,226000
2006-06-23,30.68000030517578,31.84000015258789,30.31999969482422,31.600000381469727,24.59421730041504,263600
2006-06-26,31.75,31.75,30.56999969482422,30.969999313354492,24.103879928588867,252300
2006-06-27,30.899999618530273,31.690000534057617,29.549999237060547,29.719999313354492,23.131006240844727,284400
2006-06-28,29.899999618530273,31.049999237060547,29.280000686645508,31.049999237060547,24.166147232055664,229700
2006-06-29,31.950000762939453,33.68000030517578,31.270000457763672,33.619998931884766,26.166366577148438,689800
2006-06-30,33.540000915527344,34.099998474121094,32.7400016784668,32.7400016784668,25.481470108032227,744000
2006-07-03,32.900001525878906,33.9900016784668,32.5099983215332,33.95000076293945,26.423215866088867,189600
2006-07-05,33.75,33.77000045776367,32.58000183105469,32.9900016784668,25.67604637145996,177800
2006-07-06,32.970001220703125,33.33000183105469,31.489999771118164,31.799999237060547,24.74986457824707,351100
2006-07-07,31.649999618530273,31.649999618530273,30.510000228881836,30.700000762939453,23.89374351501465,320800
2006-07-10,30.6200008392334,31.709999084472656,30.6200008392334,30.899999618530273,24.04940414428711,161400
2006-07-11,30.6200008392334,30.670000076293945,29.59000015258789,30.18000030517578,23.549991607666016,239300
2006-07-12,30.200000762939453,30.399999618530273,29.329999923706055,29.6200008392334,23.113018035888672,151900
2006-07-13,29.200000762939453,29.360000610351562,28.09000015258789,28.219999313354492,22.020572662353516,227600
2006-07-14,28.020000457763672,28.079999923706055,27.329999923706055,27.65999984741211,21.583595275878906,200300
2006-07-17,27.43000030517578,27.889999389648438,27.040000915527344,27.149999618530273,21.185632705688477,170500
2006-07-18,27.399999618530273,28.100000381469727,27.1299991607666,28.100000381469727,21.92693328857422,286400
2006-07-19,28.0,29.389999389648438,27.899999618530273,29.25,22.824298858642578,274700
2006-07-20,29.700000762939453,29.739999771118164,27.520000457763672,27.520000457763672,21.474348068237305,344900
2006-07-21,27.459999084472656,27.59000015258789,26.280000686645508,26.75,20.873506546020508,281900
2006-07-24,27.030000686645508,27.940000534057617,27.0,27.700000762939453,21.61481475830078,256000
2006-07-25,27.34000015258789,27.56999969482422,26.329999923706055,26.860000610351562,20.959341049194336,592900
2006-07-26,26.65999984741211,26.850000381469727,25.739999771118164,25.8799991607666,20.194631576538086,423400
2006-07-27,26.899999618530273,27.06999969482422,26.309999465942383,26.530000686645508,20.701839447021484,305700
2006-07-28,26.729999542236328,27.860000610351562,26.469999313354492,27.649999618530273,21.575794219970703,221800
2006-07-31,27.219999313354492,27.780000686645508,27.18000030517578,27.780000686645508,21.67723274230957,152300
2006-08-01,27.6200008392334,27.6299991607666,25.649999618530273,25.889999389648438,20.202434539794922,570800
2006-08-02,25.90999984741211,26.600000381469727,25.530000686645508,26.59000015258789,20.7486629486084,661700
2006-08-03,25.950000762939453,27.969999313354492,25.950000762939453,27.899999618530273,21.7708740234375,372200
2006-08-04,28.31999969482422,28.649999618530273,26.579999923706055,27.170000076293945,21.20124053955078,370800
2006-08-07,26.940000534057617,27.420000076293945,26.559999465942383,27.200000762939453,21.224653244018555,203000
2006-08-08,27.200000762939453,27.450000762939453,26.299999237060547,26.489999771118164,20.670621871948242,253300
2006-08-09,26.799999237060547,26.799999237060547,24.950000762939453,25.030000686645508,19.53135871887207,428600
2006-08-10,24.829999923706055,25.389999389648438,24.31999969482422,25.0,19.507951736450195,306800
2006-08-11,25.0,25.0,23.81999969482422,24.049999237060547,18.766647338867188,345300
2006-08-14,24.18000030517578,24.43000030517578,23.559999465942383,23.799999237060547,18.571569442749023,193800
2006-08-15,24.389999389648438,25.639999389648438,24.0,25.40999984741211,19.827878952026367,379400
2006-08-16,26.030000686645508,27.170000076293945,25.760000228881836,27.1200008392334,21.1622257232666,504500
2006-08-17,27.31999969482422,27.6200008392334,26.549999237060547,27.239999771118164,21.255863189697266,571100
2006-08-18,27.239999771118164,28.020000457763672,26.670000076293945,27.850000381469727,21.731857299804688,387600
2006-08-21,27.6200008392334,27.850000381469727,26.809999465942383,27.049999237060547,21.107603073120117,200400
2006-08-22,26.93000030517578,27.299999237060547,26.59000015258789,26.75,20.873506546020508,221500
2006-08-23,26.68000030517578,27.190000534057617,25.899999618530273,26.229999542236328,20.467737197875977,202100
2006-08-24,26.309999465942383,26.829999923706055,26.0,26.399999618530273,20.60039520263672,175900
2006-08-25,26.200000762939453,26.90999984741211,26.18000030517578,26.489999771118164,20.670621871948242,102900
2006-08-28,26.40999984741211,27.440000534057617,26.399999618530273,27.299999237060547,21.30267906188965,187200
2006-08-29,27.360000610351562,27.440000534057617,26.690000534057617,27.399999618530273,21.380714416503906,149900
2006-08-30,27.600000381469727,27.65999984741211,27.1200008392334,27.420000076293945,21.39632225036621,127700
2006-08-31,27.81999969482422,27.950000762939453,27.6299991607666,27.780000686645508,21.67723274230957,101000
2006-09-01,27.940000534057617,28.170000076293945,27.450000762939453,28.15999984741211,21.9737491607666,91600
2006-09-05,28.15999984741211,28.649999618530273,27.760000228881836,28.489999771118164,22.231258392333984,114900
2006-09-06,28.239999771118164,28.25,27.239999771118164,27.440000534057617,21.411930084228516,167800
2006-09-07,27.209999084472656,27.299999237060547,26.43000030517578,26.829999923706055,20.935930252075195,178300
2006-09-08,26.8799991607666,27.75,26.860000610351562,27.25,21.263669967651367,274300
2006-09-11,27.0,27.0,26.049999237060547,26.100000381469727,20.366300582885742,221200
2006-09-12,26.440000534057617,27.790000915527344,26.3799991607666,27.520000457763672,21.474348068237305,690900
2006-09-13,27.979999542236328,29.690000534057617,27.729999542236328,29.149999618530273,22.74626922607422,646600
2006-09-14,29.15999984741211,29.3700008392334,28.579999923706055,29.1200008392334,22.722862243652344,529000
2006-09-15,29.450000762939453,29.520000457763672,28.5,28.6299991607666,22.34050178527832,510300
2006-09-18,28.75,29.770000457763672,28.65999984741211,28.93000030517578,22.57459831237793,439000
2006-09-19,29.200000762939453,29.450000762939453,28.1200008392334,28.690000534057617,22.3873233795166,367400
2006-09-20,29.149999618530273,29.420000076293945,28.690000534057617,28.790000915527344,22.465356826782227,423700
2006-09-21,28.8799991607666,29.399999618530273,28.219999313354492,28.40999984741211,22.168832778930664,245700
2006-09-22,28.43000030517578,28.610000610351562,27.81999969482422,28.0,21.848905563354492,375200
2006-09-25,27.950000762939453,28.780000686645508,27.899999618530273,28.450000762939453,22.20004653930664,361600
2006-09-26,28.200000762939453,29.110000610351562,28.110000610351562,29.09000015258789,22.699447631835938,429200
2006-09-27,29.010000228881836,29.670000076293945,29.0,29.34000015258789,22.89453125,327200
2006-09-28,29.5,29.540000915527344,28.549999237060547,28.709999084472656,22.402936935424805,390400
2006-09-29,28.809999465942383,29.530000686645508,28.700000762939453,29.010000228881836,22.63702964782715,323100
2006-10-02,29.010000228881836,29.020000457763672,28.149999618530273,28.299999237060547,22.0830020904541,492600
2006-10-03,28.100000381469727,29.06999969482422,27.81999969482422,28.510000228881836,22.246868133544922,351800
2006-10-04,28.450000762939453,29.719999313354492,28.110000610351562,29.700000762939453,23.175451278686523,521300
2006-10-05,29.610000610351562,30.989999771118164,29.56999969482422,30.770000457763672,24.0103816986084,371500
2006-10-06,30.65999984741211,30.65999984741211,29.670000076293945,30.0,23.4095401763916,268700
2006-10-09,29.81999969482422,30.18000030517578,29.239999771118164,29.950000762939453,23.370525360107422,227700
2006-10-10,29.950000762939453,30.229999542236328,29.719999313354492,29.790000915527344,23.24567413330078,138000
2006-10-11,29.549999237060547,29.90999984741211,29.010000228881836,29.420000076293945,22.956958770751953,182900
2006-10-12,29.75,30.43000030517578,29.479999542236328,30.350000381469727,23.68265151977539,325100
2006-10-13,30.450000762939453,31.25,30.3799991607666,31.25,24.38493537902832,202400
2006-10-16,32.099998474121094,34.70000076293945,31.8799991607666,34.130001068115234,26.632261276245117,1082500
2006-10-17,36.959999084472656,37.529998779296875,35.20000076293945,37.29999923706055,29.105865478515625,1359000
2006-10-18,37.900001525878906,38.09000015258789,36.77000045776367,37.150001525878906,28.988813400268555,1042400
2006-10-19,37.08000183105469,38.2400016784668,36.790000915527344,38.189998626708984,29.80034065246582,483900
2006-10-20,38.150001525878906,38.189998626708984,37.02000045776367,37.810001373291016,29.503820419311523,361700
2006-10-23,37.849998474121094,39.310001373291016,37.849998474121094,38.83000183105469,30.299747467041016,460600
2006-10-24,38.7400016784668,39.130001068115234,38.400001525878906,38.90999984741211,30.362184524536133,372900
2006-10-25,39.0,40.65999984741211,38.93000030517578,40.52000045776367,31.61848258972168,722200
2006-10-26,40.75,40.849998474121094,40.0,40.689998626708984,31.75114631652832,332900
2006-10-27,40.599998474121094,41.209999084472656,40.13999938964844,40.720001220703125,31.774560928344727,379200
2006-10-30,40.65999984741211,40.65999984741211,39.5,40.0,31.212717056274414,310600
2006-10-31,37.2599983215332,38.4900016784668,36.52000045776367,37.5,29.261905670166016,988300
2006-11-01,37.560001373291016,38.88999938964844,37.540000915527344,37.54999923706055,29.300954818725586,439300
2006-11-02,37.150001525878906,37.9900016784668,36.86000061035156,37.84000015258789,29.52723503112793,273400
2006-11-03,37.84000015258789,38.47999954223633,37.84000015258789,38.25,29.84716033935547,213900
2006-11-06,38.58000183105469,39.029998779296875,38.279998779296875,38.869998931884766,30.330951690673828,168000
2006-11-07,38.43000030517578,39.2400016784668,38.369998931884766,38.84000015258789,30.30754852294922,172900
2006-11-08,37.970001220703125,39.560001373291016,36.95000076293945,39.400001525878906,30.74452781677246,170800
2006-11-09,39.41999816894531,39.529998779296875,37.84000015258789,38.279998779296875,29.870567321777344,320800
2006-11-10,38.38999938964844,38.40999984741211,37.5099983215332,38.150001525878906,29.769128799438477,246700
2006-11-13,37.970001220703125,38.7400016784668,37.630001068115234,38.2400016784668,29.90206527709961,153000
2006-11-14,38.599998474121094,38.599998474121094,37.47999954223633,38.349998474121094,29.98807716369629,197800
2006-11-15,39.0,39.119998931884766,38.400001525878906,38.68000030517578,30.24612045288086,154200
2006-11-16,39.099998474121094,39.099998474121094,38.45000076293945,38.5,30.105382919311523,121600
2006-11-17,38.47999954223633,38.599998474121094,37.34000015258789,37.7400016784668,29.511091232299805,200500
2006-11-20,38.5,38.5,37.439998626708984,38.060001373291016,29.761308670043945,136900
2006-11-21,38.22999954223633,38.939998626708984,38.18000030517578,38.68000030517578,30.24612045288086,144000
2006-11-22,38.880001068115234,39.189998626708984,38.380001068115234,38.86000061035156,30.38688087463379,68800
2006-11-24,38.5,38.86000061035156,38.09000015258789,38.81999969482422,30.355602264404297,44900
2006-11-27,38.25,38.70000076293945,36.70000076293945,36.900001525878906,28.85425567626953,283700
2006-11-28,36.86000061035156,37.099998474121094,36.189998626708984,36.79999923706055,28.776044845581055,146900
2006-11-29,37.0,37.70000076293945,36.41999816894531,36.70000076293945,28.697845458984375,217200
2006-11-30,36.70000076293945,37.54999923706055,36.52000045776367,36.970001220703125,28.908987045288086,212500
2006-12-01,36.869998931884766,37.189998626708984,35.81999969482422,36.599998474121094,28.619653701782227,145700
2006-12-04,36.400001525878906,36.5,35.79999923706055,36.310001373291016,28.39288902282715,225000
2006-12-05,36.380001068115234,37.459999084472656,36.20000076293945,37.150001525878906,29.049718856811523,146500
2006-12-06,37.0,37.279998779296875,36.59000015258789,36.84000015258789,28.80731964111328,92900
2006-12-07,36.810001373291016,37.20000076293945,36.5,36.810001373291016,28.78386688232422,117200
2006-12-08,36.650001525878906,37.20000076293945,36.400001525878906,36.790000915527344,28.768220901489258,87400
2006-12-11,37.11000061035156,37.75,36.970001220703125,37.150001525878906,29.049718856811523,129300
2006-12-12,36.970001220703125,37.2400016784668,35.619998931884766,36.150001525878906,28.267776489257812,213700
2006-12-13,36.2599983215332,36.47999954223633,35.25,35.56999969482422,27.814231872558594,98200
2006-12-14,35.43000030517578,36.150001525878906,35.43000030517578,35.84000015258789,28.025365829467773,124300
2006-12-15,35.970001220703125,35.970001220703125,35.02000045776367,35.63999938964844,27.868976593017578,208000
2006-12-18,35.47999954223633,35.93000030517578,34.59000015258789,34.810001373291016,27.219951629638672,137800
2006-12-19,34.060001373291016,34.36000061035156,33.29999923706055,34.18000030517578,26.727310180664062,117300
2006-12-20,29.799999237060547,30.299999237060547,27.959999084472656,28.56999969482422,22.34053611755371,2800200
2006-12-21,28.610000610351562,28.899999618530273,28.139999389648438,28.610000610351562,22.371814727783203,607400
2006-12-22,28.709999084472656,28.799999237060547,28.149999618530273,28.360000610351562,22.176321029663086,345100
2006-12-26,27.969999313354492,28.270000457763672,27.399999618530273,27.75,21.699329376220703,320300
2006-12-27,27.75,29.850000381469727,27.75,29.280000686645508,22.895727157592773,632500
2006-12-28,29.979999542236328,30.850000381469727,29.40999984741211,30.489999771118164,23.84189224243164,656100
2006-12-29,29.850000381469727,30.489999771118164,29.790000915527344,30.0,23.458730697631836,250600
2007-01-03,29.899999618530273,29.969999313354492,28.520000457763672,28.8799991607666,22.582937240600586,425600
2007-01-04,28.68000030517578,28.719999313354492,28.219999313354492,28.600000381469727,22.36399269104004,404200
2007-01-05,28.420000076293945,28.889999389648438,28.190000534057617,28.780000686645508,22.504745483398438,340300
2007-01-08,28.100000381469727,28.889999389648438,28.030000686645508,28.459999084472656,22.254512786865234,339900
2007-01-09,27.649999618530273,28.350000381469727,27.31999969482422,27.799999237060547,21.73842430114746,1022600
2007-01-10,27.459999084472656,27.760000228881836,27.09000015258789,27.65999984741211,21.628950119018555,477000
2007-01-11,26.979999542236328,27.770000457763672,26.959999084472656,27.579999923706055,21.5664005279541,655000
2007-01-12,27.360000610351562,27.700000762939453,27.229999542236328,27.68000030517578,21.644590377807617,397100
2007-01-16,27.530000686645508,27.90999984741211,26.850000381469727,26.979999542236328,21.09722900390625,453400
2007-01-17,26.93000030517578,27.239999771118164,26.200000762939453,26.440000534057617,20.67495346069336,648800
2007-01-18,26.43000030517578,27.149999618530273,26.43000030517578,26.93000030517578,21.058122634887695,871200
2007-01-19,26.799999237060547,27.100000381469727,26.450000762939453,26.799999237060547,20.956464767456055,411600
2007-01-22,26.8700008392334,27.010000228881836,26.450000762939453,26.600000381469727,20.862348556518555,364300
2007-01-23,26.3700008392334,27.950000762939453,26.299999237060547,27.770000457763672,21.77998161315918,754800
2007-01-24,27.940000534057617,28.329999923706055,27.579999923706055,27.920000076293945,21.897628784179688,752400
2007-01-25,27.8799991607666,28.18000030517578,26.979999542236328,27.049999237060547,21.215288162231445,327700
2007-01-26,27.0,27.559999465942383,26.81999969482422,27.25,21.37214469909668,296000
2007-01-29,27.200000762939453,27.670000076293945,27.0,27.510000228881836,21.576065063476562,356200
2007-01-30,27.5,27.579999923706055,26.959999084472656,27.360000610351562,21.45842170715332,501200
2007-01-31,28.75,29.3700008392334,28.6299991607666,28.8700008392334,22.642717361450195,924100
2007-02-01,29.200000762939453,29.270000457763672,28.739999771118164,28.90999984741211,22.674083709716797,371000
2007-02-02,29.299999237060547,29.299999237060547,28.639999389648438,28.920000076293945,22.681934356689453,285600
2007-02-05,28.81999969482422,28.920000076293945,28.040000915527344,28.25,22.156444549560547,289200
2007-02-06,28.239999771118164,28.690000534057617,27.850000381469727,28.6299991607666,22.454477310180664,418100
2007-02-07,29.0,29.309999465942383,28.780000686645508,29.280000686645508,22.96427345275879,331200
2007-02-08,29.31999969482422,29.700000762939453,28.959999084472656,29.3700008392334,23.034860610961914,350200
2007-02-09,29.450000762939453,29.450000762939453,28.469999313354492,28.579999923706055,22.41526222229004,280300
2007-02-12,28.399999618530273,28.530000686645508,28.100000381469727,28.31999969482422,22.211347579956055,154200
2007-02-13,28.56999969482422,29.190000534057617,28.290000915527344,28.989999771118164,22.736820220947266,188900
2007-02-14,28.899999618530273,30.059999465942383,28.540000915527344,29.579999923706055,23.199562072753906,387600
2007-02-15,29.700000762939453,30.270000457763672,29.280000686645508,30.100000381469727,23.60739517211914,243000
2007-02-16,30.110000610351562,30.329999923706055,29.290000915527344,29.520000457763672,23.152507781982422,276600
2007-02-20,29.399999618530273,30.0,29.020000457763672,29.65999984741211,23.262313842773438,220100
2007-02-21,29.510000228881836,30.170000076293945,29.5,30.079999923706055,23.591716766357422,234600
2007-02-22,30.200000762939453,31.549999237060547,30.139999389648438,31.100000381469727,24.39169692993164,513500
2007-02-23,31.350000381469727,31.5,30.75,31.31999969482422,24.56424331665039,311600
2007-02-26,31.350000381469727,31.5,30.260000228881836,30.899999618530273,24.234838485717773,514200
2007-02-27,29.540000915527344,30.100000381469727,27.75,28.899999618530273,22.666244506835938,775300
2007-02-28,29.25,29.440000534057617,28.149999618530273,28.469999313354492,22.328990936279297,537300
2007-03-01,27.90999984741211,28.5,26.649999618530273,28.239999771118164,22.148603439331055,518700
2007-03-02,27.75,28.0,27.389999389648438,27.530000686645508,21.591753005981445,319400
2007-03-05,27.25,27.440000534057617,26.299999237060547,26.420000076293945,20.721181869506836,486400
2007-03-06,26.700000762939453,27.040000915527344,26.360000610351562,26.739999771118164,20.97216033935547,380800
2007-03-07,26.530000686645508,26.799999237060547,26.100000381469727,26.510000228881836,20.79176902770996,519100
2007-03-08,26.65999984741211,26.829999923706055,26.1299991607666,26.399999618530273,20.705490112304688,354300
2007-03-09,26.5,26.68000030517578,26.229999542236328,26.639999389648438,20.89372444152832,354400
2007-03-12,26.600000381469727,27.190000534057617,26.600000381469727,27.049999237060547,21.215288162231445,528200
2007-03-13,26.969999313354492,26.989999771118164,25.729999542236328,25.989999771118164,20.383930206298828,375500
2007-03-14,25.989999771118164,26.0,24.950000762939453,25.639999389648438,20.109426498413086,432400
2007-03-15,25.989999771118164,26.3700008392334,25.700000762939453,26.040000915527344,20.42314338684082,199500
2007-03-16,25.979999542236328,26.299999237060547,25.65999984741211,26.190000534057617,20.540786743164062,389900
2007-03-19,26.399999618530273,26.649999618530273,26.229999542236328,26.59000015258789,20.854509353637695,241600
2007-03-20,26.489999771118164,26.90999984741211,26.260000228881836,26.760000228881836,20.987836837768555,172600
2007-03-21,26.760000228881836,26.950000762939453,26.010000228881836,26.610000610351562,20.870195388793945,356200
2007-03-22,26.610000610351562,26.790000915527344,26.34000015258789,26.479999542236328,20.768234252929688,367300
2007-03-23,26.700000762939453,26.920000076293945,26.290000915527344,26.670000076293945,20.91725730895996,319300
2007-03-26,26.68000030517578,26.989999771118164,26.440000534057617,26.899999618530273,21.097640991210938,182300
2007-03-27,26.899999618530273,26.950000762939453,26.540000915527344,26.799999237060547,21.01921272277832,165800
2007-03-28,26.5,27.010000228881836,26.399999618530273,26.81999969482422,21.034894943237305,123300
2007-03-29,26.889999389648438,27.1299991607666,26.450000762939453,26.84000015258789,21.050588607788086,182200
2007-03-30,26.799999237060547,27.020000457763672,26.229999542236328,26.700000762939453,20.940784454345703,230800
2007-04-02,26.700000762939453,26.84000015258789,26.25,26.670000076293945,20.91725730895996,320100
2007-04-03,26.8700008392334,26.899999618530273,26.420000076293945,26.719999313354492,20.956462860107422,414100
2007-04-04,23.75,24.290000915527344,22.110000610351562,22.200000762939453,17.411436080932617,3613300
2007-04-05,22.270000457763672,22.43000030517578,21.440000534057617,22.200000762939453,17.411436080932617,1666000
2007-04-09,22.600000381469727,23.450000762939453,22.5,23.1299991607666,18.14082908630371,1192800
2007-04-10,23.489999771118164,23.5,23.0,23.15999984741211,18.16436195373535,476400
2007-04-11,23.020000457763672,23.18000030517578,22.649999618530273,22.979999542236328,18.023189544677734,471900
2007-04-12,22.979999542236328,23.479999542236328,22.5,22.93000030517578,17.983972549438477,533900
2007-04-13,23.149999618530273,23.389999389648438,22.690000534057617,23.18000030517578,18.1800479888916,224400
2007-04-16,23.59000015258789,23.59000015258789,23.030000686645508,23.239999771118164,18.290231704711914,283600
2007-04-17,23.43000030517578,23.489999771118164,23.1200008392334,23.420000076293945,18.431896209716797,235500
2007-04-18,23.200000762939453,23.5,22.950000762939453,23.219999313354492,18.274492263793945,234100
2007-04-19,23.43000030517578,23.649999618530273,23.0,23.40999984741211,18.424026489257812,354100
2007-04-20,23.729999542236328,23.780000686645508,23.299999237060547,23.780000686645508,18.715221405029297,247500
2007-04-23,23.780000686645508,24.5,23.770000457763672,24.1200008392334,18.982807159423828,214200
2007-04-24,24.0,25.0,23.8700008392334,24.8700008392334,19.57306671142578,164800
2007-04-25,25.06999969482422,25.440000534057617,24.600000381469727,24.850000381469727,19.557323455810547,173100
2007-04-26,24.90999984741211,25.100000381469727,23.700000762939453,23.889999389648438,18.80179214477539,326800
2007-04-27,24.389999389648438,24.399999618530273,23.510000228881836,24.290000915527344,19.116594314575195,166200
2007-04-30,24.540000915527344,24.549999237060547,22.75,22.940000534057617,18.054126739501953,278400
2007-05-01,23.399999618530273,23.459999084472656,22.770000457763672,23.270000457763672,18.313840866088867,232400
2007-05-02,23.100000381469727,23.450000762939453,22.90999984741211,23.049999237060547,18.140695571899414,240700
2007-05-03,23.25,24.190000534057617,23.209999084472656,23.75,18.691606521606445,428100
2007-05-04,24.0,24.559999465942383,23.799999237060547,24.34000015258789,19.15595245361328,209800
2007-05-07,24.350000381469727,25.0,24.350000381469727,24.790000915527344,19.510107040405273,227900
2007-05-08,24.979999542236328,27.530000686645508,24.68000030517578,27.170000076293945,21.383207321166992,581300
2007-05-09,27.0,28.010000228881836,26.139999389648438,28.010000228881836,22.044296264648438,556800
2007-05-10,27.8799991607666,28.790000915527344,27.420000076293945,27.8799991607666,21.941984176635742,375300
2007-05-11,28.100000381469727,28.889999389648438,27.479999542236328,28.34000015258789,22.304006576538086,261400
2007-05-14,28.1299991607666,28.15999984741211,26.860000610351562,27.440000534057617,21.595701217651367,321400
2007-05-15,27.290000915527344,27.420000076293945,26.489999771118164,26.600000381469727,20.93459701538086,424600
2007-05-16,27.0,27.75,26.8799991607666,27.34000015258789,21.516996383666992,266800
2007-05-17,27.309999465942383,27.75,27.049999237060547,27.280000686645508,21.46977424621582,134200
2007-05-18,27.25,28.600000381469727,27.0,28.190000534057617,22.185955047607422,300100
2007-05-21,27.649999618530273,28.780000686645508,27.170000076293945,28.469999313354492,22.406320571899414,229300
2007-05-22,28.450000762939453,29.739999771118164,28.43000030517578,29.25,23.02019691467285,447700
2007-05-23,29.200000762939453,31.049999237060547,29.190000534057617,29.360000610351562,23.106760025024414,839700
2007-05-24,29.43000030517578,30.969999313354492,28.5,28.860000610351562,22.713253021240234,281900
2007-05-25,29.010000228881836,30.420000076293945,29.010000228881836,29.84000015258789,23.48453140258789,287800
2007-05-29,30.0,31.059999465942383,29.920000076293945,30.8700008392334,24.2951602935791,206500
2007-05-30,30.709999084472656,32.09000015258789,30.709999084472656,31.799999237060547,25.02707862854004,376600
2007-05-31,31.920000076293945,32.150001525878906,31.260000228881836,31.530000686645508,24.814586639404297,212400
2007-06-01,31.780000686645508,32.5,31.260000228881836,31.6200008392334,24.88541603088379,491500
2007-06-04,31.639999389648438,32.22999954223633,31.520000457763672,31.600000381469727,24.86968231201172,331900
2007-06-05,31.610000610351562,32.04999923706055,31.59000015258789,31.799999237060547,25.02707862854004,195700
2007-06-06,31.600000381469727,31.799999237060547,30.520000457763672,31.18000030517578,24.539133071899414,178100
2007-06-07,31.239999771118164,31.90999984741211,31.229999542236328,31.489999771118164,24.783109664916992,299100
2007-06-08,31.25,31.739999771118164,30.860000610351562,31.1299991607666,24.499774932861328,203600
2007-06-11,30.90999984741211,31.559999465942383,30.850000381469727,30.950000762939453,24.358121871948242,95600
2007-06-12,31.059999465942383,31.3700008392334,30.40999984741211,30.850000381469727,24.2794189453125,239700
2007-06-13,31.030000686645508,31.780000686645508,30.75,31.31999969482422,24.649316787719727,255200
2007-06-14,31.1200008392334,31.780000686645508,30.790000915527344,31.209999084472656,24.562742233276367,264800
2007-06-15,31.850000381469727,32.04999923706055,31.350000381469727,31.5,24.790979385375977,221800
2007-06-18,30.75,31.329999923706055,30.75,30.860000610351562,24.287288665771484,124500
2007-06-19,30.610000610351562,31.1299991607666,30.18000030517578,30.899999618530273,24.31876564025879,224800
2007-06-20,30.8700008392334,31.579999923706055,30.549999237060547,30.600000381469727,24.082660675048828,329500
2007-06-21,31.190000534057617,32.470001220703125,31.0,31.860000610351562,25.074296951293945,462900
2007-06-22,31.899999618530273,32.2599983215332,30.579999923706055,31.0,24.39746856689453,281800
2007-06-25,31.0,31.0,29.700000762939453,30.059999465942383,23.657670974731445,398700
2007-06-26,29.84000015258789,30.399999618530273,28.84000015258789,29.25,23.02019691467285,456300
2007-06-27,28.969999313354492,29.950000762939453,28.75,29.950000762939453,23.571107864379883,501700
2007-06-28,30.059999465942383,30.989999771118164,29.959999084472656,30.1299991607666,23.712764739990234,409300
2007-06-29,30.3799991607666,30.600000381469727,30.059999465942383,30.219999313354492,23.783592224121094,242800
2007-07-02,30.280000686645508,30.489999771118164,30.1299991607666,30.350000381469727,23.88591194152832,188700
2007-07-03,30.399999618530273,30.549999237060547,29.690000534057617,29.899999618530273,23.531753540039062,102600
2007-07-05,29.100000381469727,29.889999389648438,28.780000686645508,29.25,23.02019691467285,352200
2007-07-06,29.350000381469727,29.350000381469727,28.760000228881836,28.90999984741211,22.752607345581055,212600
2007-07-09,29.18000030517578,29.239999771118164,28.540000915527344,28.6299991607666,22.532241821289062,520500
2007-07-10,34.20000076293945,34.70000076293945,33.0,33.150001525878906,26.08955955505371,2800200
2007-07-11,33.130001068115234,34.900001525878906,33.130001068115234,34.52000045776367,27.16775894165039,1399400
2007-07-12,34.61000061035156,36.220001220703125,34.599998474121094,35.18000030517578,27.687196731567383,697300
2007-07-13,35.0,36.20000076293945,34.599998474121094,35.95000076293945,28.29319190979004,409700
2007-07-16,35.900001525878906,38.939998626708984,35.900001525878906,38.130001068115234,30.008878707885742,930100
2007-07-17,38.22999954223633,38.9900016784668,36.54999923706055,36.72999954223633,28.907054901123047,814500
2007-07-18,37.5,37.939998626708984,36.720001220703125,37.33000183105469,29.3792667388916,802800
2007-07-19,37.880001068115234,38.95000076293945,37.54999923706055,38.369998931884766,30.19777488708496,490300
2007-07-20,38.41999816894531,38.41999816894531,36.25,36.599998474121094,28.86493682861328,522100
2007-07-23,36.47999954223633,36.68000030517578,35.29999923706055,35.599998474121094,28.076274871826172,568300
2007-07-24,35.400001525878906,35.720001220703125,34.060001373291016,34.56999969482422,27.263954162597656,445000
2007-07-25,34.5099983215332,34.70000076293945,33.400001525878906,33.79999923706055,26.65668296813965,431900
2007-07-26,33.810001373291016,33.810001373291016,32.040000915527344,32.90999984741211,25.954782485961914,488400
2007-07-27,32.72999954223633,33.650001525878906,32.459999084472656,33.150001525878906,26.144067764282227,379000
2007-07-30,32.900001525878906,33.970001220703125,32.33000183105469,33.40999984741211,26.349109649658203,331700
2007-07-31,33.630001068115234,34.2599983215332,33.310001373291016,33.369998931884766,26.31755828857422,440700
2007-08-01,32.91999816894531,33.470001220703125,32.130001068115234,32.86000061035156,25.915348052978516,319800
2007-08-02,32.95000076293945,33.599998474121094,32.25,32.34000015258789,25.5052433013916,397300
2007-08-03,32.29999923706055,32.310001373291016,30.989999771118164,31.049999237060547,24.487876892089844,265300
2007-08-06,31.010000228881836,31.270000457763672,28.950000762939453,29.899999618530273,23.58091926574707,425700
2007-08-07,29.65999984741211,30.399999618530273,29.31999969482422,29.459999084472656,23.233903884887695,273600
2007-08-08,30.399999618530273,30.450000762939453,27.190000534057617,28.15999984741211,22.208650588989258,617200
2007-08-09,28.75,28.75,26.649999618530273,27.260000228881836,21.498851776123047,859300
2007-08-10,26.760000228881836,29.0,26.299999237060547,28.209999084472656,22.24808692932129,413200
2007-08-13,28.600000381469727,30.389999389648438,28.56999969482422,28.600000381469727,22.5556583404541,440000
2007-08-14,28.649999618530273,29.399999618530273,27.75,28.209999084472656,22.24808692932129,213800
2007-08-15,27.969999313354492,29.559999465942383,27.690000534057617,28.149999618530273,22.200759887695312,268600
2007-08-16,28.1200008392334,28.309999465942383,26.25,28.170000076293945,22.216533660888672,308800
2007-08-17,29.899999618530273,29.899999618530273,28.459999084472656,28.850000381469727,22.752824783325195,236700
2007-08-20,28.920000076293945,29.90999984741211,28.329999923706055,28.81999969482422,22.729167938232422,217900
2007-08-21,28.950000762939453,29.079999923706055,28.0,28.18000030517578,22.224428176879883,150000
2007-08-22,28.399999618530273,29.18000030517578,28.219999313354492,29.059999465942383,22.91844367980957,161700
2007-08-23,28.920000076293945,29.549999237060547,27.940000534057617,28.3799991607666,22.382158279418945,167700
2007-08-24,28.149999618530273,29.739999771118164,28.149999618530273,29.649999618530273,23.383750915527344,132800
2007-08-27,29.600000381469727,29.899999618530273,29.010000228881836,29.209999084472656,23.03675079345703,120000
2007-08-28,29.1299991607666,29.329999923706055,26.959999084472656,27.1200008392334,21.388444900512695,287000
2007-08-29,27.5,28.25,26.850000381469727,28.110000610351562,22.169221878051758,171600
2007-08-30,27.790000915527344,28.81999969482422,27.790000915527344,28.270000457763672,22.2954044342041,339000
2007-08-31,28.649999618530273,29.579999923706055,28.649999618530273,29.3799991607666,23.170818328857422,99200
2007-09-04,29.299999237060547,30.389999389648438,29.299999237060547,30.040000915527344,23.691329956054688,199000
2007-09-05,29.75,30.200000762939453,29.329999923706055,29.399999618530273,23.18658447265625,70800
2007-09-06,29.440000534057617,29.739999771118164,28.799999237060547,29.40999984741211,23.19447898864746,88600
2007-09-07,28.899999618530273,28.93000030517578,27.5,27.670000076293945,21.82220458984375,236900
2007-09-10,27.899999618530273,28.309999465942383,26.530000686645508,27.270000457763672,21.506742477416992,150300
2007-09-11,27.299999237060547,28.049999237060547,27.299999237060547,27.760000228881836,21.893190383911133,141900
2007-09-12,27.559999465942383,28.079999923706055,26.579999923706055,26.809999465942383,21.14395523071289,191300
2007-09-13,26.979999542236328,27.6299991607666,26.549999237060547,27.1200008392334,21.388444900512695,104900
2007-09-14,26.93000030517578,27.0,26.200000762939453,26.459999084472656,20.867929458618164,145000
2007-09-17,26.25,26.649999618530273,26.0,26.149999618530273,20.62343978881836,151000
2007-09-18,26.389999389648438,27.829999923706055,26.0,27.799999237060547,21.924732208251953,484500
2007-09-19,28.049999237060547,28.8799991607666,27.399999618530273,28.739999771118164,22.666067123413086,361000
2007-09-20,28.739999771118164,28.739999771118164,27.260000228881836,27.489999771118164,21.68024253845215,169900
2007-09-21,27.75,28.93000030517578,27.5,28.709999084472656,22.642410278320312,186500
2007-09-24,28.989999771118164,28.989999771118164,27.540000915527344,27.709999084472656,21.8537540435791,203000
2007-09-25,27.40999984741211,27.559999465942383,26.940000534057617,27.100000381469727,21.372676849365234,195000
2007-09-26,27.350000381469727,27.719999313354492,26.700000762939453,27.510000228881836,21.696020126342773,129000
2007-09-27,27.649999618530273,27.75,27.209999084472656,27.530000686645508,21.711795806884766,84500
2007-09-28,27.729999542236328,27.920000076293945,26.670000076293945,26.709999084472656,21.065095901489258,133400
2007-10-01,26.75,27.709999084472656,26.75,27.56999969482422,21.743337631225586,225700
2007-10-02,27.649999618530273,27.920000076293945,27.25,27.81999969482422,21.940509796142578,341400
2007-10-03,27.649999618530273,27.829999923706055,26.420000076293945,26.639999389648438,21.0098876953125,218200
2007-10-04,26.799999237060547,26.81999969482422,25.969999313354492,26.280000686645508,20.725969314575195,171700
2007-10-05,26.68000030517578,27.049999237060547,26.260000228881836,26.850000381469727,21.175508499145508,192800
2007-10-08,26.8799991607666,27.239999771118164,26.209999084472656,26.399999618530273,20.820608139038086,238600
2007-10-09,26.43000030517578,26.780000686645508,25.950000762939453,26.399999618530273,20.820608139038086,293400
2007-10-10,27.260000228881836,29.15999984741211,27.239999771118164,28.780000686645508,22.69761848449707,582700
2007-10-11,29.190000534057617,30.649999618530273,29.09000015258789,29.790000915527344,23.494159698486328,504000
2007-10-12,29.549999237060547,30.649999618530273,29.549999237060547,30.459999084472656,24.022565841674805,199400
2007-10-15,30.420000076293945,30.420000076293945,28.270000457763672,29.809999465942383,23.509933471679688,256100
2007-10-16,29.790000915527344,29.959999084472656,28.360000610351562,28.399999618530273,22.397924423217773,242400
2007-10-17,28.860000610351562,28.8700008392334,26.350000381469727,26.3799991607666,20.804838180541992,558600
2007-10-18,26.270000457763672,27.5,25.260000228881836,27.299999237060547,21.5304012298584,450600
2007-10-19,27.25,27.25,25.670000076293945,25.719999313354492,20.284318923950195,300100
2007-10-22,25.459999084472656,26.489999771118164,25.459999084472656,26.209999084472656,20.67076301574707,202500
2007-10-23,26.5,27.09000015258789,26.0,26.899999618530273,21.21493911743164,195600
2007-10-24,26.75,26.760000228881836,25.549999237060547,26.40999984741211,20.82849884033203,171900
2007-10-25,26.559999465942383,26.600000381469727,25.889999389648438,26.15999984741211,20.631328582763672,132700
2007-10-26,26.3799991607666,26.56999969482422,26.010000228881836,26.350000381469727,20.781173706054688,290400
2007-10-29,26.389999389648438,26.899999618530273,26.389999389648438,26.690000534057617,21.04932403564453,79500
2007-10-30,26.719999313354492,26.75,26.0,26.110000610351562,20.591896057128906,128800
2007-10-31,26.15999984741211,26.8799991607666,26.1200008392334,26.709999084472656,21.065095901489258,119400
2007-11-01,26.200000762939453,26.209999084472656,24.639999389648438,24.690000534057617,19.47200584411621,413000
2007-11-02,24.56999969482422,24.56999969482422,22.739999771118164,24.34000015258789,19.195974349975586,750600
2007-11-05,23.850000381469727,24.3700008392334,23.360000610351562,24.139999389648438,19.03824234008789,390300
2007-11-06,23.34000015258789,26.399999618530273,23.34000015258789,24.899999618530273,19.637619018554688,681300
2007-11-07,24.799999237060547,24.799999237060547,22.950000762939453,23.489999771118164,18.52560806274414,348300
2007-11-08,23.579999923706055,24.489999771118164,23.0,24.450000762939453,19.282724380493164,652800
2007-11-09,24.170000076293945,24.200000762939453,23.31999969482422,23.5,18.53350067138672,412000
2007-11-12,23.56999969482422,24.049999237060547,22.729999542236328,22.850000381469727,18.02086639404297,337700
2007-11-13,23.020000457763672,23.549999237060547,22.450000762939453,23.299999237060547,18.375762939453125,345700
2007-11-14,23.399999618530273,24.700000762939453,22.899999618530273,23.969999313354492,18.904163360595703,370000
2007-11-15,23.809999465942383,24.010000228881836,23.049999237060547,23.329999923706055,18.3994197845459,126300
2007-11-16,23.520000457763672,23.520000457763672,21.8799991607666,22.8700008392334,18.036640167236328,273400
2007-11-19,24.290000915527344,24.290000915527344,22.059999465942383,22.229999542236328,17.593441009521484,129000
2007-11-20,22.65999984741211,23.3799991607666,21.559999465942383,22.229999542236328,17.593441009521484,237300
2007-11-21,21.8700008392334,21.989999771118164,21.170000076293945,21.790000915527344,17.245214462280273,197500
2007-11-23,21.8700008392334,22.579999923706055,21.799999237060547,22.290000915527344,17.64093017578125,54800
2007-11-26,22.290000915527344,23.239999771118164,21.709999084472656,21.850000381469727,17.292699813842773,141300
2007-11-27,22.1299991607666,22.389999389648438,21.520000457763672,21.829999923706055,17.27686882019043,134500
2007-11-28,21.899999618530273,23.31999969482422,21.899999618530273,22.979999542236328,18.187013626098633,161900
2007-11-29,22.959999084472656,22.989999771118164,22.040000915527344,22.389999389648438,17.72007179260254,94100
2007-11-30,22.600000381469727,22.899999618530273,22.06999969482422,22.18000030517578,17.55387306213379,125800
2007-12-03,22.059999465942383,23.579999923706055,21.40999984741211,22.920000076293945,18.1395320892334,252800
2007-12-04,22.700000762939453,22.760000228881836,21.850000381469727,21.959999084472656,17.379751205444336,98200
2007-12-05,22.190000534057617,22.75,22.020000457763672,22.450000762939453,17.767555236816406,155000
2007-12-06,22.5,23.350000381469727,22.5,23.209999084472656,18.36904525756836,162900
2007-12-07,23.209999084472656,24.06999969482422,23.209999084472656,23.799999237060547,18.835981369018555,183500
2007-12-10,23.809999465942383,24.15999984741211,23.56999969482422,24.079999923706055,19.057584762573242,131100
2007-12-11,24.149999618530273,24.690000534057617,23.040000915527344,23.040000915527344,18.234498977661133,191000
2007-12-12,23.579999923706055,24.170000076293945,23.219999313354492,23.56999969482422,18.653953552246094,168400
2007-12-13,23.270000457763672,23.559999465942383,22.860000610351562,23.200000762939453,18.361125946044922,88400
2007-12-14,22.940000534057617,23.459999084472656,22.25,22.549999237060547,17.846696853637695,195800
2007-12-17,22.309999465942383,22.40999984741211,21.6299991607666,21.6299991607666,17.118579864501953,184100
2007-12-18,22.020000457763672,22.3799991607666,21.700000762939453,22.3799991607666,17.7121524810791,193000
2007-12-19,22.059999465942383,22.459999084472656,21.229999542236328,21.790000915527344,17.245214462280273,161600
2007-12-20,21.959999084472656,22.8799991607666,21.760000228881836,22.850000381469727,18.084131240844727,171600
2007-12-21,23.309999465942383,23.770000457763672,23.040000915527344,23.290000915527344,18.43235969543457,250900
2007-12-24,23.09000015258789,23.739999771118164,22.809999465942383,23.15999984741211,18.3294677734375,123600
2007-12-26,22.809999465942383,23.6200008392334,22.770000457763672,23.530000686645508,18.622299194335938,97600
2007-12-27,23.760000228881836,23.90999984741211,22.799999237060547,22.889999389648438,18.115787506103516,122600
2007-12-28,23.0,23.0,22.510000228881836,22.6299991607666,17.91000747680664,101200
2007-12-31,22.479999542236328,22.600000381469727,22.0,22.260000228881836,17.6171817779541,175000
2008-01-02,22.100000381469727,22.739999771118164,21.770000457763672,21.81999969482422,17.268953323364258,152800
2008-01-03,21.979999542236328,22.100000381469727,21.31999969482422,21.360000610351562,16.90489387512207,179600
2008-01-04,21.200000762939453,21.200000762939453,20.190000534057617,20.40999984741211,16.153038024902344,188400
2008-01-07,20.559999465942383,20.8799991607666,20.239999771118164,20.489999771118164,16.216354370117188,201400
2008-01-08,17.610000610351562,18.649999618530273,17.25,17.959999084472656,14.214043617248535,1248700
2008-01-09,17.940000534057617,18.790000915527344,17.360000610351562,18.719999313354492,14.815526008605957,653100
2008-01-10,18.600000381469727,20.3700008392334,18.5,20.0,15.828554153442383,549600
2008-01-11,19.700000762939453,19.899999618530273,18.350000381469727,18.600000381469727,14.720559120178223,472900
2008-01-14,18.719999313354492,18.8799991607666,18.350000381469727,18.829999923706055,14.90258502960205,298500
2008-01-15,18.530000686645508,18.780000686645508,18.25,18.350000381469727,14.522703170776367,314100
2008-01-16,18.260000228881836,18.950000762939453,18.149999618530273,18.780000686645508,14.863018989562988,223100
2008-01-17,18.770000457763672,19.229999542236328,18.31999969482422,18.360000610351562,14.530616760253906,287400
2008-01-18,18.270000457763672,18.690000534057617,17.149999618530273,17.260000228881836,13.719826698303223,317000
2008-01-22,16.579999923706055,17.440000534057617,16.209999084472656,16.770000457763672,13.330329895019531,274400
2008-01-23,16.170000076293945,17.329999923706055,16.030000686645508,16.950000762939453,13.473411560058594,314800
2008-01-24,17.020000457763672,18.139999389648438,17.0,17.600000381469727,13.990089416503906,671900
2008-01-25,17.81999969482422,18.920000076293945,17.389999389648438,18.270000457763672,14.522666931152344,755300
2008-01-28,18.200000762939453,18.889999389648438,18.010000228881836,18.860000610351562,14.991654396057129,341200
2008-01-29,19.049999237060547,19.079999923706055,18.3799991607666,18.670000076293945,14.840624809265137,330700
2008-01-30,18.469999313354492,18.8799991607666,18.010000228881836,18.639999389648438,14.81677532196045,358800
2008-01-31,18.299999237060547,19.709999084472656,18.110000610351562,19.43000030517578,15.444741249084473,359600
2008-02-01,19.530000686645508,20.940000534057617,19.31999969482422,20.760000228881836,16.501943588256836,241100
2008-02-04,20.34000015258789,25.729999542236328,20.149999618530273,24.75,19.67356300354004,5236800
2008-02-05,25.149999618530273,26.600000381469727,25.149999618530273,26.450000762939453,21.024877548217773,1097500
2008-02-06,26.239999771118164,26.31999969482422,24.1299991607666,24.18000030517578,19.220478057861328,431400
2008-02-07,24.0,27.459999084472656,23.989999771118164,26.950000762939453,21.42232894897461,678800
2008-02-08,26.8799991607666,27.309999465942383,26.149999618530273,26.200000762939453,20.826154708862305,350900
2008-02-11,26.350000381469727,27.270000457763672,26.0,27.190000534057617,21.61309242248535,228700
2008-02-12,27.43000030517578,27.43000030517578,25.760000228881836,26.219999313354492,20.842052459716797,233200
2008-02-13,26.3700008392334,27.950000762939453,26.350000381469727,27.770000457763672,22.07413101196289,211100
2008-02-14,27.8799991607666,27.8799991607666,25.8799991607666,26.0,20.667177200317383,284700
2008-02-15,25.8700008392334,26.600000381469727,25.75,26.209999084472656,20.8341064453125,227400
2008-02-19,26.31999969482422,28.25,26.31999969482422,27.6299991607666,21.962852478027344,302600
2008-02-20,27.389999389648438,27.989999771118164,26.670000076293945,27.06999969482422,21.517709732055664,240200
2008-02-21,27.299999237060547,28.809999465942383,27.1299991607666,27.600000381469727,21.939002990722656,434100
2008-02-22,27.600000381469727,27.93000030517578,26.479999542236328,27.450000762939453,21.81977081298828,288100
2008-02-25,27.510000228881836,28.780000686645508,26.5,28.290000915527344,22.487485885620117,623800
2008-02-26,28.15999984741211,29.520000457763672,27.979999542236328,28.809999465942383,22.90082550048828,1099100
2008-02-27,27.90999984741211,28.579999923706055,26.940000534057617,27.15999984741211,21.589250564575195,434600
2008-02-28,27.139999389648438,28.81999969482422,26.5,27.889999389648438,22.16952133178711,740000
2008-02-29,27.440000534057617,27.540000915527344,26.010000228881836,26.280000686645508,20.889751434326172,529500
2008-03-03,26.219999313354492,27.190000534057617,25.639999389648438,26.809999465942383,21.3110408782959,412700
2008-03-04,26.579999923706055,26.690000534057617,25.479999542236328,26.43000030517578,21.008983612060547,380800
2008-03-05,26.700000762939453,27.139999389648438,25.889999389648438,26.5,21.064620971679688,385100
2008-03-06,26.40999984741211,26.90999984741211,24.700000762939453,24.739999771118164,19.665620803833008,370500
2008-03-07,24.43000030517578,25.299999237060547,23.639999389648438,24.739999771118164,19.665620803833008,252600
2008-03-10,24.770000457763672,25.329999923706055,24.020000457763672,24.15999984741211,19.204578399658203,213700
2008-03-11,24.8799991607666,26.489999771118164,24.3799991607666,26.34000015258789,20.937437057495117,301100
2008-03-12,26.43000030517578,26.649999618530273,25.260000228881836,25.270000457763672,20.0869083404541,179200
2008-03-13,24.979999542236328,26.639999389648438,24.610000610351562,26.280000686645508,20.889751434326172,141700
2008-03-14,26.709999084472656,26.729999542236328,24.780000686645508,25.59000015258789,20.341272354125977,200700
2008-03-17,24.75,25.579999923706055,24.690000534057617,24.75,19.67356300354004,196100
2008-03-18,25.440000534057617,27.219999313354492,25.350000381469727,26.8700008392334,21.358734130859375,176200
2008-03-19,27.110000610351562,27.5,25.09000015258789,25.110000610351562,19.9597225189209,163200
2008-03-20,25.3799991607666,27.600000381469727,25.0,27.18000030517578,21.605152130126953,411900
2008-03-24,27.34000015258789,28.06999969482422,26.920000076293945,27.719999313354492,22.034391403198242,281300
2008-03-25,27.329999923706055,28.8799991607666,27.329999923706055,28.219999313354492,22.43183708190918,235800
2008-03-26,27.729999542236328,28.34000015258789,27.420000076293945,27.56999969482422,21.915151596069336,194100
2008-03-27,27.649999618530273,27.969999313354492,26.5,26.549999237060547,21.104372024536133,149700
2008-03-28,26.6200008392334,26.979999542236328,25.6200008392334,25.700000762939453,20.428712844848633,168800
2008-03-31,25.510000228881836,26.780000686645508,25.329999923706055,26.520000457763672,21.080524444580078,141600
2008-04-01,27.989999771118164,27.989999771118164,24.209999084472656,26.790000915527344,21.295141220092773,212300
2008-04-02,26.40999984741211,27.079999923706055,25.059999465942383,25.93000030517578,20.611536026000977,275100
2008-04-03,25.450000762939453,26.780000686645508,24.520000457763672,24.940000534057617,19.8245906829834,252700
2008-04-04,25.0,25.0,24.0,24.510000228881836,19.4827880859375,284800
2008-04-07,26.799999237060547,26.799999237060547,25.149999618530273,25.260000228881836,20.078956604003906,273700
2008-04-08,25.200000762939453,27.34000015258789,25.200000762939453,26.440000534057617,21.016937255859375,283800
2008-04-09,25.690000534057617,26.479999542236328,24.299999237060547,24.850000381469727,19.75304412841797,412800
2008-04-10,24.84000015258789,24.84000015258789,23.90999984741211,24.329999923706055,19.33971405029297,246500
2008-04-11,23.780000686645508,23.979999542236328,23.100000381469727,23.239999771118164,18.473276138305664,181800
2008-04-14,23.399999618530273,24.969999313354492,23.1299991607666,23.489999771118164,18.671998977661133,310600
2008-04-15,23.5,23.850000381469727,22.700000762939453,23.850000381469727,18.95816421508789,147500
2008-04-16,24.059999465942383,24.690000534057617,23.940000534057617,24.15999984741211,19.204578399658203,157100
2008-04-17,24.170000076293945,24.389999389648438,23.399999618530273,23.8700008392334,18.97406005859375,126600
2008-04-18,24.350000381469727,24.700000762939453,23.790000915527344,24.59000015258789,19.54637908935547,191500
2008-04-21,24.5,24.5,23.329999923706055,23.81999969482422,18.99611473083496,192700
2008-04-22,23.700000762939453,23.829999923706055,22.790000915527344,22.989999771118164,18.334205627441406,198000
2008-04-23,23.0,23.229999542236328,22.530000686645508,22.799999237060547,18.182674407958984,155500
2008-04-24,22.860000610351562,23.510000228881836,21.969999313354492,23.079999923706055,18.405977249145508,149900
2008-04-25,23.170000076293945,23.270000457763672,22.5,23.040000915527344,18.37407684326172,101000
2008-04-28,23.1299991607666,24.059999465942383,22.940000534057617,23.850000381469727,19.02004051208496,238000
2008-04-29,23.860000610351562,23.860000610351562,22.860000610351562,23.010000228881836,18.35015296936035,137900
2008-04-30,23.1200008392334,23.600000381469727,22.549999237060547,22.75,18.142807006835938,120100
2008-05-01,23.0,24.309999465942383,22.6299991607666,24.059999465942383,19.18751335144043,209500
2008-05-02,24.25,24.399999618530273,23.65999984741211,23.940000534057617,19.09181785583496,155600
2008-05-05,23.989999771118164,23.989999771118164,23.1200008392334,23.420000076293945,18.6771183013916,147800
2008-05-06,23.209999084472656,23.690000534057617,23.049999237060547,23.559999465942383,18.788768768310547,137300
2008-05-07,23.350000381469727,23.389999389648438,22.799999237060547,22.829999923706055,18.206602096557617,137800
2008-05-08,23.100000381469727,23.280000686645508,22.600000381469727,23.059999465942383,18.39002799987793,99700
2008-05-09,22.8700008392334,23.139999389648438,22.520000457763672,22.809999465942383,18.19065284729004,118900
2008-05-12,22.940000534057617,24.030000686645508,22.670000076293945,23.899999618530273,19.059913635253906,119700
2008-05-13,24.0,24.6200008392334,23.829999923706055,24.56999969482422,19.594228744506836,155800
2008-05-14,24.530000686645508,24.950000762939453,24.010000228881836,24.010000228881836,19.14763832092285,81200
2008-05-15,24.010000228881836,24.979999542236328,24.010000228881836,24.690000534057617,19.689929962158203,144800
2008-05-16,24.899999618530273,24.899999618530273,23.40999984741211,24.079999923706055,19.203462600708008,132900
2008-05-19,24.110000610351562,24.940000534057617,23.90999984741211,24.31999969482422,19.39485740661621,188600
2008-05-20,24.299999237060547,24.709999084472656,23.639999389648438,24.040000915527344,19.17156219482422,165000
2008-05-21,24.219999313354492,24.329999923706055,23.1299991607666,23.389999389648438,18.653196334838867,85000
2008-05-22,23.360000610351562,24.219999313354492,23.360000610351562,23.790000915527344,18.97219467163086,91300
2008-05-23,23.75,24.030000686645508,23.049999237060547,23.200000762939453,18.50167465209961,54400
2008-05-27,23.1299991607666,24.200000762939453,23.1299991607666,23.93000030517578,19.08384132385254,87300
2008-05-28,25.239999771118164,25.239999771118164,24.260000228881836,25.030000686645508,19.961078643798828,174100
2008-05-29,25.049999237060547,25.809999465942383,24.280000686645508,25.31999969482422,20.192344665527344,167700
2008-05-30,25.40999984741211,26.25,25.190000534057617,26.25,20.934003829956055,149200
2008-06-02,26.219999313354492,26.299999237060547,25.139999389648438,25.549999237060547,20.37576675415039,136300
2008-06-03,25.40999984741211,25.700000762939453,24.610000610351562,24.829999923706055,19.80157470703125,208900
2008-06-04,24.729999542236328,25.829999923706055,24.56999969482422,25.079999923706055,20.000951766967773,116000
2008-06-05,25.06999969482422,26.0,24.950000762939453,25.979999542236328,20.71868324279785,162200
2008-06-06,25.75,26.0,24.579999923706055,24.760000228881836,19.745750427246094,193300
2008-06-09,24.959999084472656,24.959999084472656,23.81999969482422,24.239999771118164,19.331058502197266,134900
2008-06-10,23.81999969482422,24.510000228881836,23.81999969482422,24.25,19.33903694152832,85300
2008-06-11,24.25,24.31999969482422,23.010000228881836,23.09000015258789,18.413949966430664,99500
2008-06-12,21.700000762939453,22.989999771118164,21.059999465942383,21.3700008392334,17.042278289794922,309000
2008-06-13,21.3700008392334,22.440000534057617,21.3700008392334,21.889999389648438,17.45697021484375,137300
2008-06-16,21.860000610351562,22.299999237060547,21.540000915527344,21.799999237060547,17.38519287109375,101800
2008-06-17,21.739999771118164,22.479999542236328,21.670000076293945,22.020000457763672,17.560638427734375,337200
2008-06-18,21.8700008392334,21.989999771118164,21.350000381469727,21.600000381469727,17.22569465637207,125700
2008-06-19,21.59000015258789,22.690000534057617,21.59000015258789,22.459999084472656,17.91153335571289,152100
2008-06-20,22.34000015258789,22.399999618530273,21.299999237060547,21.8700008392334,17.441015243530273,171600
2008-06-23,21.979999542236328,22.0,21.3700008392334,21.59000015258789,17.217721939086914,69700
2008-06-24,21.34000015258789,21.34000015258789,20.40999984741211,20.979999542236328,16.731258392333984,336300
2008-06-25,20.969999313354492,21.709999084472656,20.809999465942383,21.68000030517578,17.28949546813965,264400
2008-06-26,21.420000076293945,21.700000762939453,20.1299991607666,20.260000228881836,16.157072067260742,173500
2008-06-27,20.309999465942383,20.969999313354492,20.280000686645508,20.459999084472656,16.31656265258789,253800
2008-06-30,20.489999771118164,20.8799991607666,20.040000915527344,20.299999237060547,16.18896484375,141900
2008-07-01,20.0,20.200000762939453,19.43000030517578,20.09000015258789,16.021484375,113900
2008-07-02,20.149999618530273,20.780000686645508,18.850000381469727,18.969999313354492,15.128311157226562,160500
2008-07-03,18.93000030517578,19.059999465942383,18.0,18.530000686645508,14.777410507202148,83300
2008-07-07,18.520000457763672,19.190000534057617,18.229999542236328,18.940000534057617,15.104382514953613,142700
2008-07-08,20.209999084472656,20.209999084472656,17.280000686645508,18.65999984741211,14.881091117858887,434700
2008-07-09,18.739999771118164,19.780000686645508,18.139999389648438,18.229999542236328,14.538165092468262,227100
2008-07-10,18.020000457763672,20.25,18.020000457763672,19.829999923706055,15.814146995544434,251400
2008-07-11,19.3700008392334,19.979999542236328,18.6299991607666,19.899999618530273,15.86996841430664,281700
2008-07-14,20.100000381469727,20.100000381469727,19.200000762939453,19.260000228881836,15.359578132629395,239000
2008-07-15,19.280000686645508,19.280000686645508,17.729999542236328,18.549999237060547,14.79335880279541,264600
2008-07-16,18.600000381469727,19.610000610351562,18.299999237060547,19.579999923706055,15.614775657653809,190600
2008-07-17,19.780000686645508,20.1200008392334,19.389999389648438,20.0,15.949716567993164,196700
2008-07-18,19.989999771118164,19.989999771118164,18.110000610351562,19.3700008392334,15.447303771972656,116500
2008-07-21,19.459999084472656,20.110000610351562,19.3700008392334,19.6200008392334,15.71156120300293,244700
2008-07-22,19.309999465942383,20.440000534057617,19.260000228881836,20.170000076293945,16.152000427246094,343200
2008-07-23,20.329999923706055,21.100000381469727,20.1299991607666,20.75,16.61646270751953,146300
2008-07-24,20.899999618530273,21.079999923706055,17.760000228881836,17.979999542236328,14.39826488494873,298500
2008-07-25,18.15999984741211,19.510000228881836,18.0,19.299999237060547,15.45530891418457,168600
2008-07-28,19.229999542236328,20.020000457763672,19.030000686645508,19.1200008392334,15.311163902282715,123300
2008-07-29,19.18000030517578,20.709999084472656,19.079999923706055,20.579999923706055,16.48032569885254,184600
2008-07-30,20.469999313354492,21.829999923706055,20.469999313354492,21.350000381469727,17.096939086914062,238300
2008-07-31,21.350000381469727,22.40999984741211,20.739999771118164,20.93000030517578,16.760610580444336,210600
2008-08-01,20.790000915527344,21.270000457763672,19.809999465942383,20.149999618530273,16.1359920501709,157700
2008-08-04,20.139999389648438,20.15999984741211,18.719999313354492,18.850000381469727,15.094951629638672,129600
2008-08-05,18.760000228881836,19.81999969482422,18.049999237060547,19.700000762939453,15.775629043579102,311800
2008-08-06,19.600000381469727,20.139999389648438,19.239999771118164,19.809999465942383,15.863715171813965,153600
2008-08-07,19.700000762939453,19.8799991607666,18.860000610351562,18.979999542236328,15.199058532714844,136000
2008-08-08,19.030000686645508,20.149999618530273,18.510000228881836,19.75,15.815667152404785,161200
2008-08-11,19.75,20.31999969482422,19.3799991607666,19.780000686645508,15.839693069458008,158900
2008-08-12,19.760000228881836,20.219999313354492,19.270000457763672,19.34000015258789,15.48733901977539,111000
2008-08-13,19.34000015258789,20.040000915527344,19.030000686645508,19.75,15.815667152404785,115300
2008-08-14,19.579999923706055,21.059999465942383,19.56999969482422,20.0,16.0158634185791,104100
2008-08-15,20.299999237060547,20.3799991607666,19.34000015258789,20.030000686645508,16.03989028930664,125800
2008-08-18,19.829999923706055,20.739999771118164,19.469999313354492,19.790000915527344,15.847698211669922,146700
2008-08-19,19.260000228881836,20.200000762939453,19.219999313354492,19.34000015258789,15.48733901977539,75000
2008-08-20,19.239999771118164,20.100000381469727,19.100000381469727,19.610000610351562,15.7035551071167,80200
2008-08-21,19.639999389648438,19.860000610351562,18.969999313354492,19.209999084472656,15.383237838745117,75400
2008-08-22,19.360000610351562,20.229999542236328,19.360000610351562,19.739999771118164,15.807662010192871,68600
2008-08-25,19.709999084472656,19.719999313354492,18.940000534057617,19.040000915527344,15.24710750579834,57500
2008-08-26,18.989999771118164,19.649999618530273,18.899999618530273,19.360000610351562,15.503363609313965,56900
2008-08-27,19.290000915527344,20.030000686645508,19.190000534057617,19.940000534057617,15.967816352844238,67000
2008-08-28,19.989999771118164,20.6200008392334,19.93000030517578,20.329999923706055,16.280128479003906,84100
2008-08-29,20.260000228881836,20.399999618530273,19.770000457763672,20.049999237060547,16.05590057373047,50800
2008-09-02,20.549999237060547,20.920000076293945,19.079999923706055,19.190000534057617,15.367225646972656,93900
2008-09-03,19.219999313354492,20.1299991607666,18.889999389648438,19.989999771118164,16.00786018371582,128500
2008-09-04,19.780000686645508,19.850000381469727,19.100000381469727,19.799999237060547,15.855708122253418,92200
2008-09-05,19.709999084472656,20.350000381469727,19.549999237060547,20.110000610351562,16.103960037231445,156100
2008-09-08,20.600000381469727,20.809999465942383,19.860000610351562,20.200000762939453,16.176025390625,146300
2008-09-09,20.25,20.399999618530273,19.100000381469727,19.1299991607666,15.319171905517578,156400
2008-09-10,19.5,19.790000915527344,18.299999237060547,18.360000610351562,14.702564239501953,220900
2008-09-11,18.280000686645508,18.940000534057617,17.770000457763672,18.59000015258789,14.886752128601074,155900
2008-09-12,18.40999984741211,18.75,18.229999542236328,18.700000762939453,14.974835395812988,111800
2008-09-15,18.139999389648438,18.280000686645508,16.969999313354492,17.09000015258789,13.685558319091797,104700
2008-09-16,16.739999771118164,17.850000381469727,16.510000228881836,17.850000381469727,14.29416561126709,130900
2008-09-17,17.450000762939453,20.559999465942383,17.059999465942383,19.790000915527344,15.847698211669922,236500
2008-09-18,20.06999969482422,20.59000015258789,18.559999465942383,20.290000915527344,16.248092651367188,327800
2008-09-19,22.049999237060547,22.450000762939453,20.459999084472656,21.149999618530273,16.936779022216797,455300
2008-09-22,20.899999618530273,22.0,19.579999923706055,19.610000610351562,15.7035551071167,135100
2008-09-23,19.579999923706055,21.600000381469727,19.579999923706055,19.899999618530273,15.93578815460205,142200
2008-09-24,20.0,20.799999237060547,19.049999237060547,19.170000076293945,15.351208686828613,83500
2008-09-25,19.450000762939453,20.049999237060547,19.0,19.979999542236328,15.999852180480957,180800
2008-09-26,19.549999237060547,20.149999618530273,19.110000610351562,20.040000915527344,16.047897338867188,223400
2008-09-29,19.5,19.969999313354492,19.0,19.170000076293945,15.351208686828613,171200
2008-09-30,19.280000686645508,19.81999969482422,19.110000610351562,19.510000228881836,15.623478889465332,132600
2008-10-01,19.299999237060547,19.6200008392334,19.260000228881836,19.479999542236328,15.599454879760742,83900
2008-10-02,19.209999084472656,19.25,17.200000762939453,17.239999771118164,13.805675506591797,129000
2008-10-03,17.450000762939453,18.59000015258789,17.0,17.3700008392334,13.909785270690918,136000
2008-10-06,16.920000076293945,17.3799991607666,15.300000190734863,16.68000030517578,13.357236862182617,217600
2008-10-07,17.0,17.059999465942383,14.859999656677246,14.930000305175781,11.95584487915039,198700
2008-10-08,14.289999961853027,15.569999694824219,13.8100004196167,14.09000015258789,11.283180236816406,294500
2008-10-09,14.380000114440918,15.25,12.930000305175781,12.930000305175781,10.354256629943848,191900
2008-10-10,12.1899995803833,13.770000457763672,11.510000228881836,13.449999809265137,10.770668029785156,232500
2008-10-13,13.90999984741211,15.279999732971191,13.739999771118164,15.279999732971191,12.23611831665039,80800
2008-10-14,15.930000305175781,15.930000305175781,13.25,13.630000114440918,10.914813041687012,198500
2008-10-15,13.489999771118164,13.6899995803833,11.390000343322754,11.399999618530273,9.129042625427246,178300
2008-10-16,11.479999542236328,11.850000381469727,10.15999984741211,11.699999809265137,9.369279861450195,246300
2008-10-17,11.199999809265137,11.399999618530273,8.75,10.0,8.00793170928955,1106800
2008-10-20,10.119999885559082,10.800000190734863,9.8100004196167,10.680000305175781,8.552471160888672,556200
2008-10-21,10.430000305175781,10.539999961853027,10.0,10.130000114440918,8.112039566040039,369700
2008-10-22,9.819999694824219,9.979999542236328,9.300000190734863,9.460000038146973,7.575503349304199,206500
2008-10-23,9.579999923706055,9.720000267028809,8.479999542236328,8.890000343322754,7.119052410125732,201900
2008-10-24,8.1899995803833,8.65999984741211,8.010000228881836,8.350000381469727,6.686624526977539,175400
2008-10-27,8.369999885559082,8.529999732971191,7.440000057220459,7.440000057220459,5.957902908325195,184200
2008-10-28,7.840000152587891,7.889999866485596,7.150000095367432,7.699999809265137,6.166109085083008,232400
2008-10-29,7.820000171661377,8.539999961853027,7.539999961853027,7.889999866485596,6.318258762359619,198000
2008-10-30,8.119999885559082,8.119999885559082,7.510000228881836,7.78000020980835,6.2301716804504395,317900
2008-10-31,7.809999942779541,8.640000343322754,7.559999942779541,8.25,6.606543064117432,234800
2008-11-03,8.239999771118164,8.5600004196167,8.0600004196167,8.4399995803833,6.758694171905518,145000
2008-11-04,8.729999542236328,8.930000305175781,8.350000381469727,8.470000267028809,6.782720565795898,204200
2008-11-05,8.609999656677246,8.609999656677246,8.010000228881836,8.020000457763672,6.422361850738525,202300
2008-11-06,8.3100004196167,9.199999809265137,8.3100004196167,8.819999694824219,7.062996864318848,376100
2008-11-07,8.930000305175781,9.149999618530273,8.029999732971191,8.3100004196167,6.654592990875244,205800
2008-11-10,8.539999961853027,8.710000038146973,7.860000133514404,8.069999694824219,6.462400913238525,154600
2008-11-11,8.010000228881836,8.289999961853027,7.360000133514404,7.360000133514404,5.893839359283447,239500
2008-11-12,7.210000038146973,7.389999866485596,6.730000019073486,6.739999771118164,5.3973469734191895,129000
2008-11-13,6.650000095367432,7.619999885559082,5.800000190734863,7.579999923706055,6.07001256942749,1448600
2008-11-14,7.579999923706055,7.75,6.429999828338623,6.429999828338623,5.1491007804870605,126600
2008-11-17,6.46999979019165,7.059999942779541,6.139999866485596,6.900000095367432,5.5950846672058105,289200
2008-11-18,7.099999904632568,7.570000171661377,6.46999979019165,7.570000171661377,6.1383771896362305,317500
2008-11-19,7.400000095367432,7.550000190734863,6.25,6.320000171661377,5.12477445602417,223800
2008-11-20,6.260000228881836,6.380000114440918,5.0,5.010000228881836,4.062519073486328,352800
2008-11-21,5.260000228881836,5.349999904632568,4.579999923706055,5.320000171661377,4.313891887664795,323200
2008-11-24,5.579999923706055,6.329999923706055,5.5,6.269999980926514,5.084230899810791,248600
2008-11-25,6.380000114440918,6.460000038146973,5.989999771118164,6.409999847412109,5.197753429412842,153900
2008-11-26,6.230000019073486,7.119999885559082,6.019999980926514,6.940000057220459,5.627521991729736,211000
2008-11-28,6.71999979019165,7.630000114440918,6.71999979019165,7.570000171661377,6.1383771896362305,61000
2008-12-01,7.269999980926514,7.639999866485596,6.0,6.050000190734863,4.905836582183838,141300
2008-12-02,6.130000114440918,6.199999809265137,5.800000190734863,6.130000114440918,4.970707893371582,183400
2008-12-03,5.920000076293945,6.639999866485596,5.809999942779541,6.5,5.270732879638672,193100
2008-12-04,6.480000019073486,6.480000019073486,4.96999979019165,5.150000095367432,4.1760430335998535,329300
2008-12-05,5.099999904632568,5.650000095367432,4.980000019073486,5.639999866485596,4.573373794555664,211000
2008-12-08,5.789999961853027,6.0,5.510000228881836,5.619999885559082,4.557156085968018,238100
2008-12-09,5.53000020980835,5.760000228881836,5.28000020980835,5.309999942779541,4.305783271789551,196400
2008-12-10,5.400000095367432,5.869999885559082,5.369999885559082,5.800000190734863,4.703115463256836,260200
2008-12-11,5.699999809265137,6.199999809265137,5.5,5.650000095367432,4.581482410430908,309200
2008-12-12,5.460000038146973,5.840000152587891,5.460000038146973,5.78000020980835,4.686898231506348,266600
2008-12-15,5.820000171661377,6.03000020980835,5.5,5.610000133514404,4.549046993255615,150000
2008-12-16,5.610000133514404,6.289999961853027,5.559999942779541,6.289999961853027,5.100447654724121,149600
2008-12-17,6.190000057220459,6.619999885559082,6.070000171661377,6.380000114440918,5.173428058624268,226700
2008-12-18,6.400000095367432,6.519999980926514,5.949999809265137,6.179999828338623,5.011250972747803,163200
2008-12-19,6.429999828338623,6.559999942779541,6.079999923706055,6.360000133514404,5.157209396362305,239500
2008-12-22,6.360000133514404,6.389999866485596,5.559999942779541,5.980000019073486,4.8490753173828125,115700
2008-12-23,5.980000019073486,6.380000114440918,5.78000020980835,5.920000076293945,4.800422668457031,138000
2008-12-24,5.889999866485596,6.289999961853027,5.860000133514404,6.110000133514404,4.9544901847839355,109300
2008-12-26,6.110000133514404,6.230000019073486,5.949999809265137,6.139999866485596,4.978815078735352,73800
2008-12-29,6.150000095367432,6.260000228881836,5.920000076293945,6.079999923706055,4.930163383483887,102900
2008-12-30,6.179999828338623,6.480000019073486,5.900000095367432,6.440000057220459,5.222080707550049,152100
2008-12-31,6.349999904632568,6.929999828338623,6.179999828338623,6.869999885559082,5.570760250091553,229900
2009-01-02,6.980000019073486,7.829999923706055,6.840000152587891,7.179999828338623,5.822131633758545,175500
2009-01-05,7.150000095367432,7.730000019073486,7.010000228881836,7.559999942779541,6.1302690505981445,129100
2009-01-06,7.639999866485596,8.199999809265137,7.539999961853027,7.989999771118164,6.478947639465332,108900
2009-01-07,7.769999980926514,8.510000228881836,7.449999809265137,8.510000228881836,6.900607109069824,173600
2009-01-08,8.449999809265137,8.550000190734863,7.71999979019165,7.929999828338623,6.430295467376709,164000
2009-01-09,6.920000076293945,7.0,6.25,6.710000038146973,5.441018581390381,533200
2009-01-12,6.710000038146973,6.739999771118164,5.639999866485596,5.78000020980835,4.686898231506348,348800
2009-01-13,5.78000020980835,5.829999923706055,5.519999980926514,5.590000152587891,4.532830238342285,129200
2009-01-14,5.539999961853027,5.550000190734863,5.25,5.349999904632568,4.33821964263916,121100
2009-01-15,5.380000114440918,5.920000076293945,5.039999961853027,5.909999847412109,4.792313098907471,243000
2009-01-16,5.989999771118164,6.139999866485596,5.420000076293945,6.010000228881836,4.873400688171387,252700
2009-01-20,5.920000076293945,5.989999771118164,5.269999980926514,5.269999980926514,4.273347854614258,226600
2009-01-21,5.389999866485596,6.400000095367432,5.320000171661377,6.400000095367432,5.189645767211914,273400
2009-01-22,6.179999828338623,6.179999828338623,5.710000038146973,5.769999980926514,4.708216190338135,131100
2009-01-23,5.550000190734863,5.96999979019165,5.489999771118164,5.690000057220459,4.6429362297058105,78000
2009-01-26,5.599999904632568,6.059999942779541,5.599999904632568,5.869999885559082,4.789814472198486,108000
2009-01-27,5.980000019073486,6.110000133514404,5.769999980926514,6.110000133514404,4.985650062561035,105100
2009-01-28,6.320000171661377,6.739999771118164,6.150000095367432,6.650000095367432,5.426279067993164,190200
2009-01-29,6.559999942779541,6.559999942779541,5.5,5.579999923706055,4.553180694580078,232400
2009-01-30,5.690000057220459,5.849999904632568,5.5,5.550000190734863,4.528700351715088,151300
2009-02-02,5.550000190734863,6.349999904632568,5.309999942779541,6.309999942779541,5.14884614944458,162900
2009-02-03,6.309999942779541,6.429999828338623,5.699999809265137,5.789999961853027,4.72453498840332,113200
2009-02-04,5.820000171661377,6.130000114440918,5.46999979019165,5.610000133514404,4.577657222747803,155300
2009-02-05,5.659999847412109,5.980000019073486,5.420000076293945,5.840000152587891,4.765334606170654,151600
2009-02-06,5.989999771118164,6.21999979019165,5.710000038146973,6.070000171661377,4.953010082244873,72600
2009-02-09,6.099999904632568,6.099999904632568,5.809999942779541,5.889999866485596,4.806134223937988,87000
2009-02-10,5.849999904632568,6.039999961853027,5.5,5.510000228881836,4.496060848236084,106500
2009-02-11,5.619999885559082,5.849999904632568,5.449999809265137,5.659999847412109,4.6184563636779785,61100
2009-02-12,5.429999828338623,5.5,5.309999942779541,5.460000038146973,4.455260276794434,105500
2009-02-13,5.460000038146973,5.840000152587891,5.340000152587891,5.46999979019165,4.46342134475708,71300
2009-02-17,5.53000020980835,5.690000057220459,5.0,5.610000133514404,4.577657222747803,104800
2009-02-18,5.610000133514404,5.610000133514404,5.119999885559082,5.119999885559082,4.17782735824585,123400
2009-02-19,5.150000095367432,5.309999942779541,4.760000228881836,4.760000228881836,3.884075403213501,88300
2009-02-20,4.760000228881836,4.800000190734863,4.190000057220459,4.489999771118164,3.6637589931488037,156000
2009-02-23,4.579999923706055,4.659999847412109,4.050000190734863,4.050000190734863,3.304727077484131,113000
2009-02-24,4.170000076293945,4.570000171661377,4.110000133514404,4.489999771118164,3.6637589931488037,139800
2009-02-25,4.489999771118164,4.550000190734863,4.010000228881836,4.010000228881836,3.272087812423706,123500
2009-02-26,4.179999828338623,4.46999979019165,4.050000190734863,4.090000152587891,3.337366819381714,103900
2009-02-27,4.079999923706055,4.260000228881836,3.759999990463257,3.759999990463257,3.0680925846099854,156800
2009-03-02,3.700000047683716,3.700000047683716,3.109999895095825,3.119999885559082,2.545863389968872,166200
2009-03-03,3.2100000381469727,3.2100000381469727,2.7899999618530273,2.8399999141693115,2.3173885345458984,170700
2009-03-04,2.9100000858306885,3.2200000286102295,2.9100000858306885,3.119999885559082,2.545863389968872,174400
2009-03-05,3.5799999237060547,3.5799999237060547,2.0799999237060547,2.140000104904175,1.7462012767791748,265000
2009-03-06,2.2200000286102295,2.299999952316284,1.8600000143051147,1.9299999475479126,1.5748450756072998,197400
2009-03-09,1.909999966621399,1.9900000095367432,1.899999976158142,1.909999966621399,1.5585250854492188,140900
2009-03-10,1.9700000286102295,2.2899999618530273,1.9700000286102295,2.1600000858306885,1.7625213861465454,126800
2009-03-11,2.190000057220459,3.0,2.1600000858306885,2.7100000381469727,2.2113113403320312,252400
2009-03-12,2.75,2.9100000858306885,2.4700000286102295,2.880000114440918,2.3500282764434814,128800
2009-03-13,3.009999990463257,3.2699999809265137,2.6700000762939453,2.880000114440918,2.3500282764434814,127600
2009-03-16,3.4000000953674316,4.059999942779541,3.180000066757202,3.640000104904175,2.9701743125915527,300800
2009-03-17,3.6500000953674316,3.7300000190734863,3.3499999046325684,3.490000009536743,2.8477766513824463,154600
2009-03-18,3.4600000381469727,3.5999999046325684,3.2100000381469727,3.569999933242798,2.913055658340454,114300
2009-03-19,3.640000104904175,3.75,3.430000066757202,3.5999999046325684,2.937535047531128,129500
2009-03-20,3.630000114440918,3.6500000953674316,3.2100000381469727,3.2699999809265137,2.6682615280151367,135800
2009-03-23,3.4000000953674316,3.7300000190734863,3.380000114440918,3.7300000190734863,3.0436131954193115,130000
2009-03-24,3.6600000858306885,3.7200000286102295,3.430000066757202,3.440000057220459,2.8069772720336914,78300
2009-03-25,3.5,3.9000000953674316,3.200000047683716,3.440000057220459,2.8069772720336914,116900
2009-03-26,3.549999952316284,4.309999942779541,3.549999952316284,4.170000076293945,3.4026453495025635,215900
2009-03-27,4.199999809265137,4.21999979019165,3.9200000762939453,3.9200000762939453,3.1986491680145264,102000
2009-03-30,3.8399999141693115,3.869999885559082,3.5399999618530273,3.690000057220459,3.0109729766845703,158900
2009-03-31,3.799999952316284,3.8399999141693115,3.5999999046325684,3.6600000858306885,2.9864938259124756,69700
2009-04-01,3.5799999237060547,3.759999990463257,3.4000000953674316,3.75,3.0599324703216553,104700
2009-04-02,3.890000104904175,4.699999809265137,3.890000104904175,4.5,3.671919822692871,195200
2009-04-03,4.639999866485596,4.78000020980835,4.369999885559082,4.449999809265137,3.631120204925537,88200
2009-04-06,4.510000228881836,4.510000228881836,4.070000171661377,4.150000095367432,3.3863260746002197,117600
2009-04-07,4.150000095367432,4.300000190734863,4.0,4.21999979019165,3.4434428215026855,61800
2009-04-08,4.25,4.659999847412109,4.059999942779541,4.650000095367432,3.794316291809082,153500
2009-04-09,4.800000190734863,5.679999828338623,4.639999866485596,5.409999847412109,4.414462566375732,265800
2009-04-13,5.420000076293945,5.519999980926514,4.960000038146973,5.5,4.4878997802734375,164900
2009-04-14,5.360000133514404,5.46999979019165,5.059999942779541,5.099999904632568,4.161508083343506,108600
2009-04-15,5.059999942779541,5.610000133514404,5.050000190734863,5.570000171661377,4.545019626617432,164300
2009-04-16,5.639999866485596,6.679999828338623,5.630000114440918,6.610000133514404,5.393641948699951,298200
2009-04-17,6.53000020980835,7.849999904632568,6.53000020980835,7.730000019073486,6.307541847229004,400600
2009-04-20,7.510000228881836,7.510000228881836,6.78000020980835,7.0,5.711874961853027,241400
2009-04-21,6.710000038146973,7.5,6.170000076293945,7.440000057220459,6.070906162261963,380300
2009-04-22,7.380000114440918,7.769999980926514,7.059999942779541,7.400000095367432,6.038266181945801,294200
2009-04-23,7.389999866485596,7.389999866485596,6.760000228881836,6.989999771118164,5.703713893890381,221200
2009-04-24,7.099999904632568,8.010000228881836,6.949999809265137,7.860000133514404,6.413619518280029,245900
2009-04-27,7.730000019073486,7.730000019073486,6.349999904632568,6.809999942779541,5.556838035583496,363100
2009-04-28,6.550000190734863,7.510000228881836,6.550000190734863,7.230000019073486,5.899550914764404,177100
2009-04-29,7.340000152587891,8.319999694824219,7.139999866485596,8.069999694824219,6.58497428894043,253800
2009-04-30,8.199999809265137,9.539999961853027,8.199999809265137,8.510000228881836,6.94400691986084,338400
2009-05-01,8.5600004196167,8.8100004196167,8.270000457763672,8.359999656677246,6.821608543395996,220000
2009-05-04,8.449999809265137,8.619999885559082,8.25,8.5,6.935848712921143,241600
2009-05-05,8.430000305175781,8.5,7.949999809265137,8.229999542236328,6.715532302856445,148900
2009-05-06,8.319999694824219,8.5,8.050000190734863,8.289999961853027,6.764489650726318,214000
2009-05-07,8.460000038146973,8.460000038146973,7.420000076293945,7.690000057220459,6.274900913238525,287100
2009-05-08,7.880000114440918,8.390000343322754,7.460000038146973,8.390000343322754,6.8460893630981445,206500
2009-05-11,8.119999885559082,8.140000343322754,7.78000020980835,7.789999961853027,6.356500148773193,81200
2009-05-12,7.840000152587891,7.920000076293945,7.21999979019165,7.860000133514404,6.413619518280029,184200
2009-05-13,7.670000076293945,7.670000076293945,6.78000020980835,6.880000114440918,5.613954544067383,134300
2009-05-14,6.849999904632568,7.480000019073486,6.510000228881836,7.269999980926514,5.932188987731934,76400
2009-05-15,7.260000228881836,7.420000076293945,6.53000020980835,6.809999942779541,5.556838035583496,87600
2009-05-18,7.010000228881836,7.5,6.940000057220459,7.5,6.1198649406433105,76200
2009-05-19,7.380000114440918,7.5,7.039999961853027,7.349999904632568,5.997467517852783,80900
2009-05-20,7.420000076293945,7.519999980926514,7.03000020980835,7.050000190734863,5.75267219543457,104700
2009-05-21,6.900000095367432,7.019999980926514,6.25,6.659999847412109,5.434439182281494,134800
2009-05-22,6.75,7.090000152587891,6.659999847412109,6.880000114440918,5.613954544067383,89200
2009-05-26,6.840000152587891,7.510000228881836,6.75,7.510000228881836,6.128023624420166,110100
2009-05-27,7.420000076293945,7.5,6.949999809265137,6.989999771118164,5.703713893890381,90000
2009-05-28,7.119999885559082,7.440000057220459,6.650000095367432,7.389999866485596,6.030107021331787,110400
2009-05-29,7.409999847412109,7.599999904632568,7.340000152587891,7.519999980926514,6.136185169219971,117600
2009-06-01,7.900000095367432,8.079999923706055,7.53000020980835,8.0,6.527856349945068,161900
2009-06-02,7.829999923706055,8.270000457763672,7.71999979019165,8.199999809265137,6.6910529136657715,71300
2009-06-03,8.0600004196167,8.149999618530273,7.639999866485596,8.029999732971191,6.552333831787109,72400
2009-06-04,8.100000381469727,8.539999961853027,7.789999961853027,8.430000305175781,6.878727436065674,73200
2009-06-05,8.529999732971191,8.739999771118164,7.800000190734863,8.140000343322754,6.642092227935791,84600
2009-06-08,8.0,8.430000305175781,7.639999866485596,8.15999984741211,6.658413887023926,68800
2009-06-09,8.25,8.390000343322754,8.130000114440918,8.170000076293945,6.666572093963623,46800
2009-06-10,8.300000190734863,8.300000190734863,7.409999847412109,7.96999979019165,6.503376483917236,117300
2009-06-11,8.399999618530273,8.5,8.229999542236328,8.25,6.7318501472473145,137300
2009-06-12,8.15999984741211,8.199999809265137,7.5,7.559999942779541,6.168823719024658,149900
2009-06-15,7.46999979019165,7.599999904632568,7.139999866485596,7.369999885559082,6.013788223266602,116500
2009-06-16,7.460000038146973,7.710000038146973,7.010000228881836,7.059999942779541,5.760831832885742,122000
2009-06-17,7.059999942779541,7.260000228881836,6.900000095367432,7.139999866485596,5.826111316680908,62700
2009-06-18,7.139999866485596,7.21999979019165,6.900000095367432,6.920000076293945,5.646597385406494,82700
2009-06-19,6.71999979019165,7.179999828338623,6.309999942779541,6.71999979019165,5.4833984375,116800
2009-06-22,6.659999847412109,6.679999828338623,6.190000057220459,6.329999923706055,5.165164947509766,143400
2009-06-23,6.389999866485596,6.869999885559082,6.059999942779541,6.670000076293945,5.442599296569824,174900
2009-06-24,6.789999961853027,7.590000152587891,6.659999847412109,6.909999847412109,5.638435363769531,205300
2009-06-25,6.849999904632568,7.179999828338623,6.829999923706055,7.070000171661377,5.7689924240112305,118400
2009-06-26,7.019999980926514,7.670000076293945,6.960000038146973,7.539999961853027,6.1525044441223145,273500
2009-06-29,7.71999979019165,7.71999979019165,7.139999866485596,7.150000095367432,5.8342719078063965,99900
2009-06-30,7.139999866485596,7.550000190734863,6.989999771118164,7.190000057220459,5.866910934448242,143200
2009-07-01,7.300000190734863,7.699999809265137,7.25,7.409999847412109,6.046425819396973,123600
2009-07-02,7.150000095367432,7.409999847412109,6.900000095367432,7.159999847412109,5.842431545257568,154400
2009-07-06,7.110000133514404,7.110000133514404,6.5,6.920000076293945,5.646597385406494,163400
2009-07-07,6.789999961853027,6.789999961853027,6.059999942779541,6.309999942779541,5.14884614944458,262600
2009-07-08,6.260000228881836,6.309999942779541,5.400000095367432,5.610000133514404,4.577657222747803,211600
2009-07-09,5.690000057220459,6.289999961853027,5.559999942779541,5.96999979019165,4.8714118003845215,211200
2009-07-10,5.889999866485596,6.230000019073486,5.800000190734863,6.079999923706055,4.961170196533203,124100
2009-07-13,6.150000095367432,7.170000076293945,6.150000095367432,7.079999923706055,5.777153491973877,206900
2009-07-14,7.079999923706055,7.5,6.900000095367432,7.25,5.915868759155273,182700
2009-07-15,7.53000020980835,8.039999961853027,7.449999809265137,7.760000228881836,6.3320207595825195,235400
2009-07-16,7.78000020980835,8.300000190734863,7.679999828338623,8.140000343322754,6.642092227935791,248400
2009-07-17,8.109999656677246,9.489999771118164,8.020000457763672,9.050000190734863,7.384639739990234,319200
2009-07-20,9.1899995803833,9.489999771118164,8.930000305175781,9.4399995803833,7.702869892120361,226100
2009-07-21,9.5,9.75,8.899999618530273,9.25,7.547830581665039,200300
2009-07-22,9.109999656677246,9.449999809265137,8.920000076293945,9.130000114440918,7.449916839599609,138300
2009-07-23,9.1899995803833,9.619999885559082,9.020000457763672,9.449999809265137,7.711031436920166,160900
2009-07-24,9.210000038146973,9.75,9.1899995803833,9.609999656677246,7.841588497161865,120700
2009-07-27,9.5,9.880000114440918,9.430000305175781,9.600000381469727,7.833427906036377,120600
2009-07-28,9.489999771118164,10.100000381469727,9.270000457763672,10.079999923706055,8.22509765625,132700
2009-07-29,9.979999542236328,10.1899995803833,9.369999885559082,9.5600004196167,7.800787448883057,106200
2009-07-30,9.800000190734863,10.25,9.670000076293945,10.010000228881836,8.167978286743164,162200
2009-07-31,9.930000305175781,10.779999732971191,9.930000305175781,10.489999771118164,8.559652328491211,169400
2009-08-03,10.8100004196167,10.880000114440918,10.229999542236328,10.75,8.771807670593262,191100
2009-08-04,10.569999694824219,10.890000343322754,10.039999961853027,10.539999961853027,8.600446701049805,165100
2009-08-05,10.529999732971191,10.529999732971191,9.800000190734863,10.229999542236328,8.34749698638916,121400
2009-08-06,10.279999732971191,10.390000343322754,9.869999885559082,10.300000190734863,8.404614448547363,108500
2009-08-07,10.489999771118164,12.149999618530273,10.359999656677246,11.800000190734863,9.628586769104004,271200
2009-08-10,11.640000343322754,13.199999809265137,11.40999984741211,12.020000457763672,9.80810260772705,243200
2009-08-11,11.949999809265137,12.020000457763672,11.420000076293945,11.670000076293945,9.522509574890137,131100
2009-08-12,11.720000267028809,12.850000381469727,11.65999984741211,12.270000457763672,10.012100219726562,126400
2009-08-13,12.449999809265137,12.890000343322754,12.229999542236328,12.369999885559082,10.093697547912598,81600
2009-08-14,12.5,12.5,11.819999694824219,12.050000190734863,9.832581520080566,127300
2009-08-17,11.75,11.75,10.550000190734863,10.880000114440918,8.877884864807129,150800
2009-08-18,10.899999618530273,11.569999694824219,10.8100004196167,11.100000381469727,9.057400703430176,123900
2009-08-19,10.8100004196167,11.170000076293945,10.75,10.989999771118164,8.96764087677002,86300
2009-08-20,10.890000343322754,11.579999923706055,10.829999923706055,11.260000228881836,9.187955856323242,108500
2009-08-21,11.539999961853027,13.640000343322754,11.479999542236328,13.460000038146973,10.983118057250977,343900
2009-08-24,13.729999542236328,14.670000076293945,13.180000305175781,13.479999542236328,10.99943733215332,212900
2009-08-25,13.859999656677246,14.300000190734863,13.210000038146973,13.670000076293945,11.1544771194458,147700
2009-08-26,13.720000267028809,14.0,13.239999771118164,13.4399995803833,10.966796875,106200
2009-08-27,13.119999885559082,13.960000038146973,12.779999732971191,13.819999694824219,11.276870727539062,91400
2009-08-28,14.319999694824219,14.319999694824219,13.130000114440918,13.399999618530273,10.934157371520996,79300
2009-08-31,13.25,13.25,12.699999809265137,12.869999885559082,10.501688957214355,112300
2009-09-01,12.739999771118164,13.4399995803833,11.770000457763672,11.779999732971191,9.612268447875977,152000
2009-09-02,11.6899995803833,11.699999809265137,10.930000305175781,10.970000267028809,8.951322555541992,108600
2009-09-03,11.020000457763672,12.479999542236328,11.010000228881836,12.300000190734863,10.036577224731445,169300
2009-09-04,12.079999923706055,13.130000114440918,12.0,13.119999885559082,10.705684661865234,168200
2009-09-08,13.4399995803833,13.4399995803833,12.3100004196167,12.399999618530273,10.118178367614746,144000
2009-09-09,12.170000076293945,13.430000305175781,12.140000343322754,12.90999984741211,10.534327507019043,96200
2009-09-10,12.930000305175781,13.4399995803833,12.930000305175781,13.3100004196167,10.860721588134766,91600
2009-09-11,13.300000190734863,13.800000190734863,12.880000114440918,13.329999923706055,10.877039909362793,93800
2009-09-14,13.149999618530273,13.8100004196167,13.010000228881836,13.649999618530273,11.138154029846191,49700
2009-09-15,13.600000381469727,14.0,13.460000038146973,13.600000381469727,11.0973539352417,48700
2009-09-16,13.710000038146973,14.0,13.59000015258789,13.90999984741211,11.350310325622559,73000
2009-09-17,13.869999885559082,14.050000190734863,13.319999694824219,13.550000190734863,11.056556701660156,60300
2009-09-18,13.649999618530273,14.0,13.25,13.4399995803833,10.966796875,134300
2009-09-21,13.1899995803833,13.289999961853027,12.649999618530273,12.9399995803833,10.558807373046875,96400
2009-09-22,13.300000190734863,13.470000267028809,12.720000267028809,12.819999694824219,10.460888862609863,121700
2009-09-23,12.890000343322754,12.890000343322754,12.239999771118164,12.25,9.995779037475586,102600
2009-09-24,12.359999656677246,12.600000381469727,11.770000457763672,12.050000190734863,9.832581520080566,81200
2009-09-25,11.970000267028809,12.15999984741211,11.65999984741211,11.920000076293945,9.726506233215332,53100
2009-09-28,12.0,12.75,11.850000381469727,12.149999618530273,9.914179801940918,84100
2009-09-29,12.15999984741211,12.619999885559082,12.069999694824219,12.229999542236328,9.979459762573242,59000
2009-09-30,12.279999732971191,12.329999923706055,11.430000305175781,11.710000038146973,9.555148124694824,89500
2009-10-01,11.59000015258789,11.649999618530273,10.550000190734863,10.569999694824219,8.62492847442627,122400
2009-10-02,10.510000228881836,11.199999809265137,10.0,10.5600004196167,8.616769790649414,125300
2009-10-05,10.649999618530273,11.180000305175781,10.520000457763672,11.069999694824219,9.032919883728027,104000
2009-10-06,11.220000267028809,11.430000305175781,11.010000228881836,11.3100004196167,9.22875690460205,39000
2009-10-07,11.210000038146973,11.399999618530273,11.0600004196167,11.140000343322754,9.090039253234863,27600
2009-10-08,11.25,11.710000038146973,10.960000038146973,11.260000228881836,9.187955856323242,56900
2009-10-09,11.300000190734863,11.729999542236328,11.300000190734863,11.699999809265137,9.546987533569336,48800
2009-10-12,11.75,12.029999732971191,11.149999618530273,11.180000305175781,9.122678756713867,101700
2009-10-13,10.930000305175781,11.300000190734863,10.720000267028809,11.270000457763672,9.196117401123047,66700
2009-10-14,11.609999656677246,11.630000114440918,11.319999694824219,11.470000267028809,9.35931396484375,70800
2009-10-15,11.300000190734863,11.460000038146973,10.880000114440918,11.180000305175781,9.122678756713867,44300
2009-10-16,11.069999694824219,11.15999984741211,10.710000038146973,10.869999885559082,8.86972427368164,73000
2009-10-19,10.90999984741211,11.09000015258789,10.619999885559082,10.989999771118164,8.96764087677002,79600
2009-10-20,10.880000114440918,11.149999618530273,10.449999809265137,10.529999732971191,8.592287063598633,66100
2009-10-21,10.399999618530273,10.979999542236328,10.079999923706055,10.15999984741211,8.290376663208008,109000
2009-10-22,10.100000381469727,10.869999885559082,9.899999618530273,10.720000267028809,8.747328758239746,132400
2009-10-23,10.720000267028809,10.9399995803833,9.920000076293945,9.9399995803833,8.110861778259277,89500
2009-10-26,9.9399995803833,10.59000015258789,9.84000015258789,10.020000457763672,8.176140785217285,529100
2009-10-27,10.119999885559082,10.239999771118164,9.699999809265137,9.819999694824219,8.012943267822266,98900
2009-10-28,9.699999809265137,10.199999809265137,9.140000343322754,9.210000038146973,7.515192985534668,109500
2009-10-29,9.300000190734863,9.829999923706055,9.300000190734863,9.609999656677246,7.841588497161865,67400
2009-10-30,9.510000228881836,9.600000381469727,8.600000381469727,8.880000114440918,7.245919227600098,135500
2009-11-02,8.979999542236328,9.300000190734863,8.510000228881836,8.9399995803833,7.294878005981445,95200
2009-11-03,9.100000381469727,9.630000114440918,9.020000457763672,9.539999961853027,7.784466743469238,142300
2009-11-04,9.5600004196167,9.75,9.029999732971191,9.069999694824219,7.400958061218262,111500
2009-11-05,9.25,10.15999984741211,9.25,10.029999732971191,8.18429946899414,106000
2009-11-06,9.729999542236328,10.0,9.59000015258789,9.760000228881836,7.96398401260376,88600
2009-11-09,9.979999542236328,10.270000457763672,9.90999984741211,10.130000114440918,8.265900611877441,88100
2009-11-10,10.0,10.130000114440918,9.5,9.779999732971191,7.980305194854736,129100
2009-11-11,9.930000305175781,10.050000190734863,9.479999542236328,9.75,7.955827236175537,137100
2009-11-12,10.25,10.699999809265137,9.5,9.699999809265137,7.915025234222412,173600
2009-11-13,9.75,10.220000267028809,9.289999961853027,10.109999656677246,8.249576568603516,101600
2009-11-16,10.300000190734863,11.739999771118164,10.25,11.640000343322754,9.498031616210938,173400
2009-11-17,11.489999771118164,11.489999771118164,10.680000305175781,11.210000038146973,9.1471586227417,177600
2009-11-18,11.25,11.25,10.770000457763672,10.930000305175781,8.918682098388672,112700
2009-11-19,10.739999771118164,11.449999809265137,10.149999618530273,11.149999618530273,9.098199844360352,169900
2009-11-20,11.050000190734863,11.199999809265137,10.210000038146973,10.390000343322754,8.47805404663086,172000
2009-11-23,10.550000190734863,11.25,10.550000190734863,10.869999885559082,8.86972427368164,120400
2009-11-24,10.90999984741211,11.050000190734863,10.460000038146973,10.920000076293945,8.910520553588867,45800
2009-11-25,10.989999771118164,11.199999809265137,10.680000305175781,10.850000381469727,8.853404998779297,55400
2009-11-27,10.260000228881836,10.710000038146973,10.149999618530273,10.260000228881836,8.37197494506836,42700
2009-11-30,10.350000381469727,10.789999961853027,9.819999694824219,10.729999542236328,8.755485534667969,126700
2009-12-01,10.949999809265137,11.579999923706055,10.949999809265137,11.380000114440918,9.285872459411621,165800
2009-12-02,11.390000343322754,11.949999809265137,11.260000228881836,11.640000343322754,9.498031616210938,90200
2009-12-03,11.680000305175781,11.9399995803833,10.960000038146973,11.0,8.975799560546875,73100
2009-12-04,11.350000381469727,11.90999984741211,11.180000305175781,11.84000015258789,9.661227226257324,74800
2009-12-07,11.859999656677246,12.319999694824219,11.729999542236328,11.960000038146973,9.759142875671387,96700
2009-12-08,11.829999923706055,12.109999656677246,11.470000267028809,11.789999961853027,9.6204252243042,57700
2009-12-09,11.84000015258789,11.880000114440918,11.15999984741211,11.489999771118164,9.375633239746094,97700
2009-12-10,11.609999656677246,11.720000267028809,11.09000015258789,11.239999771118164,9.171637535095215,64600
2009-12-11,11.369999885559082,11.619999885559082,11.140000343322754,11.3100004196167,9.22875690460205,84800
2009-12-14,11.479999542236328,11.529999732971191,11.170000076293945,11.5,9.383794784545898,44700
2009-12-15,11.5600004196167,11.90999984741211,11.210000038146973,11.300000190734863,9.220596313476562,111800
2009-12-16,11.4399995803833,11.600000381469727,10.829999923706055,11.039999961853027,9.008441925048828,106600
2009-12-17,10.880000114440918,11.0600004196167,10.420000076293945,10.699999809265137,8.731008529663086,87400
2009-12-18,10.859999656677246,10.989999771118164,10.239999771118164,10.300000190734863,8.404614448547363,172400
2009-12-21,10.4399995803833,10.779999732971191,10.130000114440918,10.40999984741211,8.49437141418457,100600
2009-12-22,10.479999542236328,10.75,10.3100004196167,10.539999961853027,8.600446701049805,106100
2009-12-23,10.619999885559082,10.979999542236328,10.600000381469727,10.850000381469727,8.853404998779297,87400
2009-12-24,10.899999618530273,11.020000457763672,10.819999694824219,10.850000381469727,8.853404998779297,21900
2009-12-28,10.880000114440918,10.899999618530273,10.609999656677246,10.8100004196167,8.820764541625977,36900
2009-12-29,10.850000381469727,10.850000381469727,10.670000076293945,10.779999732971191,8.796285629272461,18900
2009-12-30,10.65999984741211,10.890000343322754,10.380000114440918,10.600000381469727,8.649407386779785,45900
2009-12-31,10.569999694824219,10.699999809265137,10.34000015258789,10.380000114440918,8.469892501831055,55400
2010-01-04,10.670000076293945,11.050000190734863,10.5,10.970000267028809,8.951322555541992,89200
2010-01-05,10.920000076293945,10.920000076293945,10.34000015258789,10.390000343322754,8.47805404663086,118100
2010-01-06,10.329999923706055,10.380000114440918,10.0,10.220000267028809,8.339333534240723,129300
2010-01-07,10.15999984741211,10.460000038146973,10.010000228881836,10.399999618530273,8.486213684082031,90100
2010-01-08,10.289999961853027,10.520000457763672,10.229999542236328,10.319999694824219,8.42093276977539,129500
2010-01-11,10.40999984741211,10.40999984741211,9.850000381469727,9.880000114440918,8.061901092529297,148400
2010-01-12,9.760000228881836,10.0,9.420000076293945,9.520000457763672,7.768150806427002,99100
2010-01-13,9.5600004196167,9.9399995803833,9.550000190734863,9.829999923706055,8.021103858947754,102800
2010-01-14,9.8100004196167,10.029999732971191,9.800000190734863,9.90999984741211,8.086380004882812,60100
2010-01-15,9.960000038146973,9.960000038146973,9.510000228881836,9.550000190734863,7.79262638092041,118400
2010-01-19,9.609999656677246,9.949999809265137,9.5,9.779999732971191,7.980305194854736,103500
2010-01-20,9.699999809265137,9.710000038146973,9.40999984741211,9.449999809265137,7.711031436920166,90900
2010-01-21,9.460000038146973,9.550000190734863,8.75,8.84000015258789,7.213278770446777,136200
2010-01-22,8.800000190734863,9.069999694824219,8.729999542236328,8.8100004196167,7.1888017654418945,90800
2010-01-25,8.930000305175781,8.930000305175781,8.390000343322754,8.449999809265137,6.89504861831665,89800
2010-01-26,8.300000190734863,8.520000457763672,8.1899995803833,8.260000228881836,6.740011215209961,66200
2010-01-27,8.199999809265137,8.5600004196167,8.15999984741211,8.489999771118164,6.927685260772705,69400
2010-01-28,8.619999885559082,8.619999885559082,8.020000457763672,8.140000343322754,6.642092227935791,79100
2010-01-29,8.239999771118164,8.479999542236328,8.119999885559082,8.149999618530273,6.6502532958984375,88500
2010-02-01,8.229999542236328,8.34000015258789,8.140000343322754,8.210000038146973,6.699211597442627,69300
2010-02-02,8.319999694824219,8.430000305175781,8.100000381469727,8.359999656677246,6.821608543395996,95700
2010-02-03,8.300000190734863,8.449999809265137,8.119999885559082,8.229999542236328,6.715532302856445,76100
2010-02-04,8.130000114440918,8.130000114440918,7.650000095367432,7.699999809265137,6.283060550689697,108600
2010-02-05,7.75,8.010000228881836,7.420000076293945,7.929999828338623,6.470736503601074,93700
2010-02-08,8.15999984741211,8.449999809265137,8.109999656677246,8.210000038146973,6.699211597442627,209700
2010-02-09,8.489999771118164,9.050000190734863,8.1899995803833,8.930000305175781,7.28671932220459,188200
2010-02-10,8.850000381469727,8.880000114440918,8.40999984741211,8.609999656677246,7.025606155395508,90300
2010-02-11,8.600000381469727,8.979999542236328,8.390000343322754,8.9399995803833,7.294878005981445,138600
2010-02-12,8.760000228881836,9.0,8.680000305175781,9.0,7.343839645385742,89400
2010-02-16,9.050000190734863,9.420000076293945,9.050000190734863,9.399999618530273,7.670229911804199,90700
2010-02-17,9.430000305175781,9.6899995803833,9.399999618530273,9.59000015258789,7.8252668380737305,78100
2010-02-18,9.600000381469727,9.819999694824219,9.4399995803833,9.8100004196167,8.004778861999512,74900
2010-02-19,9.779999732971191,9.869999885559082,9.470000267028809,9.520000457763672,7.768150806427002,72600
2010-02-22,9.550000190734863,9.619999885559082,9.25,9.390000343322754,7.66207218170166,46100
2010-02-23,9.380000114440918,9.380000114440918,9.079999923706055,9.170000076293945,7.482555389404297,27500
2010-02-24,9.199999809265137,9.300000190734863,9.069999694824219,9.279999732971191,7.572312831878662,31500
2010-02-25,9.029999732971191,9.449999809265137,8.920000076293945,9.430000305175781,7.694709777832031,46600
2010-02-26,9.470000267028809,9.520000457763672,9.149999618530273,9.1899995803833,7.498874664306641,44800
2010-03-01,9.319999694824219,9.649999618530273,9.260000228881836,9.359999656677246,7.637591361999512,67000
2010-03-02,9.369999885559082,9.649999618530273,9.319999694824219,9.520000457763672,7.768150806427002,122100
2010-03-03,9.569999694824219,9.609999656677246,9.399999618530273,9.449999809265137,7.711031436920166,51600
2010-03-04,9.479999542236328,9.5600004196167,9.229999542236328,9.420000076293945,7.686550140380859,41700
2010-03-05,9.5,9.90999984741211,9.420000076293945,9.880000114440918,8.061901092529297,62300
2010-03-08,9.850000381469727,9.960000038146973,9.649999618530273,9.859999656677246,8.04557991027832,59800
2010-03-09,9.8100004196167,10.5,9.8100004196167,10.1899995803833,8.314855575561523,121100
2010-03-10,10.289999961853027,10.359999656677246,9.84000015258789,9.970000267028809,8.13533878326416,73900
2010-03-11,9.850000381469727,10.529999732971191,9.760000228881836,10.479999542236328,8.55148983001709,134700
2010-03-12,10.510000228881836,10.600000381469727,10.260000228881836,10.359999656677246,8.453573226928711,48400
2010-03-15,10.859999656677246,11.039999961853027,10.710000038146973,10.920000076293945,8.910520553588867,144300
2010-03-16,10.930000305175781,11.069999694824219,10.460000038146973,10.729999542236328,8.755485534667969,99000
2010-03-17,10.8100004196167,10.930000305175781,10.670000076293945,10.680000305175781,8.71468734741211,80500
2010-03-18,10.760000228881836,10.960000038146973,10.670000076293945,10.699999809265137,8.731008529663086,81100
2010-03-19,10.640000343322754,10.789999961853027,10.369999885559082,10.640000343322754,8.682046890258789,127000
2010-03-22,10.489999771118164,10.920000076293945,10.4399995803833,10.800000190734863,8.812605857849121,74800
2010-03-23,10.779999732971191,11.0,10.699999809265137,10.899999618530273,8.894203186035156,104200
2010-03-24,10.779999732971191,10.949999809265137,10.680000305175781,10.699999809265137,8.731008529663086,66300
2010-03-25,10.819999694824219,10.979999542236328,10.510000228881836,10.520000457763672,8.584129333496094,70400
2010-03-26,10.5600004196167,10.90999984741211,10.5600004196167,10.8100004196167,8.820764541625977,97900
2010-03-29,10.84000015258789,10.9399995803833,10.59000015258789,10.8100004196167,8.820764541625977,91900
2010-03-30,10.850000381469727,10.989999771118164,10.640000343322754,10.829999923706055,8.837087631225586,58200
2010-03-31,10.779999732971191,11.199999809265137,10.760000228881836,11.010000228881836,8.98396110534668,110900
2010-04-01,11.279999732971191,11.300000190734863,10.890000343322754,11.119999885559082,9.073718070983887,98900
2010-04-05,11.109999656677246,12.050000190734863,11.079999923706055,11.989999771118164,9.783623695373535,236800
2010-04-06,11.829999923706055,12.470000267028809,11.5,12.069999694824219,9.848901748657227,300100
2010-04-07,11.880000114440918,12.520000457763672,11.880000114440918,12.5,10.199776649475098,310800
2010-04-08,12.449999809265137,13.6899995803833,12.199999809265137,13.600000381469727,11.0973539352417,339500
2010-04-09,13.619999885559082,13.680000305175781,12.9399995803833,13.380000114440918,10.917839050292969,217600
2010-04-12,13.369999885559082,15.180000305175781,13.300000190734863,14.930000305175781,12.182610511779785,475400
2010-04-13,14.779999732971191,15.470000267028809,14.779999732971191,15.069999694824219,12.29684829711914,326300
2010-04-14,15.140000343322754,16.290000915527344,15.0,16.049999237060547,13.096510887145996,363200
2010-04-15,16.030000686645508,17.06999969482422,15.800000190734863,16.809999465942383,13.716655731201172,460600
2010-04-16,16.68000030517578,17.219999313354492,16.389999389648438,16.59000015258789,13.537142753601074,268400
2010-04-19,16.399999618530273,16.600000381469727,15.850000381469727,16.139999389648438,13.16994857788086,213000
2010-04-20,16.239999771118164,16.770000457763672,15.9399995803833,16.34000015258789,13.333144187927246,223900
2010-04-21,16.34000015258789,16.719999313354492,16.229999542236328,16.59000015258789,13.537142753601074,137100
2010-04-22,16.309999465942383,17.479999542236328,16.09000015258789,17.450000762939453,14.238885879516602,244600
2010-04-23,17.389999389648438,18.0,17.290000915527344,17.3700008392334,14.17360782623291,201900
2010-04-26,17.329999923706055,17.479999542236328,17.079999923706055,17.1299991607666,13.977766990661621,111500
2010-04-27,17.020000457763672,17.31999969482422,16.34000015258789,16.510000228881836,13.471861839294434,122000
2010-04-28,16.670000076293945,16.8700008392334,16.25,16.739999771118164,13.659538269042969,98000
2010-04-29,16.950000762939453,17.3799991607666,16.700000762939453,17.049999237060547,13.912487983703613,126100
2010-04-30,17.0,17.010000228881836,16.1200008392334,16.280000686645508,13.284184455871582,166000
2010-05-03,15.460000038146973,15.899999618530273,15.25,15.65999984741211,12.778278350830078,264000
2010-05-04,15.319999694824219,15.319999694824219,14.609999656677246,15.079999923706055,12.305008888244629,210900
2010-05-05,14.899999618530273,14.949999809265137,13.819999694824219,14.1899995803833,11.578784942626953,432400
2010-05-06,13.979999542236328,14.390000343322754,13.079999923706055,13.630000114440918,11.121834754943848,845800
2010-05-07,12.899999618530273,13.399999618530273,12.479999542236328,12.550000190734863,10.240571975708008,3089700
2010-05-10,13.270000457763672,14.0,12.899999618530273,13.489999771118164,11.007596015930176,758200
2010-05-11,13.329999923706055,14.5,13.039999961853027,14.270000457763672,11.644062995910645,526600
2010-05-12,14.229999542236328,15.569999694824219,14.130000114440918,15.479999542236328,12.63139820098877,385400
2010-05-13,15.34000015258789,15.640000343322754,14.979999542236328,15.350000381469727,12.525322914123535,285100
2010-05-14,15.100000381469727,15.109999656677246,14.420000076293945,14.789999961853027,12.06837272644043,131700
2010-05-17,15.069999694824219,15.25,14.180000305175781,14.819999694824219,12.092851638793945,328300
2010-05-18,15.140000343322754,15.399999618530273,14.210000038146973,14.4399995803833,11.782780647277832,219200
2010-05-19,14.3100004196167,14.59000015258789,13.739999771118164,14.180000305175781,11.570625305175781,216300
2010-05-20,13.550000190734863,13.6899995803833,12.789999961853027,12.920000076293945,10.542489051818848,455100
2010-05-21,12.579999923706055,13.600000381469727,12.510000228881836,13.15999984741211,10.738324165344238,250600
2010-05-24,13.100000381469727,13.420000076293945,12.880000114440918,13.020000457763672,10.624086380004883,134400
2010-05-25,12.529999732971191,12.989999771118164,12.3100004196167,12.949999809265137,10.56696605682373,265600
2010-05-26,13.079999923706055,14.229999542236328,13.079999923706055,13.529999732971191,11.040236473083496,283900
2010-05-27,14.029999732971191,14.920000076293945,13.859999656677246,14.850000381469727,12.11733627319336,311800
2010-05-28,14.850000381469727,15.100000381469727,14.050000190734863,14.3100004196167,11.676701545715332,749100
2010-06-01,14.050000190734863,14.140000343322754,13.029999732971191,13.0600004196167,10.65672492980957,243000
2010-06-02,13.170000076293945,13.710000038146973,12.789999961853027,13.649999618530273,11.138154029846191,179100
2010-06-03,13.569999694824219,14.0,13.40999984741211,13.930000305175781,11.36662769317627,102900
2010-06-04,13.3100004196167,13.510000228881836,12.449999809265137,12.510000228881836,10.207935333251953,285100
2010-06-07,12.600000381469727,12.859999656677246,12.100000381469727,12.119999885559082,9.88969898223877,313400
2010-06-08,12.170000076293945,12.289999961853027,11.170000076293945,11.539999961853027,9.41643238067627,279300
2010-06-09,11.729999542236328,12.069999694824219,11.399999618530273,11.529999732971191,9.408272743225098,164500
2010-06-10,11.9399995803833,12.420000076293945,11.699999809265137,12.399999618530273,10.118178367614746,140500
2010-06-11,12.130000114440918,12.789999961853027,12.100000381469727,12.770000457763672,10.42009162902832,131400
2010-06-14,13.039999961853027,13.479999542236328,12.569999694824219,12.680000305175781,10.346652030944824,166400
2010-06-15,12.869999885559082,13.6899995803833,12.760000228881836,13.59000015258789,11.089195251464844,130900
2010-06-16,13.369999885559082,13.789999961853027,13.180000305175781,13.359999656677246,10.901519775390625,95500
2010-06-17,13.399999618530273,13.890000343322754,13.239999771118164,13.470000267028809,10.991278648376465,122100
2010-06-18,13.569999694824219,13.819999694824219,13.220000267028809,13.539999961853027,11.048397064208984,165200
2010-06-21,13.880000114440918,13.880000114440918,13.180000305175781,13.329999923706055,10.877039909362793,87600
2010-06-22,13.359999656677246,13.59000015258789,12.729999542236328,12.779999732971191,10.428250312805176,116600
2010-06-23,12.640000343322754,12.75,12.350000381469727,12.5600004196167,10.248733520507812,99600
2010-06-24,12.420000076293945,13.020000457763672,12.09000015258789,12.520000457763672,10.216094017028809,184200
2010-06-25,12.619999885559082,12.890000343322754,12.130000114440918,12.649999618530273,10.322171211242676,404200
2010-06-28,12.699999809265137,12.789999961853027,12.229999542236328,12.470000267028809,10.175294876098633,96000
2010-06-29,12.210000038146973,12.229999542236328,11.350000381469727,11.489999771118164,9.375633239746094,147100
2010-06-30,11.4399995803833,11.829999923706055,11.0,11.199999809265137,9.138998031616211,194700
2010-07-01,11.1899995803833,11.359999656677246,10.40999984741211,10.75,8.771807670593262,237900
2010-07-02,10.9399995803833,10.9399995803833,10.119999885559082,10.289999961853027,8.396452903747559,160900
2010-07-06,10.59000015258789,10.8100004196167,9.899999618530273,10.039999961853027,8.192459106445312,223800
2010-07-07,10.09000015258789,10.8100004196167,9.859999656677246,10.789999961853027,8.80444622039795,263600
2010-07-08,11.600000381469727,12.739999771118164,11.149999618530273,11.90999984741211,9.718344688415527,496000
2010-07-09,12.199999809265137,13.84000015258789,11.90999984741211,13.579999923706055,11.081036567687988,464300
2010-07-12,13.640000343322754,14.3100004196167,13.579999923706055,14.0,11.423749923706055,452900
2010-07-13,14.460000038146973,15.260000228881836,14.279999732971191,15.0,12.239729881286621,737600
2010-07-14,15.0,15.449999809265137,14.75,14.979999542236328,12.223407745361328,610900
2010-07-15,14.970000267028809,15.229999542236328,14.279999732971191,14.649999618530273,11.954134941101074,387300
2010-07-16,14.460000038146973,14.460000038146973,13.279999732971191,13.390000343322754,10.92599868774414,291500
2010-07-19,13.399999618530273,14.199999809265137,13.100000381469727,13.369999885559082,10.909680366516113,246700
2010-07-20,13.020000457763672,13.529999732971191,12.649999618530273,13.510000228881836,11.023921012878418,273400
2010-07-21,13.630000114440918,13.770000457763672,12.6899995803833,12.75,10.40377140045166,212000
2010-07-22,13.170000076293945,13.880000114440918,13.020000457763672,13.600000381469727,11.0973539352417,275000
2010-07-23,13.640000343322754,13.8100004196167,13.260000228881836,13.479999542236328,10.99943733215332,318200
2010-07-26,13.369999885559082,14.010000228881836,13.109999656677246,13.949999809265137,11.38294792175293,215000
2010-07-27,14.239999771118164,14.449999809265137,13.6899995803833,13.6899995803833,11.170792579650879,146200
2010-07-28,13.6899995803833,13.989999771118164,13.529999732971191,13.59000015258789,11.089195251464844,155100
2010-07-29,13.770000457763672,13.970000267028809,13.260000228881836,13.5,11.01575756072998,144100
2010-07-30,13.210000038146973,13.59000015258789,12.9399995803833,13.0600004196167,10.65672492980957,267600
2010-08-02,13.489999771118164,13.949999809265137,13.460000038146973,13.699999809265137,11.178955078125,114200
2010-08-03,13.479999542236328,13.670000076293945,13.020000457763672,13.25,10.811759948730469,157400
2010-08-04,13.34000015258789,13.680000305175781,13.180000305175781,13.380000114440918,10.917839050292969,80600
2010-08-05,13.149999618530273,13.380000114440918,12.850000381469727,12.859999656677246,10.493526458740234,154100
2010-08-06,12.6899995803833,13.430000305175781,12.579999923706055,12.850000381469727,10.485370635986328,306200
2010-08-09,13.029999732971191,13.069999694824219,12.699999809265137,12.819999694824219,10.460888862609863,153000
2010-08-10,12.5,12.930000305175781,12.25,12.609999656677246,10.289533615112305,240400
2010-08-11,12.329999923706055,12.329999923706055,11.399999618530273,11.460000038146973,9.351156234741211,246600
2010-08-12,11.319999694824219,11.460000038146973,11.050000190734863,11.079999923706055,9.0410795211792,161400
2010-08-13,11.029999732971191,11.100000381469727,10.149999618530273,10.220000267028809,8.339333534240723,314700
2010-08-16,10.09000015258789,10.729999542236328,10.029999732971191,10.40999984741211,8.49437141418457,232900
2010-08-17,10.430000305175781,11.0,10.300000190734863,10.640000343322754,8.682046890258789,279200
2010-08-18,10.649999618530273,11.789999961853027,10.399999618530273,11.479999542236328,9.367471694946289,244200
2010-08-19,11.430000305175781,11.460000038146973,10.600000381469727,10.640000343322754,8.682046890258789,244600
2010-08-20,10.529999732971191,10.869999885559082,10.199999809265137,10.779999732971191,8.796285629272461,212500
2010-08-23,10.890000343322754,11.09000015258789,10.09000015258789,10.119999885559082,8.257735252380371,216300
2010-08-24,10.09000015258789,10.09000015258789,9.460000038146973,9.510000228881836,7.759988307952881,335700
2010-08-25,9.300000190734863,10.300000190734863,9.100000381469727,9.850000381469727,8.037424087524414,512700
2010-08-26,10.40999984741211,10.930000305175781,10.329999923706055,10.5,8.567811012268066,276800
2010-08-27,11.029999732971191,11.819999694824219,10.979999542236328,11.649999618530273,9.506189346313477,455100
2010-08-30,11.670000076293945,11.670000076293945,10.979999542236328,11.0,8.975799560546875,255800
2010-08-31,10.989999771118164,12.289999961853027,10.9399995803833,11.670000076293945,9.522509574890137,456000
2010-09-01,12.0,12.210000038146973,11.720000267028809,12.199999809265137,9.954980850219727,417300
2010-09-02,12.140000343322754,12.59000015258789,11.949999809265137,12.470000267028809,10.175294876098633,221500
2010-09-03,12.59000015258789,12.989999771118164,12.550000190734863,12.890000343322754,10.518009185791016,184300
2010-09-07,12.739999771118164,12.869999885559082,12.0,12.09000015258789,9.865222930908203,231900
2010-09-08,12.109999656677246,12.329999923706055,11.930000305175781,12.069999694824219,9.848901748657227,179300
2010-09-09,12.40999984741211,12.5,12.010000228881836,12.1899995803833,9.946821212768555,166600
2010-09-10,12.239999771118164,12.890000343322754,12.239999771118164,12.8100004196167,10.45273208618164,196300
2010-09-13,12.90999984741211,13.609999656677246,12.90999984741211,13.3100004196167,10.860721588134766,472300
2010-09-14,13.1899995803833,13.649999618530273,13.029999732971191,13.239999771118164,10.80360221862793,275700
2010-09-15,13.15999984741211,13.300000190734863,12.84000015258789,12.920000076293945,10.542489051818848,166700
2010-09-16,12.850000381469727,13.029999732971191,12.479999542236328,12.779999732971191,10.428250312805176,96300
2010-09-17,12.979999542236328,13.25,12.470000267028809,12.670000076293945,10.338489532470703,330900
2010-09-20,12.75,13.100000381469727,12.529999732971191,13.020000457763672,10.624086380004883,317800
2010-09-21,12.989999771118164,13.210000038146973,12.710000038146973,12.970000267028809,10.583285331726074,375000
2010-09-22,12.930000305175781,13.180000305175781,12.420000076293945,13.130000114440918,10.71384334564209,345400
2010-09-23,12.890000343322754,13.289999961853027,12.75,12.789999961853027,10.436408042907715,405200
2010-09-24,13.109999656677246,13.470000267028809,13.029999732971191,13.260000228881836,10.81992244720459,336900
2010-09-27,13.239999771118164,15.479999542236328,12.989999771118164,15.229999542236328,12.427404403686523,1033000
2010-09-28,15.720000267028809,16.239999771118164,15.199999809265137,15.699999809265137,12.810916900634766,977800
2010-09-29,15.539999961853027,15.859999656677246,15.229999542236328,15.449999809265137,12.606921195983887,640500
2010-09-30,15.699999809265137,15.800000190734863,15.300000190734863,15.59000015258789,12.721159934997559,263100
2010-10-01,16.040000915527344,16.239999771118164,15.850000381469727,16.030000686645508,13.080192565917969,318400
2010-10-04,15.970000267028809,16.06999969482422,15.0600004196167,15.260000228881836,12.451886177062988,278300
2010-10-05,15.510000228881836,16.239999771118164,15.25,16.0,13.055712699890137,198600
2010-10-06,15.890000343322754,16.030000686645508,15.59000015258789,15.75,12.851713180541992,160600
2010-10-07,15.779999732971191,15.920000076293945,15.329999923706055,15.779999732971191,12.876194953918457,259400
2010-10-08,15.829999923706055,16.25,15.5600004196167,15.819999694824219,12.908834457397461,311300
2010-10-11,15.84000015258789,16.950000762939453,15.770000457763672,16.219999313354492,13.235227584838867,616200
2010-10-12,16.219999313354492,16.770000457763672,15.390000343322754,16.559999465942383,13.51266098022461,327700
2010-10-13,16.780000686645508,18.489999771118164,16.780000686645508,18.290000915527344,14.924312591552734,870400
2010-10-14,18.40999984741211,18.950000762939453,17.850000381469727,18.899999618530273,15.422062873840332,389100
2010-10-15,19.059999465942383,19.190000534057617,17.809999465942383,17.93000030517578,14.630555152893066,440900
2010-10-18,18.020000457763672,18.829999923706055,17.889999389648438,18.489999771118164,15.087506294250488,197900
2010-10-19,18.049999237060547,18.700000762939453,17.600000381469727,18.34000015258789,14.965110778808594,355300
2010-10-20,18.110000610351562,18.790000915527344,17.75,18.440000534057617,15.046707153320312,295900
2010-10-21,18.6299991607666,18.700000762939453,17.520000457763672,18.15999984741211,14.818230628967285,326000
2010-10-22,18.219999313354492,19.219999313354492,18.170000076293945,18.989999771118164,15.49549674987793,273000
2010-10-25,19.170000076293945,19.700000762939453,18.6200008392334,18.90999984741211,15.430220603942871,234900
2010-10-26,18.739999771118164,19.209999084472656,18.5,19.0,15.503657341003418,180900
2010-10-27,18.729999542236328,19.030000686645508,18.239999771118164,18.860000610351562,15.389419555664062,219700
2010-10-28,19.059999465942383,19.25,18.399999618530273,18.65999984741211,15.226223945617676,309000
2010-10-29,18.540000915527344,18.799999237060547,18.170000076293945,18.200000762939453,14.850872039794922,270300
2010-11-01,18.260000228881836,18.75,17.93000030517578,18.079999923706055,14.752952575683594,236600
2010-11-02,18.59000015258789,19.049999237060547,18.110000610351562,18.959999084472656,15.471017837524414,228300
2010-11-03,18.860000610351562,19.1299991607666,18.600000381469727,19.049999237060547,15.544455528259277,195700
2010-11-04,19.479999542236328,19.850000381469727,19.0,19.209999084472656,15.67501163482666,239900
2010-11-05,19.079999923706055,19.610000610351562,19.079999923706055,19.559999465942383,15.960610389709473,276400
2010-11-08,19.450000762939453,19.989999771118164,19.229999542236328,19.6299991607666,16.017724990844727,429500
2010-11-09,19.739999771118164,20.18000030517578,19.59000015258789,19.780000686645508,16.1401309967041,447500
2010-11-10,18.770000457763672,19.5,16.489999771118164,19.40999984741211,15.838210105895996,913000
2010-11-11,19.139999389648438,19.75,18.979999542236328,19.239999771118164,15.699487686157227,347800
2010-11-12,18.940000534057617,19.239999771118164,18.100000381469727,18.190000534057617,14.842713356018066,323200
2010-11-15,18.420000076293945,18.690000534057617,17.950000762939453,18.020000457763672,14.703996658325195,166000
2010-11-16,17.549999237060547,18.0,17.170000076293945,17.809999465942383,14.532639503479004,429000
2010-11-17,17.829999923706055,17.860000610351562,17.459999084472656,17.59000015258789,14.353123664855957,157400
2010-11-18,17.950000762939453,18.549999237060547,17.950000762939453,18.31999969482422,14.9487886428833,213200
2010-11-19,18.360000610351562,18.790000915527344,18.040000915527344,18.260000228881836,14.899833679199219,194000
2010-11-22,18.1299991607666,18.709999084472656,18.110000610351562,18.65999984741211,15.226223945617676,242700
2010-11-23,18.229999542236328,18.440000534057617,18.010000228881836,18.09000015258789,14.761117935180664,222900
2010-11-24,18.309999465942383,18.979999542236328,18.25,18.950000762939453,15.46285629272461,156500
2010-11-26,18.709999084472656,19.0,18.56999969482422,18.65999984741211,15.226223945617676,44200
2010-11-29,18.540000915527344,18.829999923706055,18.350000381469727,18.40999984741211,15.022228240966797,177100
2010-11-30,18.25,18.850000381469727,18.25,18.760000228881836,15.307825088500977,216600
2010-12-01,19.219999313354492,19.479999542236328,18.959999084472656,19.40999984741211,15.838210105895996,208600
2010-12-02,19.40999984741211,19.940000534057617,19.31999969482422,19.81999969482422,16.172760009765625,142200
2010-12-03,19.6299991607666,20.25,19.31999969482422,20.15999984741211,16.4501953125,171300
2010-12-06,20.049999237060547,20.649999618530273,19.75,20.309999465942383,16.572595596313477,181300
2010-12-07,20.729999542236328,21.0,20.309999465942383,20.3700008392334,16.62155532836914,163000
2010-12-08,20.420000076293945,20.989999771118164,20.31999969482422,20.81999969482422,16.98874282836914,199000
2010-12-09,21.020000457763672,21.420000076293945,20.6299991607666,21.260000228881836,17.347780227661133,175400
2010-12-10,21.25,22.940000534057617,20.989999771118164,22.899999618530273,18.685985565185547,330500
2010-12-13,23.049999237060547,23.049999237060547,22.40999984741211,22.729999542236328,18.547271728515625,223700
2010-12-14,20.8799991607666,21.34000015258789,20.1299991607666,20.899999618530273,17.05402183532715,1321000
2010-12-15,20.81999969482422,21.6299991607666,20.760000228881836,21.510000228881836,17.55177116394043,508200
2010-12-16,21.530000686645508,21.639999389648438,21.31999969482422,21.600000381469727,17.625211715698242,399400
2010-12-17,21.520000457763672,21.850000381469727,21.219999313354492,21.670000076293945,17.68233299255371,324500
2010-12-20,21.81999969482422,21.90999984741211,21.440000534057617,21.649999618530273,17.666011810302734,160400
2010-12-21,21.760000228881836,22.040000915527344,21.729999542236328,21.969999313354492,17.927125930786133,274700
2010-12-22,21.989999771118164,21.989999771118164,21.600000381469727,21.739999771118164,17.73944854736328,177500
2010-12-23,21.75,21.940000534057617,21.25,21.420000076293945,17.478334426879883,135100
2010-12-27,21.350000381469727,21.510000228881836,21.209999084472656,21.469999313354492,17.519132614135742,120400
2010-12-28,21.530000686645508,21.799999237060547,21.25,21.75,17.747604370117188,197900
2010-12-29,21.84000015258789,21.969999313354492,21.729999542236328,21.770000457763672,17.763931274414062,152300
2010-12-30,21.799999237060547,21.889999389648438,21.559999465942383,21.65999984741211,17.674175262451172,156800
2010-12-31,21.639999389648438,21.739999771118164,20.84000015258789,20.989999771118164,17.127466201782227,223600
2011-01-03,21.149999618530273,21.790000915527344,20.399999618530273,20.469999313354492,16.70315170288086,532600
2011-01-04,20.59000015258789,20.829999923706055,19.860000610351562,20.09000015258789,16.393077850341797,438100
2011-01-05,20.059999465942383,21.200000762939453,20.040000915527344,20.8799991607666,17.037704467773438,267500
2011-01-06,20.950000762939453,20.989999771118164,20.079999923706055,20.170000076293945,16.458356857299805,225500
2011-01-07,20.309999465942383,21.639999389648438,20.299999237060547,21.139999389648438,17.24985694885254,609900
2011-01-10,21.079999923706055,21.209999084472656,20.3799991607666,20.450000762939453,16.686832427978516,325900
2011-01-11,20.579999923706055,20.700000762939453,20.139999389648438,20.34000015258789,16.59707260131836,210700
2011-01-12,20.559999465942383,20.850000381469727,20.020000457763672,20.18000030517578,16.466522216796875,241100
2011-01-13,20.219999313354492,20.399999618530273,20.0,20.399999618530273,16.646032333374023,243200
2011-01-14,20.40999984741211,20.6200008392334,20.1200008392334,20.399999618530273,16.646032333374023,239400
2011-01-18,20.280000686645508,20.8700008392334,20.280000686645508,20.81999969482422,16.98874282836914,329600
2011-01-19,20.8700008392334,20.989999771118164,20.469999313354492,20.959999084472656,17.10297966003418,482000
2011-01-20,20.899999618530273,21.360000610351562,20.700000762939453,21.15999984741211,17.266178131103516,404300
2011-01-21,21.299999237060547,21.760000228881836,21.020000457763672,21.489999771118164,17.535451889038086,397800
2011-01-24,21.489999771118164,22.81999969482422,21.440000534057617,22.360000610351562,18.245357513427734,455700
2011-01-25,22.229999542236328,22.959999084472656,22.1299991607666,22.920000076293945,18.702312469482422,459700
2011-01-26,23.0,24.350000381469727,22.969999313354492,24.049999237060547,19.62436294555664,841700
2011-01-27,24.059999465942383,24.690000534057617,24.010000228881836,24.43000030517578,19.9344425201416,355500
2011-01-28,24.399999618530273,24.959999084472656,23.299999237060547,23.43000030517578,19.118457794189453,399600
2011-01-31,23.540000915527344,24.25,23.389999389648438,23.670000076293945,19.314294815063477,376700
2011-02-01,23.959999084472656,25.350000381469727,23.68000030517578,25.18000030517578,20.546428680419922,333800
2011-02-02,25.06999969482422,25.440000534057617,24.399999618530273,24.610000610351562,20.081321716308594,208200
2011-02-03,24.549999237060547,24.600000381469727,23.809999465942383,24.18000030517578,19.730445861816406,233200
2011-02-04,24.270000457763672,24.440000534057617,23.420000076293945,23.90999984741211,19.510128021240234,196200
2011-02-07,24.010000228881836,25.190000534057617,23.780000686645508,24.860000610351562,20.285310745239258,246300
2011-02-08,24.899999618530273,25.260000228881836,24.399999618530273,25.260000228881836,20.611703872680664,279800
2011-02-09,25.1299991607666,25.229999542236328,24.510000228881836,24.920000076293945,20.334272384643555,255200
2011-02-10,24.6200008392334,25.049999237060547,24.469999313354492,24.829999923706055,20.260835647583008,186100
2011-02-11,24.729999542236328,25.06999969482422,24.610000610351562,25.040000915527344,20.432188034057617,206900
2011-02-14,25.049999237060547,25.239999771118164,24.950000762939453,25.1299991607666,20.505626678466797,163700
2011-02-15,25.049999237060547,25.190000534057617,24.829999923706055,25.020000457763672,20.415870666503906,219800
2011-02-16,25.229999542236328,25.989999771118164,25.229999542236328,25.899999618530273,21.13393211364746,175500
2011-02-17,25.739999771118164,26.459999084472656,25.469999313354492,26.350000381469727,21.50111961364746,228900
2011-02-18,26.479999542236328,26.479999542236328,25.700000762939453,26.049999237060547,21.256330490112305,234000
2011-02-22,25.56999969482422,26.040000915527344,24.739999771118164,25.0,20.399553298950195,340000
2011-02-23,24.969999313354492,25.239999771118164,23.1299991607666,23.739999771118164,19.371410369873047,331100
2011-02-24,23.709999084472656,24.329999923706055,23.31999969482422,23.799999237060547,19.420372009277344,327600
2011-02-25,24.0,24.700000762939453,24.0,24.68000030517578,20.138437271118164,146200
2011-02-28,24.959999084472656,25.18000030517578,24.18000030517578,24.979999542236328,20.383228302001953,241600
2011-03-01,25.059999465942383,25.420000076293945,23.899999618530273,24.0,19.58356475830078,223900
2011-03-02,23.969999313354492,24.829999923706055,23.850000381469727,24.290000915527344,19.82020378112793,220900
2011-03-03,24.700000762939453,25.3799991607666,24.6299991607666,25.200000762939453,20.562746047973633,162500
2011-03-04,25.299999237060547,25.40999984741211,24.489999771118164,24.780000686645508,20.220035552978516,229800
2011-03-07,24.969999313354492,25.239999771118164,23.639999389648438,24.190000534057617,19.738605499267578,255300
2011-03-08,24.200000762939453,25.850000381469727,24.18000030517578,25.18000030517578,20.546428680419922,241100
2011-03-09,25.18000030517578,26.299999237060547,25.040000915527344,25.81999969482422,21.068655014038086,362700
2011-03-10,25.299999237060547,25.329999923706055,24.65999984741211,25.040000915527344,20.432188034057617,261900
2011-03-11,24.75,25.31999969482422,24.510000228881836,24.989999771118164,20.391387939453125,313400
2011-03-14,24.68000030517578,25.170000076293945,24.280000686645508,24.8799991607666,20.301631927490234,157000
2011-03-15,24.479999542236328,26.290000915527344,23.799999237060547,26.149999618530273,21.33793067932129,396200
2011-03-16,26.149999618530273,28.010000228881836,26.100000381469727,27.510000228881836,22.447664260864258,916900
2011-03-17,28.200000762939453,28.600000381469727,27.06999969482422,27.530000686645508,22.46398162841797,516300
2011-03-18,27.899999618530273,28.25,27.709999084472656,28.219999313354492,23.027009963989258,480100
2011-03-21,28.59000015258789,30.3799991607666,28.59000015258789,30.0,24.479459762573242,551200
2011-03-22,30.06999969482422,30.1200008392334,29.079999923706055,29.1200008392334,23.761394500732422,455900
2011-03-23,29.110000610351562,29.299999237060547,27.889999389648438,28.479999542236328,23.23917007446289,390700
2011-03-24,28.770000457763672,28.8700008392334,27.549999237060547,28.510000228881836,23.263648986816406,350200
2011-03-25,28.760000228881836,29.3799991607666,28.280000686645508,28.459999084472656,23.22284507751465,377500
2011-03-28,28.56999969482422,30.15999984741211,28.389999389648438,29.670000076293945,24.210187911987305,538700
2011-03-29,29.1299991607666,29.190000534057617,27.790000915527344,28.200000762939453,23.01068878173828,618000
2011-03-30,27.200000762939453,27.959999084472656,26.489999771118164,27.670000076293945,22.578218460083008,3421800
2011-03-31,27.8700008392334,29.3799991607666,27.709999084472656,28.3799991607666,23.157569885253906,2405200
2011-04-01,28.600000381469727,29.239999771118164,28.260000228881836,28.719999313354492,23.434999465942383,511500
2011-04-04,28.959999084472656,29.200000762939453,28.309999465942383,28.809999465942383,23.50844383239746,784500
2011-04-05,28.799999237060547,29.399999618530273,28.5,28.790000915527344,23.492124557495117,455200
2011-04-06,28.969999313354492,29.299999237060547,27.799999237060547,28.3799991607666,23.157569885253906,836000
2011-04-07,28.5,28.530000686645508,27.030000686645508,27.559999465942383,22.488466262817383,1841700
2011-04-08,27.920000076293945,27.920000076293945,25.81999969482422,26.219999313354492,21.395050048828125,1421700
2011-04-11,26.219999313354492,26.600000381469727,24.940000534057617,25.15999984741211,20.53010368347168,824000
2011-04-12,24.920000076293945,25.149999618530273,24.329999923706055,24.40999984741211,19.918121337890625,445900
2011-04-13,24.59000015258789,24.899999618530273,24.100000381469727,24.5,19.991558074951172,623700
2011-04-14,24.229999542236328,24.979999542236328,24.110000610351562,24.670000076293945,20.130277633666992,517500
2011-04-15,24.81999969482422,24.969999313354492,24.420000076293945,24.84000015258789,20.268993377685547,607100
2011-04-18,24.350000381469727,25.190000534057617,24.190000534057617,24.959999084472656,20.366907119750977,617400
2011-04-19,25.200000762939453,26.15999984741211,25.1299991607666,25.920000076293945,21.15025520324707,662000
2011-04-20,26.469999313354492,26.760000228881836,25.440000534057617,25.68000030517578,20.954421997070312,822100
2011-04-21,25.93000030517578,26.420000076293945,25.360000610351562,26.309999465942383,21.46848487854004,247000
2011-04-25,26.309999465942383,26.489999771118164,26.010000228881836,26.110000610351562,21.3052921295166,206100
2011-04-26,26.299999237060547,27.0,26.200000762939453,26.559999465942383,21.672475814819336,511900
2011-04-27,26.649999618530273,27.5,26.399999618530273,27.219999313354492,22.211030960083008,431900
2011-04-28,27.030000686645508,27.309999465942383,26.559999465942383,26.920000076293945,21.966236114501953,552900
2011-04-29,27.010000228881836,27.43000030517578,26.81999969482422,27.06999969482422,22.08863067626953,275000
2011-05-02,27.170000076293945,27.219999313354492,25.280000686645508,25.479999542236328,20.79121971130371,451100
2011-05-03,25.399999618530273,25.65999984741211,24.479999542236328,24.84000015258789,20.268993377685547,610000
2011-05-04,24.780000686645508,25.290000915527344,24.309999465942383,24.34000015258789,19.860998153686523,613100
2011-05-05,24.229999542236328,25.6200008392334,24.149999618530273,25.020000457763672,20.415870666503906,418100
2011-05-06,25.40999984741211,25.8700008392334,25.1299991607666,25.229999542236328,20.58722686767578,362800
2011-05-09,25.229999542236328,25.549999237060547,24.899999618530273,25.25,20.603548049926758,165000
2011-05-10,26.190000534057617,27.65999984741211,26.190000534057617,27.610000610351562,22.529264450073242,874900
2011-05-11,27.610000610351562,27.739999771118164,26.84000015258789,27.18000030517578,22.178390502929688,676100
2011-05-12,26.969999313354492,27.1299991607666,26.270000457763672,26.549999237060547,21.664323806762695,360000
2011-05-13,26.530000686645508,26.639999389648438,25.43000030517578,25.579999923706055,20.87281608581543,276900
2011-05-16,25.3799991607666,25.84000015258789,25.059999465942383,25.059999465942383,20.448505401611328,304400
2011-05-17,24.93000030517578,24.93000030517578,23.440000534057617,23.670000076293945,19.314294815063477,758100
2011-05-18,23.600000381469727,24.809999465942383,23.600000381469727,24.610000610351562,20.081321716308594,271500
2011-05-19,24.899999618530273,25.149999618530273,24.40999984741211,24.610000610351562,20.081321716308594,315500
2011-05-20,24.479999542236328,24.549999237060547,23.799999237060547,24.030000686645508,19.60804557800293,304900
2011-05-23,23.469999313354492,23.969999313354492,23.149999618530273,23.59000015258789,19.24901580810547,343600
2011-05-24,23.760000228881836,24.3700008392334,23.579999923706055,23.75,19.37957000732422,471600
2011-05-25,23.709999084472656,24.170000076293945,23.579999923706055,23.950000762939453,19.542768478393555,439700
2011-05-26,23.860000610351562,24.6299991607666,23.639999389648438,24.489999771118164,19.983400344848633,452700
2011-05-27,24.59000015258789,25.0,24.579999923706055,24.979999542236328,20.383228302001953,217100
2011-05-31,25.350000381469727,26.260000228881836,25.1200008392334,26.059999465942383,21.264488220214844,393900
2011-06-01,25.920000076293945,26.15999984741211,24.549999237060547,24.65999984741211,20.122114181518555,482600
2011-06-02,24.6200008392334,25.110000610351562,24.190000534057617,24.3799991607666,19.89364242553711,438800
2011-06-03,23.75,24.1299991607666,23.31999969482422,23.6299991607666,19.28165626525879,290000
2011-06-06,23.510000228881836,23.670000076293945,22.059999465942383,22.190000534057617,18.106643676757812,509500
2011-06-07,22.450000762939453,22.809999465942383,21.75,21.799999237060547,17.788406372070312,755700
2011-06-08,21.1200008392334,21.780000686645508,21.0,21.3799991607666,17.445693969726562,558500
2011-06-09,21.459999084472656,22.309999465942383,21.170000076293945,22.100000381469727,18.033199310302734,503500
2011-06-10,21.90999984741211,22.030000686645508,20.940000534057617,21.15999984741211,17.266178131103516,534900
2011-06-13,21.18000030517578,21.309999465942383,20.299999237060547,20.600000381469727,16.809228897094727,455100
2011-06-14,20.950000762939453,21.5,20.81999969482422,21.309999465942383,17.38857650756836,465800
2011-06-15,20.90999984741211,21.229999542236328,20.09000015258789,20.170000076293945,16.458356857299805,511000
2011-06-16,20.200000762939453,20.510000228881836,19.100000381469727,19.170000076293945,15.64237117767334,598700
2011-06-17,19.520000457763672,19.920000076293945,19.059999465942383,19.329999923706055,15.772932052612305,474500
2011-06-20,19.31999969482422,20.190000534057617,19.31999969482422,19.6200008392334,16.009557723999023,623000
2011-06-21,19.860000610351562,20.280000686645508,19.639999389648438,20.219999313354492,16.49915313720703,605500
2011-06-22,20.110000610351562,21.030000686645508,20.100000381469727,20.1299991607666,16.42571449279785,378800
2011-06-23,19.719999313354492,20.079999923706055,19.149999618530273,19.93000030517578,16.26251983642578,418400
2011-06-24,20.040000915527344,20.3799991607666,19.520000457763672,19.799999237060547,16.15644073486328,627400
2011-06-27,19.799999237060547,20.479999542236328,19.610000610351562,20.389999389648438,16.637874603271484,371700
2011-06-28,20.31999969482422,20.770000457763672,20.049999237060547,20.350000381469727,16.6052303314209,458900
2011-06-29,19.889999389648438,19.889999389648438,18.899999618530273,19.030000686645508,15.528139114379883,1315000
2011-06-30,18.979999542236328,20.190000534057617,18.81999969482422,19.760000228881836,16.123802185058594,776800
2011-07-01,19.81999969482422,20.93000030517578,19.719999313354492,20.65999984741211,16.85818862915039,403000
2011-07-05,20.6200008392334,20.760000228881836,20.049999237060547,20.34000015258789,16.59707260131836,353100
2011-07-06,20.270000457763672,21.190000534057617,20.190000534057617,21.1299991607666,17.24169921875,483700
2011-07-07,21.459999084472656,22.139999389648438,21.360000610351562,21.969999313354492,17.927125930786133,811700
2011-07-08,20.860000610351562,22.31999969482422,20.25,21.709999084472656,17.714967727661133,1576000
2011-07-11,21.40999984741211,21.479999542236328,20.0,20.350000381469727,16.6052303314209,995200
2011-07-12,20.31999969482422,20.829999923706055,20.1299991607666,20.479999542236328,16.7113094329834,671600
2011-07-13,20.75,21.459999084472656,20.559999465942383,21.219999313354492,17.31513786315918,607200
2011-07-14,21.389999389648438,21.510000228881836,20.489999771118164,20.770000457763672,16.94794464111328,759400
2011-07-15,20.899999618530273,20.950000762939453,20.520000457763672,20.75,16.931625366210938,410700
2011-07-18,20.579999923706055,20.68000030517578,20.06999969482422,20.579999923706055,16.792905807495117,627600
2011-07-19,20.84000015258789,21.510000228881836,20.84000015258789,21.459999084472656,17.510971069335938,541100
2011-07-20,21.6200008392334,22.079999923706055,21.459999084472656,22.020000457763672,17.96792221069336,413300
2011-07-21,22.139999389648438,22.729999542236328,22.1200008392334,22.420000076293945,18.2943172454834,452900
2011-07-22,22.34000015258789,22.639999389648438,22.1299991607666,22.549999237060547,18.400390625,391800
2011-07-25,22.1299991607666,22.6200008392334,21.729999542236328,22.239999771118164,18.147436141967773,289400
2011-07-26,22.100000381469727,22.260000228881836,21.729999542236328,21.8799991607666,17.85368537902832,426300
2011-07-27,21.59000015258789,21.799999237060547,20.5,20.65999984741211,16.85818862915039,876200
2011-07-28,20.65999984741211,21.040000915527344,20.459999084472656,20.579999923706055,16.792905807495117,592900
2011-07-29,20.059999465942383,20.3799991607666,19.489999771118164,20.1200008392334,16.41756248474121,539800
2011-08-01,20.5,20.65999984741211,18.950000762939453,19.09000015258789,15.577095985412598,838900
2011-08-02,18.770000457763672,19.309999465942383,17.790000915527344,17.8700008392334,14.581596374511719,885900
2011-08-03,17.889999389648438,18.040000915527344,16.739999771118164,17.309999465942383,14.124648094177246,777200
2011-08-04,17.030000686645508,17.579999923706055,16.25,16.270000457763672,13.27602767944336,903600
2011-08-05,16.670000076293945,17.219999313354492,15.34000015258789,15.649999618530273,12.770116806030273,1413200
2011-08-08,14.850000381469727,15.0600004196167,12.460000038146973,12.5,10.199776649475098,1671300
2011-08-09,13.1899995803833,13.579999923706055,11.779999732971191,13.520000457763672,11.032076835632324,1380300
2011-08-10,12.880000114440918,14.84000015258789,12.880000114440918,13.239999771118164,10.80360221862793,1388200
2011-08-11,13.380000114440918,15.25,13.380000114440918,14.890000343322754,12.149971961975098,1076700
2011-08-12,14.890000343322754,15.649999618530273,14.720000267028809,14.899999618530273,12.158129692077637,741400
2011-08-15,15.630000114440918,16.520000457763672,15.630000114440918,16.389999389648438,13.373943328857422,697300
2011-08-16,16.079999923706055,16.3799991607666,15.680000305175781,15.720000267028809,12.827239036560059,498300
2011-08-17,15.760000228881836,15.779999732971191,14.859999656677246,15.0600004196167,12.288690567016602,360400
2011-08-18,14.380000114440918,14.380000114440918,13.260000228881836,13.529999732971191,11.040236473083496,599100
2011-08-19,12.789999961853027,13.600000381469727,12.729999542236328,12.960000038146973,10.575127601623535,921300
2011-08-22,13.520000457763672,13.539999961853027,12.470000267028809,12.5600004196167,10.248733520507812,554100
2011-08-23,12.6899995803833,13.850000381469727,12.59000015258789,13.850000381469727,11.301350593566895,994600
2011-08-24,13.75,15.239999771118164,13.399999618530273,15.130000114440918,12.345808029174805,1131600
2011-08-25,15.4399995803833,15.470000267028809,14.350000381469727,14.699999809265137,11.994935035705566,636800
2011-08-26,14.489999771118164,15.770000457763672,13.960000038146973,15.600000381469727,12.729320526123047,618700
2011-08-29,15.960000038146973,17.309999465942383,15.8100004196167,17.190000534057617,14.0267333984375,481000
2011-08-30,17.059999465942383,17.489999771118164,16.770000457763672,17.079999923706055,13.936972618103027,574300
2011-08-31,17.3700008392334,18.229999542236328,17.1299991607666,17.3799991607666,14.181766510009766,559000
2011-09-01,17.3700008392334,17.700000762939453,16.420000076293945,16.489999771118164,13.455543518066406,363800
2011-09-02,15.880000114440918,16.15999984741211,15.09000015258789,15.329999923706055,12.508999824523926,324100
2011-09-06,14.670000076293945,15.0600004196167,14.15999984741211,15.039999961853027,12.272370338439941,453400
2011-09-07,15.430000305175781,16.200000762939453,15.359999656677246,16.059999465942383,13.104667663574219,366400
2011-09-08,15.8100004196167,16.139999389648438,14.699999809265137,14.9399995803833,12.19077205657959,411400
2011-09-09,14.65999984741211,14.829999923706055,13.59000015258789,14.039999961853027,11.456384658813477,661500
2011-09-12,13.65999984741211,14.1899995803833,13.300000190734863,13.90999984741211,11.350310325622559,430000
2011-09-13,13.960000038146973,14.1899995803833,13.630000114440918,14.079999923706055,11.489027976989746,536800
2011-09-14,14.3100004196167,15.149999618530273,13.819999694824219,14.8100004196167,12.084692001342773,384900
2011-09-15,15.140000343322754,15.390000343322754,14.649999618530273,15.270000457763672,12.460047721862793,363400
2011-09-16,15.369999885559082,15.640000343322754,14.989999771118164,15.260000228881836,12.451886177062988,303100
2011-09-19,14.720000267028809,14.859999656677246,14.289999961853027,14.609999656677246,11.921494483947754,215300
2011-09-20,14.699999809265137,14.890000343322754,13.760000228881836,13.829999923706055,11.285030364990234,293300
2011-09-21,13.84000015258789,14.010000228881836,13.029999732971191,13.0600004196167,10.65672492980957,419900
2011-09-22,12.489999771118164,12.90999984741211,11.970000267028809,12.229999542236328,9.979459762573242,479200
2011-09-23,12.180000305175781,12.8100004196167,12.050000190734863,12.479999542236328,10.183453559875488,625100
2011-09-26,12.729999542236328,12.960000038146973,12.020000457763672,12.850000381469727,10.485370635986328,727000
2011-09-27,13.119999885559082,13.869999885559082,12.949999809265137,13.020000457763672,10.624086380004883,749300
2011-09-28,13.140000343322754,13.3100004196167,12.079999923706055,12.15999984741211,9.922340393066406,515400
2011-09-29,12.609999656677246,12.739999771118164,11.890000343322754,12.449999809265137,10.158974647521973,490900
2011-09-30,12.0600004196167,12.640000343322754,11.539999961853027,11.649999618530273,9.506189346313477,513400
2011-10-03,11.5,12.039999961853027,10.920000076293945,10.930000305175781,8.918682098388672,594300
2011-10-04,10.710000038146973,12.75,10.380000114440918,12.680000305175781,10.346652030944824,767800
2011-10-05,12.649999618530273,13.300000190734863,12.229999542236328,12.65999984741211,10.330329895019531,779000
2011-10-06,12.640000343322754,13.8100004196167,12.449999809265137,13.75,11.219751358032227,636000
2011-10-07,13.930000305175781,14.359999656677246,13.270000457763672,13.720000267028809,11.195274353027344,506500
2011-10-10,14.1899995803833,14.800000190734863,14.069999694824219,14.670000076293945,11.970455169677734,465400
2011-10-11,14.420000076293945,14.75,14.09000015258789,14.550000190734863,11.872538566589355,304000
2011-10-12,14.789999961853027,14.899999618530273,14.600000381469727,14.729999542236328,12.019413948059082,442900
2011-10-13,14.569999694824219,14.649999618530273,14.09000015258789,14.5,11.831737518310547,272800
2011-10-14,14.829999923706055,15.600000381469727,14.779999732971191,15.489999771118164,12.639558792114258,514700
2011-10-17,15.329999923706055,15.329999923706055,14.640000343322754,14.960000038146973,12.207091331481934,493900
2011-10-18,15.020000457763672,16.100000381469727,14.579999923706055,15.880000114440918,12.957793235778809,387000
2011-10-19,16.040000915527344,17.149999618530273,16.040000915527344,16.579999923706055,13.528979301452637,1025200
2011-10-20,16.700000762939453,16.81999969482422,15.850000381469727,16.809999465942383,13.716655731201172,615700
2011-10-21,17.670000076293945,17.760000228881836,16.610000610351562,17.030000686645508,13.896174430847168,607100
2011-10-24,17.18000030517578,18.020000457763672,17.06999969482422,17.940000534057617,14.638717651367188,483400
2011-10-25,17.68000030517578,18.40999984741211,17.3799991607666,17.899999618530273,14.606077194213867,643800
2011-10-26,18.1299991607666,18.260000228881836,17.399999618530273,18.100000381469727,14.769279479980469,734500
2011-10-27,19.3700008392334,20.010000228881836,18.700000762939453,19.6200008392334,16.009557723999023,803000
2011-10-28,19.459999084472656,20.719999313354492,19.290000915527344,20.0,16.319637298583984,474200
2011-10-31,19.280000686645508,19.450000762939453,18.56999969482422,18.610000610351562,15.185422897338867,263400
2011-11-01,17.31999969482422,18.520000457763672,17.31999969482422,17.8799991607666,14.58975601196289,465400
2011-11-02,18.329999923706055,18.93000030517578,18.06999969482422,18.790000915527344,15.332301139831543,441300
2011-11-03,20.56999969482422,22.899999618530273,20.170000076293945,21.790000915527344,17.780244827270508,1772100
2011-11-04,21.1200008392334,22.6200008392334,21.1200008392334,22.540000915527344,18.392234802246094,573000
2011-11-07,22.790000915527344,22.889999389648438,21.790000915527344,22.43000030517578,18.302473068237305,620500
2011-11-08,22.68000030517578,23.700000762939453,22.18000030517578,23.420000076293945,19.11029624938965,648900
2011-11-09,22.329999923706055,22.889999389648438,21.940000534057617,22.0,17.95159912109375,670100
2011-11-10,22.610000610351562,22.829999923706055,22.110000610351562,22.350000381469727,18.237197875976562,683600
2011-11-11,22.899999618530273,23.790000915527344,22.690000534057617,23.649999618530273,19.2979736328125,553900
2011-11-14,23.579999923706055,23.75,22.889999389648438,23.290000915527344,19.00422477722168,322400
2011-11-15,22.049999237060547,22.59000015258789,21.81999969482422,22.25,18.155595779418945,882900
2011-11-16,21.760000228881836,22.59000015258789,21.43000030517578,21.84000015258789,17.821041107177734,649800
2011-11-17,21.860000610351562,22.079999923706055,20.459999084472656,20.68000030517578,16.8745059967041,654600
2011-11-18,20.920000076293945,21.190000534057617,20.6200008392334,20.739999771118164,16.92346954345703,420700
2011-11-21,20.0,20.270000457763672,19.3700008392334,19.90999984741211,16.246198654174805,729500
2011-11-22,19.829999923706055,20.34000015258789,19.56999969482422,19.799999237060547,16.15644073486328,609200
2011-11-23,19.440000534057617,19.440000534057617,18.389999389648438,18.479999542236328,15.07934856414795,447800
2011-11-25,18.389999389648438,18.760000228881836,18.049999237060547,18.09000015258789,14.761117935180664,105700
2011-11-28,18.829999923706055,19.93000030517578,18.520000457763672,19.790000915527344,16.148284912109375,649200
2011-11-29,19.700000762939453,20.110000610351562,19.530000686645508,20.0,16.319637298583984,393200
2011-11-30,21.360000610351562,22.219999313354492,20.93000030517578,22.200000762939453,18.11480140686035,669200
2011-12-01,21.969999313354492,22.639999389648438,21.75,22.010000228881836,17.959760665893555,423000
2011-12-02,22.5,22.719999313354492,21.649999618530273,21.75,17.747604370117188,249600
2011-12-05,22.40999984741211,23.700000762939453,22.280000686645508,22.950000762939453,18.726781845092773,617900
2011-12-06,22.780000686645508,23.209999084472656,22.209999084472656,22.8799991607666,18.669668197631836,244300
2011-12-07,22.6200008392334,23.059999465942383,21.889999389648438,22.8700008392334,18.66151237487793,416700
2011-12-08,22.420000076293945,22.93000030517578,21.329999923706055,21.459999084472656,17.510971069335938,399000
2011-12-09,21.899999618530273,23.0,21.540000915527344,22.760000228881836,18.571744918823242,475200
2011-12-12,22.260000228881836,22.600000381469727,21.8799991607666,22.540000915527344,18.392234802246094,304200
2011-12-13,22.8799991607666,23.239999771118164,21.18000030517578,21.3799991607666,17.445693969726562,435800
2011-12-14,21.09000015258789,21.459999084472656,20.110000610351562,20.209999084472656,16.490991592407227,679200
2011-12-15,20.65999984741211,21.1200008392334,20.280000686645508,21.020000457763672,17.151945114135742,482600
2011-12-16,21.280000686645508,22.15999984741211,21.100000381469727,21.6299991607666,17.649688720703125,433400
2011-12-19,21.860000610351562,22.229999542236328,21.299999237060547,21.360000610351562,17.42937469482422,353800
2011-12-20,22.190000534057617,23.219999313354492,21.899999618530273,23.09000015258789,18.84102439880371,447000
2011-12-21,22.989999771118164,23.59000015258789,22.389999389648438,23.399999618530273,19.093975067138672,300800
2011-12-22,23.59000015258789,24.59000015258789,23.290000915527344,24.469999313354492,19.96708106994629,418500
2011-12-23,24.309999465942383,24.940000534057617,24.020000457763672,24.329999923706055,19.85284423828125,340800
2011-12-27,24.260000228881836,24.520000457763672,24.010000228881836,24.06999969482422,19.640687942504883,179600
2011-12-28,24.100000381469727,24.229999542236328,23.65999984741211,23.809999465942383,19.428531646728516,275500
2011-12-29,24.020000457763672,24.399999618530273,23.860000610351562,24.100000381469727,19.665163040161133,295600
2011-12-30,23.979999542236328,24.459999084472656,23.90999984741211,24.280000686645508,19.812040328979492,275700
2012-01-03,24.940000534057617,25.5,23.450000762939453,23.790000915527344,19.41221809387207,594800
2012-01-04,22.559999465942383,23.56999969482422,21.850000381469727,23.459999084472656,19.142940521240234,1049100
2012-01-05,23.239999771118164,24.190000534057617,22.829999923706055,23.889999389648438,19.493806838989258,561000
2012-01-06,24.059999465942383,26.18000030517578,22.59000015258789,25.889999389648438,21.125778198242188,2214900
2012-01-09,25.889999389648438,26.100000381469727,25.5,25.739999771118164,21.00337791442871,698100
2012-01-10,26.280000686645508,26.3799991607666,25.8799991607666,26.139999389648438,21.32976722717285,509800
2012-01-11,25.969999313354492,26.65999984741211,25.850000381469727,26.170000076293945,21.354251861572266,586800
2012-01-12,26.329999923706055,26.6200008392334,24.90999984741211,25.049999237060547,20.44034767150879,690900
2012-01-13,24.520000457763672,25.729999542236328,23.860000610351562,25.559999465942383,20.85650062561035,714100
2012-01-17,25.950000762939453,26.200000762939453,24.559999465942383,24.760000228881836,20.203712463378906,420400
2012-01-18,24.75,25.020000457763672,24.030000686645508,24.360000610351562,19.877321243286133,650100
2012-01-19,24.549999237060547,24.600000381469727,23.8799991607666,24.030000686645508,19.60804557800293,491300
2012-01-20,23.950000762939453,23.979999542236328,23.040000915527344,23.299999237060547,19.012378692626953,439300
2012-01-23,23.40999984741211,23.799999237060547,22.860000610351562,23.110000610351562,18.857345581054688,365100
2012-01-24,22.75,22.989999771118164,22.309999465942383,22.829999923706055,18.628870010375977,788400
2012-01-25,22.770000457763672,23.360000610351562,22.239999771118164,22.899999618530273,18.685985565185547,788000
2012-01-26,23.079999923706055,23.639999389648438,22.530000686645508,22.889999389648438,18.67782974243164,531900
2012-01-27,22.690000534057617,23.200000762939453,22.479999542236328,22.93000030517578,18.71047019958496,528800
2012-01-30,22.469999313354492,22.90999984741211,22.110000610351562,22.5,18.359594345092773,546500
2012-01-31,22.75,22.75,22.030000686645508,22.25,18.155595779418945,453400
2012-02-01,22.420000076293945,22.709999084472656,22.100000381469727,22.290000915527344,18.18824005126953,1175200
2012-02-02,22.450000762939453,23.540000915527344,22.3799991607666,23.450000762939453,19.13477325439453,777400
2012-02-03,24.06999969482422,25.59000015258789,23.940000534057617,25.200000762939453,20.562746047973633,911000
2012-02-06,24.93000030517578,25.200000762939453,24.040000915527344,24.809999465942383,20.2445125579834,803000
2012-02-07,24.940000534057617,25.709999084472656,24.520000457763672,25.540000915527344,20.84018325805664,606600
2012-02-08,25.670000076293945,26.09000015258789,25.149999618530273,25.780000686645508,21.03601837158203,573400
2012-02-09,25.90999984741211,25.90999984741211,24.760000228881836,24.829999923706055,20.260835647583008,394600
2012-02-10,24.5,24.719999313354492,23.93000030517578,23.979999542236328,19.56724739074707,360500
2012-02-13,24.469999313354492,24.600000381469727,24.059999465942383,24.469999313354492,19.96708106994629,378300
2012-02-14,24.229999542236328,24.3700008392334,23.610000610351562,23.90999984741211,19.510128021240234,383800
2012-02-15,24.030000686645508,24.100000381469727,22.899999618530273,22.969999313354492,18.743104934692383,445800
2012-02-16,23.06999969482422,23.93000030517578,22.950000762939453,23.8700008392334,19.477489471435547,556700
2012-02-17,24.149999618530273,25.020000457763672,24.020000457763672,24.770000457763672,20.211872100830078,453400
2012-02-21,24.8799991607666,24.979999542236328,24.350000381469727,24.59000015258789,20.065000534057617,437700
2012-02-22,24.540000915527344,24.760000228881836,23.90999984741211,24.65999984741211,20.122114181518555,514000
2012-02-23,24.6200008392334,24.780000686645508,23.81999969482422,24.729999542236328,20.179243087768555,340300
2012-02-24,24.770000457763672,25.030000686645508,24.200000762939453,24.329999923706055,19.85284423828125,304400
2012-02-27,24.020000457763672,25.510000228881836,23.65999984741211,25.34000015258789,20.676979064941406,444300
2012-02-28,25.3700008392334,26.280000686645508,25.149999618530273,25.690000534057617,20.96257781982422,644700
2012-02-29,25.739999771118164,26.09000015258789,25.270000457763672,25.280000686645508,20.62802505493164,578500
2012-03-01,25.399999618530273,26.040000915527344,25.18000030517578,25.389999389648438,20.71778106689453,382000
2012-03-02,25.399999618530273,25.739999771118164,24.239999771118164,24.809999465942383,20.2445125579834,338300
2012-03-05,24.59000015258789,24.729999542236328,23.899999618530273,24.059999465942383,19.632532119750977,268000
2012-03-06,23.65999984741211,23.729999542236328,21.770000457763672,21.989999771118164,17.94344139099121,668800
2012-03-07,22.0,22.979999542236328,21.899999618530273,22.280000686645508,18.180078506469727,599200
2012-03-08,22.649999618530273,22.889999389648438,22.299999237060547,22.489999771118164,18.351430892944336,725200
2012-03-09,22.600000381469727,23.799999237060547,22.559999465942383,23.649999618530273,19.2979736328125,434200
2012-03-12,23.770000457763672,23.770000457763672,22.219999313354492,22.260000228881836,18.16376304626465,379800
2012-03-13,22.469999313354492,22.81999969482422,22.1200008392334,22.450000762939453,18.318798065185547,666700
2012-03-14,22.469999313354492,22.559999465942383,21.3799991607666,21.770000457763672,17.763931274414062,599700
2012-03-15,21.799999237060547,22.440000534057617,21.670000076293945,22.149999618530273,18.073999404907227,766000
2012-03-16,22.31999969482422,22.920000076293945,22.270000457763672,22.469999313354492,18.335115432739258,405600
2012-03-19,22.469999313354492,22.899999618530273,22.15999984741211,22.489999771118164,18.351430892944336,272500
2012-03-20,22.18000030517578,22.350000381469727,21.829999923706055,22.1299991607666,18.057682037353516,246200
2012-03-21,22.270000457763672,22.34000015258789,21.68000030517578,22.15999984741211,18.0821590423584,597700
2012-03-22,21.799999237060547,21.979999542236328,20.950000762939453,21.06999969482422,17.19273567199707,350900
2012-03-23,20.530000686645508,21.709999084472656,20.059999465942383,21.600000381469727,17.625211715698242,588500
2012-03-26,21.850000381469727,22.0,21.1299991607666,21.139999389648438,17.24985694885254,478400
2012-03-27,21.18000030517578,21.299999237060547,20.559999465942383,20.850000381469727,17.013227462768555,546800
2012-03-28,20.760000228881836,20.989999771118164,19.690000534057617,20.1299991607666,16.42571449279785,595600
2012-03-29,19.90999984741211,20.030000686645508,19.639999389648438,19.90999984741211,16.246198654174805,313600
2012-03-30,20.1299991607666,20.1299991607666,19.65999984741211,19.790000915527344,16.148284912109375,347500
2012-04-02,19.59000015258789,20.549999237060547,19.389999389648438,20.309999465942383,16.572595596313477,419600
2012-04-03,20.299999237060547,20.510000228881836,20.020000457763672,20.079999923706055,16.384918212890625,393200
2012-04-04,19.709999084472656,19.850000381469727,19.3700008392334,19.6299991607666,16.017724990844727,434100
2012-04-05,19.43000030517578,19.829999923706055,19.43000030517578,19.700000762939453,16.074848175048828,408000
2012-04-09,20.639999389648438,21.229999542236328,18.100000381469727,18.440000534057617,15.046707153320312,2334800
2012-04-10,18.100000381469727,18.290000915527344,16.399999618530273,16.989999771118164,13.863533973693848,1627700
2012-04-11,17.579999923706055,17.950000762939453,17.219999313354492,17.350000381469727,14.1572904586792,764500
2012-04-12,17.579999923706055,18.739999771118164,17.3700008392334,18.350000381469727,14.97326946258545,924300
2012-04-13,18.200000762939453,18.200000762939453,17.709999084472656,17.81999969482422,14.540797233581543,490400
2012-04-16,18.25,18.799999237060547,18.09000015258789,18.3700008392334,14.989593505859375,610000
2012-04-17,18.6299991607666,18.81999969482422,18.3799991607666,18.389999389648438,15.005908012390137,437000
2012-04-18,18.280000686645508,18.6200008392334,17.989999771118164,18.43000030517578,15.038549423217773,421500
2012-04-19,18.540000915527344,18.540000915527344,17.309999465942383,17.43000030517578,14.222564697265625,569100
2012-04-20,17.790000915527344,18.440000534057617,17.68000030517578,17.950000762939453,14.646883010864258,558900
2012-04-23,17.559999465942383,17.579999923706055,16.579999923706055,16.610000610351562,13.553460121154785,1499900
2012-04-24,16.670000076293945,17.06999969482422,16.40999984741211,16.889999389648438,13.78193473815918,887400
2012-04-25,17.479999542236328,17.56999969482422,16.90999984741211,17.520000457763672,14.296006202697754,632300
2012-04-26,17.440000534057617,17.950000762939453,17.360000610351562,17.809999465942383,14.532639503479004,459800
2012-04-27,18.010000228881836,18.190000534057617,17.610000610351562,18.040000915527344,14.720316886901855,691800
2012-04-30,17.979999542236328,18.020000457763672,17.0,17.25,14.075690269470215,506200
2012-05-01,17.350000381469727,18.079999923706055,17.100000381469727,17.540000915527344,14.312324523925781,734500
2012-05-02,17.360000610351562,17.829999923706055,17.149999618530273,17.56999969482422,14.336799621582031,669000
2012-05-03,17.559999465942383,17.84000015258789,16.760000228881836,16.93000030517578,13.8145751953125,623800
2012-05-04,16.729999542236328,16.780000686645508,15.880000114440918,16.020000457763672,13.072031021118164,789000
2012-05-07,15.930000305175781,16.079999923706055,15.5,15.510000228881836,12.655879974365234,675300
2012-05-08,15.510000228881836,15.619999885559082,15.010000228881836,15.399999618530273,12.566121101379395,718800
2012-05-09,15.029999732971191,16.030000686645508,15.029999732971191,15.739999771118164,12.843555450439453,640000
2012-05-10,15.989999771118164,16.190000534057617,15.470000267028809,15.989999771118164,13.047552108764648,682000
2012-05-11,15.6899995803833,15.970000267028809,15.170000076293945,15.260000228881836,12.451886177062988,521300
2012-05-14,14.960000038146973,15.15999984741211,14.680000305175781,14.829999923706055,12.101012229919434,428700
2012-05-15,14.760000228881836,14.890000343322754,14.069999694824219,14.220000267028809,11.603263854980469,515500
2012-05-16,14.319999694824219,14.600000381469727,13.670000076293945,13.920000076293945,11.35846996307373,619900
2012-05-17,13.899999618530273,14.15999984741211,13.220000267028809,13.229999542236328,10.795438766479492,459400
2012-05-18,13.420000076293945,13.529999732971191,13.100000381469727,13.369999885559082,10.909680366516113,588900
2012-05-21,13.399999618530273,14.109999656677246,13.300000190734863,13.930000305175781,11.36662769317627,856000
2012-05-22,13.979999542236328,15.0,13.970000267028809,14.390000343322754,11.741982460021973,736900
2012-05-23,14.149999618530273,14.859999656677246,14.0,14.760000228881836,12.043891906738281,414000
2012-05-24,14.920000076293945,14.920000076293945,14.050000190734863,14.3100004196167,11.676701545715332,478200
2012-05-25,14.3100004196167,14.399999618530273,14.079999923706055,14.1899995803833,11.578784942626953,262900
2012-05-29,14.470000267028809,15.039999961853027,14.399999618530273,14.899999618530273,12.158129692077637,546600
2012-05-30,14.600000381469727,14.600000381469727,14.050000190734863,14.140000343322754,11.537984848022461,654300
2012-05-31,14.470000267028809,14.520000457763672,13.600000381469727,13.84000015258789,11.293194770812988,826700
2012-06-01,13.359999656677246,13.710000038146973,13.260000228881836,13.579999923706055,11.081036567687988,655000
2012-06-04,13.649999618530273,13.800000190734863,13.149999618530273,13.3100004196167,10.860721588134766,760900
2012-06-05,13.239999771118164,14.109999656677246,13.199999809265137,14.029999732971191,11.448225975036621,449000
2012-06-06,14.199999809265137,15.109999656677246,14.199999809265137,14.920000076293945,12.174452781677246,479700
2012-06-07,15.3100004196167,15.739999771118164,14.739999771118164,14.880000114440918,12.141812324523926,434700
2012-06-08,14.890000343322754,15.430000305175781,14.600000381469727,15.380000114440918,12.54980182647705,279900
2012-06-11,15.579999923706055,15.75,14.329999923706055,14.350000381469727,11.709342956542969,431600
2012-06-12,14.430000305175781,14.760000228881836,14.25,14.609999656677246,11.921494483947754,345800
2012-06-13,14.5,15.100000381469727,14.319999694824219,14.569999694824219,11.888856887817383,353700
2012-06-14,14.59000015258789,14.859999656677246,14.399999618530273,14.649999618530273,11.954134941101074,186600
2012-06-15,14.770000457763672,14.970000267028809,14.609999656677246,14.75,12.035733222961426,308600
2012-06-18,14.609999656677246,14.930000305175781,14.350000381469727,14.90999984741211,12.166290283203125,374700
2012-06-19,15.050000190734863,16.1200008392334,14.880000114440918,15.970000267028809,13.031232833862305,628500
2012-06-20,16.040000915527344,16.329999923706055,15.75,16.059999465942383,13.104667663574219,376600
2012-06-21,16.010000228881836,16.170000076293945,15.140000343322754,15.210000038146973,12.411084175109863,313600
2012-06-22,15.390000343322754,15.399999618530273,14.949999809265137,15.399999618530273,12.566121101379395,743200
2012-06-25,14.920000076293945,14.949999809265137,14.319999694824219,14.4399995803833,11.782780647277832,434400
2012-06-26,14.489999771118164,15.229999542236328,14.300000190734863,15.069999694824219,12.29684829711914,455500
2012-06-27,15.220000267028809,16.149999618530273,15.140000343322754,16.059999465942383,13.104667663574219,646000
2012-06-28,16.440000534057617,16.889999389648438,15.1899995803833,16.280000686645508,13.284184455871582,882100
2012-06-29,16.920000076293945,17.600000381469727,16.790000915527344,17.579999923706055,14.344961166381836,990400
2012-07-02,16.93000030517578,17.579999923706055,15.600000381469727,15.829999923706055,12.91699504852295,958500
2012-07-03,16.110000610351562,16.549999237060547,15.850000381469727,16.280000686645508,13.284184455871582,322200
2012-07-05,16.200000762939453,16.940000534057617,16.1299991607666,16.670000076293945,13.602418899536133,329400
2012-07-06,16.350000381469727,16.65999984741211,16.200000762939453,16.440000534057617,13.41474723815918,326100
2012-07-09,16.299999237060547,16.469999313354492,15.489999771118164,15.569999694824219,12.704839706420898,557800
2012-07-10,15.84000015258789,16.100000381469727,14.960000038146973,15.09000015258789,12.313165664672852,561900
2012-07-11,15.100000381469727,15.119999885559082,14.609999656677246,14.6899995803833,11.986775398254395,397400
2012-07-12,14.65999984741211,15.369999885559082,14.579999923706055,15.279999732971191,12.46820068359375,475200
2012-07-13,15.350000381469727,15.75,15.319999694824219,15.59000015258789,12.721159934997559,338400
2012-07-16,15.5,15.600000381469727,15.029999732971191,15.1899995803833,12.394763946533203,285400
2012-07-17,15.3100004196167,15.449999809265137,14.920000076293945,15.34000015258789,12.517163276672363,264900
2012-07-18,15.220000267028809,16.329999923706055,15.220000267028809,15.899999618530273,12.974112510681152,303400
2012-07-19,16.06999969482422,16.139999389648438,15.649999618530273,15.859999656677246,12.941473007202148,274500
2012-07-20,15.640000343322754,15.699999809265137,15.079999923706055,15.119999885559082,12.337647438049316,222900
2012-07-23,14.65999984741211,14.84000015258789,14.34000015258789,14.350000381469727,11.709342956542969,480100
2012-07-24,14.5,14.640000343322754,13.710000038146973,13.880000114440918,11.325831413269043,422600
2012-07-25,13.989999771118164,14.270000457763672,13.5600004196167,13.850000381469727,11.301350593566895,287400
2012-07-26,14.319999694824219,14.899999618530273,14.3100004196167,14.850000381469727,12.11733627319336,427300
2012-07-27,14.9399995803833,15.850000381469727,14.800000190734863,15.739999771118164,12.843555450439453,445600
2012-07-30,15.729999542236328,15.890000343322754,14.640000343322754,14.960000038146973,12.207091331481934,366600
2012-07-31,14.9399995803833,16.489999771118164,14.9399995803833,16.299999237060547,13.300506591796875,658000
2012-08-01,16.469999313354492,16.549999237060547,15.75,15.75,12.851713180541992,584400
2012-08-02,15.670000076293945,16.020000457763672,15.149999618530273,15.220000267028809,12.419249534606934,391600
2012-08-03,15.5600004196167,16.309999465942383,15.40999984741211,15.510000228881836,12.655879974365234,403600
2012-08-06,15.529999732971191,15.789999961853027,15.010000228881836,15.390000343322754,12.557963371276855,443300
2012-08-07,15.59000015258789,16.399999618530273,15.430000305175781,16.25,13.259709358215332,574400
2012-08-08,16.049999237060547,16.290000915527344,15.510000228881836,15.649999618530273,12.770116806030273,295200
2012-08-09,15.619999885559082,16.15999984741211,15.430000305175781,16.149999618530273,13.178107261657715,434200
2012-08-10,16.010000228881836,16.010000228881836,15.539999961853027,15.880000114440918,12.957793235778809,507000
2012-08-13,15.75,15.930000305175781,15.5,15.729999542236328,12.835397720336914,328400
2012-08-14,15.90999984741211,15.9399995803833,15.180000305175781,15.279999732971191,12.46820068359375,393000
2012-08-15,15.180000305175781,15.6899995803833,14.899999618530273,15.449999809265137,12.606921195983887,422200
2012-08-16,15.460000038146973,15.800000190734863,15.100000381469727,15.710000038146973,12.819076538085938,308800
2012-08-17,15.84000015258789,15.869999885559082,15.529999732971191,15.819999694824219,12.908834457397461,375600
2012-08-20,15.760000228881836,15.960000038146973,15.609999656677246,15.829999923706055,12.91699504852295,314200
2012-08-21,16.0,16.239999771118164,15.640000343322754,15.859999656677246,12.941473007202148,413000
2012-08-22,15.739999771118164,16.399999618530273,15.729999542236328,16.260000228881836,13.267867088317871,515300
2012-08-23,16.209999084472656,16.25,15.75,15.84000015258789,12.925155639648438,380900
2012-08-24,15.739999771118164,15.779999732971191,15.359999656677246,15.529999732971191,12.672202110290527,331400
2012-08-27,15.600000381469727,15.6899995803833,15.010000228881836,15.130000114440918,12.345808029174805,349700
2012-08-28,15.079999923706055,15.390000343322754,14.8100004196167,14.930000305175781,12.182610511779785,346200
2012-08-29,14.949999809265137,15.050000190734863,14.319999694824219,14.8100004196167,12.084692001342773,422500
2012-08-30,14.600000381469727,14.720000267028809,14.390000343322754,14.460000038146973,11.799101829528809,219500
2012-08-31,14.720000267028809,14.770000457763672,14.350000381469727,14.449999809265137,11.790939331054688,359700
2012-09-04,14.390000343322754,14.75,13.850000381469727,14.699999809265137,11.994935035705566,475900
2012-09-05,14.800000190734863,15.229999542236328,14.75,15.130000114440918,12.345808029174805,447800
2012-09-06,15.300000190734863,15.760000228881836,15.100000381469727,15.649999618530273,12.770116806030273,590400
2012-09-07,15.829999923706055,16.809999465942383,15.760000228881836,16.780000686645508,13.692178726196289,794400
2012-09-10,16.700000762939453,16.799999237060547,16.270000457763672,16.579999923706055,13.528979301452637,575700
2012-09-11,16.579999923706055,17.799999237060547,16.420000076293945,17.290000915527344,14.108325958251953,744000
2012-09-12,17.329999923706055,17.860000610351562,17.0,17.690000534057617,14.434720039367676,346600
2012-09-13,17.889999389648438,18.8799991607666,17.610000610351562,18.690000534057617,15.250704765319824,1207500
2012-09-14,18.8799991607666,19.469999313354492,18.770000457763672,18.809999465942383,15.348621368408203,611300
2012-09-17,18.670000076293945,18.670000076293945,17.850000381469727,18.079999923706055,14.752952575683594,359700
2012-09-18,18.149999618530273,18.229999542236328,17.520000457763672,17.889999389648438,14.597916603088379,336700
2012-09-19,17.93000030517578,18.329999923706055,17.799999237060547,18.219999313354492,14.867191314697266,364800
2012-09-20,17.959999084472656,17.959999084472656,17.450000762939453,17.540000915527344,14.312324523925781,450300
2012-09-21,17.889999389648438,17.889999389648438,17.290000915527344,17.530000686645508,14.30416202545166,445300
2012-09-24,17.459999084472656,17.729999542236328,17.1200008392334,17.549999237060547,14.320481300354004,424200
2012-09-25,17.75,17.75,16.780000686645508,16.920000076293945,13.806417465209961,420100
2012-09-26,16.959999084472656,16.989999771118164,16.270000457763672,16.440000534057617,13.41474723815918,302800
2012-09-27,16.65999984741211,16.690000534057617,16.09000015258789,16.559999465942383,13.51266098022461,359800
2012-09-28,16.440000534057617,16.469999313354492,15.979999542236328,16.139999389648438,13.16994857788086,286600
2012-10-01,16.329999923706055,16.700000762939453,16.079999923706055,16.25,13.259709358215332,291000
2012-10-02,16.399999618530273,16.6299991607666,16.100000381469727,16.510000228881836,13.471861839294434,316700
2012-10-03,16.030000686645508,16.139999389648438,15.069999694824219,15.079999923706055,12.305008888244629,754800
2012-10-04,15.199999809265137,15.6899995803833,14.75,15.6899995803833,12.802754402160645,608300
2012-10-05,15.789999961853027,16.079999923706055,15.579999923706055,15.649999618530273,12.770116806030273,259400
2012-10-08,15.489999771118164,15.829999923706055,15.329999923706055,15.800000190734863,12.89251708984375,150700
2012-10-09,15.859999656677246,16.030000686645508,15.239999771118164,15.279999732971191,12.46820068359375,287400
2012-10-10,15.279999732971191,15.59000015258789,15.010000228881836,15.359999656677246,12.533480644226074,297800
2012-10-11,15.640000343322754,15.850000381469727,15.449999809265137,15.539999961853027,12.680359840393066,211300
2012-10-12,15.550000190734863,15.829999923706055,15.420000076293945,15.649999618530273,12.770116806030273,284900
2012-10-15,15.649999618530273,15.9399995803833,15.470000267028809,15.899999618530273,12.974112510681152,247600
2012-10-16,16.1200008392334,16.520000457763672,16.100000381469727,16.420000076293945,13.398423194885254,256400
2012-10-17,16.440000534057617,17.420000076293945,16.3700008392334,17.389999389648438,14.189925193786621,370800
2012-10-18,17.239999771118164,17.93000030517578,17.170000076293945,17.43000030517578,14.222564697265625,366200
2012-10-19,17.170000076293945,17.209999084472656,16.719999313354492,17.0,13.871697425842285,652900
2012-10-22,17.0,17.34000015258789,17.0,17.270000457763672,14.092004776000977,261200
2012-10-23,16.940000534057617,17.6200008392334,16.940000534057617,17.219999313354492,14.051212310791016,393600
2012-10-24,17.389999389648438,17.399999618530273,17.0,17.06999969482422,13.928811073303223,255800
2012-10-25,17.100000381469727,17.229999542236328,16.940000534057617,17.170000076293945,14.010411262512207,471000
2012-10-26,17.200000762939453,17.540000915527344,17.0,17.1299991607666,13.977766990661621,200800
2012-10-31,17.329999923706055,17.639999389648438,17.1200008392334,17.40999984741211,14.206245422363281,244800
2012-11-01,15.859999656677246,16.229999542236328,14.180000305175781,14.489999771118164,11.823577880859375,2405700
2012-11-02,14.140000343322754,14.84000015258789,13.890000343322754,13.890000343322754,11.333991050720215,1611300
2012-11-05,13.899999618530273,13.899999618530273,13.25,13.399999618530273,10.934157371520996,1041000
2012-11-06,13.600000381469727,14.319999694824219,13.399999618530273,14.289999961853027,11.660382270812988,933000
2012-11-07,13.779999732971191,14.170000076293945,13.640000343322754,13.649999618530273,11.138154029846191,739600
2012-11-08,13.710000038146973,14.180000305175781,13.600000381469727,13.850000381469727,11.301350593566895,553300
2012-11-09,13.680000305175781,13.899999618530273,13.510000228881836,13.569999694824219,11.072874069213867,399700
2012-11-12,13.649999618530273,14.0,13.579999923706055,13.949999809265137,11.38294792175293,518100
2012-11-13,15.170000076293945,17.059999465942383,15.170000076293945,16.729999542236328,13.651375770568848,2633000
2012-11-14,17.010000228881836,18.200000762939453,16.809999465942383,17.760000228881836,14.491838455200195,2147400
2012-11-15,17.649999618530273,18.450000762939453,16.93000030517578,17.049999237060547,13.912487983703613,834300
2012-11-16,17.15999984741211,17.6299991607666,16.6200008392334,16.940000534057617,13.822736740112305,734700
2012-11-19,17.520000457763672,17.989999771118164,17.239999771118164,17.899999618530273,14.606077194213867,504400
2012-11-20,17.829999923706055,17.899999618530273,17.270000457763672,17.459999084472656,14.24704360961914,203400
2012-11-21,17.450000762939453,17.84000015258789,17.209999084472656,17.739999771118164,14.475518226623535,192400
2012-11-23,17.8700008392334,17.93000030517578,17.56999969482422,17.90999984741211,14.614235877990723,96600
2012-11-26,17.649999618530273,17.989999771118164,17.459999084472656,17.8700008392334,14.581596374511719,246200
2012-11-27,17.899999618530273,18.0,17.5,17.600000381469727,14.361282348632812,385700
2012-11-28,17.510000228881836,18.610000610351562,17.239999771118164,18.3700008392334,14.989593505859375,874500
2012-11-29,18.540000915527344,19.15999984741211,17.959999084472656,18.81999969482422,15.356786727905273,549700
2012-11-30,18.780000686645508,19.190000534057617,18.65999984741211,19.110000610351562,15.593414306640625,487800
2012-12-03,19.360000610351562,19.360000610351562,18.75,18.81999969482422,15.356786727905273,382900
2012-12-04,18.84000015258789,19.479999542236328,18.709999084472656,19.3799991607666,15.813728332519531,720600
2012-12-05,19.459999084472656,19.799999237060547,19.15999984741211,19.34000015258789,15.781086921691895,404000
2012-12-06,19.280000686645508,19.670000076293945,19.1299991607666,19.5,15.911654472351074,253300
2012-12-07,19.540000915527344,19.56999969482422,19.040000915527344,19.25,15.707653999328613,179900
2012-12-10,19.3799991607666,19.549999237060547,19.239999771118164,19.5,15.911654472351074,290700
2012-12-11,19.65999984741211,19.799999237060547,19.309999465942383,19.549999237060547,15.9524507522583,276400
2012-12-12,19.299999237060547,19.399999618530273,18.75,19.0,15.503657341003418,751600
2012-12-13,18.920000076293945,19.260000228881836,18.719999313354492,18.8700008392334,15.397581100463867,343000
2012-12-14,18.75,18.969999313354492,18.719999313354492,18.8700008392334,15.397581100463867,257300
2012-12-17,18.84000015258789,19.1200008392334,18.719999313354492,18.969999313354492,15.479179382324219,298800
2012-12-18,19.610000610351562,20.5,19.600000381469727,20.3700008392334,16.62155532836914,2436300
2012-12-19,20.6200008392334,21.6299991607666,20.5,20.610000610351562,16.81739044189453,1146900
2012-12-20,19.969999313354492,19.969999313354492,17.75,18.15999984741211,14.818230628967285,2755400
2012-12-21,17.690000534057617,17.690000534057617,16.09000015258789,16.139999389648438,13.16994857788086,4366400
2012-12-24,15.899999618530273,16.149999618530273,15.510000228881836,15.640000343322754,12.76196002960205,1171000
2012-12-26,15.59000015258789,16.15999984741211,15.40999984741211,16.149999618530273,13.178107261657715,960300
2012-12-27,16.100000381469727,16.149999618530273,15.630000114440918,15.720000267028809,12.827239036560059,887800
2012-12-28,15.649999618530273,15.880000114440918,15.529999732971191,15.75,12.851713180541992,535100
2012-12-31,15.819999694824219,16.239999771118164,15.65999984741211,16.170000076293945,13.194426536560059,627200
2013-01-02,16.40999984741211,16.579999923706055,15.890000343322754,16.209999084472656,13.227067947387695,878700
2013-01-03,16.219999313354492,16.399999618530273,15.970000267028809,16.059999465942383,13.104667663574219,683300
2013-01-04,15.970000267028809,16.700000762939453,15.770000457763672,16.68000030517578,13.610581398010254,1568800
2013-01-07,16.729999542236328,16.790000915527344,16.309999465942383,16.31999969482422,13.316827774047852,710500
2013-01-08,16.829999923706055,17.489999771118164,16.639999389648438,17.270000457763672,14.092004776000977,1795400
2013-01-09,17.760000228881836,18.25,17.299999237060547,17.75,14.483684539794922,1788600
2013-01-10,18.049999237060547,18.260000228881836,17.709999084472656,17.709999084472656,14.45103931427002,866200
2013-01-11,17.799999237060547,17.8700008392334,17.299999237060547,17.440000534057617,14.230724334716797,667200
2013-01-14,17.399999618530273,17.549999237060547,17.149999618530273,17.299999237060547,14.11648941040039,422800
2013-01-15,17.170000076293945,17.829999923706055,17.149999618530273,17.790000915527344,14.51632308959961,443500
2013-01-16,17.780000686645508,17.920000076293945,17.299999237060547,17.610000610351562,14.3694429397583,443100
2013-01-17,17.739999771118164,18.0,17.649999618530273,17.959999084472656,14.655035972595215,652500
2013-01-18,18.040000915527344,18.25,17.729999542236328,18.18000030517578,14.83454704284668,742100
2013-01-22,18.25,18.75,18.200000762939453,18.530000686645508,15.12014389038086,858800
2013-01-23,18.56999969482422,18.65999984741211,17.649999618530273,17.690000534057617,14.434720039367676,913400
2013-01-24,17.799999237060547,19.1200008392334,17.799999237060547,18.959999084472656,15.471017837524414,1518000
2013-01-25,19.149999618530273,19.5,19.0,19.270000457763672,15.723968505859375,670000
2013-01-28,19.260000228881836,19.280000686645508,18.389999389648438,18.989999771118164,15.49549674987793,532300
2013-01-29,18.989999771118164,19.309999465942383,18.850000381469727,19.299999237060547,15.748453140258789,715700
2013-01-30,19.34000015258789,19.670000076293945,19.200000762939453,19.489999771118164,15.903488159179688,682100
2013-01-31,19.459999084472656,19.940000534057617,19.209999084472656,19.93000030517578,16.26251983642578,517200
2013-02-01,20.110000610351562,20.489999771118164,19.959999084472656,20.0,16.319637298583984,665600
2013-02-04,19.75,20.100000381469727,19.40999984741211,19.579999923706055,15.976921081542969,507900
2013-02-05,19.75,20.270000457763672,19.6200008392334,19.989999771118164,16.31148338317871,470600
2013-02-06,19.860000610351562,20.229999542236328,19.780000686645508,20.190000534057617,16.47467803955078,376100
2013-02-07,20.219999313354492,20.450000762939453,19.81999969482422,20.309999465942383,16.572595596313477,398800
2013-02-08,20.309999465942383,20.510000228881836,20.209999084472656,20.260000228881836,16.531801223754883,238500
2013-02-11,20.280000686645508,20.709999084472656,20.040000915527344,20.709999084472656,16.898990631103516,415300
2013-02-12,20.729999542236328,20.989999771118164,20.670000076293945,20.84000015258789,17.005064010620117,390600
2013-02-13,20.860000610351562,21.399999618530273,20.84000015258789,21.34000015258789,17.41305160522461,491800
2013-02-14,21.290000915527344,21.899999618530273,21.200000762939453,21.540000915527344,17.576255798339844,488400
2013-02-15,21.559999465942383,21.989999771118164,21.399999618530273,21.850000381469727,17.82921028137207,626900
2013-02-19,21.959999084472656,22.709999084472656,21.559999465942383,22.649999618530273,18.48198890686035,647800
2013-02-20,22.510000228881836,22.68000030517578,21.040000915527344,21.100000381469727,17.217220306396484,1021000
2013-02-21,21.049999237060547,21.329999923706055,19.860000610351562,20.600000381469727,16.809228897094727,605100
2013-02-22,20.760000228881836,21.479999542236328,20.729999542236328,20.920000076293945,17.070344924926758,444600
2013-02-25,21.079999923706055,21.239999771118164,19.760000228881836,19.829999923706055,16.180923461914062,343700
2013-02-26,19.950000762939453,20.149999618530273,19.389999389648438,19.690000534057617,16.066680908203125,292900
2013-02-27,19.770000457763672,20.389999389648438,19.770000457763672,20.280000686645508,16.548114776611328,255600
2013-02-28,20.280000686645508,20.700000762939453,20.09000015258789,20.25,16.523639678955078,336300
2013-03-01,19.979999542236328,20.5,19.850000381469727,20.25,16.523639678955078,238900
2013-03-04,20.200000762939453,20.40999984741211,20.020000457763672,20.229999542236328,16.507314682006836,258500
2013-03-05,20.43000030517578,21.030000686645508,20.399999618530273,20.799999237060547,16.972427368164062,347800
2013-03-06,20.81999969482422,21.25,20.81999969482422,21.049999237060547,17.176422119140625,270300
2013-03-07,21.1200008392334,21.280000686645508,20.8799991607666,21.25,17.339616775512695,246000
2013-03-08,21.5,21.670000076293945,21.1200008392334,21.170000076293945,17.274335861206055,233400
2013-03-11,21.1200008392334,21.350000381469727,20.850000381469727,21.350000381469727,17.42121696472168,203200
2013-03-12,21.309999465942383,21.850000381469727,21.049999237060547,21.639999389648438,17.65785026550293,246200
2013-03-13,21.6200008392334,21.940000534057617,21.329999923706055,21.65999984741211,17.674175262451172,219500
2013-03-14,21.709999084472656,21.93000030517578,21.329999923706055,21.459999084472656,17.510971069335938,226800
2013-03-15,21.489999771118164,21.530000686645508,21.149999618530273,21.469999313354492,17.519132614135742,319700
2013-03-18,21.860000610351562,22.3700008392334,21.510000228881836,21.93000030517578,17.894487380981445,388900
2013-03-19,22.040000915527344,22.5,21.770000457763672,21.889999389648438,17.861846923828125,234300
2013-03-20,22.020000457763672,22.420000076293945,21.950000762939453,22.270000457763672,18.171916961669922,310100
2013-03-21,22.06999969482422,22.739999771118164,21.81999969482422,22.059999465942383,18.000558853149414,278100
2013-03-22,22.280000686645508,22.360000610351562,21.670000076293945,21.690000534057617,17.698650360107422,216900
2013-03-25,21.729999542236328,21.8700008392334,20.959999084472656,21.309999465942383,17.38857650756836,388700
2013-03-26,21.489999771118164,21.719999313354492,20.969999313354492,21.190000534057617,17.290658950805664,222700
2013-03-27,21.030000686645508,21.43000030517578,20.799999237060547,21.329999923706055,17.404897689819336,351600
2013-03-28,22.5,22.979999542236328,22.420000076293945,22.709999084472656,18.53095054626465,1274700
2013-04-01,22.610000610351562,22.700000762939453,21.8700008392334,22.399999618530273,18.277996063232422,679100
2013-04-02,22.520000457763672,22.75,22.200000762939453,22.530000686645508,18.38407325744629,684600
2013-04-03,23.079999923706055,23.079999923706055,21.520000457763672,21.799999237060547,17.788406372070312,1026100
2013-04-04,21.0,21.690000534057617,20.049999237060547,20.889999389648438,17.045860290527344,2180200
2013-04-05,20.5,21.399999618530273,20.260000228881836,20.979999542236328,17.119304656982422,760700
2013-04-08,21.010000228881836,21.200000762939453,20.559999465942383,20.920000076293945,17.070344924926758,666400
2013-04-09,21.0,22.100000381469727,20.8799991607666,21.90999984741211,17.878171920776367,416200
2013-04-10,22.90999984741211,23.639999389648438,22.520000457763672,23.3799991607666,19.077659606933594,1056700
2013-04-11,23.200000762939453,23.56999969482422,22.860000610351562,23.389999389648438,19.085817337036133,506600
2013-04-12,23.1200008392334,23.260000228881836,22.68000030517578,22.809999465942383,18.612550735473633,365400
2013-04-15,23.43000030517578,23.489999771118164,21.360000610351562,21.739999771118164,17.73944854736328,725400
2013-04-16,22.200000762939453,22.649999618530273,22.100000381469727,22.420000076293945,18.2943172454834,740000
2013-04-17,22.149999618530273,22.790000915527344,21.700000762939453,22.0,17.95159912109375,605600
2013-04-18,22.049999237060547,22.5,21.700000762939453,22.34000015258789,18.22903823852539,453900
2013-04-19,22.459999084472656,22.649999618530273,22.020000457763672,22.5,18.359594345092773,395400
2013-04-22,22.649999618530273,22.700000762939453,21.969999313354492,22.649999618530273,18.48198890686035,397600
2013-04-23,22.809999465942383,22.829999923706055,22.5,22.809999465942383,18.612550735473633,274700
2013-04-24,22.8700008392334,23.479999542236328,22.3700008392334,23.3700008392334,19.069501876831055,419400
2013-04-25,23.469999313354492,23.540000915527344,22.829999923706055,22.979999542236328,18.751266479492188,450800
2013-04-26,22.84000015258789,22.84000015258789,22.049999237060547,22.219999313354492,18.13111686706543,458400
2013-04-29,22.350000381469727,22.479999542236328,22.030000686645508,22.25,18.155595779418945,308300
2013-04-30,22.190000534057617,23.200000762939453,22.09000015258789,22.559999465942383,18.408550262451172,445100
2013-05-01,22.479999542236328,22.6200008392334,21.639999389648438,21.850000381469727,17.82921028137207,530600
2013-05-02,21.959999084472656,22.059999465942383,21.459999084472656,21.739999771118164,17.73944854736328,348400
2013-05-03,21.989999771118164,22.84000015258789,21.829999923706055,22.270000457763672,18.171916961669922,465600
2013-05-06,22.299999237060547,22.829999923706055,22.270000457763672,22.700000762939453,18.522790908813477,254500
2013-05-07,22.709999084472656,22.950000762939453,22.299999237060547,22.700000762939453,18.522790908813477,365500
2013-05-08,22.649999618530273,23.739999771118164,22.540000915527344,23.030000686645508,18.79206657409668,427600
2013-05-09,22.979999542236328,23.600000381469727,22.700000762939453,23.299999237060547,19.012378692626953,302300
2013-05-10,23.209999084472656,23.5,22.889999389648438,23.170000076293945,18.90629768371582,211900
2013-05-13,23.149999618530273,23.440000534057617,22.549999237060547,23.239999771118164,18.963422775268555,246400
2013-05-14,23.18000030517578,24.0,23.149999618530273,23.8799991607666,19.485647201538086,309300
2013-05-15,23.84000015258789,24.0,23.420000076293945,23.940000534057617,19.534610748291016,237300
2013-05-16,23.799999237060547,24.459999084472656,23.719999313354492,24.0,19.58356475830078,325400
2013-05-17,24.18000030517578,24.399999618530273,23.790000915527344,24.18000030517578,19.730445861816406,394500
2013-05-20,24.149999618530273,24.559999465942383,23.959999084472656,24.479999542236328,19.975242614746094,359800
2013-05-21,24.360000610351562,24.8700008392334,24.100000381469727,24.639999389648438,20.105789184570312,374900
2013-05-22,24.68000030517578,25.239999771118164,23.700000762939453,23.889999389648438,19.493806838989258,704300
2013-05-23,23.56999969482422,23.709999084472656,23.209999084472656,23.670000076293945,19.314294815063477,220900
2013-05-24,23.479999542236328,23.729999542236328,23.049999237060547,23.729999542236328,19.36325454711914,191300
2013-05-28,24.059999465942383,24.530000686645508,23.979999542236328,24.469999313354492,19.96708106994629,283800
2013-05-29,24.389999389648438,24.399999618530273,24.0,24.309999465942383,19.836523056030273,326800
2013-05-30,24.31999969482422,24.540000915527344,24.190000534057617,24.309999465942383,19.836523056030273,178600
2013-05-31,24.09000015258789,24.149999618530273,23.40999984741211,23.450000762939453,19.13477325439453,589300
2013-06-03,23.559999465942383,24.299999237060547,23.190000534057617,24.1299991607666,19.68964195251465,586800
2013-06-04,24.18000030517578,24.440000534057617,23.59000015258789,23.989999771118164,19.57540512084961,295500
2013-06-05,23.8799991607666,23.889999389648438,23.010000228881836,23.170000076293945,18.90629768371582,317300
2013-06-06,23.190000534057617,23.489999771118164,22.940000534057617,23.200000762939453,18.9307804107666,304800
2013-06-07,23.350000381469727,24.389999389648438,23.350000381469727,23.940000534057617,19.534610748291016,261500
2013-06-10,24.209999084472656,24.700000762939453,24.209999084472656,24.600000381469727,20.07315444946289,381800
2013-06-11,24.350000381469727,24.75,24.100000381469727,24.440000534057617,19.94260025024414,338800
2013-06-12,24.610000610351562,24.940000534057617,24.350000381469727,24.5,19.991558074951172,537500
2013-06-13,24.43000030517578,25.329999923706055,24.34000015258789,24.81999969482422,20.252670288085938,637200
2013-06-14,24.799999237060547,25.170000076293945,24.469999313354492,24.59000015258789,20.065000534057617,331400
2013-06-17,24.84000015258789,24.959999084472656,24.34000015258789,24.489999771118164,19.983400344848633,208500
2013-06-18,24.459999084472656,25.079999923706055,24.329999923706055,24.690000534057617,20.146591186523438,350500
2013-06-19,24.68000030517578,24.889999389648438,24.459999084472656,24.510000228881836,19.999717712402344,185800
2013-06-20,24.030000686645508,24.549999237060547,23.600000381469727,24.0,19.58356475830078,544300
2013-06-21,23.989999771118164,24.239999771118164,22.93000030517578,23.100000381469727,18.84918212890625,460100
2013-06-24,22.68000030517578,22.68000030517578,22.049999237060547,22.280000686645508,18.180078506469727,426500
2013-06-25,22.440000534057617,23.489999771118164,22.389999389648438,23.329999923706055,19.03685760498047,372800
2013-06-26,23.549999237060547,24.0,23.309999465942383,23.600000381469727,19.257173538208008,512300
2013-06-27,23.829999923706055,24.290000915527344,23.829999923706055,24.15999984741211,19.714126586914062,203500
2013-06-28,24.1299991607666,24.549999237060547,24.010000228881836,24.3700008392334,19.885478973388672,467800
2013-07-01,24.56999969482422,24.75,23.56999969482422,23.700000762939453,19.33877182006836,567600
2013-07-02,22.100000381469727,23.3700008392334,22.0,22.270000457763672,18.171916961669922,1394000
2013-07-03,22.0,22.049999237060547,21.450000762939453,21.790000915527344,17.780244827270508,468700
2013-07-05,21.790000915527344,22.0,21.469999313354492,21.489999771118164,17.535451889038086,337200
2013-07-08,21.479999542236328,21.639999389648438,21.100000381469727,21.270000457763672,17.355934143066406,604500
2013-07-09,21.329999923706055,22.200000762939453,21.170000076293945,22.059999465942383,18.000558853149414,357200
2013-07-10,21.299999237060547,21.829999923706055,21.149999618530273,21.190000534057617,17.290658950805664,1161300
2013-07-11,21.600000381469727,21.770000457763672,21.209999084472656,21.579999923706055,17.6088924407959,443500
2013-07-12,21.479999542236328,22.040000915527344,21.479999542236328,21.950000762939453,17.910804748535156,359600
2013-07-15,21.979999542236328,22.239999771118164,21.780000686645508,22.0,17.95159912109375,319300
2013-07-16,21.989999771118164,22.3799991607666,21.799999237060547,22.18000030517578,18.09848403930664,297500
2013-07-17,22.280000686645508,22.690000534057617,22.1299991607666,22.3700008392334,18.253517150878906,212200
2013-07-18,22.420000076293945,22.950000762939453,22.399999618530273,22.690000534057617,18.514631271362305,314100
2013-07-19,22.610000610351562,23.18000030517578,22.440000534057617,23.1200008392334,18.865503311157227,257200
2013-07-22,23.110000610351562,23.239999771118164,22.780000686645508,23.040000915527344,18.80022621154785,388200
2013-07-23,23.09000015258789,23.489999771118164,22.690000534057617,23.25,18.971580505371094,712900
2013-07-24,23.219999313354492,23.450000762939453,22.899999618530273,23.020000457763672,18.783910751342773,522000
2013-07-25,22.920000076293945,23.110000610351562,22.34000015258789,22.81999969482422,18.62070655822754,346500
2013-07-26,22.639999389648438,22.670000076293945,22.15999984741211,22.450000762939453,18.318798065185547,331700
2013-07-29,22.40999984741211,22.610000610351562,22.299999237060547,22.389999389648438,18.26983642578125,180800
2013-07-30,22.540000915527344,22.8799991607666,22.540000915527344,22.670000076293945,18.498313903808594,188900
2013-07-31,22.770000457763672,23.110000610351562,22.670000076293945,22.8700008392334,18.66151237487793,258000
2013-08-01,23.18000030517578,23.25,22.549999237060547,23.0,18.767589569091797,422000
2013-08-02,22.959999084472656,23.579999923706055,22.81999969482422,23.229999542236328,18.955257415771484,358400
2013-08-05,23.40999984741211,23.510000228881836,23.25,23.43000030517578,19.118457794189453,178200
2013-08-06,23.3799991607666,23.479999542236328,23.049999237060547,23.1200008392334,18.865503311157227,199900
2013-08-07,23.040000915527344,23.229999542236328,22.610000610351562,22.920000076293945,18.702312469482422,320600
2013-08-08,23.100000381469727,23.520000457763672,23.100000381469727,23.389999389648438,19.085817337036133,159000
2013-08-09,23.3799991607666,23.700000762939453,22.899999618530273,23.34000015258789,19.045019149780273,189800
2013-08-12,23.329999923706055,23.639999389648438,23.190000534057617,23.520000457763672,19.191898345947266,260500
2013-08-13,23.600000381469727,23.600000381469727,23.100000381469727,23.329999923706055,19.03685760498047,207800
2013-08-14,23.360000610351562,23.559999465942383,23.149999618530273,23.239999771118164,18.963422775268555,202600
2013-08-15,22.920000076293945,23.049999237060547,22.200000762939453,22.440000534057617,18.31062889099121,295000
2013-08-16,22.350000381469727,22.799999237060547,22.350000381469727,22.739999771118164,18.555431365966797,161300
2013-08-19,22.739999771118164,23.020000457763672,22.40999984741211,22.56999969482422,18.41670799255371,198600
2013-08-20,22.579999923706055,23.479999542236328,22.5,23.270000457763672,18.98790168762207,255000
2013-08-21,23.15999984741211,23.489999771118164,22.950000762939453,23.170000076293945,18.90629768371582,227100
2013-08-22,23.309999465942383,24.0,23.270000457763672,23.690000534057617,19.330615997314453,226500
2013-08-23,23.709999084472656,23.940000534057617,23.280000686645508,23.829999923706055,19.444847106933594,190100
2013-08-26,23.829999923706055,24.049999237060547,23.639999389648438,23.780000686645508,19.404050827026367,186100
2013-08-27,23.450000762939453,23.56999969482422,22.59000015258789,22.600000381469727,18.441192626953125,246000
2013-08-28,22.600000381469727,22.84000015258789,22.530000686645508,22.639999389648438,18.473825454711914,170300
2013-08-29,22.65999984741211,23.329999923706055,22.65999984741211,23.079999923706055,18.83286476135254,106300
2013-08-30,23.079999923706055,23.1299991607666,22.40999984741211,22.56999969482422,18.41670799255371,153000
2013-09-03,22.969999313354492,23.15999984741211,22.56999969482422,22.799999237060547,18.60438346862793,109500
2013-09-04,22.780000686645508,23.329999923706055,22.780000686645508,23.229999542236328,18.955257415771484,191600
2013-09-05,23.229999542236328,23.84000015258789,23.229999542236328,23.540000915527344,19.20821762084961,268500
2013-09-06,23.690000534057617,23.709999084472656,23.100000381469727,23.309999465942383,19.020538330078125,127300
2013-09-09,23.350000381469727,24.100000381469727,23.350000381469727,24.020000457763672,19.599884033203125,291900
2013-09-10,24.25,25.0,24.059999465942383,24.829999923706055,20.260835647583008,303100
2013-09-11,24.719999313354492,24.90999984741211,24.1200008392334,24.579999923706055,20.05683708190918,268200
2013-09-12,24.510000228881836,24.90999984741211,24.40999984741211,24.440000534057617,19.94260025024414,127400
2013-09-13,24.489999771118164,24.829999923706055,24.219999313354492,24.520000457763672,20.00787925720215,261800
2013-09-16,24.93000030517578,25.40999984741211,24.56999969482422,24.670000076293945,20.130277633666992,223300
2013-09-17,24.690000534057617,24.90999984741211,24.40999984741211,24.479999542236328,19.975242614746094,292000
2013-09-18,24.450000762939453,25.25,24.360000610351562,25.049999237060547,20.44034767150879,215300
2013-09-19,25.15999984741211,25.489999771118164,25.040000915527344,25.34000015258789,20.676979064941406,279700
2013-09-20,25.459999084472656,25.5,24.59000015258789,24.739999771118164,20.187395095825195,338000
2013-09-23,24.729999542236328,24.729999542236328,24.40999984741211,24.6299991607666,20.097637176513672,153100
2013-09-24,24.6200008392334,24.979999542236328,24.479999542236328,24.700000762939453,20.15475845336914,145300
2013-09-25,24.770000457763672,25.190000534057617,24.600000381469727,24.65999984741211,20.122114181518555,166600
2013-09-26,24.709999084472656,24.979999542236328,24.520000457763672,24.770000457763672,20.211872100830078,111200
2013-09-27,24.520000457763672,24.670000076293945,24.3799991607666,24.5,19.991558074951172,92000
2013-09-30,24.149999618530273,24.979999542236328,23.920000076293945,24.729999542236328,20.179243087768555,169100
2013-10-01,24.75,25.31999969482422,24.700000762939453,25.200000762939453,20.562746047973633,133900
2013-10-02,25.010000228881836,25.450000762939453,24.950000762939453,25.209999084472656,20.570905685424805,157500
2013-10-03,25.200000762939453,25.440000534057617,24.68000030517578,25.09000015258789,20.472990036010742,170100
2013-10-04,25.030000686645508,25.5,24.90999984741211,25.18000030517578,20.546428680419922,273500
2013-10-07,24.90999984741211,25.170000076293945,24.670000076293945,24.809999465942383,20.2445125579834,127300
2013-10-08,24.75,25.049999237060547,24.190000534057617,24.200000762939453,19.746763229370117,202300
2013-10-09,24.260000228881836,24.440000534057617,23.600000381469727,24.280000686645508,19.812040328979492,188900
2013-10-10,24.670000076293945,25.260000228881836,24.420000076293945,25.25,20.603548049926758,157400
2013-10-11,25.110000610351562,26.190000534057617,25.110000610351562,25.790000915527344,21.044178009033203,307200
2013-10-14,25.65999984741211,26.309999465942383,25.600000381469727,26.239999771118164,21.41136932373047,135900
2013-10-15,26.170000076293945,26.299999237060547,25.6200008392334,25.799999237060547,21.052331924438477,130200
2013-10-16,25.969999313354492,26.219999313354492,25.760000228881836,25.84000015258789,21.084978103637695,207900
2013-10-17,25.649999618530273,25.950000762939453,25.59000015258789,25.700000762939453,20.970741271972656,188600
2013-10-18,25.700000762939453,25.729999542236328,25.1200008392334,25.290000915527344,20.63618278503418,299500
2013-10-21,25.260000228881836,25.549999237060547,24.989999771118164,25.1200008392334,20.497467041015625,249000
2013-10-22,25.3700008392334,25.989999771118164,25.299999237060547,25.829999923706055,21.076814651489258,341400
2013-10-23,25.719999313354492,25.829999923706055,25.350000381469727,25.6200008392334,20.90546417236328,172700
2013-10-24,25.600000381469727,26.729999542236328,25.3799991607666,26.610000610351562,21.713285446166992,302100
2013-10-25,26.719999313354492,26.809999465942383,26.200000762939453,26.739999771118164,21.819360733032227,167600
2013-10-28,26.790000915527344,26.959999084472656,26.0,26.280000686645508,21.444007873535156,218500
2013-10-29,26.299999237060547,26.510000228881836,25.809999465942383,25.90999984741211,21.14208984375,162100
2013-10-30,25.899999618530273,25.959999084472656,24.790000915527344,24.979999542236328,20.383228302001953,236200
2013-10-31,26.65999984741211,28.0,25.850000381469727,26.540000915527344,21.65616226196289,1065300
2013-11-01,27.799999237060547,30.0,27.3700008392334,29.770000457763672,24.29178237915039,1472500
2013-11-04,29.93000030517578,31.40999984741211,29.93000030517578,31.149999618530273,25.41783905029297,634000
2013-11-05,30.950000762939453,31.610000610351562,30.31999969482422,31.420000076293945,25.638153076171875,717200
2013-11-06,31.65999984741211,31.899999618530273,30.420000076293945,31.040000915527344,25.328083038330078,950700
2013-11-07,31.31999969482422,31.59000015258789,29.90999984741211,30.600000381469727,24.969045639038086,663100
2013-11-08,30.579999923706055,31.350000381469727,30.559999465942383,31.040000915527344,25.328083038330078,543800
2013-11-11,31.299999237060547,31.600000381469727,31.040000915527344,31.1299991607666,25.40151596069336,402500
2013-11-12,30.950000762939453,31.530000686645508,30.950000762939453,31.219999313354492,25.474952697753906,280800
2013-11-13,30.93000030517578,32.290000915527344,30.719999313354492,32.18000030517578,26.258296966552734,301500
2013-11-14,32.060001373291016,32.79999923706055,31.770000457763672,32.779998779296875,26.747886657714844,340500
2013-11-15,32.93000030517578,33.20000076293945,32.459999084472656,32.599998474121094,26.60101318359375,391000
2013-11-18,31.959999084472656,32.33000183105469,30.6200008392334,30.920000076293945,25.230167388916016,677300
2013-11-19,30.8799991607666,31.579999923706055,30.260000228881836,30.899999618530273,25.213842391967773,346500
2013-11-20,31.0,31.6200008392334,30.829999923706055,31.25,25.499435424804688,216300
2013-11-21,30.670000076293945,30.670000076293945,28.739999771118164,29.40999984741211,23.998023986816406,995700
2013-11-22,29.399999618530273,31.1200008392334,29.399999618530273,31.0,25.295434951782227,525000
2013-11-25,31.149999618530273,31.489999771118164,30.75,31.190000534057617,25.450481414794922,293200
2013-11-26,31.229999542236328,31.809999465942383,31.059999465942383,31.3799991607666,25.60550880432129,191000
2013-11-27,31.3799991607666,31.5,30.860000610351562,31.459999084472656,25.670795440673828,197100
2013-11-29,31.309999465942383,31.56999969482422,31.110000610351562,31.25,25.499435424804688,89900
2013-12-02,31.290000915527344,31.770000457763672,30.899999618530273,31.469999313354492,25.6789608001709,256400
2013-12-03,31.280000686645508,31.280000686645508,30.729999542236328,31.040000915527344,25.328083038330078,403900
2013-12-04,30.950000762939453,31.719999313354492,30.75,31.139999389648438,25.409679412841797,234400
2013-12-05,31.030000686645508,31.309999465942383,30.459999084472656,30.809999465942383,25.140405654907227,145600
2013-12-06,31.09000015258789,31.3700008392334,30.81999969482422,30.81999969482422,25.1485652923584,266100
2013-12-09,30.989999771118164,31.809999465942383,30.90999984741211,31.360000610351562,25.58919334411621,424600
2013-12-10,31.5,32.209999084472656,31.360000610351562,32.119998931884766,26.209335327148438,401000
2013-12-11,32.06999969482422,32.220001220703125,30.8799991607666,30.889999389648438,25.205684661865234,278000
2013-12-12,30.920000076293945,31.360000610351562,30.850000381469727,31.06999969482422,25.352561950683594,351000
2013-12-13,31.200000762939453,31.579999923706055,30.899999618530273,30.920000076293945,25.230167388916016,271700
2013-12-16,31.020000457763672,32.0,31.020000457763672,31.690000534057617,25.858470916748047,244800
2013-12-17,31.719999313354492,32.09000015258789,31.450000762939453,31.989999771118164,26.103267669677734,266900
2013-12-18,32.0,32.63999938964844,31.479999542236328,32.38999938964844,26.429655075073242,288400
2013-12-19,32.25,32.58000183105469,32.0,32.470001220703125,26.494935989379883,291400
2013-12-20,32.560001373291016,33.040000915527344,32.38999938964844,32.630001068115234,26.6254940032959,428700
2013-12-23,32.880001068115234,33.31999969482422,32.43000030517578,32.630001068115234,26.6254940032959,281000
2013-12-24,32.650001525878906,32.97999954223633,32.650001525878906,32.77000045776367,26.739728927612305,108400
2013-12-26,32.84000015258789,33.099998474121094,32.630001068115234,32.75,26.723403930664062,124700
2013-12-27,32.91999816894531,33.13999938964844,32.630001068115234,32.83000183105469,26.788684844970703,128300
2013-12-30,33.04999923706055,33.25,32.709999084472656,32.91999816894531,26.86212921142578,196500
2013-12-31,33.0,33.56999969482422,32.84000015258789,32.84000015258789,26.796846389770508,364300
2014-01-02,32.529998779296875,32.7599983215332,31.739999771118164,32.369998931884766,26.413330078125,460700
2014-01-03,32.43000030517578,32.58000183105469,32.06999969482422,32.31999969482422,26.372535705566406,282000
2014-01-06,32.47999954223633,32.47999954223633,31.579999923706055,31.84000015258789,25.98086929321289,319500
2014-01-07,31.860000610351562,32.29999923706055,31.610000610351562,32.220001220703125,26.290939331054688,602200
2014-01-08,30.59000015258789,33.7599983215332,30.59000015258789,33.25,27.131404876708984,1019400
2014-01-09,33.560001373291016,34.529998779296875,33.34000015258789,34.5099983215332,28.159542083740234,879800
2014-01-10,34.61000061035156,34.72999954223633,34.099998474121094,34.70000076293945,28.3145809173584,439300
2014-01-13,34.7400016784668,34.86000061035156,34.2599983215332,34.70000076293945,28.3145809173584,495000
2014-01-14,35.0,35.060001373291016,34.310001373291016,34.40999984741211,28.07794189453125,365300
2014-01-15,34.33000183105469,35.119998931884766,34.33000183105469,34.939998626708984,28.51041030883789,267700
2014-01-16,36.689998626708984,37.2400016784668,36.189998626708984,37.06999969482422,30.24846076965332,772200
2014-01-17,36.959999084472656,37.0,36.02000045776367,36.16999816894531,29.51407814025879,283600
2014-01-21,36.529998779296875,37.310001373291016,36.209999084472656,36.65999984741211,29.91390037536621,400700
2014-01-22,36.63999938964844,37.56999969482422,36.63999938964844,37.27000045776367,30.411653518676758,297600
2014-01-23,37.11000061035156,38.349998474121094,37.11000061035156,38.0,31.007314682006836,626900
2014-01-24,37.61000061035156,38.02000045776367,36.4900016784668,36.619998931884766,29.88125228881836,425100
2014-01-27,36.59000015258789,36.79999923706055,35.33000183105469,35.83000183105469,29.23662757873535,306700
2014-01-28,36.040000915527344,37.02000045776367,35.9900016784668,36.7599983215332,29.995498657226562,264400
2014-01-29,36.40999984741211,36.790000915527344,35.70000076293945,35.790000915527344,29.20399284362793,306800
2014-01-30,36.279998779296875,37.27000045776367,36.04999923706055,37.0099983215332,30.199493408203125,450300
2014-01-31,36.56999969482422,37.25,36.34000015258789,36.689998626708984,29.93837547302246,212100
2014-02-03,36.529998779296875,36.59000015258789,33.61000061035156,33.97999954223633,27.727067947387695,529900
2014-02-04,34.27000045776367,34.86000061035156,33.5099983215332,34.36000061035156,28.037145614624023,343600
2014-02-05,34.02000045776367,34.189998626708984,32.58000183105469,33.189998626708984,27.082439422607422,429100
2014-02-06,33.27000045776367,33.849998474121094,33.040000915527344,33.75,27.539386749267578,223200
2014-02-07,34.02000045776367,34.91999816894531,33.77000045776367,34.70000076293945,28.3145809173584,334300
2014-02-10,34.900001525878906,35.220001220703125,34.08000183105469,34.220001220703125,27.922908782958984,332000
2014-02-11,34.189998626708984,35.31999969482422,34.119998931884766,35.290000915527344,28.795997619628906,284800
2014-02-12,35.209999084472656,36.83000183105469,35.11000061035156,36.5099983215332,29.791501998901367,569300
2014-02-13,36.09000015258789,37.470001220703125,36.040000915527344,37.150001525878906,30.31372833251953,358300
2014-02-14,37.15999984741211,37.27000045776367,36.150001525878906,36.650001525878906,29.90574073791504,308500
2014-02-18,36.88999938964844,38.0,36.70000076293945,37.849998474121094,30.884916305541992,474000
2014-02-19,37.560001373291016,38.02000045776367,37.0099983215332,37.119998931884766,30.28925132751465,337900
2014-02-20,37.77000045776367,39.95000076293945,37.77000045776367,39.34000015258789,32.10073471069336,689400
2014-02-21,39.66999816894531,40.959999084472656,38.90999984741211,40.84000015258789,33.324710845947266,727500
2014-02-24,41.0,41.83000183105469,40.5,41.20000076293945,33.61845779418945,502100
2014-02-25,40.38999938964844,42.209999084472656,40.0,40.709999084472656,33.218631744384766,912500
2014-02-26,40.869998931884766,41.9900016784668,40.70000076293945,41.400001525878906,33.78166580200195,719400
2014-02-27,41.29999923706055,42.040000915527344,41.18000030517578,41.779998779296875,34.09172058105469,445900
2014-02-28,41.849998474121094,43.20000076293945,41.7400016784668,42.06999969482422,34.328369140625,344400
2014-03-03,42.0,43.959999084472656,41.400001525878906,43.81999969482422,35.756343841552734,926800
2014-03-04,44.47999954223633,45.61000061035156,44.47999954223633,44.849998474121094,36.59679412841797,892800
2014-03-05,45.66999816894531,46.150001525878906,44.58000183105469,44.95000076293945,36.678382873535156,855600
2014-03-06,45.2400016784668,46.0,45.15999984741211,45.720001220703125,37.30670166015625,599500
2014-03-07,46.310001373291016,47.150001525878906,46.02000045776367,46.34000015258789,37.81259536743164,893000
2014-03-10,46.189998626708984,46.29999923706055,44.68000030517578,45.540000915527344,37.159820556640625,426500
2014-03-11,45.66999816894531,45.869998931884766,44.88999938964844,45.220001220703125,36.89871597290039,555500
2014-03-12,45.0099983215332,46.13999938964844,44.560001373291016,46.13999938964844,37.649410247802734,428200
2014-03-13,46.25,47.09000015258789,45.2599983215332,45.88999938964844,37.445404052734375,341000
2014-03-14,45.56999969482422,46.5099983215332,45.52000045776367,46.220001220703125,37.714691162109375,318200
2014-03-17,46.709999084472656,47.29999923706055,46.43000030517578,46.810001373291016,38.19612503051758,390500
2014-03-18,46.95000076293945,47.27000045776367,46.599998474121094,47.20000076293945,38.514347076416016,311400
2014-03-19,47.16999816894531,47.33000183105469,45.619998931884766,46.029998779296875,37.559654235839844,441800
2014-03-20,46.06999969482422,46.70000076293945,45.75,46.119998931884766,37.63309097290039,270600
2014-03-21,46.459999084472656,46.75,45.86000061035156,45.869998931884766,37.42908477783203,436500
2014-03-24,46.349998474121094,46.869998931884766,45.529998779296875,46.29999923706055,37.77996826171875,505700
2014-03-25,46.63999938964844,47.20000076293945,46.22999954223633,46.349998474121094,37.820770263671875,322800
2014-03-26,46.349998474121094,46.939998626708984,44.09000015258789,44.22999954223633,36.09088134765625,615500
2014-03-27,44.20000076293945,44.68000030517578,43.04999923706055,43.70000076293945,35.65842056274414,389900
2014-03-28,43.7400016784668,44.95000076293945,43.720001220703125,44.310001373291016,36.15616989135742,398200
2014-03-31,44.869998931884766,45.93000030517578,44.65999984741211,45.599998474121094,37.20876693725586,572000
2014-04-01,46.13999938964844,47.029998779296875,45.470001220703125,46.970001220703125,38.32666778564453,625000
2014-04-02,47.349998474121094,48.11000061035156,46.75,47.709999084472656,38.93049621582031,1133700
2014-04-03,46.939998626708984,48.689998626708984,45.13999938964844,46.560001373291016,37.99212646484375,1638100
2014-04-04,46.959999084472656,47.22999954223633,45.34000015258789,45.900001525878906,37.45356369018555,589700
2014-04-07,45.58000183105469,45.900001525878906,42.290000915527344,43.209999084472656,35.25857925415039,775300
2014-04-08,43.2400016784668,44.900001525878906,43.150001525878906,43.93000030517578,35.84608840942383,685600
2014-04-09,44.25,45.2400016784668,44.04999923706055,45.150001525878906,36.84159469604492,286800
2014-04-10,45.220001220703125,45.61000061035156,44.209999084472656,45.0,36.71918869018555,551400
2014-04-11,44.2599983215332,44.849998474121094,43.08000183105469,43.369998931884766,35.38914108276367,443200
2014-04-14,44.040000915527344,44.7599983215332,43.529998779296875,44.040000915527344,35.93584442138672,330600
2014-04-15,44.619998931884766,45.29999923706055,43.77000045776367,44.88999938964844,36.62943649291992,452000
2014-04-16,45.189998626708984,46.599998474121094,45.099998474121094,46.16999816894531,37.673885345458984,398400
2014-04-17,46.16999816894531,46.83000183105469,46.029998779296875,46.70000076293945,38.106361389160156,258600
2014-04-21,46.7400016784668,46.84000015258789,45.81999969482422,46.72999954223633,38.13085174560547,171800
2014-04-22,47.0,49.2599983215332,47.0,48.849998474121094,39.8607177734375,1052800
2014-04-23,48.7400016784668,49.189998626708984,48.31999969482422,48.369998931884766,39.46903991699219,430400
2014-04-24,48.939998626708984,52.189998626708984,48.77000045776367,51.72999954223633,42.210750579833984,1348600
2014-04-25,51.709999084472656,52.11000061035156,49.81999969482422,50.20000076293945,40.96228790283203,802100
2014-04-28,50.52000045776367,50.9900016784668,49.040000915527344,49.47999954223633,40.37479019165039,496100
2014-04-29,49.900001525878906,50.560001373291016,49.5,50.060001373291016,40.848060607910156,385800
2014-04-30,50.88999938964844,52.61000061035156,50.47999954223633,52.439998626708984,42.79010009765625,1146700
2014-05-01,52.0099983215332,52.2599983215332,51.029998779296875,51.11000061035156,41.7048454284668,732800
2014-05-02,51.130001068115234,52.25,50.58000183105469,50.83000183105469,41.476356506347656,522600
2014-05-05,50.560001373291016,51.27000045776367,49.709999084472656,49.97999954223633,40.78277587890625,534900
2014-05-06,49.9900016784668,50.63999938964844,49.060001373291016,49.38999938964844,40.30134963989258,534300
2014-05-07,49.439998626708984,50.09000015258789,48.2599983215332,49.59000015258789,40.46454620361328,493900
2014-05-08,49.630001068115234,50.0,47.869998931884766,48.439998626708984,39.52616500854492,802000
2014-05-09,48.380001068115234,50.810001373291016,48.150001525878906,50.380001068115234,41.10916519165039,652000
2014-05-12,50.7400016784668,52.31999969482422,50.5,51.880001068115234,42.3331413269043,460500
2014-05-13,51.619998931884766,52.20000076293945,50.90999984741211,51.029998779296875,41.639564514160156,420200
2014-05-14,51.02000045776367,51.27000045776367,50.13999938964844,50.349998474121094,41.08469009399414,278700
2014-05-15,50.310001373291016,51.0,49.310001373291016,50.33000183105469,41.068382263183594,606100
2014-05-16,50.29999923706055,51.04999923706055,49.709999084472656,51.0,41.61508560180664,333100
2014-05-19,50.779998779296875,52.0,50.650001525878906,51.70000076293945,42.186279296875,271900
2014-05-20,51.720001220703125,51.880001068115234,49.869998931884766,50.61000061035156,41.296844482421875,539500
2014-05-21,51.9900016784668,54.689998626708984,51.65999984741211,54.2599983215332,44.275184631347656,1647300
2014-05-22,55.02000045776367,55.66999816894531,53.869998931884766,54.0,44.06303024291992,890100
2014-05-23,54.279998779296875,55.869998931884766,53.97999954223633,55.5,45.28700256347656,501300
2014-05-27,56.36000061035156,56.650001525878906,55.099998474121094,55.61000061035156,45.37674331665039,635500
2014-05-28,55.61000061035156,56.130001068115234,55.209999084472656,55.40999984741211,45.21356201171875,400100
2014-05-29,55.54999923706055,55.75,54.900001525878906,55.65999984741211,45.41755294799805,256800
2014-05-30,55.849998474121094,56.47999954223633,54.97999954223633,55.5,45.28700256347656,383900
2014-06-02,55.630001068115234,56.90999984741211,55.38999938964844,56.459999084472656,46.070335388183594,419300
2014-06-03,56.099998474121094,56.91999816894531,54.060001373291016,54.72999954223633,44.65869903564453,687900
2014-06-04,55.310001373291016,55.7599983215332,54.0,55.20000076293945,45.04220199584961,446200
2014-06-05,55.689998626708984,56.2400016784668,55.0,55.63999938964844,45.401241302490234,571300
2014-06-06,55.75,56.81999969482422,55.75,56.310001373291016,45.947940826416016,421000
2014-06-09,56.279998779296875,58.119998931884766,56.08000183105469,57.38999938964844,46.82920837402344,444500
2014-06-10,57.34000015258789,57.91999816894531,57.02000045776367,57.63999938964844,47.033203125,371000
2014-06-11,57.11000061035156,57.939998626708984,56.81999969482422,57.689998626708984,47.073997497558594,305100
2014-06-12,57.5,57.650001525878906,56.099998474121094,56.2599983215332,45.90713882446289,478000
2014-06-13,56.619998931884766,57.4900016784668,56.43000030517578,57.02000045776367,46.52729797363281,346400
2014-06-16,57.209999084472656,58.619998931884766,57.08000183105469,58.0,47.32695007324219,411500
2014-06-17,57.7599983215332,58.58000183105469,57.31999969482422,57.470001220703125,46.89448165893555,287700
2014-06-18,57.68000030517578,58.709999084472656,57.209999084472656,58.68000030517578,47.88182067871094,324100
2014-06-19,61.09000015258789,62.959999084472656,59.81999969482422,60.08000183105469,49.02418899536133,1133000
2014-06-20,60.689998626708984,60.779998779296875,58.869998931884766,59.119998931884766,48.2408561706543,636500
2014-06-23,59.34000015258789,59.779998779296875,58.25,59.029998779296875,48.16741943359375,551300
2014-06-24,58.68000030517578,59.25,57.66999816894531,57.939998626708984,47.27798080444336,449300
2014-06-25,57.9900016784668,58.86000061035156,57.68000030517578,58.59000015258789,47.808380126953125,486400
2014-06-26,58.619998931884766,58.790000915527344,57.58000183105469,58.0099983215332,47.33510971069336,613200
2014-06-27,57.86000061035156,58.43000030517578,56.93000030517578,57.09000015258789,46.584415435791016,1765000
2014-06-30,57.04999923706055,58.0,57.0,57.599998474121094,47.00056076049805,741600
2014-07-01,57.90999984741211,58.2599983215332,57.220001220703125,57.709999084472656,47.09031677246094,812800
2014-07-02,62.720001220703125,64.88999938964844,62.349998474121094,64.61000061035156,52.7205924987793,3303100
2014-07-03,65.27999877929688,67.83999633789062,64.69999694824219,67.29000091552734,54.907432556152344,1343800
2014-07-07,67.37000274658203,67.37000274658203,65.62000274658203,65.8499984741211,53.732421875,666300
2014-07-08,65.98999786376953,66.16000366210938,64.55999755859375,65.55999755859375,53.49577331542969,871400
2014-07-09,66.0,66.9000015258789,65.7300033569336,65.98999786376953,53.84664535522461,464000
2014-07-10,64.11000061035156,65.94999694824219,63.90999984741211,65.0999984741211,53.12042236328125,524900
2014-07-11,65.12000274658203,65.37000274658203,64.25,65.01000213623047,53.16950607299805,485700
2014-07-14,65.80000305175781,66.04000091552734,65.30000305175781,65.94000244140625,53.93012619018555,604500
2014-07-15,65.98999786376953,66.52999877929688,65.13999938964844,65.1500015258789,53.28400802612305,438900
2014-07-16,65.69000244140625,66.5,65.19999694824219,65.73999786376953,53.766536712646484,472400
2014-07-17,65.25,66.4800033569336,64.44000244140625,64.61000061035156,52.84235763549805,541900
2014-07-18,64.66999816894531,65.97000122070312,64.58000183105469,65.83999633789062,53.84831619262695,388100
2014-07-21,64.66000366210938,65.12999725341797,62.810001373291016,64.9000015258789,53.07953643798828,733200
2014-07-22,65.66999816894531,66.83000183105469,65.18000030517578,66.06999969482422,54.03643035888672,572200
2014-07-23,66.02999877929688,67.76000213623047,65.55000305175781,66.58999633789062,54.46171569824219,896400
2014-07-24,67.04000091552734,67.37000274658203,65.94999694824219,66.79000091552734,54.625301361083984,661700
2014-07-25,66.30999755859375,67.30999755859375,66.25,66.9800033569336,54.780696868896484,575100
2014-07-28,66.8499984741211,67.5,65.91000366210938,66.44999694824219,54.347225189208984,430400
2014-07-29,66.44999694824219,66.80999755859375,65.75,66.2300033569336,54.16730499267578,431900
2014-07-30,66.93000030517578,67.94000244140625,66.56999969482422,67.77999877929688,55.434974670410156,506800
2014-07-31,67.30999755859375,67.44999694824219,64.12999725341797,64.44999694824219,52.71148681640625,829100
2014-08-01,64.16999816894531,64.91000366210938,62.88999938964844,63.86000061035156,52.22895050048828,472900
2014-08-04,64.25,65.41000366210938,63.63999938964844,65.19999694824219,53.324886322021484,474900
2014-08-05,65.0,66.04000091552734,64.55000305175781,65.0199966430664,53.17767333984375,441100
2014-08-06,63.75,64.26000213623047,60.810001373291016,61.36000061035156,50.18429183959961,1018800
2014-08-07,61.84000015258789,62.72999954223633,60.619998931884766,60.790000915527344,49.718101501464844,780700
2014-08-08,60.81999969482422,62.81999969482422,60.08000183105469,62.709999084472656,51.28841018676758,538800
2014-08-11,63.56999969482422,64.51000213623047,63.25,64.01000213623047,52.351627349853516,521200
2014-08-12,64.12000274658203,64.56999969482422,62.470001220703125,62.86000061035156,51.41108703613281,410000
2014-08-13,63.20000076293945,65.05999755859375,63.18000030517578,64.5999984741211,52.83417510986328,790000
2014-08-14,64.73999786376953,65.0199966430664,63.83000183105469,64.37999725341797,52.654239654541016,516700
2014-08-15,64.5,65.25,63.75,64.70999908447266,52.92414093017578,508300
2014-08-18,65.38999938964844,68.19000244140625,65.33999633789062,68.0199966430664,55.631263732910156,777300
2014-08-19,68.58999633789062,70.5,68.51000213623047,69.62999725341797,56.948036193847656,1006800
2014-08-20,69.43000030517578,71.19999694824219,69.05000305175781,70.79000091552734,57.896766662597656,697600
2014-08-21,70.98999786376953,72.02999877929688,70.0,70.61000061035156,57.749549865722656,552200
2014-08-22,70.55999755859375,71.68000030517578,69.41000366210938,71.30000305175781,58.313873291015625,556400
2014-08-25,72.06999969482422,72.16000366210938,71.05000305175781,71.61000061035156,58.56740188598633,451800
2014-08-26,71.91999816894531,72.79000091552734,70.93000030517578,71.05000305175781,58.10940170288086,661400
2014-08-27,71.38999938964844,72.56999969482422,71.05999755859375,71.9800033569336,58.87002182006836,369200
2014-08-28,71.31999969482422,71.72000122070312,69.77999877929688,71.33999633789062,58.34659194946289,458400
2014-08-29,71.5,71.81999969482422,70.66000366210938,71.5199966430664,58.493797302246094,331600
2014-09-02,72.0199966430664,73.29000091552734,71.80000305175781,73.23999786376953,59.90052795410156,454900
2014-09-03,73.5,74.19999694824219,71.91000366210938,72.33000183105469,59.15628433227539,388600
2014-09-04,72.77999877929688,74.37999725341797,72.62000274658203,72.80000305175781,59.54068374633789,544400
2014-09-05,72.54000091552734,72.80000305175781,70.51000213623047,71.87000274658203,58.78006362915039,477300
2014-09-08,71.94999694824219,73.19999694824219,71.45999908447266,72.06999969482422,58.943634033203125,474900
2014-09-09,72.30000305175781,72.30000305175781,69.69999694824219,70.18000030517578,57.397865295410156,432800
2014-09-10,70.0199966430664,70.70999908447266,68.75,69.97000122070312,57.22611999511719,399400
2014-09-11,69.5199966430664,72.45999908447266,69.41000366210938,72.20999908447266,59.058143615722656,639300
2014-09-12,72.31999969482422,72.4800033569336,71.30000305175781,71.97000122070312,58.86185073852539,591400
2014-09-15,71.81999969482422,71.8499984741211,68.06999969482422,69.01000213623047,56.44096374511719,625500
2014-09-16,69.1500015258789,72.33000183105469,69.11000061035156,71.72000122070312,58.657379150390625,732600
2014-09-17,73.23999786376953,74.98999786376953,73.23999786376953,73.8499984741211,60.39944839477539,1103800
2014-09-18,74.66999816894531,77.56999969482422,74.48999786376953,77.54000091552734,63.417362213134766,1125000
2014-09-19,78.23999786376953,78.31999969482422,74.97000122070312,75.93000030517578,62.100616455078125,1064200
2014-09-22,75.4000015258789,75.55000305175781,72.66000366210938,75.12999725341797,61.44629669189453,666300
2014-09-23,74.8499984741211,76.06999969482422,74.54000091552734,74.86000061035156,61.22547912597656,680300
2014-09-24,75.13999938964844,75.44999694824219,73.76000213623047,75.26000213623047,61.55263900756836,481800
2014-09-25,75.12000274658203,75.55999755859375,73.20999908447266,73.6500015258789,60.23585891723633,601700
2014-09-26,74.47000122070312,76.66999816894531,74.47000122070312,75.87000274658203,62.051544189453125,464100
2014-09-29,74.69000244140625,75.12000274658203,73.87000274658203,74.54000091552734,60.96376419067383,557500
2014-09-30,74.68000030517578,74.91999816894531,73.2699966430664,73.37999725341797,60.015045166015625,442100
2014-10-01,73.33999633789062,73.41999816894531,65.13999938964844,65.91000366210938,53.905582427978516,2060600
2014-10-02,65.55999755859375,66.91999816894531,60.7599983215332,64.37000274658203,52.64606475830078,2028200
2014-10-03,65.75,65.75,62.900001525878906,65.0,53.16132736206055,1017800
2014-10-06,64.9000015258789,65.69000244140625,61.79999923706055,63.099998474121094,51.60737228393555,656600
2014-10-07,62.38999938964844,62.779998779296875,60.09000015258789,60.15999984741211,49.202842712402344,658400
2014-10-08,59.720001220703125,60.349998474121094,54.029998779296875,60.08000183105469,49.137420654296875,2981100
2014-10-09,59.66999816894531,59.75,56.310001373291016,56.400001525878906,46.12766647338867,1229400
2014-10-10,55.7400016784668,57.349998474121094,53.400001525878906,54.08000183105469,44.2302131652832,1158500
2014-10-13,54.36000061035156,54.95000076293945,48.31999969482422,48.52000045776367,39.68288803100586,1717400
2014-10-14,48.880001068115234,50.5099983215332,46.45000076293945,47.619998931884766,38.94678497314453,2113200
2014-10-15,46.38999938964844,49.95000076293945,45.09000015258789,49.47999954223633,40.46803283691406,1807000
2014-10-16,47.310001373291016,53.75,47.130001068115234,52.95000076293945,43.3060302734375,1464500
2014-10-17,54.54999923706055,58.099998474121094,53.779998779296875,55.66999816894531,45.5306282043457,2135600
2014-10-20,55.709999084472656,56.220001220703125,54.04999923706055,55.130001068115234,45.0889778137207,1173700
2014-10-21,55.619998931884766,59.97999954223633,55.41999816894531,58.22999954223633,47.62436294555664,1340400
2014-10-22,58.61000061035156,58.880001068115234,56.5,57.58000183105469,47.092750549316406,1116400
2014-10-23,58.720001220703125,63.9900016784668,58.38999938964844,62.97999954223633,51.50923538208008,1414600
2014-10-24,63.02000045776367,64.44000244140625,60.91999816894531,62.29999923706055,50.95308303833008,744300
2014-10-27,62.08000183105469,62.880001068115234,59.7400016784668,61.09000015258789,49.96345520019531,1112600
2014-10-28,62.029998779296875,65.0999984741211,61.9900016784668,64.56999969482422,52.80964279174805,1170300
2014-10-29,64.4000015258789,64.62999725341797,61.029998779296875,63.2599983215332,51.73823547363281,1435900
2014-10-30,61.79999923706055,64.23999786376953,59.880001068115234,60.7400016784668,49.677207946777344,1900100
2014-10-31,62.599998474121094,62.599998474121094,59.75,62.540000915527344,51.14937210083008,1305200
2014-11-03,62.95000076293945,62.959999084472656,60.540000915527344,61.11000061035156,49.97981643676758,1034000
2014-11-04,61.29999923706055,61.34000015258789,56.54999923706055,57.310001373291016,46.87192153930664,1514600
2014-11-05,58.16999816894531,60.47999954223633,57.58000183105469,57.95000076293945,47.39536666870117,852200
2014-11-06,58.290000915527344,60.56999969482422,58.029998779296875,60.130001068115234,49.178314208984375,690300
2014-11-07,60.52000045776367,61.56999969482422,59.61000061035156,59.90999984741211,49.12091064453125,510500
2014-11-10,60.0,62.11000061035156,60.0,61.0,50.01461410522461,745200
2014-11-11,61.0,61.65999984741211,60.0099983215332,61.5,50.4245719909668,602800
2014-11-12,60.709999084472656,62.619998931884766,60.66999816894531,62.45000076293945,51.2034912109375,888200
2014-11-13,64.30000305175781,66.91999816894531,63.0,63.5,52.064395904541016,1268600
2014-11-14,63.88999938964844,64.43000030517578,62.540000915527344,62.630001068115234,51.35107421875,675400
2014-11-17,62.439998626708984,63.779998779296875,62.0099983215332,62.90999984741211,51.580650329589844,589600
2014-11-18,63.2400016784668,65.23999786376953,63.0099983215332,64.44999694824219,52.84330749511719,602200
2014-11-19,64.2300033569336,64.88999938964844,63.18000030517578,63.4900016784668,52.056190490722656,555500
2014-11-20,63.25,65.27999877929688,62.91999816894531,65.08000183105469,53.359859466552734,688500
2014-11-21,66.0199966430664,67.44999694824219,65.25,65.86000061035156,53.999385833740234,603300
2014-11-24,66.06999969482422,66.61000061035156,65.08000183105469,66.43000030517578,54.466732025146484,619300
2014-11-25,66.5,67.19000244140625,65.5,66.22000122070312,54.2945671081543,411600
2014-11-26,66.16000366210938,66.58000183105469,64.75,65.29000091552734,53.53205108642578,319600
2014-11-28,64.70999908447266,64.70999908447266,55.0,55.47999954223633,45.48870849609375,1242500
2014-12-01,54.189998626708984,54.22999954223633,45.95000076293945,47.470001220703125,38.92121887207031,3564900
2014-12-02,48.560001373291016,52.5,47.65999984741211,51.43000030517578,42.168067932128906,2132600
2014-12-03,51.22999954223633,54.20000076293945,51.22999954223633,52.95000076293945,43.414329528808594,1137500
2014-12-04,52.939998626708984,52.95000076293945,51.040000915527344,51.459999084472656,42.192665100097656,626400
2014-12-05,51.369998931884766,51.869998931884766,49.4900016784668,50.31999969482422,41.257965087890625,765700
2014-12-08,49.79999923706055,50.88999938964844,47.31999969482422,47.849998474121094,39.2327766418457,974000
2014-12-09,46.939998626708984,48.220001220703125,45.86000061035156,48.18000030517578,39.50334548950195,964100
2014-12-10,47.619998931884766,47.68000030517578,44.2400016784668,44.40999984741211,36.41228103637695,1595700
2014-12-11,44.81999969482422,46.59000015258789,44.619998931884766,45.720001220703125,37.48636245727539,1135500
2014-12-12,44.72999954223633,46.0,44.25,45.0,36.896026611328125,654100
2014-12-15,45.34000015258789,46.91999816894531,43.38999938964844,43.7400016784668,35.86294174194336,920900
2014-12-16,43.2400016784668,45.720001220703125,42.810001373291016,43.060001373291016,35.30539321899414,790100
2014-12-17,43.060001373291016,46.9900016784668,42.619998931884766,46.5099983215332,38.13409423828125,1141100
2014-12-18,48.38999938964844,49.47999954223633,47.20000076293945,48.79999923706055,40.011695861816406,953700
2014-12-19,48.91999816894531,49.5,48.08000183105469,49.130001068115234,40.282264709472656,837000
2014-12-22,49.130001068115234,49.5,47.90999984741211,48.66999816894531,39.90510559082031,554900
2014-12-23,48.86000061035156,51.47999954223633,48.63999938964844,51.119998931884766,41.91387939453125,698100
2014-12-24,51.06999969482422,51.939998626708984,50.25,51.59000015258789,42.29924774169922,364200
2014-12-26,51.900001525878906,53.59000015258789,51.599998474121094,53.189998626708984,43.611106872558594,572800
2014-12-29,53.290000915527344,55.5,53.13999938964844,54.84000015258789,44.963951110839844,679500
2014-12-30,54.220001220703125,55.43000030517578,52.25,53.25,43.66030502319336,616100
2014-12-31,53.119998931884766,55.25,52.5,53.72999954223633,44.05385971069336,513500
2015-01-02,53.900001525878906,54.400001525878906,52.31999969482422,53.959999084472656,44.242435455322266,454100
2015-01-05,53.029998779296875,54.099998474121094,51.540000915527344,52.06999969482422,42.69281005859375,684300
2015-01-06,52.06999969482422,52.540000915527344,47.54999923706055,49.310001373291016,40.42985153198242,1369400
2015-01-07,54.54999923706055,57.599998474121094,51.56999969482422,51.900001525878906,42.553428649902344,1998500
2015-01-08,53.5,54.869998931884766,51.900001525878906,54.70000076293945,44.849178314208984,1469600
2015-01-09,54.79999923706055,55.459999084472656,52.709999084472656,52.7599983215332,43.258544921875,728200
2015-01-12,53.0,53.119998931884766,49.619998931884766,50.61000061035156,41.49571990966797,909200
2015-01-13,51.27000045776367,52.9900016784668,49.02000045776367,50.79999923706055,41.651527404785156,816500
2015-01-14,49.81999969482422,51.75,48.77000045776367,51.5,42.22545623779297,899900
2015-01-15,52.11000061035156,52.5,49.5,49.75,40.79061508178711,537500
2015-01-16,49.459999084472656,50.619998931884766,49.459999084472656,50.47999954223633,41.514312744140625,577700
2015-01-20,51.380001068115234,51.38999938964844,48.400001525878906,49.970001220703125,41.09489822387695,685900
2015-01-21,49.7599983215332,52.43000030517578,49.7599983215332,51.68000030517578,42.50119400024414,528000
2015-01-22,52.189998626708984,54.75,52.0099983215332,53.66999816894531,44.13774490356445,817000
2015-01-23,53.439998626708984,54.09000015258789,52.18000030517578,52.689998626708984,43.3317985534668,565800
2015-01-26,52.58000183105469,55.09000015258789,52.119998931884766,54.849998474121094,45.10816192626953,502100
2015-01-27,53.529998779296875,57.150001525878906,53.029998779296875,56.369998931884766,46.35820007324219,1052900
2015-01-28,56.5099983215332,56.5099983215332,52.75,53.06999969482422,43.64431381225586,664500
2015-01-29,53.08000183105469,54.619998931884766,52.33000183105469,53.810001373291016,44.25288391113281,643900
2015-01-30,53.369998931884766,53.720001220703125,51.04999923706055,51.93000030517578,42.706787109375,616800
2015-02-02,54.5,54.70000076293945,51.0,53.45000076293945,43.95680618286133,898400
2015-02-03,53.86000061035156,56.529998779296875,53.220001220703125,55.59000015258789,45.716739654541016,1000300
2015-02-04,54.970001220703125,56.7400016784668,53.869998931884766,55.689998626708984,45.79897689819336,572800
2015-02-05,56.0,56.75,55.040000915527344,56.619998931884766,46.56378936767578,414000
2015-02-06,56.41999816894531,58.90999984741211,56.08000183105469,57.720001220703125,47.46843338012695,936800
2015-02-09,57.47999954223633,59.20000076293945,57.45000076293945,58.41999816894531,48.04410171508789,907400
2015-02-10,58.9900016784668,59.75,57.61000061035156,57.91999816894531,47.632904052734375,504100
2015-02-11,58.040000915527344,58.93000030517578,56.900001525878906,57.4900016784668,47.27928161621094,370300
2015-02-12,57.970001220703125,58.95000076293945,56.900001525878906,57.810001373291016,47.54243850708008,449800
2015-02-13,57.81999969482422,58.66999816894531,56.61000061035156,57.220001220703125,47.057228088378906,464700
2015-02-17,57.65999984741211,57.97999954223633,57.02000045776367,57.36000061035156,47.17236328125,634800
2015-02-18,56.70000076293945,57.0,55.54999923706055,56.099998474121094,46.13616180419922,800200
2015-02-19,55.90999984741211,58.119998931884766,55.06999969482422,57.34000015258789,47.15591812133789,559800
2015-02-20,57.09000015258789,58.91999816894531,56.15999984741211,58.650001525878906,48.233253479003906,520100
2015-02-23,58.43000030517578,59.540000915527344,57.060001373291016,59.41999816894531,48.866493225097656,423600
2015-02-24,59.45000076293945,60.77000045776367,59.45000076293945,59.900001525878906,49.26124572753906,538600
2015-02-25,59.900001525878906,60.54999923706055,59.38999938964844,60.220001220703125,49.5244140625,603800
2015-02-26,60.18000030517578,60.43000030517578,58.0099983215332,58.560001373291016,48.159244537353516,453700
2015-02-27,58.459999084472656,59.849998474121094,58.310001373291016,58.77000045776367,48.331939697265625,335500
2015-03-02,58.77000045776367,59.31999969482422,57.88999938964844,59.18000030517578,48.66911315917969,371700
2015-03-03,58.619998931884766,59.7599983215332,56.59000015258789,57.119998931884766,46.97499465942383,526000
2015-03-04,57.31999969482422,57.77000045776367,55.66999816894531,56.54999923706055,46.5062255859375,583100
2015-03-05,56.529998779296875,56.529998779296875,55.29999923706055,55.810001373291016,45.897666931152344,478200
2015-03-06,55.22999954223633,57.9900016784668,55.220001220703125,55.880001068115234,45.95522689819336,536800
2015-03-09,56.040000915527344,56.22999954223633,53.77000045776367,53.77000045776367,44.21998977661133,554500
2015-03-10,53.0,53.0,50.75,51.27000045776367,42.16400909423828,772800
2015-03-11,51.25,51.90999984741211,49.61000061035156,51.84000015258789,42.63277816772461,1532600
2015-03-12,52.209999084472656,54.83000183105469,52.060001373291016,54.5099983215332,44.82855987548828,732700
2015-03-13,54.20000076293945,55.189998626708984,53.7599983215332,54.84000015258789,45.09992599487305,561400
2015-03-16,55.0,55.09000015258789,53.5,54.31999969482422,44.672298431396484,575600
2015-03-17,54.619998931884766,56.79999923706055,54.529998779296875,56.369998931884766,46.35820007324219,717600
2015-03-18,56.27000045776367,57.31999969482422,55.599998474121094,56.70000076293945,46.62960433959961,581800
2015-03-19,56.849998474121094,57.029998779296875,55.7599983215332,56.439998626708984,46.415767669677734,485100
2015-03-20,56.810001373291016,57.849998474121094,56.130001068115234,56.97999954223633,46.859867095947266,575300
2015-03-23,57.29999923706055,57.459999084472656,56.15999984741211,56.880001068115234,46.777618408203125,448000
2015-03-24,56.5,57.86000061035156,56.27000045776367,57.36000061035156,47.17236328125,383000
2015-03-25,57.91999816894531,58.0,56.0,56.20000076293945,46.218387603759766,331600
2015-03-26,55.810001373291016,56.599998474121094,55.33000183105469,56.34000015258789,46.333534240722656,341800
2015-03-27,56.09000015258789,57.29999923706055,55.59000015258789,56.97999954223633,46.859867095947266,319600
2015-03-30,57.459999084472656,58.38999938964844,57.279998779296875,57.599998474121094,47.36974334716797,400000
2015-03-31,57.54999923706055,58.209999084472656,56.810001373291016,58.0,47.698692321777344,436800
2015-04-01,57.650001525878906,58.689998626708984,57.41999816894531,58.650001525878906,48.233253479003906,514100
2015-04-02,58.38999938964844,59.400001525878906,58.2599983215332,58.88999938964844,48.43062973022461,501200
2015-04-06,58.38999938964844,61.22999954223633,58.209999084472656,60.599998474121094,49.8369140625,992700
2015-04-07,64.0,64.04000091552734,61.36000061035156,62.43000030517578,51.34189987182617,1789200
2015-04-08,63.630001068115234,63.88999938964844,61.5,63.7599983215332,52.4356689453125,925800
2015-04-09,63.7599983215332,64.20999908447266,62.630001068115234,63.130001068115234,51.91757583618164,626400
2015-04-10,63.20000076293945,63.970001220703125,61.15999984741211,61.529998779296875,50.601741790771484,646700
2015-04-13,61.970001220703125,63.779998779296875,61.54999923706055,62.970001220703125,51.912540435791016,675900
2015-04-14,62.900001525878906,63.5,62.209999084472656,63.150001525878906,52.06092834472656,366200
2015-04-15,63.689998626708984,65.86000061035156,63.47999954223633,65.83000183105469,54.27032470703125,777100
2015-04-16,65.4000015258789,66.12000274658203,64.16000366210938,65.54000091552734,54.031246185302734,535100
2015-04-17,64.88999938964844,65.0,63.4900016784668,63.52000045776367,52.36595916748047,532600
2015-04-20,64.19000244140625,64.62000274658203,63.119998931884766,63.81999969482422,52.61328125,510000
2015-04-21,64.0,64.05999755859375,62.189998626708984,63.810001373291016,52.60504150390625,569200
2015-04-22,64.27999877929688,65.12999725341797,63.529998779296875,64.37000274658203,53.06670379638672,487500
2015-04-23,64.27999877929688,66.5,64.27999877929688,64.94999694824219,53.54484558105469,626600
2015-04-24,64.91000366210938,65.5,61.11000061035156,61.41999816894531,50.63471603393555,978000
2015-04-27,61.5099983215332,61.90999984741211,56.90999984741211,57.209999084472656,47.16399002075195,1477800
2015-04-28,57.209999084472656,57.75,55.33000183105469,55.84000015258789,46.0345573425293,1098000
2015-04-29,55.790000915527344,58.61000061035156,55.400001525878906,57.7400016784668,47.600921630859375,890100
2015-04-30,57.720001220703125,58.75,56.5099983215332,57.689998626708984,47.559696197509766,600300
2015-05-01,58.5,62.650001525878906,58.5,62.33000183105469,51.38492202758789,1218300
2015-05-04,63.18000030517578,64.44999694824219,62.7599983215332,63.41999816894531,52.28350830078125,991400
2015-05-05,63.400001525878906,64.19999694824219,62.40999984741211,63.7599983215332,52.56381607055664,741500
2015-05-06,63.7599983215332,64.0999984741211,62.5,63.20000076293945,52.102149963378906,441700
2015-05-07,63.25,63.56999969482422,61.59000015258789,63.25,52.14335632324219,634600
2015-05-08,63.79999923706055,63.79999923706055,62.25,62.650001525878906,51.64872741699219,563500
2015-05-11,62.650001525878906,63.040000915527344,61.689998626708984,62.02000045776367,51.12935256958008,411700
2015-05-12,61.52000045776367,61.540000915527344,60.150001525878906,60.810001373291016,50.13182830810547,431700
2015-05-13,61.25,61.36000061035156,60.02000045776367,61.11000061035156,50.379154205322266,486300
2015-05-14,61.459999084472656,61.68000030517578,60.25,60.56999969482422,49.93397521972656,372200
2015-05-15,60.290000915527344,61.40999984741211,59.06999969482422,61.22999954223633,50.47808837890625,510100
2015-05-18,61.22999954223633,62.970001220703125,59.95000076293945,62.599998474121094,51.607505798339844,664300
2015-05-19,62.369998931884766,62.4900016784668,61.380001068115234,61.599998474121094,50.783103942871094,549700
2015-05-20,61.2599983215332,62.58000183105469,60.5099983215332,61.75,50.906768798828125,481200
2015-05-21,61.939998626708984,63.779998779296875,61.790000915527344,62.81999969482422,51.78887939453125,501600
2015-05-22,62.529998779296875,63.43000030517578,61.68000030517578,61.90999984741211,51.03868103027344,492800
2015-05-26,61.79999923706055,61.90999984741211,60.0,60.11000061035156,49.55474853515625,594000
2015-05-27,60.150001525878906,61.369998931884766,59.97999954223633,60.90999984741211,50.21427917480469,644400
2015-05-28,60.31999969482422,60.72999954223633,59.88999938964844,60.33000183105469,49.736114501953125,466900
2015-05-29,60.15999984741211,60.689998626708984,59.77000045776367,60.22999954223633,49.6536865234375,447200
2015-06-01,60.400001525878906,60.790000915527344,59.59000015258789,60.08000183105469,49.530025482177734,611300
2015-06-02,59.68000030517578,61.529998779296875,59.63999938964844,60.81999969482422,50.140079498291016,496800
2015-06-03,61.209999084472656,62.95000076293945,60.93000030517578,61.380001068115234,50.60174560546875,500900
2015-06-04,61.880001068115234,62.4900016784668,61.150001525878906,61.189998626708984,50.445106506347656,413300
2015-06-05,61.02000045776367,61.689998626708984,60.220001220703125,61.27000045776367,50.511051177978516,470800
2015-06-08,61.11000061035156,62.150001525878906,60.52000045776367,60.56999969482422,49.93397521972656,387500
2015-06-09,60.61000061035156,60.959999084472656,58.36000061035156,58.70000076293945,48.39235305786133,615300
2015-06-10,59.060001373291016,60.849998474121094,59.0,59.630001068115234,49.1590461730957,449100
2015-06-11,59.63999938964844,61.36000061035156,59.31999969482422,60.970001220703125,50.263736724853516,411600
2015-06-12,60.77000045776367,61.29999923706055,59.7599983215332,59.91999816894531,49.398109436035156,336500
2015-06-15,59.459999084472656,60.209999084472656,58.91999816894531,59.56999969482422,49.10957717895508,346500
2015-06-16,58.540000915527344,58.599998474121094,53.22999954223633,53.470001220703125,44.080718994140625,2255000
2015-06-17,53.880001068115234,54.36000061035156,51.4900016784668,52.4900016784668,43.272823333740234,1161800
2015-06-18,52.54999923706055,54.150001525878906,52.25,53.869998931884766,44.41048812866211,576800
2015-06-19,54.09000015258789,54.54999923706055,53.47999954223633,53.47999954223633,44.0889778137207,449500
2015-06-22,53.66999816894531,53.9900016784668,51.779998779296875,52.59000015258789,43.35525131225586,898500
2015-06-23,52.849998474121094,53.709999084472656,52.77000045776367,53.29999923706055,43.940574645996094,462000
2015-06-24,53.20000076293945,53.439998626708984,51.5099983215332,51.95000076293945,42.827640533447266,584900
2015-06-25,51.95000076293945,52.119998931884766,48.65999984741211,49.5,40.8078498840332,1324100
2015-06-26,49.529998779296875,49.75,47.720001220703125,48.0099983215332,39.57950210571289,950100
2015-06-29,47.29999923706055,49.2400016784668,46.86000061035156,46.900001525878906,38.664424896240234,938200
2015-06-30,47.61000061035156,48.349998474121094,46.31999969482422,46.849998474121094,38.62319564819336,1176400
2015-07-01,45.939998626708984,48.4900016784668,45.0,47.709999084472656,39.33217239379883,2396400
2015-07-02,48.119998931884766,48.97999954223633,47.689998626708984,48.58000183105469,40.049407958984375,849900
2015-07-06,48.099998474121094,48.189998626708984,45.900001525878906,46.220001220703125,38.103824615478516,901100
2015-07-07,45.959999084472656,47.40999984741211,44.31999969482422,47.279998779296875,38.97767639160156,1021800
2015-07-08,46.720001220703125,46.970001220703125,46.02000045776367,46.5,38.33464813232422,560100
2015-07-09,47.18000030517578,48.099998474121094,46.849998474121094,46.970001220703125,38.72211837768555,606000
2015-07-10,47.689998626708984,48.18000030517578,47.400001525878906,47.689998626708984,39.31568145751953,480300
2015-07-13,47.93000030517578,48.86000061035156,47.40999984741211,48.209999084472656,39.869781494140625,497800
2015-07-14,48.18000030517578,48.790000915527344,47.5,48.060001373291016,39.74573516845703,454800
2015-07-15,48.189998626708984,48.459999084472656,45.650001525878906,46.040000915527344,38.075191497802734,579000
2015-07-16,46.540000915527344,47.880001068115234,46.15999984741211,46.68000030517578,38.60447311401367,576900
2015-07-17,46.630001068115234,46.939998626708984,44.40999984741211,44.619998931884766,36.90084457397461,856000
2015-07-20,44.70000076293945,44.91999816894531,43.5,43.9900016784668,36.37983322143555,711900
2015-07-21,43.88999938964844,45.90999984741211,43.41999816894531,45.7599983215332,37.84362030029297,931300
2015-07-22,45.439998626708984,45.9900016784668,44.56999969482422,45.09000015258789,37.28952407836914,356400
2015-07-23,45.150001525878906,45.369998931884766,43.709999084472656,43.93000030517578,36.33021545410156,537300
2015-07-24,44.060001373291016,46.0,44.0,44.189998626708984,36.545230865478516,783100
2015-07-27,44.20000076293945,46.0,43.93000030517578,45.47999954223633,37.6120719909668,599500
2015-07-28,45.68000030517578,46.61000061035156,45.11000061035156,46.36000061035156,38.33983612060547,327600
2015-07-29,45.86000061035156,47.7599983215332,45.349998474121094,47.63999938964844,39.39838790893555,545400
2015-07-30,46.939998626708984,47.5099983215332,45.5099983215332,45.790000915527344,37.86843490600586,519400
2015-07-31,45.779998779296875,46.279998779296875,45.45000076293945,45.75,37.835357666015625,405600
2015-08-03,45.84000015258789,46.060001373291016,44.060001373291016,44.150001525878906,36.51214599609375,467000
2015-08-04,44.189998626708984,45.15999984741211,43.65999984741211,44.02000045776367,36.404632568359375,316700
2015-08-05,44.310001373291016,45.22999954223633,43.650001525878906,43.72999954223633,36.1648063659668,430000
2015-08-06,43.66999816894531,44.54999923706055,43.0,43.79999923706055,36.22269821166992,413400
2015-08-07,43.58000183105469,44.619998931884766,43.31999969482422,43.630001068115234,36.08211898803711,316200
2015-08-10,43.58000183105469,46.099998474121094,43.540000915527344,45.779998779296875,37.86016082763672,472500
2015-08-11,45.15999984741211,45.59000015258789,44.5099983215332,45.119998931884766,37.31433868408203,338400
2015-08-12,44.75,45.61000061035156,43.599998474121094,45.40999984741211,37.554168701171875,563300
2015-08-13,45.18000030517578,45.59000015258789,44.34000015258789,44.72999954223633,36.99181365966797,429700
2015-08-14,44.790000915527344,46.15999984741211,44.459999084472656,45.90999984741211,37.967674255371094,329800
2015-08-17,46.0,46.06999969482422,44.2599983215332,44.77000045776367,37.024898529052734,498900
2015-08-18,44.86000061035156,44.95000076293945,43.369998931884766,43.779998779296875,36.20616912841797,488200
2015-08-19,43.43000030517578,43.970001220703125,42.36000061035156,42.77000045776367,35.370887756347656,627600
2015-08-20,42.77000045776367,43.560001373291016,39.099998474121094,39.459999084472656,32.633506774902344,1170500
2015-08-21,38.79999923706055,39.56999969482422,38.25,38.5099983215332,31.847856521606445,1027600
2015-08-24,36.150001525878906,38.4900016784668,33.099998474121094,35.849998474121094,29.64803123474121,1054000
2015-08-25,37.33000183105469,37.709999084472656,35.630001068115234,36.90999984741211,30.524646759033203,719000
2015-08-26,37.90999984741211,38.40999984741211,36.599998474121094,38.20000076293945,31.591487884521484,422000
2015-08-27,39.25,42.439998626708984,39.119998931884766,41.54999923706055,34.361942291259766,737400
2015-08-28,41.11000061035156,41.56999969482422,40.5099983215332,40.97999954223633,33.89054870605469,504000
2015-08-31,40.34000015258789,42.369998931884766,40.099998474121094,41.70000076293945,34.486000061035156,474400
2015-09-01,40.15999984741211,41.040000915527344,39.77000045776367,40.130001068115234,33.18760299682617,555100
2015-09-02,40.599998474121094,40.599998474121094,39.310001373291016,39.93000030517578,33.02220916748047,885000
2015-09-03,40.150001525878906,40.599998474121094,39.2400016784668,39.459999084472656,32.633506774902344,454400
2015-09-04,38.959999084472656,39.93000030517578,38.599998474121094,39.599998474121094,32.74928665161133,585000
2015-09-08,40.060001373291016,40.369998931884766,38.72999954223633,39.349998474121094,32.542537689208984,700700
2015-09-09,39.599998474121094,39.97999954223633,38.59000015258789,39.13999938964844,32.36886978149414,426600
2015-09-10,39.16999816894531,39.75,38.91999816894531,39.33000183105469,32.525997161865234,373600
2015-09-11,39.18000030517578,39.59000015258789,38.400001525878906,39.470001220703125,32.641788482666016,297800
2015-09-14,39.40999984741211,39.81999969482422,38.7599983215332,39.43000030517578,32.60869216918945,252900
2015-09-15,39.52000045776367,39.9900016784668,39.31999969482422,39.63999938964844,32.782371520996094,419300
2015-09-16,39.599998474121094,40.439998626708984,39.40999984741211,39.709999084472656,32.840267181396484,700500
2015-09-17,39.400001525878906,39.529998779296875,38.5099983215332,39.0099983215332,32.26136779785156,565300
2015-09-18,38.060001373291016,38.83000183105469,37.209999084472656,37.61000061035156,31.103559494018555,669800
2015-09-21,36.81999969482422,37.220001220703125,34.5,35.220001220703125,29.127017974853516,968900
2015-09-22,34.58000183105469,34.9900016784668,33.91999816894531,34.650001525878906,28.655628204345703,718500
2015-09-23,34.83000183105469,35.11000061035156,33.060001373291016,33.150001525878906,27.415130615234375,408100
2015-09-24,32.84000015258789,33.65999984741211,32.0,33.09000015258789,27.36549949645996,496500
2015-09-25,33.560001373291016,33.560001373291016,32.119998931884766,32.5,26.877582550048828,675400
2015-09-28,31.860000610351562,32.310001373291016,30.350000381469727,30.860000610351562,25.52129364013672,1010400
2015-09-29,30.75,31.729999542236328,30.729999542236328,31.299999237060547,25.885169982910156,585500
2015-09-30,31.920000076293945,32.90999984741211,31.610000610351562,32.11000061035156,26.555042266845703,581800
2015-10-01,32.790000915527344,32.95000076293945,31.040000915527344,32.02000045776367,26.480615615844727,540500
2015-10-02,31.600000381469727,33.2400016784668,30.899999618530273,33.22999954223633,27.481287002563477,467800
2015-10-05,33.529998779296875,35.75,33.45000076293945,35.18000030517578,29.093948364257812,426200
2015-10-06,34.90999984741211,36.04999923706055,34.68000030517578,35.369998931884766,29.251066207885742,621000
2015-10-07,37.5,38.349998474121094,33.470001220703125,34.93000030517578,28.88719367980957,1535800
2015-10-08,34.709999084472656,38.709999084472656,34.380001068115234,37.540000915527344,31.045665740966797,1229900
2015-10-09,37.790000915527344,38.63999938964844,36.09000015258789,38.29999923706055,31.67418098449707,751700
2015-10-12,38.400001525878906,38.459999084472656,37.0,37.95000076293945,31.384740829467773,312400
2015-10-13,37.65999984741211,40.29999923706055,37.31999969482422,37.939998626708984,31.37647247314453,621300
2015-10-14,37.77000045776367,38.5099983215332,37.189998626708984,37.810001373291016,31.268953323364258,476500
2015-10-15,37.63999938964844,38.54999923706055,37.20000076293945,38.290000915527344,31.665924072265625,387500
2015-10-16,38.290000915527344,38.439998626708984,36.09000015258789,36.5099983215332,30.19385528564453,411700
2015-10-19,36.29999923706055,37.02000045776367,35.709999084472656,36.2599983215332,29.987106323242188,502200
2015-10-20,36.119998931884766,38.4900016784668,35.560001373291016,37.9900016784668,31.417814254760742,483900
2015-10-21,38.060001373291016,38.22999954223633,36.22999954223633,36.34000015258789,30.053255081176758,315800
2015-10-22,36.84000015258789,37.59000015258789,36.06999969482422,36.43000030517578,30.12769317626953,559900
2015-10-23,36.65999984741211,38.400001525878906,35.63999938964844,36.869998931884766,30.491573333740234,964800
2015-10-26,36.540000915527344,37.0,36.040000915527344,36.119998931884766,29.871320724487305,519200
2015-10-27,35.65999984741211,35.77000045776367,34.220001220703125,34.540000915527344,28.564659118652344,513700
2015-10-28,34.81999969482422,36.08000183105469,34.720001220703125,35.790000915527344,29.59840965270996,474100
2015-10-29,35.4900016784668,37.29999923706055,35.4900016784668,35.619998931884766,29.45782470703125,844700
2015-10-30,37.40999984741211,38.91999816894531,34.599998474121094,38.040000915527344,31.45916748046875,1843600
2015-11-02,37.83000183105469,42.040000915527344,37.72999954223633,40.16999816894531,33.220680236816406,1582700
2015-11-03,39.880001068115234,41.459999084472656,38.34000015258789,38.9900016784668,32.24482727050781,1125500
2015-11-04,39.150001525878906,39.38999938964844,37.18000030517578,38.209999084472656,31.599756240844727,954500
2015-11-05,38.04999923706055,38.47999954223633,36.08000183105469,36.209999084472656,29.945751190185547,922200
2015-11-06,36.209999084472656,37.459999084472656,36.09000015258789,36.869998931884766,30.660921096801758,880900
2015-11-09,36.75,36.810001373291016,35.189998626708984,36.33000183105469,30.211872100830078,719500
2015-11-10,36.38999938964844,36.68000030517578,34.97999954223633,35.29999923706055,29.35531997680664,576400
2015-11-11,35.650001525878906,36.0,34.4900016784668,34.77000045776367,28.914579391479492,598200
2015-11-12,34.189998626708984,34.689998626708984,31.559999465942383,31.969999313354492,26.58610725402832,1111700
2015-11-13,32.0,32.45000076293945,31.43000030517578,31.950000762939453,26.569473266601562,783900
2015-11-16,32.16999816894531,33.380001068115234,31.829999923706055,33.33000183105469,27.717077255249023,606000
2015-11-17,33.68000030517578,33.90999984741211,32.29999923706055,32.61000061035156,27.118328094482422,489800
2015-11-18,33.029998779296875,33.959999084472656,32.849998474121094,33.90999984741211,28.19940185546875,365500
2015-11-19,33.72999954223633,34.25,33.13999938964844,34.18000030517578,28.423927307128906,397200
2015-11-20,34.38999938964844,34.880001068115234,33.47999954223633,33.59000015258789,27.933292388916016,416900
2015-11-23,33.65999984741211,34.31999969482422,33.16999816894531,33.66999816894531,27.999818801879883,491900
2015-11-24,33.63999938964844,34.18000030517578,33.31999969482422,33.939998626708984,28.224348068237305,520500
2015-11-25,33.849998474121094,33.939998626708984,33.2400016784668,33.65999984741211,27.99151039123535,343600
2015-11-27,33.43000030517578,34.0,33.290000915527344,33.68000030517578,28.008134841918945,179300
2015-11-30,33.95000076293945,34.43000030517578,33.560001373291016,33.880001068115234,28.17445945739746,470400
2015-12-01,33.900001525878906,34.040000915527344,33.13999938964844,33.560001373291016,27.90835189819336,388000
2015-12-02,33.560001373291016,34.90999984741211,33.02000045776367,33.72999954223633,28.049713134765625,898400
2015-12-03,34.18000030517578,34.220001220703125,32.25,32.63999938964844,27.14327621459961,529100
2015-12-04,32.369998931884766,32.560001373291016,31.579999923706055,32.02000045776367,26.627685546875,469200
2015-12-07,31.6200008392334,31.739999771118164,29.979999542236328,30.170000076293945,25.08924102783203,728800
2015-12-08,29.799999237060547,29.979999542236328,28.770000457763672,29.31999969482422,24.382381439208984,592500
2015-12-09,29.34000015258789,30.420000076293945,29.260000228881836,29.940000534057617,24.89797019958496,420500
2015-12-10,29.979999542236328,30.489999771118164,29.709999084472656,30.149999618530273,25.072599411010742,354800
2015-12-11,29.700000762939453,30.1200008392334,28.940000534057617,29.1200008392334,24.2160587310791,548700
2015-12-14,29.350000381469727,30.040000915527344,28.459999084472656,29.239999771118164,24.315853118896484,659900
2015-12-15,30.0,32.47999954223633,29.68000030517578,30.850000381469727,25.654720306396484,1176100
2015-12-16,31.229999542236328,31.229999542236328,29.850000381469727,30.479999542236328,25.347034454345703,818600
2015-12-17,30.59000015258789,31.15999984741211,29.889999389648438,30.389999389648438,25.272184371948242,571000
2015-12-18,30.270000457763672,30.610000610351562,30.0,30.40999984741211,25.288822174072266,673100
2015-12-21,30.579999923706055,31.489999771118164,30.309999465942383,30.90999984741211,25.704618453979492,513200
2015-12-22,31.010000228881836,32.63999938964844,31.010000228881836,32.349998474121094,26.902109146118164,649400
2015-12-23,33.79999923706055,35.33000183105469,33.709999084472656,34.61000061035156,28.781518936157227,1465100
2015-12-24,34.5099983215332,36.22999954223633,34.20000076293945,35.95000076293945,29.895854949951172,800700
2015-12-28,35.599998474121094,35.810001373291016,33.0,33.900001525878906,28.19108772277832,4144100
2015-12-29,34.189998626708984,34.43000030517578,31.969999313354492,33.2400016784668,27.642234802246094,1080400
2015-12-30,32.81999969482422,33.220001220703125,31.950000762939453,32.220001220703125,26.794010162353516,631400
2015-12-31,31.899999618530273,32.939998626708984,31.760000228881836,32.619998931884766,27.12664222717285,627500
2016-01-04,31.799999237060547,32.29999923706055,30.729999542236328,32.11000061035156,26.702533721923828,1001000
2016-01-05,32.029998779296875,32.290000915527344,30.010000228881836,30.1299991607666,25.055965423583984,916800
2016-01-06,29.309999465942383,29.68000030517578,28.239999771118164,28.459999084472656,23.667207717895508,1294800
2016-01-07,29.0,29.860000610351562,24.59000015258789,25.200000762939453,20.956209182739258,3220900
2016-01-08,26.110000610351562,26.579999923706055,24.190000534057617,24.559999465942383,20.423988342285156,1758800
2016-01-11,24.65999984741211,25.030000686645508,23.799999237060547,24.06999969482422,20.01650619506836,1175100
2016-01-12,24.309999465942383,24.31999969482422,21.729999542236328,23.030000686645508,19.15164566040039,1712700
2016-01-13,23.030000686645508,23.510000228881836,21.440000534057617,21.719999313354492,18.062255859375,1302100
2016-01-14,21.93000030517578,22.670000076293945,20.799999237060547,22.1299991607666,18.403209686279297,1247200
2016-01-15,20.56999969482422,22.420000076293945,20.459999084472656,22.309999465942383,18.722095489501953,1243400
2016-01-19,22.25,22.3799991607666,20.5,20.959999084472656,17.589204788208008,1287400
2016-01-20,20.209999084472656,22.09000015258789,19.889999389648438,21.6299991607666,18.15145492553711,1186900
2016-01-21,21.40999984741211,23.3799991607666,21.40999984741211,22.81999969482422,19.15007972717285,1096300
2016-01-22,23.459999084472656,24.350000381469727,23.239999771118164,23.729999542236328,19.913728713989258,1019400
2016-01-25,23.440000534057617,24.040000915527344,22.75,22.899999618530273,19.217212677001953,608400
2016-01-26,23.030000686645508,24.719999313354492,22.93000030517578,24.65999984741211,20.694168090820312,998100
2016-01-27,24.56999969482422,25.440000534057617,24.270000457763672,24.459999084472656,20.526329040527344,850400
2016-01-28,25.219999313354492,25.399999618530273,24.139999389648438,24.479999542236328,20.543115615844727,534700
2016-01-29,24.43000030517578,25.860000610351562,24.43000030517578,25.860000610351562,21.70118522644043,665300
2016-02-01,25.280000686645508,26.309999465942383,24.93000030517578,26.06999969482422,21.877412796020508,720400
2016-02-02,25.1200008392334,25.34000015258789,24.190000534057617,24.8700008392334,20.87039566040039,811400
2016-02-03,25.530000686645508,25.770000457763672,24.290000915527344,25.639999389648438,21.516565322875977,501100
2016-02-04,26.0,28.15999984741211,26.0,27.75,23.2872314453125,1035400
2016-02-05,27.520000457763672,27.90999984741211,26.420000076293945,26.450000762939453,22.1962947845459,743800
2016-02-08,25.8700008392334,26.3799991607666,25.149999618530273,26.239999771118164,22.020071029663086,729800
2016-02-09,25.520000457763672,26.5,25.520000457763672,26.020000457763672,21.8354549407959,549300
2016-02-10,26.010000228881836,27.020000457763672,25.829999923706055,26.260000228881836,22.03685760498047,415500
2016-02-11,25.469999313354492,26.770000457763672,25.209999084472656,26.100000381469727,21.902589797973633,678200
2016-02-12,26.68000030517578,27.389999389648438,25.8799991607666,26.559999465942383,22.288610458374023,658000
2016-02-16,27.0,27.489999771118164,25.68000030517578,25.899999618530273,21.734750747680664,726300
2016-02-17,26.280000686645508,27.030000686645508,25.75,26.469999313354492,22.21307945251465,1175500
2016-02-18,26.3700008392334,26.43000030517578,24.899999618530273,25.610000610351562,21.49138641357422,1189900
2016-02-19,23.959999084472656,24.0,22.790000915527344,23.049999237060547,19.343088150024414,1645300
2016-02-22,23.329999923706055,23.700000762939453,23.200000762939453,23.549999237060547,19.76267433166504,712700
2016-02-23,23.450000762939453,23.75,23.1299991607666,23.200000762939453,19.468969345092773,705000
2016-02-24,22.690000534057617,23.510000228881836,22.139999389648438,23.440000534057617,19.670372009277344,572000
2016-02-25,23.700000762939453,24.309999465942383,23.25,23.5,19.720720291137695,819600
2016-02-26,23.979999542236328,24.989999771118164,23.920000076293945,24.56999969482422,20.61863899230957,581700
2016-02-29,24.690000534057617,25.610000610351562,24.59000015258789,25.450000762939453,21.357120513916016,770800
2016-03-01,25.809999465942383,26.06999969482422,25.229999542236328,25.31999969482422,21.24802589416504,820900
2016-03-02,25.399999618530273,25.760000228881836,24.889999389648438,25.450000762939453,21.357120513916016,1015800
2016-03-03,25.600000381469727,27.399999618530273,25.440000534057617,27.190000534057617,22.817291259765625,881200
2016-03-04,27.520000457763672,27.6299991607666,26.40999984741211,26.489999771118164,22.22986602783203,725700
2016-03-07,26.510000228881836,27.65999984741211,26.440000534057617,27.65999984741211,23.211706161499023,716700
2016-03-08,27.350000381469727,27.6299991607666,26.59000015258789,26.6200008392334,22.338958740234375,621100
2016-03-09,27.1299991607666,27.860000610351562,26.84000015258789,27.239999771118164,22.859254837036133,596800
2016-03-10,27.170000076293945,27.18000030517578,25.200000762939453,25.829999923706055,21.67600440979004,835400
2016-03-11,26.350000381469727,27.020000457763672,26.06999969482422,26.899999618530273,22.573930740356445,613000
2016-03-14,26.530000686645508,26.770000457763672,25.799999237060547,26.350000381469727,22.11237907409668,508500
2016-03-15,25.979999542236328,25.979999542236328,25.110000610351562,25.649999618530273,21.52495765686035,524900
2016-03-16,25.770000457763672,27.079999923706055,25.75,26.93000030517578,22.59910774230957,690100
2016-03-17,26.479999542236328,28.190000534057617,26.200000762939453,27.75,23.2872314453125,787900
2016-03-18,27.850000381469727,28.420000076293945,26.559999465942383,26.760000228881836,22.456449508666992,1122400
2016-03-21,26.700000762939453,28.290000915527344,26.700000762939453,27.950000762939453,23.455068588256836,526200
2016-03-22,27.719999313354492,28.170000076293945,27.389999389648438,27.93000030517578,23.438283920288086,410300
2016-03-23,27.670000076293945,27.809999465942383,26.790000915527344,26.809999465942383,22.49840545654297,442200
2016-03-24,26.469999313354492,27.889999389648438,26.190000534057617,27.8700008392334,23.387935638427734,496500
2016-03-28,27.760000228881836,27.799999237060547,26.3799991607666,26.739999771118164,22.439664840698242,335800
2016-03-29,26.5,27.81999969482422,26.190000534057617,27.75,23.2872314453125,311000
2016-03-30,27.950000762939453,28.100000381469727,27.290000915527344,27.75,23.2872314453125,428800
2016-03-31,27.780000686645508,28.0,27.25,27.639999389648438,23.194921493530273,392500
2016-04-01,27.18000030517578,27.18000030517578,26.389999389648438,26.829999923706055,22.515186309814453,565800
2016-04-04,26.799999237060547,27.690000534057617,26.399999618530273,26.559999465942383,22.288610458374023,575000
2016-04-05,25.229999542236328,27.959999084472656,24.270000457763672,27.790000915527344,23.320802688598633,1494600
2016-04-06,27.799999237060547,29.8700008392334,27.799999237060547,29.420000076293945,24.688663482666016,1454500
2016-04-07,29.290000915527344,30.549999237060547,29.290000915527344,30.270000457763672,25.401966094970703,919600
2016-04-08,30.56999969482422,31.559999465942383,29.959999084472656,30.299999237060547,25.427139282226562,663200
2016-04-11,30.670000076293945,31.290000915527344,30.34000015258789,30.56999969482422,25.824176788330078,494200
2016-04-12,30.780000686645508,31.479999542236328,30.399999618530273,31.260000228881836,26.407058715820312,627300
2016-04-13,31.5,32.779998779296875,31.139999389648438,32.36000061035156,27.33629035949707,842400
2016-04-14,32.369998931884766,32.369998931884766,30.75,31.18000030517578,26.339479446411133,609100
2016-04-15,31.0,31.68000030517578,30.790000915527344,31.579999923706055,26.677379608154297,321800
2016-04-18,30.969999313354492,31.450000762939453,30.600000381469727,30.75,26.14179039001465,417200
2016-04-19,31.030000686645508,31.450000762939453,30.440000534057617,30.579999923706055,25.997268676757812,453100
2016-04-20,30.770000457763672,31.25,30.520000457763672,30.729999542236328,26.12478256225586,443800
2016-04-21,30.93000030517578,31.079999923706055,29.25,29.40999984741211,25.002605438232422,668400
2016-04-22,29.770000457763672,29.979999542236328,28.280000686645508,29.68000030517578,25.23214340209961,594600
2016-04-25,29.739999771118164,30.1200008392334,28.350000381469727,28.690000534057617,24.390504837036133,621900
2016-04-26,29.09000015258789,30.229999542236328,28.8799991607666,30.170000076293945,25.648714065551758,549300
2016-04-27,30.31999969482422,31.020000457763672,30.010000228881836,30.979999542236328,26.337322235107422,561400
2016-04-28,30.809999465942383,31.299999237060547,30.139999389648438,30.190000534057617,25.665714263916016,417200
2016-04-29,30.25,30.8700008392334,29.84000015258789,29.989999771118164,25.49568748474121,380200
2016-05-02,30.0,30.229999542236328,28.389999389648438,28.75,24.441511154174805,710300
2016-05-03,28.25,28.329999923706055,27.239999771118164,27.25,23.166305541992188,681100
2016-05-04,27.1200008392334,27.940000534057617,26.8799991607666,27.09000015258789,23.0302791595459,498200
2016-05-05,27.479999542236328,27.809999465942383,26.68000030517578,26.700000762939453,22.698726654052734,366200
2016-05-06,26.700000762939453,27.5,26.639999389648438,27.059999465942383,23.004776000976562,347500
2016-05-09,26.709999084472656,26.940000534057617,26.15999984741211,26.530000686645508,22.554203033447266,418700
2016-05-10,26.639999389648438,28.219999313354492,26.639999389648438,28.09000015258789,23.880422592163086,452900
2016-05-11,28.06999969482422,28.1299991607666,26.989999771118164,27.030000686645508,22.97926902770996,451500
2016-05-12,27.34000015258789,27.579999923706055,26.399999618530273,26.549999237060547,22.57120704650879,463100
2016-05-13,26.3700008392334,26.959999084472656,26.0,26.239999771118164,22.30766487121582,418200
2016-05-16,27.100000381469727,27.100000381469727,26.229999542236328,26.510000228881836,22.53719711303711,320700
2016-05-17,26.469999313354492,27.93000030517578,26.469999313354492,27.329999923706055,23.234310150146484,499000
2016-05-18,27.020000457763672,27.799999237060547,26.780000686645508,26.959999084472656,22.919763565063477,442000
2016-05-19,26.729999542236328,26.90999984741211,26.15999984741211,26.649999618530273,22.656219482421875,307200
2016-05-20,26.979999542236328,27.579999923706055,26.8799991607666,27.479999542236328,23.361839294433594,259900
2016-05-23,27.299999237060547,27.770000457763672,27.190000534057617,27.299999237060547,23.208810806274414,283500
2016-05-24,27.459999084472656,27.889999389648438,27.1299991607666,27.809999465942383,23.64238166809082,332100
2016-05-25,28.290000915527344,29.43000030517578,28.059999465942383,29.260000228881836,24.875085830688477,558200
2016-05-26,29.56999969482422,29.56999969482422,28.600000381469727,28.729999542236328,24.424509048461914,334600
2016-05-27,28.81999969482422,29.010000228881836,28.420000076293945,28.489999771118164,24.220478057861328,269400
2016-05-31,28.459999084472656,29.079999923706055,28.239999771118164,28.700000762939453,24.399003982543945,303400
2016-06-01,28.6200008392334,28.649999618530273,27.520000457763672,28.56999969482422,24.288490295410156,321800
2016-06-02,28.40999984741211,28.639999389648438,28.049999237060547,28.469999313354492,24.203474044799805,308900
2016-06-03,28.59000015258789,28.739999771118164,28.0,28.59000015258789,24.30548667907715,291700
2016-06-06,28.889999389648438,29.65999984741211,28.649999618530273,29.6299991607666,25.189632415771484,393100
2016-06-07,29.790000915527344,29.959999084472656,29.40999984741211,29.639999389648438,25.198135375976562,423800
2016-06-08,29.889999389648438,30.559999465942383,29.889999389648438,30.459999084472656,25.89525032043457,399400
2016-06-09,30.25,30.25,29.729999542236328,30.079999923706055,25.57219886779785,339900
2016-06-10,29.56999969482422,29.56999969482422,28.5,28.68000030517578,24.382003784179688,332500
2016-06-13,28.5,29.030000686645508,28.09000015258789,28.350000381469727,24.101459503173828,296400
2016-06-14,28.030000686645508,28.780000686645508,27.790000915527344,28.459999084472656,24.194969177246094,311800
2016-06-15,28.5,29.110000610351562,28.34000015258789,28.540000915527344,24.262983322143555,254800
2016-06-16,28.299999237060547,28.299999237060547,27.469999313354492,28.139999389648438,23.922924041748047,238100
2016-06-17,28.350000381469727,29.389999389648438,28.260000228881836,29.290000915527344,24.900588989257812,465800
2016-06-20,29.40999984741211,29.579999923706055,28.489999771118164,28.989999771118164,24.64554786682129,697100
2016-06-21,28.850000381469727,28.90999984741211,28.049999237060547,28.649999618530273,24.356496810913086,326300
2016-06-22,28.790000915527344,29.989999771118164,28.790000915527344,29.690000534057617,25.240644454956055,448000
2016-06-23,30.399999618530273,30.799999237060547,29.8700008392334,30.56999969482422,25.988765716552734,466000
2016-06-24,29.040000915527344,30.100000381469727,28.979999542236328,29.84000015258789,25.368165969848633,1755100
2016-06-27,29.469999313354492,29.479999542236328,25.90999984741211,26.110000610351562,22.197145462036133,2132800
2016-06-28,26.5,27.3700008392334,26.5,27.290000915527344,23.200305938720703,818000
2016-06-29,27.1200008392334,28.479999542236328,27.0,28.329999923706055,24.084453582763672,556800
2016-06-30,28.25,29.139999389648438,28.18000030517578,29.1299991607666,24.76456642150879,447400
2016-07-01,29.18000030517578,30.200000762939453,29.15999984741211,29.56999969482422,25.13862419128418,503900
2016-07-05,29.209999084472656,29.5,28.40999984741211,28.790000915527344,24.47551918029785,795400
2016-07-06,29.280000686645508,29.280000686645508,25.899999618530273,26.1299991607666,22.214149475097656,3017100
2016-07-07,26.530000686645508,28.489999771118164,26.5,28.280000686645508,24.041948318481445,1559300
2016-07-08,28.6200008392334,29.809999465942383,28.56999969482422,29.579999923706055,25.147123336791992,569000
2016-07-11,30.139999389648438,30.670000076293945,29.850000381469727,30.600000381469727,26.014266967773438,488100
2016-07-12,31.0,31.90999984741211,30.959999084472656,31.600000381469727,26.864410400390625,642000
2016-07-13,31.739999771118164,31.979999542236328,31.290000915527344,31.520000457763672,26.796401977539062,574000
2016-07-14,31.979999542236328,32.33000183105469,31.520000457763672,31.850000381469727,27.07694435119629,462200
2016-07-15,31.950000762939453,31.950000762939453,31.360000610351562,31.489999771118164,26.77089500427246,343400
2016-07-18,31.510000228881836,32.56999969482422,31.190000534057617,32.16999816894531,27.5325984954834,474600
2016-07-19,32.029998779296875,32.290000915527344,31.56999969482422,32.02000045776367,27.404226303100586,297400
2016-07-20,31.780000686645508,32.45000076293945,31.579999923706055,32.0,27.387104034423828,277300
2016-07-21,32.0,32.16999816894531,31.170000076293945,31.6200008392334,27.06188201904297,418400
2016-07-22,31.350000381469727,32.130001068115234,31.239999771118164,32.09000015258789,27.464134216308594,254200
2016-07-25,31.969999313354492,32.09000015258789,31.049999237060547,31.1200008392334,26.633960723876953,233000
2016-07-26,31.110000610351562,31.829999923706055,31.010000228881836,31.559999465942383,27.010534286499023,248800
2016-07-27,31.649999618530273,32.16999816894531,31.239999771118164,31.549999237060547,27.00197410583496,305700
2016-07-28,31.6299991607666,31.6299991607666,31.0,31.209999084472656,26.710981369018555,311100
2016-07-29,31.610000610351562,32.91999816894531,31.510000228881836,32.83000183105469,28.097455978393555,618000
2016-08-01,32.61000061035156,33.119998931884766,31.959999084472656,32.150001525878906,27.515483856201172,565200
2016-08-02,31.959999084472656,32.400001525878906,31.3799991607666,31.5,26.959178924560547,404800
2016-08-03,31.559999465942383,32.099998474121094,31.420000076293945,31.899999618530273,27.301515579223633,284800
2016-08-04,31.75,32.540000915527344,31.75,32.119998931884766,27.489803314208984,263500
2016-08-05,32.349998474121094,33.439998626708984,32.34000015258789,33.25,28.456911087036133,337900
2016-08-08,33.33000183105469,33.900001525878906,33.18000030517578,33.290000915527344,28.49114990234375,275600
2016-08-09,33.38999938964844,33.439998626708984,32.09000015258789,32.13999938964844,27.50692367553711,408900
2016-08-10,32.36000061035156,32.529998779296875,31.31999969482422,31.440000534057617,26.9078311920166,389700
2016-08-11,31.56999969482422,31.979999542236328,31.510000228881836,31.649999618530273,27.087556838989258,415400
2016-08-12,31.68000030517578,31.739999771118164,31.270000457763672,31.56999969482422,27.019094467163086,225400
2016-08-15,31.6299991607666,32.47999954223633,31.6299991607666,32.18000030517578,27.541162490844727,242200
2016-08-16,32.13999938964844,32.5,31.93000030517578,32.20000076293945,27.558273315429688,254200
2016-08-17,32.2599983215332,32.900001525878906,31.75,31.850000381469727,27.258729934692383,410700
2016-08-18,31.8799991607666,33.66999816894531,31.799999237060547,33.630001068115234,28.782136917114258,478200
2016-08-19,33.41999816894531,34.34000015258789,33.20000076293945,34.290000915527344,29.346996307373047,359900
2016-08-22,33.9900016784668,34.16999816894531,33.290000915527344,33.900001525878906,29.013212203979492,264700
2016-08-23,34.060001373291016,34.939998626708984,34.060001373291016,34.7599983215332,29.749250411987305,250500
2016-08-24,34.560001373291016,34.810001373291016,34.400001525878906,34.599998474121094,29.6123046875,360200
2016-08-25,34.47999954223633,34.77000045776367,34.130001068115234,34.220001220703125,29.287080764770508,431100
2016-08-26,34.349998474121094,34.689998626708984,33.790000915527344,34.18000030517578,29.25285530090332,282400
2016-08-29,34.43000030517578,34.43000030517578,33.68000030517578,33.79999923706055,28.927627563476562,192500
2016-08-30,33.630001068115234,34.560001373291016,33.630001068115234,34.470001220703125,29.50105094909668,251600
2016-08-31,34.279998779296875,34.61000061035156,33.58000183105469,33.88999938964844,29.004657745361328,242900
2016-09-01,33.91999816894531,34.040000915527344,32.7400016784668,33.380001068115234,28.56817626953125,239200
2016-09-02,33.790000915527344,33.790000915527344,33.2599983215332,33.34000015258789,28.533939361572266,205500
2016-09-06,33.470001220703125,34.66999816894531,33.2400016784668,34.470001220703125,29.50105094909668,488200
2016-09-07,34.45000076293945,34.869998931884766,34.220001220703125,34.650001525878906,29.655105590820312,361400
2016-09-08,34.619998931884766,35.189998626708984,34.18000030517578,34.880001068115234,29.851940155029297,368100
2016-09-09,34.380001068115234,34.880001068115234,33.93000030517578,33.939998626708984,29.047447204589844,385000
2016-09-12,33.2400016784668,33.90999984741211,33.08000183105469,33.790000915527344,28.91907501220703,570800
2016-09-13,33.349998474121094,33.709999084472656,33.150001525878906,33.43000030517578,28.610965728759766,552500
2016-09-14,33.380001068115234,33.779998779296875,32.91999816894531,33.04999923706055,28.285741806030273,449800
2016-09-15,33.04999923706055,33.7400016784668,33.0099983215332,33.68000030517578,28.824926376342773,307900
2016-09-16,33.33000183105469,33.540000915527344,32.900001525878906,33.40999984741211,28.593847274780273,704000
2016-09-19,33.400001525878906,34.02000045776367,33.150001525878906,33.650001525878906,28.799257278442383,452300
2016-09-20,33.75,34.31999969482422,33.560001373291016,34.0,29.09880256652832,268400
2016-09-21,34.31999969482422,34.7400016784668,34.0099983215332,34.70000076293945,29.697895050048828,287700
2016-09-22,35.0,35.22999954223633,34.869998931884766,35.0099983215332,29.963205337524414,291700
2016-09-23,34.72999954223633,35.22999954223633,34.4900016784668,34.58000183105469,29.595190048217773,329200
2016-09-26,34.58000183105469,34.869998931884766,34.11000061035156,34.400001525878906,29.441139221191406,230900
2016-09-27,34.130001068115234,34.529998779296875,33.95000076293945,34.060001373291016,29.15015411376953,298000
2016-09-28,34.369998931884766,34.88999938964844,33.869998931884766,34.869998931884766,29.843379974365234,321400
2016-09-29,34.90999984741211,35.27000045776367,34.709999084472656,35.11000061035156,30.04878807067871,319200
2016-09-30,34.939998626708984,35.439998626708984,34.290000915527344,35.29999923706055,30.211397171020508,471500
2016-10-03,35.529998779296875,35.779998779296875,35.279998779296875,35.40999984741211,30.305545806884766,364400
2016-10-04,35.54999923706055,35.880001068115234,34.84000015258789,35.22999954223633,30.151493072509766,440300
2016-10-05,35.869998931884766,37.08000183105469,35.54999923706055,36.4900016784668,31.229862213134766,560100
2016-10-06,36.310001373291016,36.77000045776367,36.119998931884766,36.68000030517578,31.392475128173828,240500
2016-10-07,36.790000915527344,36.959999084472656,36.290000915527344,36.59000015258789,31.31544303894043,307500
2016-10-10,36.849998474121094,37.400001525878906,36.599998474121094,37.0,31.666343688964844,226900
2016-10-11,37.04999923706055,37.349998474121094,36.04999923706055,36.5,31.238414764404297,271900
2016-10-12,36.599998474121094,36.79999923706055,36.20000076293945,36.349998474121094,31.110034942626953,104800
2016-10-13,36.099998474121094,36.400001525878906,35.70000076293945,36.04999923706055,30.853294372558594,278900
2016-10-14,36.54999923706055,36.849998474121094,35.75,36.099998474121094,30.89607810974121,215000
2016-10-17,36.099998474121094,36.25,35.150001525878906,35.45000076293945,30.339780807495117,279400
2016-10-18,34.95000076293945,36.5,34.95000076293945,35.54999923706055,30.425371170043945,266500
2016-10-19,35.70000076293945,37.20000076293945,35.349998474121094,36.95000076293945,31.62354850769043,630400
2016-10-20,36.29999923706055,36.79999923706055,35.900001525878906,35.95000076293945,30.767690658569336,636400
2016-10-21,35.70000076293945,36.75,35.5,36.5,31.238414764404297,532000
2016-10-24,36.95000076293945,37.20000076293945,35.95000076293945,36.0,30.810487747192383,522000
2016-10-25,34.20000076293945,34.70000076293945,33.04999923706055,34.5,29.52671241760254,1306000
2016-10-26,33.5,34.29999923706055,32.20000076293945,32.25,27.601070404052734,719900
2016-10-27,32.20000076293945,32.599998474121094,30.799999237060547,30.899999618530273,26.445674896240234,879500
2016-10-28,31.25,31.299999237060547,30.25,30.700000762939453,26.274505615234375,435300
2016-10-31,30.600000381469727,31.649999618530273,30.5,31.5,26.959178924560547,506100
2016-11-01,31.649999618530273,31.850000381469727,29.950000762939453,30.350000381469727,25.974956512451172,434300
2016-11-02,30.200000762939453,30.399999618530273,29.649999618530273,30.100000381469727,25.76099395751953,406600
2016-11-03,29.5,30.600000381469727,28.950000762939453,30.5,26.103330612182617,916300
2016-11-04,30.299999237060547,31.950000762939453,30.299999237060547,30.950000762939453,26.48846435546875,560500
2016-11-07,31.600000381469727,32.150001525878906,31.149999618530273,31.549999237060547,27.00197410583496,624900
2016-11-08,31.200000762939453,31.799999237060547,30.649999618530273,31.399999618530273,27.053665161132812,403200
2016-11-09,31.200000762939453,33.70000076293945,31.200000762939453,33.20000076293945,28.60451889038086,644000
2016-11-10,33.900001525878906,34.83000183105469,33.599998474121094,34.54999923706055,29.767654418945312,676200
2016-11-11,34.25,35.380001068115234,34.150001525878906,35.349998474121094,30.45691680908203,450100
2016-11-14,35.70000076293945,36.849998474121094,35.599998474121094,36.099998474121094,31.10310173034668,609700
2016-11-15,36.20000076293945,37.0,35.45000076293945,36.599998474121094,31.533897399902344,712400
2016-11-16,36.29999923706055,36.54999923706055,35.25,35.79999923706055,30.84463119506836,353900
2016-11-17,35.79999923706055,36.25,35.45000076293945,35.849998474121094,30.887706756591797,263600
2016-11-18,35.900001525878906,36.54999923706055,35.45000076293945,35.599998474121094,30.672311782836914,454800
2016-11-21,35.900001525878906,36.5,35.599998474121094,36.04999923706055,31.06003189086914,511300
2016-11-22,36.45000076293945,37.099998474121094,35.849998474121094,37.04999923706055,31.92160415649414,393800
2016-11-23,36.75,38.70000076293945,36.75,38.45000076293945,33.12782287597656,487400
2016-11-25,38.5,38.75,38.099998474121094,38.45000076293945,33.12782287597656,162500
2016-11-28,38.45000076293945,38.45000076293945,37.54999923706055,37.79999923706055,32.56779861450195,265800
2016-11-29,37.099998474121094,38.04999923706055,37.099998474121094,37.650001525878906,32.438560485839844,394500
2016-11-30,38.20000076293945,39.04999923706055,38.0,38.79999923706055,33.42937088012695,370800
2016-12-01,39.04999923706055,40.20000076293945,39.0,40.0,34.4632682800293,644200
2016-12-02,40.29999923706055,40.849998474121094,39.310001373291016,40.70000076293945,35.066383361816406,498400
2016-12-05,41.0,41.849998474121094,39.9900016784668,40.099998474121094,34.54942321777344,908000
2016-12-06,40.04999923706055,41.400001525878906,39.5,41.25,35.54025650024414,539400
2016-12-07,41.599998474121094,42.29999923706055,41.25,41.79999923706055,36.01411437988281,434600
2016-12-08,42.45000076293945,42.45000076293945,41.349998474121094,42.150001525878906,36.315677642822266,446600
2016-12-09,42.150001525878906,42.650001525878906,41.150001525878906,42.04999923706055,36.229515075683594,399400
2016-12-12,42.0,43.04999923706055,41.25,41.400001525878906,35.669490814208984,552500
2016-12-13,41.75,41.75,40.400001525878906,40.650001525878906,35.02330017089844,731700
2016-12-14,40.5,41.45000076293945,40.150001525878906,40.25,34.678672790527344,550200
2016-12-15,39.70000076293945,41.900001525878906,39.70000076293945,41.75,35.97104263305664,435300
2016-12-16,41.95000076293945,42.349998474121094,41.400001525878906,41.849998474121094,36.05719757080078,761600
2016-12-19,41.849998474121094,43.04999923706055,41.72999954223633,43.0,37.048011779785156,332500
2016-12-20,43.29999923706055,44.29999923706055,43.0,43.849998474121094,37.780357360839844,698800
2016-12-21,43.849998474121094,43.849998474121094,42.75,43.0,37.048011779785156,521200
2016-12-22,42.95000076293945,43.29999923706055,42.45000076293945,43.0,37.048011779785156,449200
2016-12-23,43.04999923706055,43.349998474121094,42.70000076293945,43.04999923706055,37.091102600097656,194400
2016-12-27,43.29999923706055,43.880001068115234,42.95000076293945,43.20000076293945,37.2203369140625,299900
2016-12-28,43.20000076293945,43.400001525878906,42.29999923706055,42.400001525878906,36.53106689453125,291000
2016-12-29,42.5,42.900001525878906,41.900001525878906,42.150001525878906,36.315677642822266,224000
2016-12-30,42.20000076293945,42.400001525878906,41.400001525878906,41.54999923706055,35.79872131347656,247000
2017-01-03,40.95000076293945,41.279998779296875,39.099998474121094,40.45000076293945,34.850982666015625,864100
2017-01-04,40.650001525878906,42.29999923706055,40.650001525878906,41.849998474121094,36.05719757080078,1015800
2017-01-05,41.75,41.75,39.95000076293945,40.25,34.678672790527344,704800
2017-01-06,41.20000076293945,47.45000076293945,40.5,46.70000076293945,40.235870361328125,3391300
2017-01-09,46.70000076293945,48.45000076293945,45.75,47.400001525878906,40.83897399902344,1493200
2017-01-10,47.70000076293945,49.0,47.650001525878906,48.650001525878906,41.915950775146484,824500
2017-01-11,48.900001525878906,49.0,48.0,48.79999923706055,42.045188903808594,674400
2017-01-12,48.70000076293945,48.70000076293945,47.0,48.20000076293945,41.52824401855469,646300
2017-01-13,48.400001525878906,49.5,48.400001525878906,49.04999923706055,42.26058578491211,494600
2017-01-17,48.5,49.279998779296875,48.20000076293945,48.650001525878906,41.915950775146484,627600
2017-01-18,48.849998474121094,49.0,47.95000076293945,48.20000076293945,41.52824401855469,423400
2017-01-19,47.70000076293945,48.29999923706055,47.04999923706055,47.900001525878906,41.2697639465332,777600
2017-01-20,48.29999923706055,48.900001525878906,46.75,47.5,40.925140380859375,708300
2017-01-23,47.099998474121094,47.95000076293945,45.72999954223633,46.150001525878906,39.762001037597656,608900
2017-01-24,46.04999923706055,46.95000076293945,45.90999984741211,46.5,40.24668502807617,554700
2017-01-25,47.04999923706055,47.849998474121094,46.63999938964844,47.5,41.11221694946289,610300
2017-01-26,47.75,47.75,46.650001525878906,46.75,40.463069915771484,396300
2017-01-27,46.70000076293945,47.0,46.25,46.599998474121094,40.33324432373047,399400
2017-01-30,45.849998474121094,46.150001525878906,44.45000076293945,45.349998474121094,39.2513427734375,579000
2017-01-31,43.349998474121094,43.75,41.54999923706055,43.75,37.866512298583984,2172700
2017-02-01,44.04999923706055,45.400001525878906,44.04999923706055,44.79999923706055,38.77530288696289,1457600
2017-02-02,44.349998474121094,44.79999923706055,43.45000076293945,44.29999923706055,38.34254455566406,727100
2017-02-03,44.5,46.20000076293945,44.13999938964844,45.849998474121094,39.68410110473633,914400
2017-02-06,45.5,46.150001525878906,45.25,45.45000076293945,39.3379020690918,771000
2017-02-07,45.79999923706055,45.900001525878906,43.5,44.099998474121094,38.16944885253906,1054300
2017-02-08,43.849998474121094,43.849998474121094,42.400001525878906,43.25,37.43375015258789,752100
2017-02-09,43.349998474121094,44.20000076293945,43.0,44.0,38.0828971862793,383000
2017-02-10,44.29999923706055,45.04999923706055,44.0,44.650001525878906,38.645484924316406,382100
2017-02-13,44.849998474121094,45.25,44.0,44.04999923706055,38.12616729736328,381200
2017-02-14,44.04999923706055,44.349998474121094,43.54999923706055,44.25,38.29927444458008,546000
2017-02-15,44.25,44.900001525878906,43.97999954223633,44.849998474121094,38.81857681274414,545300
2017-02-16,44.70000076293945,44.900001525878906,44.150001525878906,44.54999923706055,38.55892562866211,514300
2017-02-17,44.0,44.849998474121094,43.880001068115234,44.650001525878906,38.645484924316406,575300
2017-02-21,44.95000076293945,45.04999923706055,43.150001525878906,43.900001525878906,37.99634552001953,520600
2017-02-22,43.349998474121094,43.900001525878906,43.29999923706055,43.849998474121094,37.95305633544922,351000
2017-02-23,44.150001525878906,44.400001525878906,42.95000076293945,43.29999923706055,37.477027893066406,455300
2017-02-24,42.900001525878906,44.04999923706055,42.58000183105469,44.04999923706055,38.12616729736328,331700
2017-02-27,44.20000076293945,44.849998474121094,43.849998474121094,43.849998474121094,37.95305633544922,467000
2017-02-28,43.75,43.900001525878906,41.79999923706055,42.04999923706055,36.3951301574707,799700
2017-03-01,43.0,44.70000076293945,42.599998474121094,44.0,38.0828971862793,536500
2017-03-02,43.849998474121094,43.900001525878906,42.349998474121094,42.650001525878906,36.91444396972656,338800
2017-03-03,42.599998474121094,43.150001525878906,42.45000076293945,43.04999923706055,37.26065444946289,336000
2017-03-06,42.45000076293945,43.04999923706055,42.25,42.79999923706055,37.04426193237305,189800
2017-03-07,42.79999923706055,42.900001525878906,42.25,42.349998474121094,36.654781341552734,251100
2017-03-08,42.45000076293945,42.75,41.849998474121094,41.900001525878906,36.26530456542969,285500
2017-03-09,41.79999923706055,42.150001525878906,40.900001525878906,41.25,35.70270919799805,326800
2017-03-10,41.5,41.900001525878906,41.0,41.70000076293945,36.092201232910156,333800
2017-03-13,41.650001525878906,42.25,41.54999923706055,41.75,36.13547134399414,331500
2017-03-14,41.29999923706055,41.45000076293945,40.45000076293945,41.29999923706055,35.745994567871094,332800
2017-03-15,41.650001525878906,42.45000076293945,41.25,42.20000076293945,36.524959564208984,489900
2017-03-16,42.20000076293945,42.25,41.150001525878906,41.45000076293945,35.875816345214844,338500
2017-03-17,41.650001525878906,43.20000076293945,41.5,43.150001525878906,37.34720230102539,730100
2017-03-20,43.0,43.400001525878906,42.349998474121094,42.5,36.78461837768555,336300
2017-03-21,42.75,42.75,40.599998474121094,41.150001525878906,35.61616897583008,339600
2017-03-22,41.099998474121094,41.5,40.63999938964844,41.400001525878906,35.83254623413086,294000
2017-03-23,41.349998474121094,42.08000183105469,41.29999923706055,41.79999923706055,36.178741455078125,349100
2017-03-24,41.95000076293945,42.599998474121094,41.45000076293945,41.75,36.13547134399414,361600
2017-03-27,40.75,41.45000076293945,40.70000076293945,41.349998474121094,35.789268493652344,312000
2017-03-28,41.099998474121094,42.650001525878906,41.0,42.54999923706055,36.82788848876953,320100
2017-03-29,42.5,43.400001525878906,42.0,43.150001525878906,37.34720230102539,325800
2017-03-30,43.20000076293945,43.45000076293945,42.79999923706055,43.150001525878906,37.34720230102539,282700
2017-03-31,43.0,43.400001525878906,42.70000076293945,43.099998474121094,37.303932189941406,293600
2017-04-03,43.29999923706055,43.650001525878906,42.04999923706055,43.04999923706055,37.26065444946289,576500
2017-04-04,42.95000076293945,43.75,42.54999923706055,42.95000076293945,37.174095153808594,654800
2017-04-05,47.70000076293945,49.0,46.349998474121094,47.25,40.89583969116211,3863600
2017-04-06,47.849998474121094,48.95000076293945,47.29999923706055,48.5,41.97773361206055,1842800
2017-04-07,48.349998474121094,48.650001525878906,47.650001525878906,47.849998474121094,41.41514205932617,720800
2017-04-10,47.900001525878906,48.349998474121094,47.29999923706055,47.75,41.3286018371582,370500
2017-04-11,47.650001525878906,48.04999923706055,47.099998474121094,47.900001525878906,41.45841598510742,697900
2017-04-12,47.599998474121094,47.650001525878906,44.95000076293945,45.099998474121094,39.03496170043945,746100
2017-04-13,44.599998474121094,45.150001525878906,44.04999923706055,44.099998474121094,38.35655212402344,639300
2017-04-17,44.25,44.45000076293945,43.54999923706055,44.150001525878906,38.4000358581543,325000
2017-04-18,43.79999923706055,44.150001525878906,42.93000030517578,43.5,37.83469009399414,525800
2017-04-19,43.849998474121094,44.25,43.349998474121094,43.599998474121094,37.921669006347656,783800
2017-04-20,44.04999923706055,45.25,44.04999923706055,44.650001525878906,38.83491897583008,517700
2017-04-21,44.650001525878906,44.880001068115234,43.95000076293945,44.45000076293945,38.66096496582031,466100
2017-04-24,45.400001525878906,45.5,44.0,44.349998474121094,38.57398223876953,654600
2017-04-25,44.79999923706055,44.95000076293945,44.25,44.25,38.48701858520508,660200
2017-04-26,44.25,45.20000076293945,43.95000076293945,44.04999923706055,38.31306076049805,506700
2017-04-27,44.150001525878906,44.5,43.68000030517578,44.20000076293945,38.44352340698242,492400
2017-04-28,44.25,44.349998474121094,43.349998474121094,43.45000076293945,37.791202545166016,322900
2017-05-01,43.70000076293945,43.70000076293945,42.900001525878906,43.20000076293945,37.57376480102539,477100
2017-05-02,43.29999923706055,44.099998474121094,43.20000076293945,43.599998474121094,37.921669006347656,480300
2017-05-03,43.29999923706055,43.58000183105469,43.0,43.29999923706055,37.66073989868164,462000
2017-05-04,43.5,43.5,42.5,43.150001525878906,37.530277252197266,407400
2017-05-05,43.400001525878906,43.650001525878906,42.900001525878906,43.150001525878906,37.530277252197266,470400
2017-05-08,43.04999923706055,43.310001373291016,42.5,42.849998474121094,37.269344329833984,397300
2017-05-09,42.849998474121094,44.900001525878906,42.63999938964844,44.54999923706055,38.74794006347656,684400
2017-05-10,44.599998474121094,45.45000076293945,44.25,45.0,39.13933563232422,608000
2017-05-11,44.849998474121094,45.349998474121094,44.20000076293945,45.099998474121094,39.22631072998047,433600
2017-05-12,44.25,45.0,44.20000076293945,44.599998474121094,38.79143524169922,339700
2017-05-15,44.95000076293945,45.20000076293945,44.54999923706055,44.79999923706055,38.96537780761719,330700
2017-05-16,44.79999923706055,45.04999923706055,44.04999923706055,44.599998474121094,38.79143524169922,406500
2017-05-17,44.599998474121094,44.599998474121094,43.04999923706055,43.400001525878906,37.74772262573242,409000
2017-05-18,43.25,44.150001525878906,42.849998474121094,43.45000076293945,37.791202545166016,288000
2017-05-19,43.75,45.20000076293945,43.5,44.45000076293945,38.66096496582031,385500
2017-05-22,44.70000076293945,45.150001525878906,44.20000076293945,44.95000076293945,39.095848083496094,332800
2017-05-23,45.0,45.349998474121094,44.45000076293945,45.04999923706055,39.18281936645508,299600
2017-05-24,45.099998474121094,45.29999923706055,44.0,44.5,38.7044563293457,466000
2017-05-25,44.599998474121094,45.099998474121094,44.400001525878906,44.849998474121094,39.00886535644531,300500
2017-05-26,44.75,45.04999923706055,44.20000076293945,44.650001525878906,38.83491897583008,204300
2017-05-30,44.54999923706055,44.849998474121094,44.20000076293945,44.70000076293945,38.8784065246582,241900
2017-05-31,44.70000076293945,44.849998474121094,43.650001525878906,44.25,38.48701858520508,454100
2017-06-01,44.54999923706055,45.900001525878906,44.5,45.75,39.791664123535156,390000
2017-06-02,45.79999923706055,47.29999923706055,45.400001525878906,46.599998474121094,40.53095626831055,582000
2017-06-05,46.849998474121094,47.349998474121094,46.29999923706055,46.400001525878906,40.35700225830078,362700
2017-06-06,46.099998474121094,46.54999923706055,45.900001525878906,46.150001525878906,40.13956832885742,383500
2017-06-07,46.20000076293945,46.70000076293945,45.630001068115234,45.79999923706055,39.835147857666016,269600
2017-06-08,46.0,47.150001525878906,45.70000076293945,46.900001525878906,40.791893005371094,320100
2017-06-09,46.95000076293945,48.310001373291016,46.880001068115234,48.099998474121094,41.835601806640625,452700
2017-06-12,48.45000076293945,49.47999954223633,48.20000076293945,49.0,42.618385314941406,475600
2017-06-13,49.150001525878906,49.95000076293945,49.04999923706055,49.29999923706055,42.87931442260742,428600
2017-06-14,49.349998474121094,49.54999923706055,47.849998474121094,48.099998474121094,41.835601806640625,398600
2017-06-15,47.75,48.650001525878906,47.349998474121094,48.5,42.183509826660156,312200
2017-06-16,48.20000076293945,48.25,47.209999084472656,47.599998474121094,41.400726318359375,610000
2017-06-19,47.900001525878906,48.75,47.150001525878906,48.5,42.183509826660156,356600
2017-06-20,48.20000076293945,48.20000076293945,47.20000076293945,47.349998474121094,41.18328094482422,295900
2017-06-21,47.400001525878906,47.599998474121094,46.099998474121094,46.29999923706055,40.270023345947266,380200
2017-06-22,46.25,46.900001525878906,46.150001525878906,46.599998474121094,40.53095626831055,375400
2017-06-23,46.75,47.5,46.650001525878906,47.45000076293945,41.27025604248047,321500
2017-06-26,47.54999923706055,49.150001525878906,47.5,48.849998474121094,42.4879150390625,552900
2017-06-27,48.849998474121094,49.599998474121094,48.5,49.45000076293945,43.009788513183594,665600
2017-06-28,49.650001525878906,50.349998474121094,49.5,50.0,43.48815155029297,780100
2017-06-29,51.04999923706055,51.25,46.25,48.25,41.966064453125,985000
2017-06-30,48.29999923706055,48.45000076293945,45.75,46.25,40.226531982421875,766400
2017-07-03,46.5,47.25,46.25,46.650001525878906,40.57444763183594,267500
2017-07-05,46.650001525878906,47.099998474121094,46.20000076293945,46.54999923706055,40.48747253417969,382700
2017-07-06,46.349998474121094,46.650001525878906,44.599998474121094,44.75,38.92190170288086,502400
2017-07-07,44.849998474121094,45.04999923706055,43.0,43.849998474121094,38.139102935791016,892200
2017-07-10,43.70000076293945,44.08000183105469,43.099998474121094,43.25,37.61724853515625,443000
2017-07-11,43.29999923706055,43.58000183105469,42.599998474121094,42.650001525878906,37.095394134521484,555600
2017-07-12,43.20000076293945,43.400001525878906,41.900001525878906,42.20000076293945,36.70399856567383,567000
2017-07-13,42.150001525878906,42.72999954223633,41.95000076293945,42.20000076293945,36.70399856567383,412900
2017-07-14,41.900001525878906,42.20000076293945,41.45000076293945,41.849998474121094,36.590335845947266,478900
2017-07-17,42.849998474121094,44.75,42.75,43.79999923706055,38.295265197753906,745300
2017-07-18,43.650001525878906,43.79999923706055,42.900001525878906,43.75,38.25154495239258,363600
2017-07-19,43.650001525878906,45.150001525878906,43.599998474121094,44.75,39.12586975097656,541900
2017-07-20,44.70000076293945,45.0,44.20000076293945,44.75,39.12586975097656,417700
2017-07-21,44.75,45.0,44.04999923706055,44.29999923706055,38.732421875,352600
2017-07-24,44.29999923706055,44.75,44.20000076293945,44.70000076293945,39.082149505615234,240300
2017-07-25,44.79999923706055,45.900001525878906,44.79999923706055,45.29999923706055,39.60673904418945,461000
2017-07-26,45.54999923706055,45.54999923706055,44.70000076293945,44.900001525878906,39.257022857666016,518000
2017-07-27,45.099998474121094,45.150001525878906,44.0,44.45000076293945,38.86357116699219,264700
2017-07-28,44.349998474121094,44.75,44.150001525878906,44.70000076293945,39.082149505615234,201000
2017-07-31,44.79999923706055,45.20000076293945,44.54999923706055,45.0,39.34444808959961,228900
2017-08-01,45.04999923706055,45.29999923706055,44.5,45.29999923706055,39.60673904418945,177000
2017-08-02,45.20000076293945,45.5,43.72999954223633,44.150001525878906,38.60127639770508,237400
2017-08-03,44.099998474121094,44.599998474121094,43.849998474121094,44.45000076293945,38.86357116699219,259200
2017-08-04,44.54999923706055,45.20000076293945,44.5,45.0,39.34444808959961,498900
2017-08-07,45.0,46.150001525878906,45.0,45.95000076293945,40.17505645751953,222300
2017-08-08,45.79999923706055,47.0,45.5,46.45000076293945,40.61221694946289,297100
2017-08-09,46.04999923706055,46.650001525878906,46.04999923706055,46.45000076293945,40.61221694946289,226100
2017-08-10,45.70000076293945,46.54999923706055,45.70000076293945,46.04999923706055,40.262489318847656,188200
2017-08-11,45.599998474121094,46.400001525878906,45.599998474121094,45.900001525878906,40.13133239746094,246700
2017-08-14,46.29999923706055,46.75,46.150001525878906,46.20000076293945,40.39363479614258,235200
2017-08-15,46.099998474121094,46.54999923706055,46.0,46.099998474121094,40.30620193481445,242900
2017-08-16,46.150001525878906,46.25,45.599998474121094,45.650001525878906,39.91276550292969,229600
2017-08-17,45.5,45.70000076293945,44.29999923706055,44.349998474121094,38.77613830566406,285900
2017-08-18,44.099998474121094,44.400001525878906,43.79999923706055,43.900001525878906,38.38269805908203,244300
2017-08-21,43.849998474121094,44.25,43.400001525878906,43.650001525878906,38.164119720458984,362800
2017-08-22,43.70000076293945,44.150001525878906,43.5,43.900001525878906,38.38269805908203,278800
2017-08-23,43.5,44.029998779296875,43.45000076293945,43.95000076293945,38.426414489746094,166300
2017-08-24,44.099998474121094,44.150001525878906,43.2400016784668,43.5,38.0329704284668,252100
2017-08-25,43.70000076293945,43.95000076293945,42.900001525878906,43.400001525878906,37.94554138183594,211600
2017-08-28,43.349998474121094,43.75,43.099998474121094,43.20000076293945,37.77067565917969,276800
2017-08-29,42.79999923706055,43.25,42.70000076293945,43.0,37.59579849243164,361200
2017-08-30,42.95000076293945,43.349998474121094,42.650001525878906,43.150001525878906,37.726951599121094,276800
2017-08-31,43.349998474121094,43.5,42.75,42.900001525878906,37.50836944580078,261200
2017-09-01,43.04999923706055,43.75,43.04999923706055,43.5,38.0329704284668,401300
2017-09-05,43.599998474121094,43.599998474121094,42.68000030517578,43.04999923706055,37.6395263671875,383600
2017-09-06,43.25,43.5,42.5,43.0,37.59579849243164,394100
2017-09-07,43.04999923706055,43.04999923706055,42.25,42.349998474121094,37.02749252319336,362700
2017-09-08,42.29999923706055,42.529998779296875,41.95000076293945,42.04999923706055,36.765201568603516,409100
2017-09-11,42.400001525878906,42.599998474121094,42.04999923706055,42.29999923706055,36.9837760925293,241300
2017-09-12,42.349998474121094,42.79999923706055,42.29999923706055,42.400001525878906,37.07121276855469,311800
2017-09-13,42.20000076293945,42.5,42.04999923706055,42.25,36.940067291259766,272000
2017-09-14,42.20000076293945,42.95000076293945,42.20000076293945,42.45000076293945,37.11492919921875,280600
2017-09-15,42.400001525878906,42.70000076293945,42.150001525878906,42.70000076293945,37.3335075378418,339300
2017-09-18,42.75,43.04999923706055,42.45000076293945,42.849998474121094,37.464656829833984,283600
2017-09-19,42.900001525878906,43.04999923706055,42.5,42.75,37.37723159790039,238600
2017-09-20,42.75,44.29999923706055,42.70000076293945,44.150001525878906,38.60127639770508,399700
2017-09-21,44.150001525878906,44.95000076293945,44.04999923706055,44.75,39.12586975097656,481400
2017-09-22,44.79999923706055,45.95000076293945,44.70000076293945,45.54999923706055,39.82533264160156,337600
2017-09-25,45.45000076293945,46.70000076293945,45.45000076293945,46.599998474121094,40.74336242675781,382000
2017-09-26,46.599998474121094,47.25,46.349998474121094,47.04999923706055,41.136810302734375,434100
2017-09-27,47.25,47.70000076293945,46.099998474121094,47.29999923706055,41.35538101196289,421000
2017-09-28,47.349998474121094,48.70000076293945,47.20000076293945,48.400001525878906,42.31714630126953,376000
2017-09-29,48.20000076293945,49.04999923706055,48.0,48.150001525878906,42.09855651855469,772900
2017-10-02,48.5,49.630001068115234,48.349998474121094,49.400001525878906,43.19146728515625,1179200
2017-10-03,49.400001525878906,50.099998474121094,49.25,49.599998474121094,43.3663330078125,588600
2017-10-04,51.25,52.0,49.70000076293945,49.900001525878906,43.628623962402344,1349200
2017-10-05,50.349998474121094,51.45000076293945,50.099998474121094,50.79999923706055,44.41550827026367,1018700
2017-10-06,50.599998474121094,51.04999923706055,50.20000076293945,50.25,43.934635162353516,404100
2017-10-09,50.29999923706055,50.900001525878906,50.22999954223633,50.400001525878906,44.06578826904297,357900
2017-10-10,50.900001525878906,50.900001525878906,49.54999923706055,49.900001525878906,43.628623962402344,399300
2017-10-11,49.79999923706055,50.099998474121094,49.43000030517578,49.599998474121094,43.3663330078125,565700
2017-10-12,49.5,50.04999923706055,49.349998474121094,49.95000076293945,43.672340393066406,718900
2017-10-13,50.099998474121094,50.650001525878906,49.650001525878906,50.5,44.153221130371094,327700
2017-10-16,50.75,51.45000076293945,50.45000076293945,51.150001525878906,44.721527099609375,273600
2017-10-17,50.900001525878906,51.04999923706055,49.900001525878906,50.5,44.153221130371094,312000
2017-10-18,50.650001525878906,51.099998474121094,50.599998474121094,50.79999923706055,44.41550827026367,243000
2017-10-19,50.5,50.79999923706055,50.099998474121094,50.70000076293945,44.32808303833008,254000
2017-10-20,51.04999923706055,51.400001525878906,50.75,51.20000076293945,44.76524353027344,262000
2017-10-23,51.349998474121094,52.04999923706055,51.0,51.650001525878906,45.158695220947266,432200
2017-10-24,51.79999923706055,52.45000076293945,51.79999923706055,51.849998474121094,45.33354949951172,263500
2017-10-25,51.75,51.849998474121094,50.599998474121094,51.150001525878906,44.721527099609375,219800
2017-10-26,50.849998474121094,50.849998474121094,49.900001525878906,50.04999923706055,43.759769439697266,433000
2017-10-27,50.650001525878906,52.0,48.5,49.599998474121094,43.3663330078125,725100
2017-10-30,49.45000076293945,51.70000076293945,49.400001525878906,50.25,43.934635162353516,476700
2017-10-31,50.5,52.25,50.20000076293945,52.20000076293945,45.639564514160156,636800
2017-11-01,52.650001525878906,52.75,51.150001525878906,51.25,44.8089485168457,535300
2017-11-02,51.25,52.45000076293945,50.849998474121094,52.349998474121094,45.77070236206055,324800
2017-11-03,52.400001525878906,52.400001525878906,51.599998474121094,52.099998474121094,45.552127838134766,275900
2017-11-06,52.04999923706055,52.150001525878906,51.04999923706055,51.20000076293945,44.76524353027344,281300
2017-11-07,51.20000076293945,51.349998474121094,50.29999923706055,50.29999923706055,43.97834396362305,272000
2017-11-08,50.150001525878906,50.400001525878906,49.20000076293945,49.70000076293945,43.45375442504883,351600
2017-11-09,49.25,49.54999923706055,48.060001373291016,48.5,42.404579162597656,303000
2017-11-10,48.54999923706055,49.45000076293945,48.25,48.29999923706055,42.22970962524414,428200
2017-11-13,48.29999923706055,48.400001525878906,46.75,46.849998474121094,40.961936950683594,403100
2017-11-14,46.54999923706055,47.099998474121094,46.099998474121094,46.20000076293945,40.59291458129883,322400
2017-11-15,45.79999923706055,46.150001525878906,45.349998474121094,45.5,39.97787094116211,316900
2017-11-16,45.75,46.849998474121094,45.630001068115234,46.5,40.85650634765625,381300
2017-11-17,46.349998474121094,47.20000076293945,46.150001525878906,47.0,41.29582595825195,288500
2017-11-20,46.95000076293945,47.349998474121094,46.54999923706055,46.95000076293945,41.25189208984375,280000
2017-11-21,47.20000076293945,47.29999923706055,46.20000076293945,46.54999923706055,40.90043640136719,354100
2017-11-22,46.75,47.279998779296875,46.599998474121094,46.599998474121094,40.94437026977539,146100
2017-11-24,46.79999923706055,46.79999923706055,46.25,46.54999923706055,40.90043640136719,111200
2017-11-27,46.5,46.849998474121094,46.349998474121094,46.349998474121094,40.72470474243164,148200
2017-11-28,46.54999923706055,48.099998474121094,46.279998779296875,48.04999923706055,42.2183952331543,365800
2017-11-29,48.099998474121094,49.25,48.04999923706055,48.95000076293945,43.00917053222656,464000
2017-11-30,50.0,50.54999923706055,49.029998779296875,50.0,43.93173599243164,794700
2017-12-01,50.0,50.25,48.25,49.45000076293945,43.44847869873047,323700
2017-12-04,50.099998474121094,51.5,50.099998474121094,50.95000076293945,44.76642990112305,349900
2017-12-05,50.79999923706055,50.95000076293945,50.0,50.400001525878906,44.283180236816406,249400
2017-12-06,50.29999923706055,50.650001525878906,49.45000076293945,50.04999923706055,43.97566223144531,319400
2017-12-07,49.900001525878906,51.45000076293945,49.40999984741211,51.150001525878906,44.94215393066406,323600
2017-12-08,51.400001525878906,51.599998474121094,50.75,50.95000076293945,44.76642990112305,191200
2017-12-11,51.20000076293945,51.29999923706055,49.900001525878906,50.099998474121094,44.019596099853516,394700
2017-12-12,50.20000076293945,51.20000076293945,49.849998474121094,50.900001525878906,44.722503662109375,286100
2017-12-13,51.0,51.79999923706055,50.599998474121094,51.150001525878906,44.94215393066406,231300
2017-12-14,51.45000076293945,51.45000076293945,49.900001525878906,50.150001525878906,44.06352233886719,266100
2017-12-15,50.54999923706055,51.599998474121094,50.5,51.099998474121094,44.898216247558594,569000
2017-12-18,51.79999923706055,52.900001525878906,51.619998931884766,52.400001525878906,46.04045486450195,296700
2017-12-19,52.599998474121094,52.95000076293945,51.099998474121094,52.45000076293945,46.084388732910156,306800
2017-12-20,52.79999923706055,52.900001525878906,52.349998474121094,52.5,46.12831115722656,210800
2017-12-21,52.70000076293945,52.849998474121094,52.16999816894531,52.599998474121094,46.216182708740234,230100
2017-12-22,52.650001525878906,53.20000076293945,52.54999923706055,52.900001525878906,46.479766845703125,210700
2017-12-26,53.04999923706055,53.70000076293945,52.95000076293945,53.599998474121094,47.094810485839844,181000
2017-12-27,53.70000076293945,53.95000076293945,53.150001525878906,53.70000076293945,47.18267822265625,147800
2017-12-28,53.849998474121094,54.45000076293945,53.54999923706055,54.20000076293945,47.62199020385742,211600
2017-12-29,54.20000076293945,54.29999923706055,53.29999923706055,53.29999923706055,46.83122253417969,199700
2018-01-02,53.650001525878906,54.45000076293945,53.5,53.95000076293945,47.402339935302734,300900
2018-01-03,54.04999923706055,54.099998474121094,52.75,53.099998474121094,46.65549850463867,373600
2018-01-04,53.650001525878906,54.099998474121094,52.5,52.75,46.34797286987305,446600
2018-01-05,48.95000076293945,52.04999923706055,48.95000076293945,50.599998474121094,44.45890808105469,1282800
2018-01-08,50.79999923706055,50.900001525878906,49.5,50.29999923706055,44.1953125,526000
2018-01-09,50.349998474121094,50.45000076293945,49.5,49.75,43.71206283569336,581700
2018-01-10,49.900001525878906,51.599998474121094,48.849998474121094,49.04999923706055,43.097023010253906,735000
2018-01-11,49.25,51.5,49.25,50.599998474121094,44.45890808105469,564300
2018-01-12,50.75,52.25,50.54999923706055,51.45000076293945,45.20574951171875,618300
2018-01-16,51.79999923706055,52.599998474121094,50.650001525878906,51.29999923706055,45.07395935058594,401600
2018-01-17,51.650001525878906,52.04999923706055,50.95000076293945,52.0,45.688995361328125,341000
2018-01-18,51.79999923706055,51.79999923706055,51.04999923706055,51.599998474121094,45.33755111694336,257600
2018-01-19,51.5,52.599998474121094,51.5,52.349998474121094,45.99650955200195,357200
2018-01-22,52.400001525878906,52.650001525878906,52.04999923706055,52.29999923706055,45.95259094238281,234000
2018-01-23,52.349998474121094,52.400001525878906,51.29999923706055,51.70000076293945,45.4254150390625,478700
2018-01-24,51.79999923706055,52.79999923706055,51.79999923706055,52.70000076293945,46.30403518676758,392200
2018-01-25,52.54999923706055,53.099998474121094,51.75,51.900001525878906,45.801029205322266,285800
2018-01-26,52.0,52.70000076293945,51.70000076293945,52.5,46.33051300048828,339300
2018-01-29,52.25,52.54999923706055,51.18000030517578,51.650001525878906,45.58040237426758,352500
2018-01-30,51.099998474121094,51.400001525878906,50.04999923706055,50.45000076293945,44.52142333984375,312000
2018-01-31,50.849998474121094,51.45000076293945,50.04999923706055,50.150001525878906,44.25667953491211,490300
2018-02-01,49.900001525878906,50.95000076293945,49.849998474121094,50.29999923706055,44.3890380859375,305800
2018-02-02,49.900001525878906,50.04999923706055,48.54999923706055,49.0,43.2418098449707,566000
2018-02-05,48.400001525878906,49.75,47.5,47.599998474121094,42.0063362121582,579300
2018-02-06,46.70000076293945,48.5,46.20000076293945,47.75,42.13870620727539,450800
2018-02-07,47.70000076293945,48.04999923706055,47.0,47.5,41.91808319091797,304900
2018-02-08,47.45000076293945,47.45000076293945,46.099998474121094,46.099998474121094,40.68260955810547,390200
2018-02-09,46.599998474121094,46.79999923706055,44.75,46.45000076293945,40.99148178100586,545100
2018-02-12,46.70000076293945,47.849998474121094,46.04999923706055,47.54999923706055,41.96220779418945,261200
2018-02-13,47.20000076293945,48.45000076293945,46.75,48.349998474121094,42.66819381713867,331600
2018-02-14,48.150001525878906,50.25,47.95000076293945,49.95000076293945,44.08018112182617,361700
2018-02-15,50.29999923706055,51.04999923706055,49.70000076293945,50.95000076293945,44.96266174316406,389300
2018-02-16,51.04999923706055,52.20000076293945,51.04999923706055,51.599998474121094,45.536285400390625,533300
2018-02-20,51.20000076293945,52.79999923706055,51.099998474121094,52.150001525878906,46.021644592285156,426100
2018-02-21,52.25,54.150001525878906,52.25,53.04999923706055,46.81588363647461,378000
2018-02-22,53.099998474121094,53.400001525878906,52.20000076293945,52.849998474121094,46.63938522338867,487300
2018-02-23,53.099998474121094,53.599998474121094,52.70000076293945,53.29999923706055,47.036502838134766,360000
2018-02-26,53.5,53.5,52.79999923706055,53.0,46.771751403808594,358600
2018-02-27,52.849998474121094,53.400001525878906,52.400001525878906,52.400001525878906,46.24226760864258,632400
2018-02-28,52.599998474121094,52.900001525878906,51.75,51.79999923706055,45.712772369384766,567300
2018-03-01,51.79999923706055,52.5,51.04999923706055,51.150001525878906,45.139156341552734,441500
2018-03-02,50.75,51.150001525878906,48.45000076293945,50.900001525878906,44.918540954589844,538200
2018-03-05,50.599998474121094,51.29999923706055,49.95000076293945,50.849998474121094,44.87440872192383,384500
2018-03-06,50.95000076293945,51.349998474121094,50.099998474121094,50.150001525878906,44.25667953491211,374900
2018-03-07,49.70000076293945,50.599998474121094,49.58000183105469,50.5,44.565547943115234,293500
2018-03-08,50.70000076293945,50.900001525878906,49.650001525878906,50.75,44.78616714477539,258500
2018-03-09,50.95000076293945,52.29999923706055,50.849998474121094,51.849998474121094,45.75688934326172,358600
2018-03-12,51.849998474121094,52.04999923706055,51.150001525878906,51.599998474121094,45.536285400390625,203500
2018-03-13,51.95000076293945,52.599998474121094,51.54999923706055,51.650001525878906,45.58040237426758,194200
2018-03-14,52.0,52.0,51.25,51.400001525878906,45.359779357910156,362500
2018-03-15,51.45000076293945,51.45000076293945,49.849998474121094,49.95000076293945,44.08018112182617,332700
2018-03-16,50.04999923706055,51.650001525878906,49.900001525878906,51.54999923706055,45.492149353027344,448000
2018-03-19,51.5,51.5,49.599998474121094,51.29999923706055,45.27153778076172,360000
2018-03-20,51.400001525878906,51.900001525878906,50.599998474121094,50.849998474121094,44.87440872192383,528600
2018-03-21,50.900001525878906,51.79999923706055,50.88999938964844,51.150001525878906,45.139156341552734,298600
2018-03-22,50.20000076293945,51.099998474121094,49.79999923706055,49.900001525878906,44.03605270385742,460900
2018-03-23,50.099998474121094,50.599998474121094,49.5,49.5,43.68305587768555,318200
2018-03-26,50.400001525878906,51.849998474121094,50.099998474121094,51.45000076293945,45.40390396118164,453700
2018-03-27,51.54999923706055,52.150001525878906,50.70000076293945,50.95000076293945,44.96266174316406,390700
2018-03-28,50.95000076293945,51.150001525878906,49.5,50.150001525878906,44.25667953491211,352100
2018-03-29,50.54999923706055,51.04999923706055,49.5,50.25,44.34492111206055,478300
2018-04-02,50.20000076293945,50.349998474121094,48.349998474121094,49.099998474121094,43.33006286621094,751700
2018-04-03,49.349998474121094,49.900001525878906,48.0,48.349998474121094,42.66819381713867,744900
2018-04-04,47.5,48.099998474121094,46.95000076293945,47.900001525878906,42.27107620239258,821400
2018-04-05,48.150001525878906,49.75,47.900001525878906,49.29999923706055,43.506561279296875,1057300
2018-04-06,50.75,50.75,46.5,47.599998474121094,42.0063362121582,1548100
2018-04-09,47.75,47.75,45.5,45.70000076293945,40.32960891723633,1432500
2018-04-10,46.349998474121094,46.349998474121094,45.150001525878906,45.25,39.93247985839844,820700
2018-04-11,45.150001525878906,45.61000061035156,44.400001525878906,44.650001525878906,39.40300369262695,595800
2018-04-12,44.95000076293945,45.04999923706055,44.45000076293945,44.75,39.491249084472656,731800
2018-04-13,45.0,45.0,44.310001373291016,44.650001525878906,39.40300369262695,418800
2018-04-16,44.95000076293945,45.849998474121094,44.54999923706055,45.79999923706055,40.41785430908203,431100
2018-04-17,46.099998474121094,46.150001525878906,44.900001525878906,45.150001525878906,39.84424591064453,556800
2018-04-18,45.400001525878906,45.599998474121094,44.79999923706055,45.20000076293945,39.88836669921875,454400
2018-04-19,45.04999923706055,45.900001525878906,44.5,44.900001525878906,39.623626708984375,407500
2018-04-20,44.79999923706055,45.599998474121094,44.650001525878906,45.5,40.15311050415039,388000
2018-04-23,45.54999923706055,46.0,45.20000076293945,45.349998474121094,40.02073669433594,326900
2018-04-24,45.349998474121094,45.849998474121094,43.599998474121094,44.20000076293945,39.22209167480469,423000
2018-04-25,44.20000076293945,44.79999923706055,43.75,44.400001525878906,39.399574279785156,326900
2018-04-26,44.650001525878906,45.0,43.709999084472656,44.0,39.04462432861328,284800
2018-04-27,44.0,44.79999923706055,43.790000915527344,44.650001525878906,39.62142562866211,344000
2018-04-30,44.79999923706055,45.0,43.75,43.849998474121094,38.91151428222656,313500
2018-05-01,43.599998474121094,44.400001525878906,43.04999923706055,44.150001525878906,39.177730560302734,382200
2018-05-02,44.04999923706055,45.099998474121094,43.650001525878906,44.75,39.71015167236328,454500
2018-05-03,44.5,45.0,43.45000076293945,44.79999923706055,39.754520416259766,337400
2018-05-04,44.54999923706055,45.75,44.04999923706055,45.29999923706055,40.198211669921875,273700
2018-05-07,45.45000076293945,46.150001525878906,45.38999938964844,45.95000076293945,40.77501678466797,370600
2018-05-08,46.04999923706055,46.459999084472656,45.75,46.0,40.81938171386719,247300
2018-05-09,46.150001525878906,47.099998474121094,45.849998474121094,46.599998474121094,41.351802825927734,521900
2018-05-10,46.54999923706055,47.45000076293945,46.400001525878906,47.349998474121094,42.017333984375,308200
2018-05-11,47.5,47.75,46.900001525878906,47.04999923706055,41.75112533569336,254500
2018-05-14,47.099998474121094,47.79999923706055,46.900001525878906,47.54999923706055,42.1948127746582,352800
2018-05-15,47.400001525878906,47.900001525878906,47.0,47.349998474121094,42.017333984375,350900
2018-05-16,46.599998474121094,49.54999923706055,46.599998474121094,49.0,43.481510162353516,754400
2018-05-17,48.95000076293945,50.5,48.54999923706055,50.25,44.590736389160156,1000900
2018-05-18,50.400001525878906,51.650001525878906,50.099998474121094,51.0,45.25626754760742,626700
2018-05-21,51.349998474121094,52.650001525878906,51.25,52.20000076293945,46.32112503051758,433900
2018-05-22,52.20000076293945,52.25,50.5,50.599998474121094,44.90130615234375,437400
2018-05-23,50.25,50.45000076293945,49.70000076293945,50.099998474121094,44.45762634277344,355400
2018-05-24,49.0,50.29999923706055,47.95000076293945,49.95000076293945,44.324520111083984,537200
2018-05-25,48.79999923706055,50.25,48.400001525878906,50.04999923706055,44.41325759887695,181700
2018-05-29,49.54999923706055,50.0,49.0,49.54999923706055,43.969566345214844,303500
2018-05-30,49.900001525878906,51.400001525878906,49.779998779296875,50.70000076293945,44.99006271362305,345100
2018-05-31,50.5,50.5,49.47999954223633,49.70000076293945,44.10268020629883,309300
2018-06-01,50.099998474121094,50.400001525878906,49.75,50.099998474121094,44.45762634277344,333600
2018-06-04,50.29999923706055,50.79999923706055,49.20000076293945,49.400001525878906,43.836463928222656,476600
2018-06-05,49.349998474121094,49.70000076293945,48.45000076293945,49.0,43.481510162353516,391800
2018-06-06,49.25,49.5,48.599998474121094,49.04999923706055,43.525882720947266,331800
2018-06-07,49.04999923706055,50.25,48.959999084472656,49.25,43.70335388183594,260500
2018-06-08,49.20000076293945,49.54999923706055,48.45000076293945,49.0,43.481510162353516,425700
2018-06-11,49.099998474121094,49.54999923706055,48.650001525878906,49.20000076293945,43.65898895263672,345300
2018-06-12,49.25,50.25,49.150001525878906,49.45000076293945,43.880836486816406,204400
2018-06-13,49.5,49.599998474121094,49.0,49.29999923706055,43.74773025512695,322100
2018-06-14,49.54999923706055,49.75,48.650001525878906,49.20000076293945,43.65898895263672,295000
2018-06-15,48.849998474121094,49.400001525878906,48.45000076293945,49.150001525878906,43.614620208740234,524900
2018-06-18,48.349998474121094,49.70000076293945,48.349998474121094,49.599998474121094,44.013938903808594,371100
2018-06-19,48.849998474121094,49.79999923706055,48.79999923706055,49.70000076293945,44.10268020629883,342900
2018-06-20,49.849998474121094,50.900001525878906,49.54999923706055,50.45000076293945,44.768211364746094,321100
2018-06-21,50.349998474121094,50.45000076293945,49.349998474121094,49.54999923706055,43.969566345214844,311100
2018-06-22,50.0,50.650001525878906,49.04999923706055,49.04999923706055,43.525882720947266,710300
2018-06-25,48.75,48.849998474121094,47.68000030517578,48.20000076293945,42.7716064453125,466600
2018-06-26,48.25,49.33000183105469,47.650001525878906,49.04999923706055,43.525882720947266,602500
2018-06-27,49.20000076293945,49.349998474121094,47.25,47.29999923706055,41.97297286987305,434600
2018-06-28,47.20000076293945,47.20000076293945,45.70000076293945,46.900001525878906,41.61802291870117,687200
2018-06-29,47.79999923706055,53.349998474121094,47.79999923706055,52.75,46.80918502807617,1742600
2018-07-02,52.400001525878906,54.459999084472656,52.400001525878906,54.099998474121094,48.00713348388672,1242300
2018-07-03,54.75,55.04999923706055,53.04999923706055,53.25,47.25286865234375,546400
2018-07-05,53.29999923706055,55.20000076293945,53.29999923706055,55.150001525878906,48.93888854980469,901900
2018-07-06,55.0,55.650001525878906,54.5,54.54999923706055,48.40645980834961,467500
2018-07-09,55.0,56.0,54.650001525878906,55.25,49.02763366699219,614400
2018-07-10,55.150001525878906,55.29999923706055,52.72999954223633,53.5,47.474708557128906,568700
2018-07-11,52.849998474121094,53.45000076293945,52.099998474121094,53.099998474121094,47.11977005004883,728800
2018-07-12,53.599998474121094,54.70000076293945,52.79999923706055,54.20000076293945,48.09587860107422,790200
2018-07-13,53.849998474121094,55.13999938964844,53.849998474121094,54.54999923706055,48.40645980834961,835400
2018-07-16,54.75,55.5,54.5,55.0,48.8057746887207,610200
2018-07-17,54.849998474121094,55.599998474121094,54.65999984741211,55.099998474121094,48.89451217651367,544400
2018-07-18,54.79999923706055,55.599998474121094,54.70000076293945,55.099998474121094,49.117374420166016,415600
2018-07-19,55.04999923706055,55.849998474121094,54.650001525878906,55.79999923706055,49.74136734008789,516100
2018-07-20,55.54999923706055,58.70000076293945,55.25,57.650001525878906,51.39051055908203,1268700
2018-07-23,57.400001525878906,58.099998474121094,56.79999923706055,57.349998474121094,51.12308120727539,608500
2018-07-24,58.400001525878906,58.599998474121094,57.04999923706055,57.45000076293945,51.21221923828125,700400
2018-07-25,57.400001525878906,58.099998474121094,56.400001525878906,58.0,51.70249938964844,349100
2018-07-26,57.79999923706055,58.79999923706055,57.29999923706055,57.45000076293945,51.21221923828125,443000
2018-07-27,57.650001525878906,57.79999923706055,56.47999954223633,56.54999923706055,50.409934997558594,299400
2018-07-30,56.900001525878906,57.20000076293945,55.95000076293945,55.95000076293945,49.875083923339844,363400
2018-07-31,56.25,57.04999923706055,56.150001525878906,56.650001525878906,50.49907684326172,271400
2018-08-01,57.349998474121094,57.75,56.5,57.70000076293945,51.43507766723633,500100
2018-08-02,57.25,60.150001525878906,57.20000076293945,59.45000076293945,52.99506759643555,780400
2018-08-03,59.45000076293945,59.75,58.400001525878906,59.0,52.59392166137695,525800
2018-08-06,59.20000076293945,59.45000076293945,58.529998779296875,58.900001525878906,52.50478744506836,301700
2018-08-07,59.20000076293945,59.47999954223633,58.45000076293945,59.04999923706055,52.638492584228516,505200
2018-08-08,59.099998474121094,59.5,58.34000015258789,58.79999923706055,52.41563034057617,185200
2018-08-09,58.79999923706055,59.400001525878906,58.400001525878906,58.95000076293945,52.54935073852539,180500
2018-08-10,58.599998474121094,59.04999923706055,58.27000045776367,58.5,52.1482048034668,190600
2018-08-13,58.400001525878906,58.70000076293945,57.150001525878906,57.45000076293945,51.21221923828125,235400
2018-08-14,57.70000076293945,59.0,57.650001525878906,58.54999923706055,52.192787170410156,353900
2018-08-15,58.0,58.150001525878906,56.400001525878906,56.79999923706055,50.63279342651367,334600
2018-08-16,57.099998474121094,57.849998474121094,56.650001525878906,57.29999923706055,51.07850646972656,232100
2018-08-17,57.45000076293945,59.25,57.099998474121094,57.650001525878906,51.39051055908203,283600
2018-08-20,57.79999923706055,58.29999923706055,57.150001525878906,57.79999923706055,51.52421188354492,213500
2018-08-21,58.04999923706055,59.150001525878906,57.849998474121094,59.099998474121094,52.68305969238281,336100
2018-08-22,59.04999923706055,59.25,58.5,59.099998474121094,52.68305969238281,277400
2018-08-23,59.04999923706055,59.70000076293945,58.900001525878906,59.400001525878906,52.95048522949219,453400
2018-08-24,59.5,60.04999923706055,59.25,59.70000076293945,53.21791458129883,407500
2018-08-27,60.04999923706055,60.900001525878906,59.70000076293945,59.79999923706055,53.30706024169922,276600
2018-08-28,59.849998474121094,60.0,59.400001525878906,59.79999923706055,53.30706024169922,348700
2018-08-29,59.849998474121094,59.849998474121094,58.25,58.349998474121094,52.014503479003906,260600
2018-08-30,58.349998474121094,58.79999923706055,57.650001525878906,58.150001525878906,51.836212158203125,258400
2018-08-31,58.0,58.45000076293945,57.900001525878906,58.0,51.70249938964844,202200
2018-09-04,58.0,58.150001525878906,57.25,57.849998474121094,51.56877899169922,296400
2018-09-05,58.04999923706055,58.04999923706055,56.95000076293945,57.150001525878906,50.944793701171875,495600
2018-09-06,57.20000076293945,58.0,56.849998474121094,57.900001525878906,51.61335754394531,397700
2018-09-07,57.650001525878906,57.650001525878906,56.349998474121094,56.599998474121094,50.45450210571289,324000
2018-09-10,57.04999923706055,59.099998474121094,57.04999923706055,58.75,52.37105941772461,380000
2018-09-11,58.400001525878906,58.45000076293945,57.29999923706055,57.599998474121094,51.345924377441406,217300
2018-09-12,57.5,58.400001525878906,57.0,58.04999923706055,51.7470703125,302700
2018-09-13,58.349998474121094,58.900001525878906,57.75,58.04999923706055,51.7470703125,301500
2018-09-14,58.0,58.900001525878906,57.849998474121094,58.5,52.1482048034668,199700
2018-09-17,58.650001525878906,59.400001525878906,58.400001525878906,59.20000076293945,52.77220916748047,352000
2018-09-18,59.349998474121094,59.95000076293945,58.75,59.29999923706055,52.86134719848633,435500
2018-09-19,59.29999923706055,60.45000076293945,58.810001373291016,59.400001525878906,52.95048522949219,510200
2018-09-20,59.849998474121094,60.29999923706055,59.5,59.95000076293945,53.44077682495117,345400
2018-09-21,60.400001525878906,60.54999923706055,59.849998474121094,60.29999923706055,53.75276565551758,1077500
2018-09-24,60.04999923706055,60.099998474121094,59.20000076293945,59.75,53.26248550415039,200700
2018-09-25,60.25,60.29999923706055,59.70000076293945,59.900001525878906,53.39620590209961,240600
2018-09-26,59.70000076293945,60.75,59.11000061035156,60.0,53.4853401184082,287000
2018-09-27,60.0,60.650001525878906,59.95000076293945,60.20000076293945,53.66362762451172,290000
2018-09-28,60.099998474121094,60.400001525878906,59.349998474121094,60.099998474121094,53.57448959350586,289500
2018-10-01,60.470001220703125,60.77000045776367,59.43000030517578,59.959999084472656,53.449684143066406,472200
2018-10-02,59.7400016784668,60.290000915527344,59.43000030517578,60.18000030517578,53.64579391479492,343300
2018-10-03,60.709999084472656,62.0099983215332,60.41999816894531,61.459999084472656,54.78681945800781,374300
2018-10-04,61.27000045776367,62.630001068115234,61.27000045776367,61.779998779296875,55.07207489013672,612900
2018-10-05,61.7599983215332,62.09000015258789,61.16999816894531,61.83000183105469,55.116641998291016,336800
2018-10-08,62.040000915527344,63.61000061035156,62.02000045776367,63.45000076293945,56.560752868652344,475700
2018-10-09,63.33000183105469,64.80000305175781,62.79999923706055,64.4000015258789,57.40760040283203,615600
2018-10-10,64.27999877929688,64.87000274658203,60.27000045776367,60.630001068115234,54.046939849853516,944100
2018-10-11,60.310001373291016,61.790000915527344,59.66999816894531,60.0,53.4853401184082,504000
2018-10-12,61.040000915527344,61.13999938964844,59.06999969482422,59.869998931884766,53.369449615478516,590600
2018-10-15,59.83000183105469,59.939998626708984,58.959999084472656,59.61000061035156,53.1376953125,383600
2018-10-16,60.08000183105469,60.95000076293945,59.130001068115234,60.650001525878906,54.06476974487305,443600
2018-10-17,60.689998626708984,60.689998626708984,59.25,59.599998474121094,53.12877655029297,271800
2018-10-18,58.93000030517578,59.380001068115234,56.79999923706055,57.09000015258789,50.89130783081055,400800
2018-10-19,57.11000061035156,57.11000061035156,55.790000915527344,56.029998779296875,49.94639587402344,367500
2018-10-22,58.9900016784668,59.66999816894531,57.790000915527344,58.310001373291016,51.97883605957031,470500
2018-10-23,57.0099983215332,57.7599983215332,55.84000015258789,57.5,51.25678634643555,518400
2018-10-24,58.0,58.0,54.31999969482422,54.41999816894531,48.511199951171875,377400
2018-10-25,54.470001220703125,54.81999969482422,52.29999923706055,53.790000915527344,47.94961166381836,1019500
2018-10-26,52.84000015258789,53.41999816894531,48.40999984741211,48.810001373291016,43.51033020019531,1536600
2018-10-29,49.52000045776367,50.380001068115234,46.72999954223633,47.34000015258789,42.19993591308594,1048100
2018-10-30,47.34000015258789,48.68000030517578,46.95000076293945,48.099998474121094,42.877410888671875,870100
2018-10-31,48.72999954223633,48.72999954223633,47.400001525878906,47.45000076293945,42.29798889160156,506900
2018-11-01,47.90999984741211,50.13999938964844,47.599998474121094,49.400001525878906,44.03626251220703,675700
2018-11-02,49.47999954223633,50.380001068115234,48.970001220703125,49.15999984741211,43.82232666015625,502700
2018-11-05,49.61000061035156,51.38999938964844,49.400001525878906,51.150001525878906,45.596256256103516,703300
2018-11-06,50.59000015258789,51.369998931884766,49.70000076293945,50.7400016784668,45.230770111083984,295700
2018-11-07,50.869998931884766,52.060001373291016,50.529998779296875,52.029998779296875,46.38071060180664,475300
2018-11-08,52.439998626708984,52.439998626708984,50.459999084472656,50.66999816894531,45.16836929321289,313200
2018-11-09,49.900001525878906,50.02000045776367,47.869998931884766,48.869998931884766,43.563812255859375,436800
2018-11-12,48.91999816894531,49.119998931884766,47.15999984741211,47.290000915527344,42.15536117553711,605200
2018-11-13,47.29999923706055,47.91999816894531,46.36000061035156,46.470001220703125,41.644561767578125,414200
2018-11-14,47.040000915527344,47.619998931884766,45.77000045776367,46.400001525878906,41.58182144165039,474500
2018-11-15,45.959999084472656,48.06999969482422,45.81999969482422,47.79999923706055,42.8364372253418,332700
2018-11-16,48.06999969482422,48.65999984741211,47.7599983215332,48.2599983215332,43.24868392944336,331400
2018-11-19,47.849998474121094,48.279998779296875,45.45000076293945,45.7599983215332,41.00827407836914,433900
2018-11-20,44.63999938964844,45.220001220703125,43.060001373291016,43.65999984741211,39.126338958740234,489300
2018-11-21,44.54999923706055,45.34000015258789,43.66999816894531,44.84000015258789,40.183815002441406,293900
2018-11-23,44.349998474121094,45.380001068115234,44.31999969482422,44.40999984741211,39.7984619140625,139800
2018-11-26,44.31999969482422,46.0099983215332,44.31999969482422,45.79999923706055,41.044124603271484,252800
2018-11-27,45.68000030517578,46.33000183105469,45.18000030517578,45.380001068115234,40.66774368286133,213100
2018-11-28,45.65999984741211,46.880001068115234,44.16999816894531,46.560001373291016,41.7252082824707,423200
2018-11-29,46.20000076293945,47.4900016784668,46.20000076293945,47.04999923706055,42.16432189941406,286100
2018-11-30,46.599998474121094,49.02000045776367,46.43000030517578,48.90999984741211,43.831180572509766,458400
2018-12-03,50.119998931884766,50.380001068115234,47.47999954223633,47.72999954223633,42.77370834350586,483800
2018-12-04,47.43000030517578,47.43000030517578,44.75,44.84000015258789,40.183815002441406,351400
2018-12-06,43.88999938964844,44.880001068115234,43.459999084472656,44.869998931884766,40.210693359375,423200
2018-12-07,45.31999969482422,45.880001068115234,43.06999969482422,43.290000915527344,38.79476547241211,419500
2018-12-10,43.119998931884766,43.560001373291016,41.459999084472656,42.59000015258789,38.167457580566406,527000
2018-12-11,43.43000030517578,43.900001525878906,42.13999938964844,42.4900016784668,38.077842712402344,289800
2018-12-12,43.31999969482422,43.849998474121094,42.43000030517578,42.95000076293945,38.49007034301758,376600
2018-12-13,42.650001525878906,43.209999084472656,40.869998931884766,41.15999984741211,36.88594055175781,381900
2018-12-14,40.59000015258789,41.59000015258789,40.2599983215332,40.52000045776367,36.31239700317383,280700
2018-12-17,40.880001068115234,41.75,39.279998779296875,39.619998931884766,35.505859375,407500
2018-12-18,40.4900016784668,41.310001373291016,39.900001525878906,40.04999923706055,35.89120101928711,323100
2018-12-19,40.599998474121094,41.130001068115234,39.09000015258789,39.29999923706055,35.219085693359375,306300
2018-12-20,39.13999938964844,39.7599983215332,38.150001525878906,38.83000183105469,34.79789733886719,540900
2018-12-21,38.83000183105469,39.36000061035156,37.7599983215332,38.099998474121094,34.14369201660156,842400
2018-12-24,37.77000045776367,38.279998779296875,37.439998626708984,37.68000030517578,33.76730728149414,297800
2018-12-26,37.68000030517578,39.83000183105469,37.63999938964844,39.810001373291016,35.67612075805664,404200
2018-12-27,38.9900016784668,39.97999954223633,38.43000030517578,39.88999938964844,35.74781799316406,379400
2018-12-28,39.93000030517578,40.7400016784668,38.86000061035156,39.209999084472656,35.13843536376953,360200
2018-12-31,39.400001525878906,39.91999816894531,38.849998474121094,39.540000915527344,35.43416976928711,289600
2019-01-02,38.7400016784668,40.5,38.689998626708984,40.349998474121094,36.16005325317383,331400
2019-01-03,39.86000061035156,40.099998474121094,38.4900016784668,39.060001373291016,35.004005432128906,448800
2019-01-04,39.91999816894531,41.599998474121094,39.88999938964844,41.09000015258789,36.82320785522461,549300
2019-01-07,41.20000076293945,41.970001220703125,40.2599983215332,41.209999084472656,36.930747985839844,424500
2019-01-08,41.79999923706055,42.5,41.29999923706055,42.34000015258789,37.94341278076172,557400
2019-01-09,43.41999816894531,45.95000076293945,38.4900016784668,39.04999923706055,34.99504470825195,1841200
2019-01-10,38.86000061035156,40.0,37.95000076293945,39.290000915527344,35.21013259887695,825700
2019-01-11,38.66999816894531,39.599998474121094,38.349998474121094,39.540000915527344,35.43416976928711,451800
2019-01-14,39.040000915527344,40.09000015258789,38.81999969482422,39.630001068115234,35.51482391357422,341000
2019-01-15,39.720001220703125,39.720001220703125,38.58000183105469,39.04999923706055,34.99504470825195,516000
2019-01-16,39.029998779296875,40.59000015258789,38.7400016784668,40.220001220703125,36.04355239868164,523900
2019-01-17,39.77000045776367,41.970001220703125,39.77000045776367,41.41999816894531,37.11894226074219,537600
2019-01-18,41.849998474121094,42.599998474121094,41.630001068115234,42.16999816894531,37.79105758666992,492200
2019-01-22,41.849998474121094,42.119998931884766,40.369998931884766,40.5099983215332,36.303436279296875,467100
2019-01-23,40.720001220703125,40.72999954223633,39.81999969482422,40.09000015258789,35.92705154418945,271800
2019-01-24,40.13999938964844,40.97999954223633,39.970001220703125,40.709999084472656,36.48267364501953,267000
2019-01-25,41.29999923706055,41.7599983215332,40.83000183105469,40.970001220703125,36.715667724609375,389800
2019-01-28,40.31999969482422,42.63999938964844,40.16999816894531,42.5099983215332,38.09575653076172,523200
2019-01-29,42.40999984741211,42.90999984741211,41.77000045776367,41.91999816894531,37.78926467895508,422500
2019-01-30,42.560001373291016,42.689998626708984,41.689998626708984,42.58000183105469,38.38423156738281,353800
2019-01-31,42.79999923706055,42.91999816894531,42.0,42.40999984741211,38.23098373413086,438200
2019-02-01,42.189998626708984,43.060001373291016,41.959999084472656,42.86000061035156,38.63663864135742,425600
2019-02-04,42.70000076293945,42.939998626708984,42.2400016784668,42.72999954223633,38.51945495605469,214900
2019-02-05,42.66999816894531,43.04999923706055,42.310001373291016,42.439998626708984,38.25802230834961,262300
2019-02-06,42.40999984741211,42.81999969482422,42.04999923706055,42.54999923706055,38.357181549072266,216400
2019-02-07,42.220001220703125,42.599998474121094,40.790000915527344,41.27000045776367,37.203311920166016,304700
2019-02-08,40.900001525878906,41.2599983215332,40.060001373291016,40.599998474121094,36.599334716796875,278600
2019-02-11,40.709999084472656,40.79999923706055,40.27000045776367,40.779998779296875,36.761592864990234,191400
2019-02-12,41.2400016784668,41.68000030517578,40.900001525878906,41.18000030517578,37.1221809387207,134100
2019-02-13,41.310001373291016,41.599998474121094,40.93000030517578,41.38999938964844,37.311485290527344,306800
2019-02-14,41.20000076293945,42.189998626708984,40.599998474121094,41.959999084472656,37.82532501220703,335600
2019-02-15,42.15999984741211,43.72999954223633,41.84000015258789,43.119998931884766,38.87102127075195,499100
2019-02-19,42.84000015258789,43.380001068115234,42.540000915527344,43.279998779296875,39.0152473449707,190500
2019-02-20,43.08000183105469,44.36000061035156,42.70000076293945,44.02000045776367,39.68233871459961,319900
2019-02-21,44.02000045776367,44.29999923706055,41.40999984741211,41.75,37.636016845703125,500600
2019-02-22,41.9900016784668,42.2400016784668,41.63999938964844,42.040000915527344,37.89744186401367,249700
2019-02-25,42.36000061035156,42.79999923706055,42.029998779296875,42.189998626708984,38.03265380859375,213700
2019-02-26,42.0,42.25,41.619998931884766,42.11000061035156,37.96054458618164,245400
2019-02-27,42.0,42.0099983215332,41.41999816894531,41.66999816894531,37.56389236450195,165800
2019-02-28,41.650001525878906,41.650001525878906,41.02000045776367,41.25,37.18528366088867,207400
2019-03-01,41.599998474121094,41.88999938964844,41.27000045776367,41.529998779296875,37.43769073486328,260200
2019-03-04,41.560001373291016,41.880001068115234,40.40999984741211,40.439998626708984,36.45509719848633,227000
2019-03-05,40.43000030517578,40.779998779296875,39.849998474121094,39.880001068115234,35.950279235839844,190500
2019-03-06,39.869998931884766,39.869998931884766,38.599998474121094,38.70000076293945,34.88655471801758,247300
2019-03-07,38.599998474121094,38.68000030517578,37.939998626708984,38.630001068115234,34.823455810546875,244600
2019-03-08,38.400001525878906,39.040000915527344,38.25,38.93000030517578,35.09389114379883,172600
2019-03-11,37.72999954223633,38.400001525878906,37.43000030517578,38.36000061035156,34.58005905151367,318000
2019-03-12,38.279998779296875,38.470001220703125,37.790000915527344,37.849998474121094,34.12030792236328,338400
2019-03-13,37.95000076293945,38.349998474121094,37.709999084472656,37.869998931884766,34.138343811035156,275000
2019-03-14,37.84000015258789,37.900001525878906,37.220001220703125,37.619998931884766,33.9129753112793,299900
2019-03-15,37.630001068115234,38.09000015258789,37.029998779296875,37.099998474121094,33.444210052490234,361700
2019-03-18,37.09000015258789,38.310001373291016,37.09000015258789,38.209999084472656,34.44483947753906,197200
2019-03-19,38.2400016784668,38.5,37.279998779296875,37.38999938964844,33.70563507080078,454400
2019-03-20,37.279998779296875,37.54999923706055,36.02000045776367,36.880001068115234,33.24589920043945,336600
2019-03-21,36.61000061035156,37.7400016784668,36.61000061035156,37.380001068115234,33.69662857055664,206700
2019-03-22,35.7400016784668,36.20000076293945,33.5,33.77000045776367,30.442350387573242,1418800
2019-03-25,33.20000076293945,33.38999938964844,31.809999465942383,32.15999984741211,28.990997314453125,1246600
2019-03-26,32.369998931884766,33.09000015258789,32.0099983215332,32.45000076293945,29.252424240112305,849800
2019-03-27,32.15999984741211,33.0099983215332,32.060001373291016,32.79999923706055,29.567934036254883,665200
2019-03-28,32.59000015258789,33.459999084472656,32.40999984741211,33.150001525878906,29.883447647094727,488400
2019-03-29,32.959999084472656,33.20000076293945,32.15999984741211,32.22999954223633,29.054101943969727,659300
2019-04-01,32.619998931884766,33.90999984741211,32.25,33.31999969482422,30.036693572998047,434500
2019-04-02,33.18000030517578,33.86000061035156,33.0099983215332,33.029998779296875,29.775264739990234,389000
2019-04-03,33.279998779296875,33.70000076293945,32.7599983215332,33.0099983215332,29.75724220275879,284200
2019-04-04,33.08000183105469,33.95000076293945,33.08000183105469,33.310001373291016,30.027679443359375,434500
2019-04-05,35.0,36.2400016784668,32.7599983215332,33.0099983215332,29.75724220275879,1886800
2019-04-08,32.7599983215332,32.939998626708984,32.099998474121094,32.5,29.297496795654297,945700
2019-04-09,32.150001525878906,32.43000030517578,31.1200008392334,31.93000030517578,28.783662796020508,1730200
2019-04-10,32.11000061035156,33.43000030517578,31.6200008392334,33.13999938964844,29.874433517456055,1436700
2019-04-11,33.31999969482422,33.63999938964844,32.150001525878906,32.66999816894531,29.450740814208984,669900
2019-04-12,32.95000076293945,34.08000183105469,32.880001068115234,33.599998474121094,30.289106369018555,623700
2019-04-15,33.470001220703125,33.63999938964844,32.66999816894531,33.08000183105469,29.820343017578125,301300
2019-04-16,33.09000015258789,33.619998931884766,32.959999084472656,33.279998779296875,30.000635147094727,368600
2019-04-17,33.349998474121094,33.65999984741211,33.130001068115234,33.369998931884766,30.08176612854004,356200
2019-04-18,34.599998474121094,35.439998626708984,33.59000015258789,35.040000915527344,31.58721351623535,1063600
2019-04-22,35.02000045776367,35.75,34.7599983215332,35.5099983215332,32.010894775390625,665100
2019-04-23,35.22999954223633,35.90999984741211,34.900001525878906,35.400001525878906,32.137996673583984,598800
2019-04-24,35.72999954223633,35.88999938964844,35.27000045776367,35.79999923706055,32.501136779785156,428300
2019-04-25,35.70000076293945,35.86000061035156,34.459999084472656,34.529998779296875,31.348154067993164,759200
2019-04-26,34.61000061035156,35.34000015258789,34.4900016784668,35.31999969482422,32.06536102294922,324700
2019-04-29,35.34000015258789,35.560001373291016,35.18000030517578,35.5099983215332,32.237857818603516,423900
2019-04-30,35.61000061035156,35.77000045776367,35.34000015258789,35.529998779296875,32.25601577758789,619800
2019-05-01,35.66999816894531,36.40999984741211,35.599998474121094,35.81999969482422,32.51929473876953,1069000
2019-05-02,35.630001068115234,36.130001068115234,35.349998474121094,35.7400016784668,32.4466667175293,539800
2019-05-03,35.86000061035156,36.209999084472656,35.63999938964844,36.15999984741211,32.82796096801758,358900
2019-05-06,35.40999984741211,36.369998931884766,35.130001068115234,36.290000915527344,32.945987701416016,397400
2019-05-07,35.72999954223633,36.0099983215332,34.400001525878906,35.02000045776367,31.79300880432129,714800
2019-05-08,34.959999084472656,35.2599983215332,34.41999816894531,34.58000183105469,31.3935604095459,346500
2019-05-09,34.20000076293945,35.06999969482422,34.130001068115234,34.90999984741211,31.69314956665039,418700
2019-05-10,34.7400016784668,35.54999923706055,34.58000183105469,35.470001220703125,32.201541900634766,371900
2019-05-13,34.880001068115234,35.09000015258789,34.5099983215332,34.75,31.547889709472656,458400
2019-05-14,34.849998474121094,35.099998474121094,34.349998474121094,34.9900016784668,31.765769958496094,375900
2019-05-15,34.81999969482422,35.0099983215332,34.18000030517578,34.61000061035156,31.42078971862793,479100
2019-05-16,34.75,34.77000045776367,33.470001220703125,33.630001068115234,30.531095504760742,695900
2019-05-17,33.189998626708984,33.189998626708984,31.34000015258789,31.520000457763672,28.615524291992188,661600
2019-05-20,31.209999084472656,31.450000762939453,30.5,30.780000686645508,27.943714141845703,445500
2019-05-21,30.979999542236328,31.34000015258789,30.670000076293945,31.030000686645508,28.170679092407227,268100
2019-05-22,30.950000762939453,31.0,30.18000030517578,30.3700008392334,27.57149314880371,280900
2019-05-23,29.979999542236328,30.0,29.190000534057617,29.329999923706055,26.62732696533203,476300
2019-05-24,29.5,29.56999969482422,28.950000762939453,29.420000076293945,26.709030151367188,290000
2019-05-28,29.5,30.0,29.3700008392334,29.389999389648438,26.681795120239258,261200
2019-05-29,29.229999542236328,29.229999542236328,28.149999618530273,28.81999969482422,26.16431999206543,386200
2019-05-30,28.81999969482422,29.239999771118164,28.280000686645508,28.350000381469727,25.73763084411621,297700
2019-05-31,27.8799991607666,27.8799991607666,27.139999389648438,27.209999084472656,24.702678680419922,371500
2019-06-03,27.280000686645508,27.899999618530273,27.170000076293945,27.81999969482422,25.256467819213867,421300
2019-06-04,28.260000228881836,28.959999084472656,27.989999771118164,28.809999465942383,26.155241012573242,442900
2019-06-05,28.989999771118164,29.25,27.950000762939453,28.290000915527344,25.68316078186035,295000
2019-06-06,28.239999771118164,28.549999237060547,27.709999084472656,28.360000610351562,25.7467098236084,340200
2019-06-07,28.56999969482422,28.68000030517578,28.079999923706055,28.360000610351562,25.7467098236084,349300
2019-06-10,28.6299991607666,29.260000228881836,28.6299991607666,29.06999969482422,26.391284942626953,408400
2019-06-11,29.43000030517578,29.770000457763672,28.889999389648438,28.920000076293945,26.255107879638672,307300
2019-06-12,28.850000381469727,29.020000457763672,28.469999313354492,28.5,25.87380599975586,167700
2019-06-13,28.760000228881836,28.8700008392334,28.360000610351562,28.579999923706055,25.946434020996094,314400
2019-06-14,28.469999313354492,28.469999313354492,27.649999618530273,27.739999771118164,25.183837890625,253200
2019-06-17,27.739999771118164,27.950000762939453,27.459999084472656,27.56999969482422,25.02950668334961,228500
2019-06-18,27.81999969482422,28.780000686645508,27.639999389648438,28.309999465942383,25.701316833496094,269000
2019-06-19,28.350000381469727,28.399999618530273,27.579999923706055,28.010000228881836,25.4289608001709,370000
2019-06-20,28.479999542236328,28.889999389648438,27.860000610351562,28.81999969482422,26.16431999206543,683700
2019-06-21,28.670000076293945,29.149999618530273,28.530000686645508,28.639999389648438,26.00090980529785,418200
2019-06-24,28.649999618530273,28.649999618530273,26.940000534057617,27.049999237060547,24.557418823242188,458800
2019-06-25,27.06999969482422,29.239999771118164,27.0,28.780000686645508,26.128007888793945,1815700
2019-06-26,29.18000030517578,29.389999389648438,28.40999984741211,28.739999771118164,26.091693878173828,683300
2019-06-27,28.899999618530273,29.670000076293945,28.84000015258789,29.280000686645508,26.581933975219727,445600
2019-06-28,29.3799991607666,30.600000381469727,29.3700008392334,30.399999618530273,27.598731994628906,874200
2019-07-01,31.600000381469727,31.600000381469727,30.309999465942383,30.850000381469727,28.00726318359375,815200
2019-07-02,27.75,29.309999465942383,26.75,28.709999084472656,26.0644588470459,4813700
2019-07-03,28.5,28.68000030517578,28.0,28.260000228881836,25.655927658081055,814800
2019-07-05,28.049999237060547,28.950000762939453,27.90999984741211,28.90999984741211,26.246028900146484,598800
2019-07-08,28.969999313354492,29.770000457763672,28.489999771118164,29.229999542236328,26.536540985107422,538100
2019-07-09,28.979999542236328,29.1299991607666,28.170000076293945,28.8799991607666,26.218788146972656,382200
2019-07-10,29.020000457763672,29.25,28.3700008392334,28.399999618530273,25.783023834228516,325300
2019-07-11,28.510000228881836,28.729999542236328,27.899999618530273,28.459999084472656,25.837491989135742,439500
2019-07-12,28.68000030517578,29.100000381469727,28.649999618530273,28.959999084472656,26.291418075561523,441100
2019-07-15,29.079999923706055,29.229999542236328,28.350000381469727,28.719999313354492,26.073535919189453,411700
2019-07-16,28.670000076293945,29.670000076293945,28.450000762939453,29.3700008392334,26.66364288330078,462000
2019-07-17,28.979999542236328,29.170000076293945,28.1299991607666,28.219999313354492,25.839557647705078,329600
2019-07-18,28.15999984741211,28.479999542236328,27.670000076293945,27.68000030517578,25.345109939575195,396800
2019-07-19,27.690000534057617,28.549999237060547,27.649999618530273,28.1200008392334,25.74799346923828,347800
2019-07-22,28.1299991607666,28.729999542236328,28.059999465942383,28.56999969482422,26.160030364990234,333100
2019-07-23,28.780000686645508,29.940000534057617,28.760000228881836,29.290000915527344,26.81930160522461,489400
2019-07-24,27.079999923706055,29.350000381469727,27.010000228881836,29.34000015258789,26.865081787109375,1365200
2019-07-25,29.200000762939453,29.299999237060547,28.079999923706055,28.299999237060547,25.912809371948242,582800
2019-07-26,28.34000015258789,28.729999542236328,28.0,28.549999237060547,26.141721725463867,369100
2019-07-29,28.600000381469727,28.700000762939453,28.110000610351562,28.6299991607666,26.21497344970703,349700
2019-07-30,28.5,29.709999084472656,28.309999465942383,29.700000762939453,27.194717407226562,465600
2019-07-31,29.860000610351562,30.190000534057617,28.739999771118164,28.90999984741211,26.47135353088379,453200
2019-08-01,28.899999618530273,29.399999618530273,27.989999771118164,28.299999237060547,25.912809371948242,453000
2019-08-02,27.959999084472656,28.299999237060547,27.5,27.90999984741211,25.555706024169922,289700
2019-08-05,27.299999237060547,27.600000381469727,25.90999984741211,26.290000915527344,24.072359085083008,578700
2019-08-06,26.530000686645508,26.850000381469727,25.729999542236328,26.0,23.806821823120117,418600
2019-08-07,25.639999389648438,25.989999771118164,25.399999618530273,25.719999313354492,23.550439834594727,326200
2019-08-08,25.8799991607666,26.520000457763672,25.760000228881836,26.479999542236328,24.24633026123047,361000
2019-08-09,26.40999984741211,26.6200008392334,25.450000762939453,25.479999542236328,23.3306827545166,305900
2019-08-12,25.31999969482422,25.399999618530273,24.100000381469727,24.190000534057617,22.149503707885742,364500
2019-08-13,23.920000076293945,25.06999969482422,23.920000076293945,24.31999969482422,22.268535614013672,349000
2019-08-14,23.81999969482422,23.829999923706055,22.739999771118164,22.81999969482422,20.895061492919922,521300
2019-08-15,22.8799991607666,22.920000076293945,21.3700008392334,22.260000228881836,20.382301330566406,863300
2019-08-16,22.510000228881836,23.219999313354492,21.3700008392334,23.030000686645508,21.087350845336914,425800
2019-08-19,23.530000686645508,23.899999618530273,23.3700008392334,23.389999389648438,21.41698455810547,348300
2019-08-20,23.309999465942383,23.459999084472656,22.68000030517578,22.93000030517578,20.995784759521484,313900
2019-08-21,23.229999542236328,23.530000686645508,22.969999313354492,23.079999923706055,21.13313102722168,249600
2019-08-22,23.239999771118164,23.270000457763672,22.459999084472656,22.889999389648438,20.959157943725586,304900
2019-08-23,22.68000030517578,22.68000030517578,21.75,21.899999618530273,20.05266761779785,380900
2019-08-26,22.229999542236328,22.360000610351562,21.610000610351562,21.760000228881836,19.924480438232422,373500
2019-08-27,21.950000762939453,22.06999969482422,21.299999237060547,21.479999542236328,19.6680965423584,273600
2019-08-28,21.40999984741211,22.1299991607666,21.31999969482422,21.850000381469727,20.006887435913086,457000
2019-08-29,22.209999084472656,23.270000457763672,22.18000030517578,23.079999923706055,21.13313102722168,439400
2019-08-30,23.34000015258789,23.75,23.020000457763672,23.290000915527344,21.32541847229004,348400
2019-09-03,23.079999923706055,23.09000015258789,21.84000015258789,22.3700008392334,20.483022689819336,385000
2019-09-04,22.790000915527344,23.030000686645508,22.6299991607666,22.899999618530273,20.96831512451172,192400
2019-09-05,23.43000030517578,24.56999969482422,23.43000030517578,24.299999237060547,22.250219345092773,384600
2019-09-06,24.299999237060547,24.940000534057617,24.09000015258789,24.739999771118164,22.653108596801758,391600
2019-09-09,24.950000762939453,27.100000381469727,24.8700008392334,27.0,24.72246742248535,520200
2019-09-10,27.06999969482422,28.950000762939453,27.06999969482422,28.639999389648438,26.224130630493164,730200
2019-09-11,28.809999465942383,29.75,27.790000915527344,29.6200008392334,27.121463775634766,656600
2019-09-12,29.6200008392334,29.6299991607666,27.8700008392334,29.139999389648438,26.681949615478516,588800
2019-09-13,29.399999618530273,30.030000686645508,29.09000015258789,29.559999465942383,27.066524505615234,329700
2019-09-16,30.290000915527344,30.59000015258789,29.899999618530273,30.200000762939453,27.652538299560547,477200
2019-09-17,29.920000076293945,29.93000030517578,29.200000762939453,29.790000915527344,27.277124404907227,299400
2019-09-18,29.5,30.0,29.25,29.670000076293945,27.167245864868164,356200
2019-09-19,29.6299991607666,30.079999923706055,29.350000381469727,29.6200008392334,27.121463775634766,500600
2019-09-20,29.540000915527344,30.1299991607666,29.489999771118164,29.84000015258789,27.322906494140625,704900
2019-09-23,29.530000686645508,30.239999771118164,29.5,29.989999771118164,27.46025276184082,359000
2019-09-24,30.0,30.06999969482422,28.799999237060547,29.100000381469727,26.645328521728516,458300
2019-09-25,29.1200008392334,30.030000686645508,29.040000915527344,29.940000534057617,27.414470672607422,282600
2019-09-26,29.84000015258789,29.84000015258789,29.229999542236328,29.34000015258789,26.865081787109375,235400
2019-09-27,29.489999771118164,30.260000228881836,29.489999771118164,29.940000534057617,27.414470672607422,242700
2019-09-30,30.1299991607666,30.329999923706055,29.780000686645508,30.1200008392334,27.579286575317383,632300
2019-10-01,30.270000457763672,30.850000381469727,28.34000015258789,28.65999984741211,26.24243927001953,335900
2019-10-02,28.299999237060547,28.8700008392334,28.020000457763672,28.18000030517578,25.802932739257812,337500
2019-10-03,28.09000015258789,28.15999984741211,27.299999237060547,28.09000015258789,25.72052574157715,272900
2019-10-04,28.030000686645508,28.030000686645508,27.56999969482422,27.860000610351562,25.50992774963379,233800
2019-10-07,27.770000457763672,27.790000915527344,27.229999542236328,27.299999237060547,24.997161865234375,296900
2019-10-08,26.850000381469727,27.440000534057617,26.40999984741211,27.15999984741211,24.868972778320312,256300
2019-10-09,27.530000686645508,27.920000076293945,27.010000228881836,27.780000686645508,25.436676025390625,218100
2019-10-10,27.850000381469727,28.639999389648438,27.850000381469727,28.5,26.095937728881836,234000
2019-10-11,29.0,30.0,28.799999237060547,29.149999618530273,26.69110870361328,291900
2019-10-14,28.950000762939453,29.079999923706055,28.469999313354492,28.719999313354492,26.297380447387695,192800
2019-10-15,28.649999618530273,30.030000686645508,28.5,29.760000228881836,27.249656677246094,193800
2019-10-16,29.690000534057617,30.520000457763672,29.690000534057617,30.149999618530273,27.606754302978516,371100
2019-10-17,30.299999237060547,30.709999084472656,29.950000762939453,30.31999969482422,27.762414932250977,216200
2019-10-18,30.06999969482422,30.389999389648438,29.610000610351562,30.219999313354492,27.670848846435547,193800
2019-10-21,30.65999984741211,31.229999542236328,30.469999313354492,30.799999237060547,28.201929092407227,239400
2019-10-22,30.950000762939453,31.81999969482422,30.309999465942383,31.790000915527344,29.108417510986328,379600
2019-10-23,31.920000076293945,32.9900016784668,31.350000381469727,32.959999084472656,30.179723739624023,454100
2019-10-24,32.529998779296875,32.529998779296875,30.950000762939453,32.08000183105469,29.373960494995117,577300
2019-10-25,31.3700008392334,34.29999923706055,31.25,31.3799991607666,28.732999801635742,753300
2019-10-28,31.149999618530273,31.829999923706055,29.729999542236328,30.360000610351562,27.799039840698242,607200
2019-10-29,30.40999984741211,31.1200008392334,30.110000610351562,30.559999465942383,27.9821720123291,431900
2019-10-30,30.68000030517578,30.68000030517578,29.690000534057617,29.81999969482422,27.304594039916992,307500
2019-10-31,29.780000686645508,29.790000915527344,28.75,29.290000915527344,26.81930160522461,247800
2019-11-01,29.649999618530273,30.739999771118164,29.600000381469727,30.469999313354492,27.899765014648438,597100
2019-11-04,30.8799991607666,32.540000915527344,30.700000762939453,32.4900016784668,29.749372482299805,844600
2019-11-05,32.599998474121094,33.33000183105469,32.34000015258789,32.40999984741211,29.67612075805664,303700
2019-11-06,32.25,32.290000915527344,31.209999084472656,31.350000381469727,28.705535888671875,199200
2019-11-07,31.8700008392334,32.29999923706055,31.43000030517578,31.6200008392334,28.9527587890625,132900
2019-11-08,31.06999969482422,31.389999389648438,30.399999618530273,31.170000076293945,28.54071807861328,217900
2019-11-11,31.0,31.260000228881836,30.729999542236328,31.209999084472656,28.577342987060547,136000
2019-11-12,30.8700008392334,30.889999389648438,29.969999313354492,30.06999969482422,27.755836486816406,226900
2019-11-13,29.75,29.950000762939453,29.09000015258789,29.100000381469727,26.86048698425293,207200
2019-11-14,29.079999923706055,29.459999084472656,28.389999389648438,28.520000457763672,26.32512092590332,237800
2019-11-15,28.889999389648438,29.3799991607666,28.549999237060547,29.18000030517578,26.9343318939209,212400
2019-11-18,29.010000228881836,29.190000534057617,28.3700008392334,29.059999465942383,26.823566436767578,185800
2019-11-19,29.059999465942383,29.1200008392334,28.34000015258789,28.75,26.537424087524414,234100
2019-11-20,28.670000076293945,28.760000228881836,27.989999771118164,28.31999969482422,26.140514373779297,211100
2019-11-21,28.3700008392334,28.68000030517578,28.110000610351562,28.350000381469727,26.1682071685791,173200
2019-11-22,28.540000915527344,28.850000381469727,28.399999618530273,28.729999542236328,26.518959045410156,181100
2019-11-25,28.969999313354492,29.40999984741211,28.709999084472656,29.3799991607666,27.118940353393555,222300
2019-11-26,29.34000015258789,29.3799991607666,28.469999313354492,28.469999313354492,26.278972625732422,207900
2019-11-27,28.510000228881836,29.06999969482422,28.420000076293945,28.469999313354492,26.278972625732422,137200
2019-11-29,28.0,28.649999618530273,27.15999984741211,28.139999389648438,25.974369049072266,170500
2019-12-02,28.18000030517578,28.799999237060547,27.8700008392334,28.1299991607666,25.965137481689453,252400
2019-12-03,27.68000030517578,28.049999237060547,27.18000030517578,27.959999084472656,25.8082218170166,239100
2019-12-04,28.280000686645508,28.68000030517578,27.8700008392334,27.8700008392334,25.725149154663086,213900
2019-12-05,27.920000076293945,28.209999084472656,27.670000076293945,27.690000534057617,25.559001922607422,149500
2019-12-06,28.06999969482422,28.969999313354492,28.06999969482422,28.780000686645508,26.565114974975586,262000
2019-12-09,28.68000030517578,29.34000015258789,28.68000030517578,28.729999542236328,26.518959045410156,245200
2019-12-10,28.799999237060547,29.15999984741211,28.43000030517578,28.65999984741211,26.454347610473633,144200
2019-12-11,28.889999389648438,29.219999313354492,28.75,29.06999969482422,26.832794189453125,143500
2019-12-12,29.079999923706055,30.489999771118164,28.899999618530273,30.25,27.92198371887207,435200
2019-12-13,30.25,30.65999984741211,29.809999465942383,30.139999389648438,27.820449829101562,399500
2019-12-16,30.510000228881836,31.670000076293945,30.510000228881836,30.899999618530273,28.521961212158203,393400
2019-12-17,30.829999923706055,31.600000381469727,30.829999923706055,31.59000015258789,29.158857345581055,297400
2019-12-18,31.639999389648438,32.41999816894531,31.559999465942383,32.34000015258789,29.851137161254883,260900
2019-12-19,32.20000076293945,32.560001373291016,32.06999969482422,32.33000183105469,29.84190559387207,236500
2019-12-20,32.63999938964844,32.650001525878906,32.0,32.150001525878906,29.67576026916504,641200
2019-12-23,32.09000015258789,32.47999954223633,31.770000457763672,32.36000061035156,29.869598388671875,206700
2019-12-24,32.540000915527344,32.70000076293945,31.59000015258789,31.850000381469727,29.39885139465332,112600
2019-12-26,31.850000381469727,32.75,31.610000610351562,32.630001068115234,30.11882781982422,422900
2019-12-27,32.720001220703125,32.900001525878906,32.2400016784668,32.63999938964844,30.128055572509766,206200
2019-12-30,32.70000076293945,32.720001220703125,31.479999542236328,31.520000457763672,29.094247817993164,394800
2019-12-31,31.510000228881836,32.599998474121094,31.459999084472656,32.43000030517578,29.934213638305664,385800
2020-01-02,32.7400016784668,32.79999923706055,31.850000381469727,32.40999984741211,29.915746688842773,263900
2020-01-03,31.8700008392334,31.969999313354492,31.450000762939453,31.889999389648438,29.43577003479004,287600
2020-01-06,31.31999969482422,31.40999984741211,30.25,31.149999618530273,28.752721786499023,679000
2020-01-07,31.489999771118164,31.670000076293945,30.8799991607666,31.25,28.84502410888672,395700
2020-01-08,30.950000762939453,31.709999084472656,28.1299991607666,28.170000076293945,26.002058029174805,1627700
2020-01-09,27.81999969482422,28.100000381469727,27.049999237060547,27.950000762939453,25.79899024963379,851200
2020-01-10,28.309999465942383,28.459999084472656,27.25,27.549999237060547,25.429771423339844,659700
2020-01-13,27.799999237060547,27.799999237060547,27.190000534057617,27.450000762939453,25.33747100830078,714300
2020-01-14,26.889999389648438,27.360000610351562,26.549999237060547,27.110000610351562,25.023637771606445,453800
2020-01-15,27.0,27.190000534057617,26.729999542236328,27.06999969482422,24.986713409423828,361400
2020-01-16,27.350000381469727,27.860000610351562,27.1299991607666,27.200000762939453,25.106712341308594,433500
2020-01-17,27.209999084472656,27.280000686645508,26.5,26.549999237060547,24.506732940673828,723700
2020-01-21,26.600000381469727,26.739999771118164,25.739999771118164,26.389999389648438,24.359046936035156,424600
2020-01-22,26.479999542236328,26.56999969482422,25.920000076293945,26.0,23.999061584472656,251900
2020-01-23,25.899999618530273,26.65999984741211,25.420000076293945,26.520000457763672,24.479040145874023,568000
2020-01-24,26.5,26.5,25.1299991607666,25.34000015258789,23.38985252380371,520800
2020-01-27,24.479999542236328,25.459999084472656,24.149999618530273,25.18000030517578,23.492481231689453,676000
2020-01-28,25.3799991607666,25.399999618530273,24.260000228881836,24.6299991607666,22.979341506958008,504000
2020-01-29,24.709999084472656,25.350000381469727,24.540000915527344,25.040000915527344,23.361865997314453,280200
2020-01-30,24.719999313354492,25.25,24.579999923706055,25.229999542236328,23.53913116455078,216800
2020-01-31,25.200000762939453,25.200000762939453,24.010000228881836,24.09000015258789,22.475534439086914,347500
2020-02-03,24.190000534057617,24.540000915527344,24.059999465942383,24.309999465942383,22.680788040161133,325800
2020-02-04,24.8700008392334,25.1200008392334,24.610000610351562,24.950000762939453,23.27789878845215,309600
2020-02-05,25.40999984741211,26.1200008392334,25.40999984741211,25.979999542236328,24.238868713378906,397500
2020-02-06,26.15999984741211,26.25,25.149999618530273,25.360000610351562,23.660419464111328,310000
2020-02-07,25.1299991607666,26.639999389648438,24.68000030517578,26.31999969482422,24.556079864501953,1387900
2020-02-10,26.290000915527344,27.190000534057617,25.920000076293945,26.270000457763672,24.50943374633789,447700
2020-02-11,26.440000534057617,26.959999084472656,26.239999771118164,26.790000915527344,24.994583129882812,238700
2020-02-12,27.229999542236328,27.739999771118164,27.09000015258789,27.6200008392334,25.768957138061523,466300
2020-02-13,27.399999618530273,27.700000762939453,27.110000610351562,27.450000762939453,25.6103515625,326200
2020-02-14,27.3700008392334,27.510000228881836,26.959999084472656,27.299999237060547,25.470401763916016,422200
2020-02-18,27.200000762939453,27.920000076293945,27.040000915527344,27.889999389648438,26.020862579345703,315700
2020-02-19,27.889999389648438,27.940000534057617,27.3799991607666,27.56999969482422,25.722307205200195,562300
2020-02-20,27.56999969482422,28.110000610351562,27.5,27.6299991607666,25.77828598022461,433800
2020-02-21,27.579999923706055,27.959999084472656,27.459999084472656,27.670000076293945,25.81560707092285,393100
2020-02-24,26.5,26.5,25.68000030517578,26.09000015258789,24.34149742126465,619300
2020-02-25,26.229999542236328,26.299999237060547,24.799999237060547,25.139999389648438,23.45516014099121,630800
2020-02-26,25.399999618530273,25.600000381469727,24.889999389648438,25.139999389648438,23.45516014099121,587800
2020-02-27,24.6299991607666,25.309999465942383,23.639999389648438,24.469999313354492,22.83006477355957,573400
2020-02-28,23.610000610351562,25.15999984741211,23.43000030517578,24.229999542236328,22.60614776611328,655500
2020-03-02,24.200000762939453,24.290000915527344,22.84000015258789,23.969999313354492,22.36357307434082,872700
2020-03-03,24.040000915527344,24.299999237060547,23.34000015258789,23.790000915527344,22.195636749267578,559100
2020-03-04,24.06999969482422,24.34000015258789,23.549999237060547,24.31999969482422,22.69011688232422,255000
2020-03-05,23.540000915527344,23.719999313354492,22.850000381469727,23.049999237060547,21.505229949951172,279000
2020-03-06,22.18000030517578,22.940000534057617,21.420000076293945,21.84000015258789,20.376323699951172,398300
2020-03-09,19.65999984741211,20.6299991607666,17.899999618530273,18.079999923706055,16.868310928344727,670300
2020-03-10,18.860000610351562,18.860000610351562,16.770000457763672,18.649999618530273,17.400108337402344,524000
2020-03-11,18.5,18.93000030517578,16.75,17.1299991607666,15.981980323791504,659500
2020-03-12,15.880000114440918,16.709999084472656,15.069999694824219,16.18000030517578,15.0956449508667,579000
2020-03-13,17.329999923706055,18.739999771118164,16.489999771118164,18.739999771118164,17.484079360961914,561200
2020-03-16,16.559999465942383,17.690000534057617,16.049999237060547,16.239999771118164,15.15162467956543,465500
2020-03-17,16.59000015258789,17.940000534057617,15.220000267028809,17.0,15.860690116882324,635100
2020-03-18,15.619999885559082,16.059999465942383,13.40999984741211,13.8100004196167,12.884478569030762,803800
2020-03-19,13.859999656677246,15.109999656677246,13.34000015258789,14.899999618530273,13.901429176330566,595400
2020-03-20,15.029999732971191,15.960000038146973,14.170000076293945,14.8100004196167,13.817461967468262,1231600
2020-03-23,14.65999984741211,14.729999542236328,13.270000457763672,14.239999771118164,13.285661697387695,563900
2020-03-24,15.199999809265137,15.529999732971191,14.5600004196167,15.15999984741211,14.144002914428711,444500
2020-03-25,15.239999771118164,16.149999618530273,13.75,15.180000305175781,14.162664413452148,511900
2020-03-26,15.380000114440918,17.8799991607666,15.15999984741211,17.75,16.560426712036133,707800
2020-03-27,17.030000686645508,18.799999237060547,16.469999313354492,18.010000228881836,16.803001403808594,624600
2020-03-30,18.040000915527344,18.5,16.360000610351562,17.600000381469727,16.420480728149414,564100
2020-03-31,17.510000228881836,17.979999542236328,17.0,17.739999771118164,16.551095962524414,662500
2020-04-01,16.440000534057617,17.18000030517578,16.1200008392334,16.56999969482422,15.459508895874023,596100
2020-04-02,16.40999984741211,16.8799991607666,15.529999732971191,16.229999542236328,15.142292976379395,683200
2020-04-03,15.859999656677246,16.139999389648438,12.890000343322754,13.119999885559082,12.240720748901367,920700
2020-04-06,13.770000457763672,14.680000305175781,13.600000381469727,14.359999656677246,13.397618293762207,632600
2020-04-07,16.1200008392334,19.309999465942383,15.760000228881836,16.799999237060547,15.674095153808594,1157100
2020-04-08,16.799999237060547,19.290000915527344,16.40999984741211,18.639999389648438,17.390779495239258,2443000
2020-04-09,20.030000686645508,21.0,18.280000686645508,18.59000015258789,17.344133377075195,1226800
2020-04-13,18.530000686645508,18.549999237060547,17.1200008392334,17.209999084472656,16.056617736816406,752600
2020-04-14,17.770000457763672,18.520000457763672,16.920000076293945,17.110000610351562,15.9633207321167,726900
2020-04-15,16.65999984741211,16.65999984741211,15.850000381469727,16.020000457763672,14.946369171142578,678100
2020-04-16,16.0,16.260000228881836,15.050000190734863,15.59000015258789,14.545186996459961,515500
2020-04-17,16.31999969482422,16.90999984741211,16.100000381469727,16.530000686645508,15.422188758850098,461900
2020-04-20,16.0,17.139999389648438,15.890000343322754,16.329999923706055,15.235593795776367,620800
2020-04-21,15.359999656677246,16.020000457763672,15.359999656677246,15.90999984741211,15.093292236328125,413200
2020-04-22,16.3799991607666,16.40999984741211,15.800000190734863,16.010000228881836,15.188159942626953,339900
2020-04-23,16.18000030517578,16.84000015258789,16.100000381469727,16.420000076293945,15.577113151550293,312500
2020-04-24,16.549999237060547,16.739999771118164,16.1200008392334,16.56999969482422,15.719413757324219,326300
2020-04-27,16.479999542236328,16.93000030517578,16.219999313354492,16.670000076293945,15.814279556274414,445500
2020-04-28,16.049999237060547,16.790000915527344,16.010000228881836,16.43000030517578,15.586601257324219,512000
2020-04-29,16.989999771118164,17.469999313354492,16.68000030517578,17.059999465942383,16.18425941467285,587500
2020-04-30,16.65999984741211,17.31999969482422,16.149999618530273,16.979999542236328,16.108366012573242,652000
2020-05-01,16.579999923706055,16.739999771118164,15.760000228881836,16.270000457763672,15.434813499450684,796800
2020-05-04,16.110000610351562,16.389999389648438,15.710000038146973,16.350000381469727,15.510706901550293,408900
2020-05-05,16.700000762939453,17.40999984741211,16.3700008392334,16.469999313354492,15.62454605102539,380100
2020-05-06,16.540000915527344,16.690000534057617,15.65999984741211,15.75,14.941505432128906,463000
2020-05-07,15.949999809265137,16.56999969482422,15.90999984741211,16.219999313354492,15.387378692626953,306800
2020-05-08,16.56999969482422,17.299999237060547,16.329999923706055,17.270000457763672,16.383481979370117,366000
2020-05-11,16.969999313354492,17.200000762939453,16.600000381469727,16.899999618530273,16.032474517822266,268200
2020-05-12,16.899999618530273,17.1200008392334,16.06999969482422,16.100000381469727,15.273538589477539,236800
2020-05-13,16.18000030517578,16.18000030517578,15.510000228881836,15.920000076293945,15.102779388427734,412100
2020-05-14,15.600000381469727,16.549999237060547,15.220000267028809,16.3799991607666,15.539165496826172,424500
2020-05-15,16.350000381469727,16.860000610351562,16.079999923706055,16.549999237060547,15.700439453125,440600
2020-05-18,17.389999389648438,18.06999969482422,17.229999542236328,17.899999618530273,16.98114013671875,554700
2020-05-19,18.440000534057617,19.389999389648438,18.010000228881836,18.559999465942383,17.607261657714844,612000
2020-05-20,19.190000534057617,20.0,19.149999618530273,19.510000228881836,18.508493423461914,472000
2020-05-21,19.540000915527344,20.15999984741211,19.459999084472656,19.649999618530273,18.641305923461914,420700
2020-05-22,19.739999771118164,21.6200008392334,19.1200008392334,21.350000381469727,20.254045486450195,2167200
2020-05-26,22.110000610351562,22.739999771118164,21.3799991607666,21.860000610351562,20.737863540649414,842900
2020-05-27,22.5,24.149999618530273,22.059999465942383,24.079999923706055,22.843904495239258,942500
2020-05-28,24.260000228881836,24.399999618530273,21.700000762939453,21.809999465942383,20.690427780151367,773200
2020-05-29,21.350000381469727,21.709999084472656,20.450000762939453,21.219999313354492,20.130714416503906,546300
2020-06-01,21.25,21.579999923706055,21.0,21.399999618530273,20.30147361755371,309700
2020-06-02,21.719999313354492,24.25,21.510000228881836,24.09000015258789,22.853389739990234,977500
2020-06-03,24.549999237060547,25.110000610351562,24.40999984741211,24.65999984741211,23.394128799438477,461700
2020-06-04,24.510000228881836,25.8799991607666,24.190000534057617,25.719999313354492,24.399715423583984,556500
2020-06-05,27.139999389648438,28.239999771118164,26.389999389648438,26.43000030517578,25.073270797729492,810400
2020-06-08,27.110000610351562,27.489999771118164,25.479999542236328,25.809999465942383,24.485095977783203,545900
2020-06-09,25.3700008392334,25.68000030517578,24.8700008392334,25.030000686645508,23.745136260986328,518100
2020-06-10,24.93000030517578,25.040000915527344,23.829999923706055,23.889999389648438,22.663654327392578,407700
2020-06-11,22.5,22.790000915527344,21.510000228881836,21.59000015258789,20.481719970703125,406700
2020-06-12,22.790000915527344,22.989999771118164,21.81999969482422,22.8799991607666,21.705503463745117,374700
2020-06-15,20.799999237060547,23.719999313354492,20.1299991607666,23.280000686645508,22.0849666595459,532800
2020-06-16,24.579999923706055,24.850000381469727,23.139999389648438,24.010000228881836,22.777496337890625,383000
2020-06-17,23.950000762939453,24.079999923706055,22.889999389648438,23.040000915527344,21.857288360595703,334000
2020-06-18,22.8700008392334,23.459999084472656,22.530000686645508,23.110000610351562,21.923696517944336,344900
2020-06-19,23.459999084472656,23.5,21.84000015258789,22.389999389648438,21.24065589904785,524100
2020-06-22,21.93000030517578,22.709999084472656,21.719999313354492,22.549999237060547,21.392440795898438,249500
2020-06-23,22.950000762939453,23.06999969482422,22.299999237060547,22.8799991607666,21.705503463745117,331200
2020-06-24,22.40999984741211,22.540000915527344,21.56999969482422,21.600000381469727,20.491209030151367,333900
2020-06-25,21.5,22.639999389648438,21.399999618530273,22.549999237060547,21.392440795898438,400600
2020-06-26,22.270000457763672,22.270000457763672,21.190000534057617,21.600000381469727,20.491209030151367,396600
2020-06-29,21.959999084472656,23.0,21.829999923706055,22.59000015258789,21.430389404296875,282200
2020-06-30,22.350000381469727,22.940000534057617,22.219999313354492,22.75,21.58217430114746,346900
2020-07-01,23.610000610351562,23.700000762939453,22.170000076293945,22.239999771118164,21.098356246948242,380400
2020-07-02,22.739999771118164,23.1200008392334,21.90999984741211,22.09000015258789,20.9560546875,219200
2020-07-06,22.43000030517578,23.170000076293945,22.43000030517578,23.0,21.819339752197266,450600
2020-07-07,22.559999465942383,22.610000610351562,21.799999237060547,21.809999465942383,20.690427780151367,447100
2020-07-08,21.709999084472656,23.850000381469727,21.649999618530273,22.6299991607666,21.46833610534668,1401600
2020-07-09,22.6299991607666,22.770000457763672,21.610000610351562,21.719999313354492,20.60504722595215,471800
2020-07-10,24.649999618530273,26.790000915527344,23.760000228881836,25.09000015258789,23.80205726623535,4383600
2020-07-13,25.790000915527344,26.969999313354492,24.799999237060547,25.56999969482422,24.257415771484375,1691600
2020-07-14,25.600000381469727,26.6299991607666,25.049999237060547,25.649999618530273,24.33330726623535,719700
2020-07-15,26.540000915527344,26.850000381469727,26.010000228881836,26.100000381469727,24.760210037231445,597400
2020-07-16,25.860000610351562,27.149999618530273,25.639999389648438,26.479999542236328,25.120702743530273,1104300
2020-07-17,26.559999465942383,26.75,25.34000015258789,25.479999542236328,24.17203712463379,622700
2020-07-20,25.270000457763672,25.610000610351562,24.75,25.399999618530273,24.09614372253418,464800
2020-07-21,25.610000610351562,26.34000015258789,25.40999984741211,25.770000457763672,24.4471492767334,465600
2020-07-22,25.5,26.530000686645508,25.420000076293945,26.260000228881836,24.911996841430664,533800
2020-07-23,26.0,26.989999771118164,25.8700008392334,26.700000762939453,25.329410552978516,665800
2020-07-24,26.479999542236328,26.8700008392334,26.280000686645508,26.3799991607666,25.025836944580078,450600
2020-07-27,26.40999984741211,26.81999969482422,26.030000686645508,26.670000076293945,25.300949096679688,438600
2020-07-28,26.110000610351562,26.829999923706055,25.90999984741211,26.489999771118164,25.3872013092041,487000
2020-07-29,26.290000915527344,28.200000762939453,26.219999313354492,27.940000534057617,26.776838302612305,618300
2020-07-30,26.799999237060547,27.34000015258789,26.649999618530273,26.989999771118164,25.86638641357422,444900
2020-07-31,26.8700008392334,26.8700008392334,25.100000381469727,25.729999542236328,24.65884017944336,597500
2020-08-03,25.760000228881836,25.8700008392334,25.219999313354492,25.34000015258789,24.285078048706055,392800
2020-08-04,25.299999237060547,26.0,25.100000381469727,25.719999313354492,24.64925765991211,273000
2020-08-05,25.899999618530273,26.649999618530273,25.770000457763672,26.6299991607666,25.521371841430664,291200
2020-08-06,26.3799991607666,26.899999618530273,26.34000015258789,26.68000030517578,25.569292068481445,361200
2020-08-07,26.489999771118164,27.690000534057617,26.489999771118164,27.649999618530273,26.498910903930664,224300
2020-08-10,27.899999618530273,28.950000762939453,27.850000381469727,28.729999542236328,27.53394889831543,434000
2020-08-11,29.200000762939453,29.809999465942383,28.639999389648438,28.760000228881836,27.562702178955078,468700
2020-08-12,29.329999923706055,29.329999923706055,28.209999084472656,28.329999923706055,27.150604248046875,316900
2020-08-13,28.06999969482422,28.81999969482422,27.790000915527344,28.479999542236328,27.294357299804688,461100
2020-08-14,28.06999969482422,28.969999313354492,28.010000228881836,28.65999984741211,27.46686553955078,189800
2020-08-17,28.709999084472656,28.739999771118164,28.059999465942383,28.360000610351562,27.179353713989258,199200
2020-08-18,28.209999084472656,28.299999237060547,27.420000076293945,27.469999313354492,26.32640266418457,441200
2020-08-19,27.459999084472656,28.399999618530273,27.309999465942383,27.489999771118164,26.345571517944336,285300
2020-08-20,27.110000610351562,27.56999969482422,26.920000076293945,27.31999969482422,26.182649612426758,264100
2020-08-21,27.010000228881836,27.5,26.75,27.06999969482422,25.943058013916016,260100
2020-08-24,27.3700008392334,27.690000534057617,26.969999313354492,27.469999313354492,26.32640266418457,219900
2020-08-25,27.829999923706055,27.850000381469727,27.010000228881836,27.1200008392334,25.990978240966797,182800
2020-08-26,27.100000381469727,27.709999084472656,26.8700008392334,27.649999618530273,26.498910903930664,283200
2020-08-27,26.940000534057617,27.760000228881836,26.940000534057617,27.459999084472656,26.31682014465332,459500
2020-08-28,27.739999771118164,27.90999984741211,27.520000457763672,27.600000381469727,26.450992584228516,277900
2020-08-31,27.700000762939453,27.700000762939453,27.09000015258789,27.190000534057617,26.058061599731445,310600
2020-09-01,27.049999237060547,27.8799991607666,26.860000610351562,27.799999237060547,26.64266586303711,238700
2020-09-02,27.829999923706055,27.84000015258789,27.420000076293945,27.559999465942383,26.41265869140625,269500
2020-09-03,27.579999923706055,28.09000015258789,26.950000762939453,27.280000686645508,26.14431381225586,166900
2020-09-04,27.920000076293945,28.889999389648438,26.979999542236328,28.540000915527344,27.35186004638672,874800
2020-09-08,28.360000610351562,28.440000534057617,27.040000915527344,27.229999542236328,26.096397399902344,349800
2020-09-09,27.6200008392334,28.190000534057617,27.040000915527344,27.940000534057617,26.776838302612305,389800
2020-09-10,28.190000534057617,28.40999984741211,27.399999618530273,27.5,26.35515594482422,204500
2020-09-11,27.540000915527344,27.93000030517578,27.219999313354492,27.40999984741211,26.268901824951172,187500
2020-09-14,27.579999923706055,28.65999984741211,27.31999969482422,28.549999237060547,27.36144256591797,352500
2020-09-15,28.75,29.34000015258789,28.520000457763672,28.610000610351562,27.418949127197266,225200
2020-09-16,28.690000534057617,30.1200008392334,28.5,29.200000762939453,27.984384536743164,410400
2020-09-17,28.860000610351562,29.790000915527344,28.549999237060547,29.260000228881836,28.041885375976562,276100
2020-09-18,29.479999542236328,30.020000457763672,28.81999969482422,29.110000610351562,27.89813232421875,690900
2020-09-21,28.149999618530273,28.270000457763672,26.940000534057617,27.969999313354492,26.80558967590332,549500
2020-09-22,28.950000762939453,29.709999084472656,28.280000686645508,28.739999771118164,27.54353141784668,382600
2020-09-23,28.68000030517578,29.280000686645508,27.729999542236328,27.75,26.59474754333496,333600
2020-09-24,27.700000762939453,29.030000686645508,27.25,28.239999771118164,27.064348220825195,364800
2020-09-25,27.829999923706055,29.229999542236328,27.829999923706055,29.170000076293945,27.95563316345215,441300
2020-09-28,29.700000762939453,30.5,29.5,29.780000686645508,28.540237426757812,447700
2020-09-29,29.84000015258789,30.049999237060547,29.1299991607666,29.56999969482422,28.338979721069336,289500
2020-09-30,29.739999771118164,30.530000686645508,29.239999771118164,29.399999618530273,28.17605972290039,478500
2020-10-01,29.399999618530273,30.290000915527344,29.110000610351562,30.239999771118164,28.981090545654297,510200
2020-10-02,29.549999237060547,31.8700008392334,29.549999237060547,31.350000381469727,30.044879913330078,722100
2020-10-05,31.75,33.59000015258789,31.6200008392334,33.13999938964844,31.760356903076172,1097700
2020-10-06,33.529998779296875,33.75,32.5,32.599998474121094,31.24283790588379,683900
2020-10-07,32.84000015258789,33.959999084472656,32.810001373291016,33.45000076293945,32.05745315551758,525400
2020-10-08,33.7599983215332,34.25,33.02000045776367,33.77000045776367,32.36412811279297,308000
2020-10-09,34.209999084472656,34.77000045776367,33.56999969482422,33.72999954223633,32.3257942199707,827100
2020-10-12,33.869998931884766,34.2599983215332,33.18000030517578,33.52000045776367,32.12453842163086,349300
2020-10-13,33.08000183105469,33.66999816894531,32.83000183105469,33.16999816894531,31.789104461669922,408600
2020-10-14,33.150001525878906,33.61000061035156,32.630001068115234,32.959999084472656,31.587854385375977,258300
2020-10-15,32.349998474121094,33.849998474121094,32.31999969482422,33.650001525878906,32.24913024902344,266600
2020-10-16,33.529998779296875,33.95000076293945,33.290000915527344,33.40999984741211,32.01911926269531,247700
2020-10-19,33.47999954223633,33.70000076293945,32.29999923706055,32.310001373291016,30.96491241455078,422100
2020-10-20,32.650001525878906,33.040000915527344,32.36000061035156,32.5,31.147001266479492,231200
2020-10-21,32.5,32.86000061035156,32.220001220703125,32.279998779296875,30.936159133911133,178400
2020-10-22,32.40999984741211,33.09000015258789,31.809999465942383,33.02000045776367,31.64535903930664,402100
2020-10-23,31.399999618530273,31.510000228881836,29.600000381469727,30.010000228881836,28.760665893554688,904500
2020-10-26,29.350000381469727,29.809999465942383,28.31999969482422,28.780000686645508,27.581871032714844,985600
2020-10-27,28.959999084472656,29.530000686645508,28.780000686645508,29.420000076293945,28.195226669311523,417000
2020-10-28,28.440000534057617,28.790000915527344,26.8799991607666,26.93000030517578,25.808887481689453,623200
2020-10-29,26.860000610351562,26.969999313354492,26.219999313354492,26.43000030517578,25.329702377319336,559300
2020-10-30,26.200000762939453,27.229999542236328,26.010000228881836,26.979999542236328,25.856807708740234,476300
2020-11-02,27.719999313354492,28.31999969482422,27.329999923706055,28.299999237060547,27.12185287475586,329800
2020-11-03,28.90999984741211,29.440000534057617,28.389999389648438,29.280000686645508,28.061050415039062,231300
2020-11-04,28.969999313354492,29.079999923706055,27.719999313354492,27.899999618530273,26.738502502441406,243400
2020-11-05,28.229999542236328,29.31999969482422,27.979999542236328,28.719999313354492,27.52436637878418,207900
2020-11-06,28.780000686645508,29.25,27.649999618530273,27.719999313354492,26.565998077392578,346500
2020-11-09,28.90999984741211,30.0,28.459999084472656,29.260000228881836,28.317707061767578,452400
2020-11-10,29.760000228881836,30.770000457763672,29.329999923706055,30.6299991607666,29.643587112426758,439600
2020-11-11,30.8799991607666,30.889999389648438,30.010000228881836,30.559999465942383,29.575843811035156,270100
2020-11-12,30.329999923706055,30.440000534057617,29.510000228881836,30.030000686645508,29.062911987304688,267300
2020-11-13,30.420000076293945,31.889999389648438,30.420000076293945,31.670000076293945,30.65009307861328,306900
2020-11-16,32.27000045776367,34.08000183105469,32.04999923706055,32.95000076293945,31.888874053955078,445000
2020-11-17,32.70000076293945,34.04999923706055,32.0099983215332,33.63999938964844,32.5566520690918,425600
2020-11-18,33.77000045776367,34.2599983215332,33.5,33.540000915527344,32.459877014160156,328700
2020-11-19,33.43000030517578,33.560001373291016,32.66999816894531,33.189998626708984,32.12114715576172,227000
2020-11-20,32.959999084472656,33.349998474121094,32.08000183105469,32.470001220703125,31.424331665039062,224900
2020-11-23,32.70000076293945,34.400001525878906,32.58000183105469,34.25,33.147010803222656,527500
2020-11-24,34.63999938964844,36.22999954223633,34.61000061035156,35.939998626708984,34.78258514404297,374000
2020-11-25,35.459999084472656,35.849998474121094,34.65999984741211,35.220001220703125,34.08577346801758,201400
2020-11-27,34.939998626708984,35.459999084472656,34.83000183105469,35.279998779296875,34.14384078979492,107700
2020-11-30,35.0099983215332,35.0099983215332,33.18000030517578,33.369998931884766,32.295345306396484,340000
2020-12-01,34.029998779296875,34.36000061035156,33.4900016784668,33.869998931884766,32.77924728393555,252300
2020-12-02,33.7599983215332,34.189998626708984,33.47999954223633,33.779998779296875,32.692142486572266,253700
2020-12-03,33.95000076293945,34.279998779296875,33.56999969482422,33.90999984741211,32.81795883178711,161700
2020-12-04,34.400001525878906,35.279998779296875,34.290000915527344,35.22999954223633,34.09545135498047,216800
2020-12-07,35.20000076293945,35.279998779296875,34.61000061035156,34.9900016784668,33.863182067871094,139200
2020-12-08,34.470001220703125,35.5,34.470001220703125,35.04999923706055,33.92124938964844,203000
2020-12-09,35.2400016784668,36.029998779296875,35.2400016784668,35.5,34.35675048828125,179700
2020-12-10,35.0099983215332,35.18000030517578,34.279998779296875,34.45000076293945,33.34056854248047,270500
2020-12-11,34.15999984741211,35.0,33.88999938964844,34.970001220703125,33.84382247924805,265600
2020-12-14,36.0099983215332,36.22999954223633,34.650001525878906,34.83000183105469,33.708335876464844,324100
2020-12-15,35.279998779296875,36.36000061035156,35.189998626708984,36.33000183105469,35.1600227355957,343600
2020-12-16,36.470001220703125,36.4900016784668,36.06999969482422,36.20000076293945,35.03421401977539,237300
2020-12-17,36.470001220703125,36.779998779296875,35.7599983215332,36.689998626708984,35.508426666259766,215100
2020-12-18,36.880001068115234,37.400001525878906,35.84000015258789,35.9900016784668,34.83097457885742,694900
2020-12-21,35.02000045776367,36.150001525878906,34.65999984741211,35.970001220703125,34.811614990234375,209500
2020-12-22,35.880001068115234,36.619998931884766,35.68000030517578,36.529998779296875,35.353580474853516,191900
2020-12-23,36.790000915527344,37.47999954223633,36.7400016784668,36.77000045776367,35.585853576660156,255600
2020-12-24,36.900001525878906,37.47999954223633,36.630001068115234,37.310001373291016,36.10846710205078,86500
2020-12-28,37.77000045776367,37.9900016784668,37.130001068115234,37.20000076293945,36.00200653076172,211800
2020-12-29,37.380001068115234,37.380001068115234,36.20000076293945,36.459999084472656,35.28583908081055,189800
2020-12-30,36.65999984741211,37.34000015258789,36.40999984741211,36.79999923706055,35.614891052246094,191800
2020-12-31,36.75,37.0,36.31999969482422,36.380001068115234,35.20841598510742,280800
2021-01-04,36.540000915527344,36.86000061035156,34.189998626708984,35.41999816894531,34.279327392578125,606800
2021-01-05,35.470001220703125,36.59000015258789,35.150001525878906,35.959999084472656,34.801937103271484,410200
2021-01-06,34.529998779296875,37.65999984741211,33.290000915527344,36.459999084472656,35.28583908081055,1002700
2021-01-07,36.5,36.529998779296875,35.2599983215332,35.86000061035156,34.70515823364258,495000
2021-01-08,36.209999084472656,36.22999954223633,34.43000030517578,35.560001373291016,34.41482162475586,613200
2021-01-11,35.040000915527344,36.29999923706055,35.040000915527344,35.7599983215332,34.60837936401367,474500
2021-01-12,35.95000076293945,37.310001373291016,35.599998474121094,36.83000183105469,35.6439208984375,439300
2021-01-13,36.5,37.22999954223633,36.16999816894531,36.369998931884766,35.198734283447266,311300
2021-01-14,36.61000061035156,37.31999969482422,36.209999084472656,36.61000061035156,35.431007385253906,299500
2021-01-15,35.970001220703125,36.029998779296875,35.189998626708984,35.709999084472656,34.55998611450195,278100
2021-01-19,35.9900016784668,37.220001220703125,35.7599983215332,37.11000061035156,35.91490173339844,353800
2021-01-20,37.47999954223633,38.060001373291016,37.310001373291016,37.709999084472656,36.495582580566406,348000
2021-01-21,37.90999984741211,37.97999954223633,36.189998626708984,36.220001220703125,35.05356979370117,460100
2021-01-22,35.400001525878906,37.0099983215332,35.130001068115234,36.86000061035156,35.67295837402344,374900
2021-01-25,36.33000183105469,36.9900016784668,35.650001525878906,36.25,35.34148025512695,264200
2021-01-26,36.52000045776367,36.560001373291016,35.86000061035156,36.310001373291016,35.39997482299805,214300
2021-01-27,35.349998474121094,37.47999954223633,35.220001220703125,37.060001373291016,36.13117599487305,564300
2021-01-28,37.31999969482422,38.099998474121094,36.040000915527344,36.4900016784668,35.575462341308594,500200
2021-01-29,36.560001373291016,38.0,36.16999816894531,36.18000030517578,35.27323532104492,543300
2021-02-01,36.560001373291016,38.20000076293945,36.06999969482422,38.06999969482422,37.11585998535156,373200
2021-02-02,38.4900016784668,38.5,37.54999923706055,38.349998474121094,37.38883972167969,330600
2021-02-03,38.22999954223633,38.45000076293945,37.7400016784668,38.16999816894531,37.21335220336914,295900
2021-02-04,38.34000015258789,39.20000076293945,37.75,39.029998779296875,38.05179977416992,262400
2021-02-05,39.40999984741211,40.310001373291016,38.650001525878906,40.279998779296875,39.27047348022461,309600
2021-02-08,40.650001525878906,43.880001068115234,40.40999984741211,42.20000076293945,41.142356872558594,649200
2021-02-09,42.02000045776367,43.810001373291016,41.630001068115234,43.5,42.40977096557617,370200
2021-02-10,43.79999923706055,44.70000076293945,42.31999969482422,44.060001373291016,42.95573806762695,548800
2021-02-11,44.22999954223633,44.86000061035156,42.630001068115234,43.5,42.40977096557617,259700
2021-02-12,45.08000183105469,46.75,44.77000045776367,45.97999954223633,44.827613830566406,712400
2021-02-16,45.86000061035156,47.13999938964844,45.040000915527344,46.040000915527344,44.886112213134766,346200
2021-02-17,46.0,46.5,45.099998474121094,45.7599983215332,44.61313247680664,250200
2021-02-18,45.380001068115234,45.93000030517578,44.11000061035156,44.36000061035156,43.24821472167969,272100
2021-02-19,44.560001373291016,45.63999938964844,44.470001220703125,45.58000183105469,44.43764114379883,218500
2021-02-22,45.540000915527344,49.40999984741211,45.529998779296875,47.9900016784668,46.7872428894043,1357200
2021-02-23,47.83000183105469,49.189998626708984,47.099998474121094,48.95000076293945,47.72317886352539,760900
2021-02-24,49.16999816894531,50.209999084472656,47.45000076293945,47.689998626708984,46.494754791259766,634800
2021-02-25,47.5,48.099998474121094,46.83000183105469,47.459999084472656,46.2705192565918,281900
2021-02-26,47.5,48.18000030517578,46.04999923706055,47.04999923706055,45.87080001831055,276400
2021-03-01,48.380001068115234,48.58000183105469,47.529998779296875,47.619998931884766,46.426509857177734,303100
2021-03-02,47.59000015258789,48.04999923706055,46.86000061035156,46.900001525878906,45.72455978393555,324700
2021-03-03,47.02000045776367,48.75,46.900001525878906,47.45000076293945,46.26077651977539,290300
2021-03-04,47.0,47.599998474121094,45.400001525878906,46.68000030517578,45.51007080078125,391200
2021-03-05,47.529998779296875,47.959999084472656,45.720001220703125,47.22999954223633,46.046287536621094,362800
2021-03-08,47.5,48.459999084472656,47.0099983215332,47.619998931884766,46.426509857177734,364300
2021-03-09,48.06999969482422,48.06999969482422,45.810001373291016,46.11000061035156,44.9543571472168,353700
2021-03-10,46.45000076293945,47.31999969482422,46.11000061035156,47.2400016784668,46.05603790283203,295600
2021-03-11,47.689998626708984,49.0099983215332,46.7599983215332,48.880001068115234,47.654930114746094,266600
2021-03-12,48.93000030517578,49.90999984741211,48.93000030517578,49.83000183105469,48.58112716674805,320100
2021-03-15,49.79999923706055,49.900001525878906,48.470001220703125,48.83000183105469,47.6061897277832,211100
2021-03-16,48.66999816894531,48.9900016784668,47.38999938964844,47.61000061035156,46.41676330566406,261600
2021-03-17,47.63999938964844,48.2599983215332,46.869998931884766,47.869998931884766,46.67024612426758,261900
2021-03-18,47.88999938964844,48.79999923706055,46.40999984741211,46.95000076293945,45.7733039855957,272900
2021-03-19,46.7599983215332,47.130001068115234,45.7400016784668,46.380001068115234,45.217594146728516,591400
2021-03-22,46.790000915527344,47.15999984741211,46.0099983215332,46.939998626708984,45.76355743408203,239900
2021-03-23,46.130001068115234,46.83000183105469,43.66999816894531,44.040000915527344,42.93623733520508,325600
2021-03-24,44.59000015258789,45.75,44.349998474121094,44.40999984741211,43.29696273803711,260800
2021-03-25,43.7400016784668,46.619998931884766,43.650001525878906,46.25,45.090850830078125,244600
2021-03-26,47.0,47.43000030517578,45.9900016784668,46.7599983215332,45.58806610107422,220200
2021-03-29,46.91999816894531,48.20000076293945,45.20000076293945,45.22999954223633,44.096412658691406,315600
2021-03-30,45.130001068115234,47.36000061035156,45.130001068115234,47.099998474121094,45.9195442199707,269600
2021-03-31,47.150001525878906,47.779998779296875,46.689998626708984,47.220001220703125,46.03654098510742,405200
2021-04-01,47.47999954223633,48.15999984741211,46.66999816894531,48.13999938964844,46.93347930908203,304000
2021-04-05,48.900001525878906,49.15999984741211,47.529998779296875,48.25,47.04072570800781,414200
2021-04-06,45.97999954223633,46.88999938964844,43.68000030517578,46.0,44.84711456298828,1316300
2021-04-07,46.380001068115234,46.630001068115234,44.70000076293945,45.349998474121094,44.21340560913086,520500
2021-04-08,45.189998626708984,46.27000045776367,44.68000030517578,45.849998474121094,44.70087432861328,324900
2021-04-09,46.18000030517578,46.45000076293945,45.2400016784668,45.86000061035156,44.710628509521484,290600
2021-04-12,46.20000076293945,46.619998931884766,45.279998779296875,46.380001068115234,45.217594146728516,237800
2021-04-13,46.439998626708984,46.5,44.93000030517578,45.52000045776367,44.37914276123047,268300
2021-04-14,45.45000076293945,46.41999816894531,45.439998626708984,46.16999816894531,45.01285171508789,198300
2021-04-15,42.900001525878906,45.130001068115234,42.619998931884766,42.65999984741211,41.590824127197266,1086200
2021-04-16,43.22999954223633,44.13999938964844,42.59000015258789,43.79999923706055,42.70225143432617,1878600
2021-04-19,43.58000183105469,44.22999954223633,43.43000030517578,44.150001525878906,43.043479919433594,456500
2021-04-20,43.5,43.720001220703125,40.900001525878906,41.59000015258789,40.79713821411133,511700
2021-04-21,41.220001220703125,43.09000015258789,41.09000015258789,42.97999954223633,42.1606330871582,378200
2021-04-22,44.720001220703125,46.720001220703125,43.9900016784668,45.45000076293945,44.58354949951172,604900
2021-04-23,45.599998474121094,47.060001373291016,45.119998931884766,46.7599983215332,45.86857223510742,365400
2021-04-26,47.099998474121094,48.0,46.63999938964844,47.68000030517578,46.77103805541992,422100
2021-04-27,47.58000183105469,48.36000061035156,47.150001525878906,48.18000030517578,47.261505126953125,319400
2021-04-28,48.400001525878906,48.58000183105469,47.70000076293945,48.459999084472656,47.53616714477539,272100
2021-04-29,48.66999816894531,48.810001373291016,47.63999938964844,47.97999954223633,47.06531524658203,406800
2021-04-30,47.439998626708984,47.900001525878906,46.939998626708984,47.2400016784668,46.33942794799805,497500
2021-05-03,49.0,49.619998931884766,48.02000045776367,49.54999923706055,48.60538864135742,501100
2021-05-04,49.13999938964844,49.869998931884766,48.2599983215332,49.439998626708984,48.49748229980469,307000
2021-05-05,49.45000076293945,50.08000183105469,48.72999954223633,49.220001220703125,48.28168487548828,287000
2021-05-06,49.09000015258789,49.189998626708984,47.33000183105469,48.29999923706055,47.37921905517578,561000
2021-05-07,47.849998474121094,49.150001525878906,47.790000915527344,49.099998474121094,48.163963317871094,176700
2021-05-10,49.15999984741211,49.33000183105469,47.59000015258789,47.599998474121094,46.692562103271484,267600
2021-05-11,46.83000183105469,47.630001068115234,45.91999816894531,46.33000183105469,45.44677734375,309600
2021-05-12,46.06999969482422,46.56999969482422,44.720001220703125,44.90999984741211,44.0538444519043,271000
2021-05-13,45.13999938964844,46.16999816894531,45.13999938964844,45.689998626708984,44.818973541259766,182200
2021-05-14,46.029998779296875,47.150001525878906,45.41999816894531,46.970001220703125,46.07457733154297,290500
2021-05-17,46.61000061035156,46.90999984741211,45.560001373291016,46.099998474121094,45.22115707397461,163900
2021-05-18,46.060001373291016,46.22999954223633,45.29999923706055,45.38999938964844,44.52469253540039,215900
2021-05-19,44.65999984741211,45.529998779296875,44.11000061035156,45.369998931884766,44.505069732666016,256400
2021-05-20,45.47999954223633,46.08000183105469,44.709999084472656,45.95000076293945,45.07402038574219,380200
2021-05-21,46.29999923706055,46.970001220703125,45.56999969482422,46.560001373291016,45.67238998413086,252900
2021-05-24,47.0,47.83000183105469,46.279998779296875,47.5,46.5944709777832,310300
2021-05-25,47.4900016784668,48.099998474121094,43.810001373291016,43.939998626708984,43.10233688354492,605400
2021-05-26,43.9900016784668,44.540000915527344,43.369998931884766,43.880001068115234,43.04348373413086,296500
2021-05-27,44.439998626708984,44.959999084472656,44.09000015258789,44.25,43.40642547607422,395800
2021-05-28,44.439998626708984,44.58000183105469,43.349998474121094,44.40999984741211,43.56337356567383,272000
2021-06-01,45.22999954223633,47.4900016784668,44.75,47.27000045776367,46.36885452270508,419300
2021-06-02,47.7599983215332,48.220001220703125,47.040000915527344,47.709999084472656,46.80046081542969,330900
2021-06-03,47.45000076293945,47.720001220703125,46.25,46.88999938964844,45.99610137939453,437300
2021-06-04,47.04999923706055,47.04999923706055,45.790000915527344,46.29999923706055,45.41734313964844,240600
2021-06-07,46.31999969482422,47.13999938964844,45.9900016784668,46.25,45.3682975769043,346800
2021-06-08,46.630001068115234,47.54999923706055,45.93000030517578,47.27000045776367,46.36885452270508,319900
2021-06-09,47.5099983215332,48.119998931884766,47.0,48.09000015258789,47.173221588134766,312600
2021-06-10,48.369998931884766,48.5,47.11000061035156,47.279998779296875,46.378662109375,227700
2021-06-11,47.400001525878906,48.22999954223633,47.22999954223633,47.709999084472656,46.80046081542969,247300
2021-06-14,47.88999938964844,48.13999938964844,46.790000915527344,47.16999816894531,46.27075958251953,240100
2021-06-15,47.150001525878906,47.709999084472656,46.56999969482422,47.41999816894531,46.5159912109375,161700
2021-06-16,47.290000915527344,47.84000015258789,46.720001220703125,47.70000076293945,46.79065704345703,254200
2021-06-17,47.86000061035156,47.86000061035156,45.209999084472656,45.58000183105469,44.7110710144043,365700
2021-06-18,44.849998474121094,45.04999923706055,43.38999938964844,43.61000061035156,42.778629302978516,515600
2021-06-21,44.20000076293945,45.650001525878906,44.0099983215332,45.279998779296875,44.416786193847656,303900
2021-06-22,45.189998626708984,46.060001373291016,44.40999984741211,45.86000061035156,44.98573684692383,567200
2021-06-23,45.97999954223633,46.18000030517578,44.97999954223633,44.9900016784668,44.132320404052734,277400
2021-06-24,45.2599983215332,46.72999954223633,45.11000061035156,46.630001068115234,45.74105453491211,224300
2021-06-25,46.72999954223633,47.2400016784668,45.83000183105469,45.83000183105469,44.95630645751953,442900
2021-06-28,45.83000183105469,45.83000183105469,44.36000061035156,44.93000030517578,44.073463439941406,205900
2021-06-29,45.16999816894531,45.369998931884766,42.38999938964844,42.77000045776367,41.95464324951172,582600
2021-06-30,42.31999969482422,43.81999969482422,41.900001525878906,43.58000183105469,42.749202728271484,396800
2021-07-01,44.0,44.099998474121094,43.099998474121094,43.439998626708984,42.61186599731445,266600
2021-07-02,43.529998779296875,43.56999969482422,41.84000015258789,41.939998626708984,41.14046096801758,327200
2021-07-06,41.790000915527344,41.790000915527344,39.86000061035156,41.2400016784668,40.45381164550781,475800
2021-07-07,41.04999923706055,41.5,40.040000915527344,40.75,39.973148345947266,541100
2021-07-08,39.869998931884766,40.970001220703125,39.029998779296875,40.040000915527344,39.27668762207031,521000
2021-07-09,41.83000183105469,44.209999084472656,41.369998931884766,43.27000045776367,42.44511413574219,751400
2021-07-12,44.790000915527344,45.779998779296875,43.369998931884766,43.59000015258789,42.75900650024414,1046600
2021-07-13,43.220001220703125,43.65999984741211,42.84000015258789,43.060001373291016,42.239112854003906,400700
2021-07-14,43.29999923706055,43.86000061035156,42.529998779296875,43.33000183105469,42.503971099853516,374300
2021-07-15,42.75,43.7400016784668,42.619998931884766,43.04999923706055,42.22930145263672,361400
2021-07-16,43.54999923706055,43.630001068115234,40.869998931884766,40.939998626708984,40.15952682495117,493500
2021-07-19,42.119998931884766,42.119998931884766,39.66999816894531,40.04999923706055,39.286495208740234,744800
2021-07-20,40.04999923706055,42.41999816894531,39.75,41.97999954223633,41.1796989440918,404100
2021-07-21,42.619998931884766,43.439998626708984,42.47999954223633,42.9900016784668,42.170448303222656,238400
2021-07-22,42.959999084472656,42.959999084472656,41.83000183105469,41.90999984741211,41.11103439331055,207400
2021-07-23,42.5,42.75,42.02000045776367,42.209999084472656,41.40531921386719,229200
2021-07-26,43.25,44.04999923706055,42.7599983215332,43.400001525878906,42.5726318359375,318100
2021-07-27,42.58000183105469,42.70000076293945,41.7599983215332,42.40999984741211,41.861934661865234,237300
2021-07-28,42.4900016784668,43.22999954223633,41.66999816894531,43.02000045776367,42.46405029296875,260800
2021-07-29,43.560001373291016,44.029998779296875,43.11000061035156,43.470001220703125,42.90823745727539,131000
2021-07-30,43.09000015258789,43.86000061035156,42.380001068115234,42.79999923706055,42.24689483642578,284700
2021-08-02,43.060001373291016,44.06999969482422,41.959999084472656,42.040000915527344,41.4967155456543,196100
2021-08-03,42.38999938964844,43.529998779296875,41.970001220703125,43.20000076293945,42.6417236328125,250400
2021-08-04,42.849998474121094,43.279998779296875,42.2599983215332,42.279998779296875,41.73361587524414,206800
2021-08-05,42.63999938964844,43.13999938964844,42.43000030517578,42.88999938964844,42.335731506347656,271700
2021-08-06,43.36000061035156,44.04999923706055,43.13999938964844,43.56999969482422,43.00694274902344,166300
2021-08-09,43.220001220703125,44.02000045776367,43.0,43.5099983215332,42.94771957397461,262000
2021-08-10,43.599998474121094,44.959999084472656,43.529998779296875,44.84000015258789,44.26053237915039,437000
2021-08-11,44.869998931884766,46.349998474121094,44.150001525878906,46.31999969482422,45.721405029296875,268200
2021-08-12,46.29999923706055,46.4900016784668,45.150001525878906,45.36000061035156,44.77381134033203,175800
2021-08-13,45.15999984741211,45.52000045776367,44.54999923706055,45.060001373291016,44.47768783569336,146400
2021-08-16,44.470001220703125,45.310001373291016,43.790000915527344,44.38999938964844,43.81634521484375,162300
2021-08-17,44.0099983215332,44.27000045776367,43.27000045776367,43.95000076293945,43.38203430175781,293600
2021-08-18,44.0,44.150001525878906,42.68000030517578,42.77000045776367,42.217281341552734,401800
2021-08-19,41.869998931884766,42.5,40.86000061035156,41.16999816894531,40.63795852661133,305600
2021-08-20,41.02000045776367,41.72999954223633,40.75,41.599998474121094,41.062400817871094,182800
2021-08-23,42.02000045776367,43.099998474121094,41.86000061035156,43.0,42.44430923461914,148200
2021-08-24,43.25,43.779998779296875,42.720001220703125,43.25,42.691078186035156,143300
2021-08-25,43.47999954223633,44.08000183105469,43.060001373291016,43.54999923706055,42.98720169067383,150200
2021-08-26,44.15999984741211,44.720001220703125,43.91999816894531,43.959999084472656,43.391902923583984,188500
2021-08-27,44.02000045776367,45.7599983215332,44.02000045776367,45.2599983215332,44.67510223388672,192000
2021-08-30,45.52000045776367,45.52000045776367,44.36000061035156,44.439998626708984,43.86569595336914,225200
2021-08-31,44.81999969482422,45.40999984741211,43.810001373291016,44.099998474121094,43.53009033203125,215200
2021-09-01,44.27000045776367,44.45000076293945,43.529998779296875,44.08000183105469,43.510353088378906,165000
2021-09-02,44.380001068115234,45.70000076293945,44.08000183105469,45.18000030517578,44.59613800048828,216900
2021-09-03,45.0,45.59000015258789,44.689998626708984,44.88999938964844,44.30988693237305,169700
2021-09-07,44.79999923706055,45.34000015258789,44.599998474121094,45.060001373291016,44.47768783569336,197000
2021-09-08,44.689998626708984,45.27000045776367,43.709999084472656,44.119998931884766,43.549835205078125,271600
2021-09-09,43.79999923706055,44.66999816894531,43.41999816894531,43.470001220703125,42.90823745727539,420400
2021-09-10,43.689998626708984,43.810001373291016,43.34000015258789,43.439998626708984,42.878623962402344,177900
2021-09-13,43.97999954223633,43.97999954223633,42.34000015258789,43.59000015258789,43.02668762207031,366100
2021-09-14,43.689998626708984,43.689998626708984,42.599998474121094,42.75,42.197540283203125,180300
2021-09-15,42.540000915527344,43.5,42.459999084472656,43.34000015258789,42.7799186706543,249800
2021-09-16,43.380001068115234,43.380001068115234,42.27000045776367,42.77000045776367,42.217281341552734,223500
2021-09-17,42.97999954223633,43.08000183105469,41.619998931884766,41.86000061035156,41.31904220581055,756700
2021-09-20,40.61000061035156,41.52000045776367,40.099998474121094,41.349998474121094,40.81563186645508,295700
2021-09-21,41.5099983215332,41.650001525878906,40.38999938964844,40.90999984741211,40.38132095336914,222500
2021-09-22,41.4900016784668,42.599998474121094,41.4900016784668,42.2599983215332,41.713871002197266,309200
2021-09-23,42.470001220703125,43.63999938964844,42.470001220703125,43.15999984741211,42.60224151611328,162400
2021-09-24,43.02000045776367,43.59000015258789,42.7599983215332,42.959999084472656,42.404823303222656,133500
2021-09-27,43.15999984741211,45.31999969482422,43.119998931884766,44.15999984741211,43.589317321777344,293900
2021-09-28,44.290000915527344,44.47999954223633,43.70000076293945,43.810001373291016,43.24384307861328,196800
2021-09-29,44.130001068115234,44.130001068115234,43.20000076293945,43.720001220703125,43.155006408691406,159800
2021-09-30,43.939998626708984,44.060001373291016,42.88999938964844,42.9900016784668,42.43444061279297,135400
2021-10-01,43.099998474121094,44.349998474121094,42.75,44.16999816894531,43.599185943603516,331100
2021-10-04,44.08000183105469,44.619998931884766,43.040000915527344,44.060001373291016,43.4906120300293,338000
2021-10-05,44.29999923706055,44.77000045776367,43.650001525878906,44.25,43.67815399169922,163800
2021-10-06,43.439998626708984,43.880001068115234,42.84000015258789,43.81999969482422,43.25371170043945,144400
2021-10-07,44.209999084472656,45.68000030517578,44.040000915527344,44.68000030517578,44.10260009765625,392500
2021-10-08,44.66999816894531,45.189998626708984,43.959999084472656,44.02000045776367,43.45112991333008,161700
2021-10-11,44.02000045776367,44.77000045776367,43.790000915527344,43.810001373291016,43.24384307861328,95100
2021-10-12,43.810001373291016,44.970001220703125,43.13999938964844,44.95000076293945,44.369110107421875,582600
2021-10-13,45.33000183105469,45.33000183105469,44.369998931884766,44.9900016784668,44.40859603881836,252400
2021-10-14,45.349998474121094,45.68000030517578,44.47999954223633,45.61000061035156,45.02058029174805,282500
2021-10-15,45.849998474121094,47.54999923706055,45.810001373291016,46.7599983215332,46.15571594238281,624600
2021-10-18,46.439998626708984,46.849998474121094,46.25,46.59000015258789,45.9879150390625,313100
2021-10-19,46.63999938964844,46.720001220703125,45.869998931884766,46.459999084472656,45.859596252441406,270400
2021-10-20,46.5099983215332,47.7400016784668,46.0,47.720001220703125,47.10331344604492,403300
2021-10-21,47.65999984741211,47.65999984741211,45.689998626708984,46.27000045776367,45.67205047607422,306300
2021-10-22,46.290000915527344,46.540000915527344,45.540000915527344,45.61000061035156,45.02058029174805,155500
2021-10-25,45.66999816894531,46.72999954223633,45.599998474121094,46.65999984741211,46.057010650634766,339500
2021-10-26,46.16999816894531,46.16999816894531,42.75,43.04999923706055,42.49365997314453,502000
2021-10-27,42.33000183105469,42.79999923706055,41.08000183105469,41.08000183105469,40.54912567138672,513100
2021-10-28,41.20000076293945,42.560001373291016,41.20000076293945,42.439998626708984,41.891544342041016,343000
2021-10-29,42.20000076293945,42.70000076293945,41.0099983215332,41.02000045776367,40.489898681640625,390100
2021-11-01,40.97999954223633,42.70000076293945,40.290000915527344,42.439998626708984,41.891544342041016,550100
2021-11-02,42.630001068115234,43.22999954223633,41.959999084472656,42.77000045776367,42.217281341552734,340400
2021-11-03,42.599998474121094,43.380001068115234,42.349998474121094,43.18000030517578,42.62198257446289,264900
2021-11-04,43.34000015258789,43.599998474121094,42.79999923706055,42.9900016784668,42.43444061279297,229600
2021-11-05,43.79999923706055,45.130001068115234,43.5,44.38999938964844,43.81634521484375,310600
2021-11-08,45.70000076293945,45.70000076293945,44.119998931884766,44.25,43.67815399169922,287300
2021-11-09,43.61000061035156,44.0,43.099998474121094,43.130001068115234,42.833988189697266,182600
2021-11-10,42.900001525878906,43.439998626708984,42.22999954223633,42.38999938964844,42.09906768798828,319100
2021-11-11,42.61000061035156,43.189998626708984,42.29999923706055,42.599998474121094,42.30762481689453,136400
2021-11-12,42.720001220703125,42.75,42.209999084472656,42.290000915527344,41.999755859375,184100
2021-11-15,42.400001525878906,42.810001373291016,42.20000076293945,42.470001220703125,42.17852020263672,168400
2021-11-16,42.380001068115234,42.380001068115234,41.5,41.65999984741211,41.37407684326172,127600
2021-11-17,41.22999954223633,41.599998474121094,40.529998779296875,41.220001220703125,40.93709945678711,189000
2021-11-18,41.2400016784668,41.310001373291016,40.2599983215332,40.709999084472656,40.43059539794922,176300
2021-11-19,40.0,40.5099983215332,39.86000061035156,40.369998931884766,40.09292984008789,146200
2021-11-22,40.4900016784668,41.5099983215332,40.4900016784668,40.81999969482422,40.53984069824219,229300
2021-11-23,41.0099983215332,41.33000183105469,40.47999954223633,41.11000061035156,40.82785415649414,456800
2021-11-24,41.060001373291016,42.189998626708984,41.0,41.560001373291016,41.27476501464844,155500
2021-11-26,39.75,40.529998779296875,38.720001220703125,40.31999969482422,40.04327392578125,263100
2021-11-29,40.84000015258789,40.97999954223633,39.689998626708984,40.810001373291016,40.529911041259766,305500
2021-11-30,40.349998474121094,40.970001220703125,39.869998931884766,39.9900016784668,39.71554183959961,765800
2021-12-01,40.95000076293945,41.150001525878906,39.45000076293945,39.47999954223633,39.20903778076172,409200
2021-12-02,40.150001525878906,41.25,39.93000030517578,40.709999084472656,40.43059539794922,294400
2021-12-03,40.779998779296875,41.459999084472656,40.290000915527344,41.06999969482422,40.78812789916992,223200
2021-12-06,41.630001068115234,43.08000183105469,41.220001220703125,42.209999084472656,41.92030334472656,223400
2021-12-07,42.630001068115234,43.310001373291016,42.59000015258789,42.810001373291016,42.51618576049805,175400
2021-12-08,42.75,43.29999923706055,42.5,42.529998779296875,42.23810577392578,170200
2021-12-09,42.06999969482422,42.65999984741211,42.0099983215332,42.27000045776367,41.97989273071289,138500
2021-12-10,43.959999084472656,45.189998626708984,43.61000061035156,44.790000915527344,44.48259735107422,459500
2021-12-13,44.79999923706055,45.16999816894531,43.709999084472656,43.7400016784668,43.43980407714844,270100
2021-12-14,43.59000015258789,44.5,42.2599983215332,42.290000915527344,41.999755859375,633900
2021-12-15,42.5099983215332,43.54999923706055,42.02000045776367,43.470001220703125,43.17165756225586,301400
2021-12-16,43.75,43.95000076293945,42.349998474121094,43.0,42.70487976074219,258200
2021-12-17,42.61000061035156,44.20000076293945,42.45000076293945,43.25,42.953163146972656,536300
2021-12-20,42.439998626708984,43.34000015258789,41.95000076293945,43.2400016784668,42.943233489990234,290200
2021-12-21,43.630001068115234,44.86000061035156,43.439998626708984,44.779998779296875,44.47266387939453,214900
2021-12-22,44.7400016784668,45.22999954223633,44.540000915527344,45.0099983215332,44.70108413696289,143500
2021-12-23,45.369998931884766,45.369998931884766,44.58000183105469,44.65999984741211,44.35348892211914,131600
2021-12-27,44.56999969482422,45.29999923706055,44.22999954223633,45.2400016784668,44.929508209228516,134300
2021-12-28,45.20000076293945,45.61000061035156,44.849998474121094,44.90999984741211,44.60177230834961,149100
2021-12-29,45.189998626708984,45.650001525878906,44.79999923706055,45.189998626708984,44.87984848022461,123900
2021-12-30,44.91999816894531,46.369998931884766,44.91999816894531,45.47999954223633,45.1678581237793,261500
2021-12-31,45.45000076293945,46.22999954223633,45.25,45.88999938964844,45.57504653930664,171500
2022-01-03,46.400001525878906,47.400001525878906,45.810001373291016,46.18000030517578,45.86305618286133,233000
2022-01-04,46.650001525878906,47.959999084472656,46.63999938964844,47.630001068115234,47.303104400634766,341600
2022-01-05,48.20000076293945,48.869998931884766,47.400001525878906,47.58000183105469,47.253448486328125,663100
2022-01-06,47.36000061035156,48.119998931884766,47.13999938964844,47.459999084472656,47.13426971435547,454000
2022-01-07,48.099998474121094,48.5099983215332,44.619998931884766,44.689998626708984,44.38328170776367,1094900
2022-01-10,44.599998474121094,44.599998474121094,41.189998626708984,41.52000045776367,41.23503875732422,721100
2022-01-11,41.25,41.52000045776367,40.5,40.81999969482422,40.53984069824219,500800
2022-01-12,41.150001525878906,41.400001525878906,40.220001220703125,40.81999969482422,40.53984069824219,570600
2022-01-13,40.900001525878906,41.79999923706055,40.54999923706055,41.2599983215332,40.97682189941406,592600
2022-01-14,40.7599983215332,43.22999954223633,40.7599983215332,43.220001220703125,42.923370361328125,494200
2022-01-18,43.279998779296875,43.279998779296875,41.97999954223633,42.13999938964844,41.85078430175781,337100
2022-01-19,42.459999084472656,42.58000183105469,40.59000015258789,41.11000061035156,40.82785415649414,339000
2022-01-20,41.04999923706055,41.36000061035156,39.06999969482422,39.119998931884766,38.85150909423828,637600
2022-01-21,38.84000015258789,39.25,37.70000076293945,37.72999954223633,37.47105026245117,393500
2022-01-24,36.95000076293945,39.25,36.189998626708984,39.11000061035156,38.84157943725586,959900
2022-01-25,38.52000045776367,39.72999954223633,37.9900016784668,39.34000015258789,39.06999969482422,416200
2022-01-26,39.41999816894531,40.2400016784668,38.29999923706055,38.83000183105469,38.83000183105469,327000
2022-01-27,39.209999084472656,39.459999084472656,37.689998626708984,38.029998779296875,38.029998779296875,335300
2022-01-28,37.95000076293945,38.81999969482422,37.310001373291016,38.79999923706055,38.79999923706055,306500
2022-01-31,38.900001525878906,40.41999816894531,38.5,40.36000061035156,40.36000061035156,456300
2022-02-01,40.689998626708984,40.90999984741211,39.77000045776367,40.790000915527344,40.790000915527344,307100
2022-02-02,40.66999816894531,40.90999984741211,39.83000183105469,40.7599983215332,40.7599983215332,302100
2022-02-03,40.41999816894531,41.20000076293945,40.08000183105469,41.119998931884766,41.119998931884766,299900
2022-02-04,40.90999984741211,41.27000045776367,40.150001525878906,40.29999923706055,40.29999923706055,352100
2022-02-07,39.97999954223633,41.439998626708984,39.939998626708984,40.9900016784668,40.9900016784668,307000
2022-02-08,41.290000915527344,42.619998931884766,41.150001525878906,42.4900016784668,42.4900016784668,305500
2022-02-09,42.83000183105469,42.900001525878906,41.900001525878906,42.099998474121094,42.099998474121094,350200
2022-02-10,41.470001220703125,42.470001220703125,41.099998474121094,41.63999938964844,41.63999938964844,363500
2022-02-11,41.66999816894531,42.18000030517578,40.540000915527344,41.15999984741211,41.15999984741211,315400
2022-02-14,41.25,41.81999969482422,40.709999084472656,41.70000076293945,41.70000076293945,382100
2022-02-15,42.04999923706055,43.0099983215332,42.04999923706055,42.849998474121094,42.849998474121094,302100
2022-02-16,42.88999938964844,44.400001525878906,42.86000061035156,44.349998474121094,44.349998474121094,320800
2022-02-17,43.75,44.16999816894531,42.9900016784668,43.13999938964844,43.13999938964844,330400
2022-02-18,42.810001373291016,43.779998779296875,42.59000015258789,43.25,43.25,212100
2022-02-22,42.810001373291016,43.470001220703125,42.47999954223633,42.619998931884766,42.619998931884766,236100
2022-02-23,43.15999984741211,43.15999984741211,42.36000061035156,42.619998931884766,42.619998931884766,383400
2022-02-24,41.529998779296875,43.439998626708984,41.41999816894531,43.400001525878906,43.400001525878906,514700
2022-02-25,43.66999816894531,44.369998931884766,43.31999969482422,44.060001373291016,44.060001373291016,207700
2022-02-28,43.41999816894531,44.59000015258789,43.279998779296875,44.43000030517578,44.43000030517578,479100
2022-03-01,44.27000045776367,44.4900016784668,42.36000061035156,43.290000915527344,43.290000915527344,329200
2022-03-02,43.61000061035156,45.58000183105469,43.61000061035156,45.52000045776367,45.52000045776367,290500
2022-03-03,45.810001373291016,46.599998474121094,45.380001068115234,46.54999923706055,46.54999923706055,330000
2022-03-04,45.75,48.31999969482422,45.439998626708984,48.2599983215332,48.2599983215332,417300
2022-03-07,48.189998626708984,48.970001220703125,47.20000076293945,47.90999984741211,47.90999984741211,655600
2022-03-08,48.2400016784668,51.27000045776367,48.040000915527344,50.08000183105469,50.08000183105469,750300
2022-03-09,50.380001068115234,50.91999816894531,49.220001220703125,49.630001068115234,49.630001068115234,372800
2022-03-10,49.11000061035156,50.61000061035156,49.02000045776367,50.459999084472656,50.459999084472656,441200
2022-03-11,50.52000045776367,51.88999938964844,50.380001068115234,51.2400016784668,51.2400016784668,668300
2022-03-14,51.34000015258789,51.97999954223633,50.130001068115234,50.369998931884766,50.369998931884766,365700
2022-03-15,50.72999954223633,51.040000915527344,49.349998474121094,49.810001373291016,49.810001373291016,365000
2022-03-16,49.91999816894531,50.52000045776367,49.119998931884766,50.36000061035156,50.36000061035156,243200
2022-03-17,49.650001525878906,51.18000030517578,49.279998779296875,50.529998779296875,50.529998779296875,271500
2022-03-18,50.720001220703125,51.59000015258789,50.099998474121094,51.38999938964844,51.38999938964844,455100
2022-03-21,51.84000015258789,52.5099983215332,51.54999923706055,52.20000076293945,52.20000076293945,196400
2022-03-22,52.290000915527344,53.0099983215332,51.54999923706055,51.91999816894531,51.91999816894531,215400
2022-03-23,51.630001068115234,52.150001525878906,51.220001220703125,51.380001068115234,51.380001068115234,228300
2022-03-24,51.400001525878906,51.68000030517578,51.060001373291016,51.20000076293945,51.20000076293945,196300
2022-03-25,51.33000183105469,53.459999084472656,51.33000183105469,53.400001525878906,53.400001525878906,398300
2022-03-28,52.790000915527344,53.400001525878906,51.779998779296875,52.29999923706055,52.29999923706055,251400
2022-03-29,52.45000076293945,53.220001220703125,52.18000030517578,52.709999084472656,52.709999084472656,258900
2022-03-30,52.5,53.11000061035156,52.209999084472656,52.34000015258789,52.34000015258789,172500
2022-03-31,52.22999954223633,52.79999923706055,51.29999923706055,51.5099983215332,51.5099983215332,354200
2022-04-01,51.65999984741211,52.099998474121094,50.380001068115234,50.849998474121094,50.849998474121094,327600
2022-04-04,50.84000015258789,50.84000015258789,48.88999938964844,49.47999954223633,49.47999954223633,500500
2022-04-05,49.90999984741211,50.11000061035156,46.650001525878906,46.900001525878906,46.900001525878906,716900
2022-04-06,47.150001525878906,47.75,44.7400016784668,44.75,44.75,780200
2022-04-07,44.31999969482422,44.709999084472656,42.31999969482422,43.540000915527344,43.540000915527344,797300
2022-04-08,43.68000030517578,44.459999084472656,42.810001373291016,44.06999969482422,44.06999969482422,501800
2022-04-11,43.790000915527344,45.20000076293945,43.59000015258789,44.77000045776367,44.77000045776367,452700
2022-04-12,45.04999923706055,45.619998931884766,44.5,44.779998779296875,44.779998779296875,317000
2022-04-13,44.630001068115234,45.54999923706055,44.630001068115234,45.5099983215332,45.5099983215332,339500
2022-04-14,45.720001220703125,45.97999954223633,44.72999954223633,45.22999954223633,45.22999954223633,209200
2022-04-18,45.0,45.40999984741211,44.09000015258789,44.22999954223633,44.22999954223633,342200
2022-04-19,44.5,45.0099983215332,44.189998626708984,44.810001373291016,44.810001373291016,350400
2022-04-20,45.119998931884766,45.88999938964844,44.91999816894531,44.959999084472656,44.959999084472656,391600
2022-04-21,45.720001220703125,45.720001220703125,43.849998474121094,44.13999938964844,44.13999938964844,325300
2022-04-22,43.83000183105469,44.09000015258789,43.15999984741211,43.61000061035156,43.61000061035156,465700
2022-04-25,43.0,44.189998626708984,42.439998626708984,44.11000061035156,44.11000061035156,436500
2022-04-26,43.880001068115234,44.369998931884766,43.119998931884766,43.25,43.25,376500
2022-04-27,43.33000183105469,43.81999969482422,42.34000015258789,43.220001220703125,43.220001220703125,494700
2022-04-28,43.209999084472656,44.11000061035156,42.52000045776367,43.849998474121094,43.849998474121094,299300
2022-04-29,43.47999954223633,43.970001220703125,42.5099983215332,42.709999084472656,42.709999084472656,422200
2022-05-02,42.91999816894531,43.09000015258789,41.18000030517578,41.7400016784668,41.7400016784668,292700
2022-05-03,41.66999816894531,43.02000045776367,41.279998779296875,42.650001525878906,42.650001525878906,309400
2022-05-04,43.06999969482422,44.4900016784668,42.790000915527344,44.400001525878906,44.400001525878906,348200
2022-05-05,44.029998779296875,44.220001220703125,42.810001373291016,43.220001220703125,43.220001220703125,240000
2022-05-06,43.33000183105469,43.63999938964844,41.7599983215332,42.2400016784668,42.2400016784668,254700
2022-05-09,41.540000915527344,41.84000015258789,40.369998931884766,40.540000915527344,40.540000915527344,313500
2022-05-10,40.849998474121094,41.349998474121094,39.790000915527344,40.95000076293945,40.95000076293945,384400
2022-05-11,41.619998931884766,41.849998474121094,40.59000015258789,40.66999816894531,40.66999816894531,323200
2022-05-12,40.4900016784668,40.72999954223633,39.58000183105469,40.650001525878906,40.650001525878906,440200
2022-05-13,41.08000183105469,41.880001068115234,40.58000183105469,41.290000915527344,41.290000915527344,353700
2022-05-16,41.4900016784668,42.52000045776367,41.119998931884766,42.02000045776367,42.02000045776367,260800
2022-05-17,42.7400016784668,44.209999084472656,42.33000183105469,44.16999816894531,44.16999816894531,283800
2022-05-18,44.41999816894531,44.70000076293945,42.560001373291016,42.65999984741211,42.65999984741211,375700
2022-05-19,41.97999954223633,42.40999984741211,40.29999923706055,40.689998626708984,40.689998626708984,507400
2022-05-20,40.84000015258789,41.0,39.2599983215332,39.90999984741211,39.90999984741211,573600
2022-05-23,40.5,40.970001220703125,39.630001068115234,39.97999954223633,39.97999954223633,470800
2022-05-24,39.5099983215332,39.52000045776367,38.25,39.15999984741211,39.15999984741211,389100
2022-05-25,39.02000045776367,39.900001525878906,38.52000045776367,39.599998474121094,39.599998474121094,336500
2022-05-26,39.77000045776367,40.709999084472656,39.77000045776367,40.349998474121094,40.349998474121094,379200
2022-05-27,40.5,41.97999954223633,40.5,41.619998931884766,41.619998931884766,277300
2022-05-31,41.13999938964844,41.88999938964844,40.869998931884766,41.61000061035156,41.61000061035156,186200
2022-06-01,41.9900016784668,41.9900016784668,40.77000045776367,41.13999938964844,41.13999938964844,216200
2022-06-02,41.29999923706055,42.150001525878906,41.279998779296875,41.95000076293945,41.95000076293945,117200
2022-06-03,41.650001525878906,42.38999938964844,41.29999923706055,42.290000915527344,42.290000915527344,133500
2022-06-06,42.95000076293945,43.7599983215332,42.290000915527344,43.68000030517578,43.68000030517578,169900
2022-06-07,43.40999984741211,44.099998474121094,42.90999984741211,43.5,43.5,225200
2022-06-08,43.099998474121094,43.16999816894531,41.95000076293945,42.70000076293945,42.70000076293945,221300
2022-06-09,42.29999923706055,42.70000076293945,41.900001525878906,41.959999084472656,41.959999084472656,150900
2022-06-10,41.150001525878906,41.529998779296875,39.58000183105469,39.63999938964844,39.63999938964844,309200
2022-06-13,38.75,39.5099983215332,38.0,38.9900016784668,38.9900016784668,352300
2022-06-14,39.20000076293945,39.310001373291016,38.11000061035156,38.619998931884766,38.619998931884766,175600
2022-06-15,39.0099983215332,39.529998779296875,38.41999816894531,39.029998779296875,39.029998779296875,186700
2022-06-16,38.5,38.5,36.16999816894531,36.459999084472656,36.459999084472656,342100
2022-06-17,36.779998779296875,37.41999816894531,36.209999084472656,36.91999816894531,36.91999816894531,397700
2022-06-21,37.56999969482422,37.75,36.84000015258789,37.31999969482422,37.31999969482422,213100
2022-06-22,36.709999084472656,37.11000061035156,36.209999084472656,36.66999816894531,36.66999816894531,256200
2022-06-23,36.66999816894531,37.22999954223633,35.08000183105469,35.849998474121094,35.849998474121094,239900
2022-06-24,36.22999954223633,37.33000183105469,35.849998474121094,36.81999969482422,36.81999969482422,385200
2022-06-27,37.20000076293945,37.790000915527344,36.72999954223633,37.43000030517578,37.43000030517578,246000
2022-06-28,37.849998474121094,38.029998779296875,36.97999954223633,37.029998779296875,37.029998779296875,194900
2022-06-29,37.18000030517578,37.18000030517578,35.400001525878906,35.7400016784668,35.7400016784668,280300
2022-06-30,35.279998779296875,36.0,34.83000183105469,35.9900016784668,35.9900016784668,283400
2022-07-01,35.97999954223633,36.63999938964844,35.0099983215332,35.650001525878906,35.650001525878906,186100
2022-07-05,34.81999969482422,34.84000015258789,33.849998474121094,34.58000183105469,34.58000183105469,433800
2022-07-06,34.66999816894531,34.66999816894531,32.75,33.47999954223633,33.47999954223633,557700
2022-07-07,33.7400016784668,34.709999084472656,33.7400016784668,34.060001373291016,34.060001373291016,556300
2022-07-08,33.7599983215332,33.81999969482422,32.290000915527344,32.619998931884766,32.619998931884766,820100
2022-07-11,32.0,32.0,29.360000610351562,29.530000686645508,29.530000686645508,1233400
2022-07-12,29.15999984741211,29.8700008392334,28.530000686645508,28.56999969482422,28.56999969482422,804600
2022-07-13,28.15999984741211,29.739999771118164,28.010000228881836,29.459999084472656,29.459999084472656,702600
2022-07-14,29.049999237060547,29.3700008392334,28.5,28.850000381469727,28.850000381469727,632300
2022-07-15,29.43000030517578,29.75,28.68000030517578,29.3700008392334,29.3700008392334,573200
2022-07-18,29.690000534057617,30.829999923706055,29.690000534057617,30.399999618530273,30.399999618530273,475700
2022-07-19,30.8700008392334,32.400001525878906,30.760000228881836,32.27000045776367,32.27000045776367,399100
2022-07-20,31.940000534057617,32.31999969482422,31.579999923706055,32.08000183105469,32.08000183105469,299600
2022-07-21,31.530000686645508,31.700000762939453,30.90999984741211,31.639999389648438,31.639999389648438,306900
2022-07-22,31.8700008392334,31.8799991607666,31.200000762939453,31.540000915527344,31.540000915527344,222100
2022-07-25,31.709999084472656,31.850000381469727,31.290000915527344,31.809999465942383,31.809999465942383,211400
2022-07-26,31.75,32.130001068115234,31.110000610351562,31.239999771118164,31.239999771118164,300300
2022-07-27,31.219999313354492,32.09000015258789,30.989999771118164,31.760000228881836,31.760000228881836,403900
2022-07-28,32.0099983215332,32.41999816894531,31.540000915527344,32.119998931884766,32.119998931884766,332500
2022-07-29,31.950000762939453,32.41999816894531,31.56999969482422,31.81999969482422,31.81999969482422,541800
2022-08-01,31.520000457763672,31.709999084472656,31.06999969482422,31.43000030517578,31.43000030517578,482700
2022-08-02,31.0,31.06999969482422,30.209999084472656,30.229999542236328,30.229999542236328,587900
2022-08-03,30.3799991607666,30.709999084472656,29.770000457763672,30.149999618530273,30.149999618530273,544000
2022-08-04,30.489999771118164,31.25,30.329999923706055,30.84000015258789,30.84000015258789,340200
2022-08-05,30.389999389648438,31.350000381469727,30.200000762939453,30.360000610351562,30.360000610351562,397400
2022-08-08,30.520000457763672,30.799999237060547,29.829999923706055,30.520000457763672,30.520000457763672,565800
2022-08-09,30.670000076293945,31.170000076293945,30.520000457763672,30.81999969482422,30.81999969482422,332000
2022-08-10,31.510000228881836,31.700000762939453,31.0,31.209999084472656,31.209999084472656,322700
2022-08-11,31.350000381469727,32.04999923706055,31.18000030517578,31.770000457763672,31.770000457763672,403900
2022-08-12,31.979999542236328,33.900001525878906,31.860000610351562,33.68000030517578,33.68000030517578,582300
2022-08-15,33.20000076293945,33.38999938964844,32.7400016784668,32.95000076293945,32.95000076293945,219800
2022-08-16,32.619998931884766,33.529998779296875,32.619998931884766,33.400001525878906,33.400001525878906,242400
2022-08-17,33.25,33.25,31.969999313354492,32.290000915527344,32.290000915527344,217100
2022-08-18,32.209999084472656,32.349998474121094,31.940000534057617,32.31999969482422,32.31999969482422,158000
2022-08-19,32.09000015258789,32.09000015258789,31.389999389648438,31.600000381469727,31.600000381469727,241200
2022-08-22,31.149999618530273,31.149999618530273,30.3700008392334,30.530000686645508,30.530000686645508,316600
2022-08-23,30.59000015258789,31.100000381469727,30.579999923706055,30.700000762939453,30.700000762939453,331100
2022-08-24,30.850000381469727,31.06999969482422,30.489999771118164,30.829999923706055,30.829999923706055,199600
2022-08-25,30.829999923706055,31.700000762939453,30.829999923706055,31.420000076293945,31.420000076293945,193100
2022-08-26,31.530000686645508,31.530000686645508,29.860000610351562,30.09000015258789,30.09000015258789,231800
2022-08-29,29.799999237060547,29.84000015258789,29.440000534057617,29.459999084472656,29.459999084472656,157400
2022-08-30,29.469999313354492,29.6200008392334,28.68000030517578,29.09000015258789,29.09000015258789,441600
2022-08-31,29.270000457763672,29.270000457763672,28.3799991607666,28.510000228881836,28.510000228881836,393400
2022-09-01,28.25,28.520000457763672,27.649999618530273,27.8799991607666,27.8799991607666,370700
2022-09-02,28.059999465942383,28.420000076293945,27.479999542236328,27.639999389648438,27.639999389648438,367900
2022-09-06,28.0,28.270000457763672,27.6299991607666,27.989999771118164,27.989999771118164,285300
2022-09-07,27.8799991607666,28.530000686645508,27.59000015258789,28.520000457763672,28.520000457763672,228500
2022-09-08,28.200000762939453,28.200000762939453,27.59000015258789,28.079999923706055,28.079999923706055,216600
2022-09-09,28.229999542236328,29.299999237060547,28.079999923706055,29.239999771118164,29.239999771118164,242300
2022-09-12,29.530000686645508,30.65999984741211,29.510000228881836,30.31999969482422,30.31999969482422,299500
2022-09-13,29.489999771118164,29.950000762939453,28.81999969482422,28.940000534057617,28.940000534057617,231900
2022-09-14,28.8799991607666,29.290000915527344,28.450000762939453,28.8700008392334,28.8700008392334,232900
2022-09-15,28.850000381469727,29.440000534057617,28.469999313354492,28.719999313354492,28.719999313354492,275400
2022-09-16,28.149999618530273,28.200000762939453,27.549999237060547,27.979999542236328,27.979999542236328,495500
2022-09-19,27.59000015258789,28.920000076293945,27.59000015258789,28.889999389648438,28.889999389648438,241500
2022-09-20,28.5,28.81999969482422,28.3700008392334,28.690000534057617,28.690000534057617,244500
2022-09-21,29.020000457763672,29.389999389648438,28.280000686645508,28.280000686645508,28.280000686645508,209000
2022-09-22,28.209999084472656,28.43000030517578,27.360000610351562,27.84000015258789,27.84000015258789,210000
2022-09-23,27.420000076293945,27.420000076293945,25.850000381469727,26.059999465942383,26.059999465942383,435900
2022-09-26,25.860000610351562,26.84000015258789,25.700000762939453,25.989999771118164,25.989999771118164,1381200
2022-09-27,26.5,26.5,25.31999969482422,25.479999542236328,25.479999542236328,623600
2022-09-28,25.520000457763672,26.40999984741211,25.350000381469727,26.049999237060547,26.049999237060547,548300
2022-09-29,25.760000228881836,25.770000457763672,24.690000534057617,25.459999084472656,25.459999084472656,292300
2022-09-30,25.489999771118164,25.600000381469727,24.239999771118164,24.270000457763672,24.270000457763672,296700
2022-10-03,24.719999313354492,25.649999618530273,24.219999313354492,25.190000534057617,25.190000534057617,921200
2022-10-04,25.860000610351562,26.399999618530273,25.860000610351562,26.350000381469727,26.350000381469727,493300
2022-10-05,26.0,26.8700008392334,25.93000030517578,26.739999771118164,26.739999771118164,373300
2022-10-06,26.520000457763672,26.979999542236328,26.43000030517578,26.90999984741211,26.90999984741211,254500
2022-10-07,26.610000610351562,26.670000076293945,24.770000457763672,24.920000076293945,24.920000076293945,228300
2022-10-10,25.1299991607666,25.299999237060547,24.6200008392334,24.90999984741211,24.90999984741211,153800
2022-10-11,24.709999084472656,25.299999237060547,24.34000015258789,25.0,25.0,302100
2022-10-12,25.0,25.280000686645508,24.510000228881836,24.6299991607666,24.6299991607666,166600
2022-10-13,24.110000610351562,25.5,23.799999237060547,25.200000762939453,25.200000762939453,266800
2022-10-14,25.360000610351562,25.6299991607666,24.729999542236328,24.760000228881836,24.760000228881836,188900
2022-10-17,25.34000015258789,25.920000076293945,25.34000015258789,25.829999923706055,25.829999923706055,214200
2022-10-18,26.399999618530273,26.790000915527344,25.639999389648438,26.06999969482422,26.06999969482422,173000
2022-10-19,25.719999313354492,26.030000686645508,25.459999084472656,25.65999984741211,25.65999984741211,350500
2022-10-20,25.510000228881836,25.93000030517578,24.709999084472656,25.0,25.0,206400
2022-10-21,25.229999542236328,25.760000228881836,25.079999923706055,25.489999771118164,25.489999771118164,200100
2022-10-24,25.43000030517578,25.940000534057617,24.959999084472656,25.93000030517578,25.93000030517578,277100
2022-10-25,25.860000610351562,27.56999969482422,25.739999771118164,27.34000015258789,27.34000015258789,439600
2022-10-26,27.68000030517578,28.170000076293945,27.040000915527344,27.610000610351562,27.610000610351562,427500
2022-10-27,30.0,33.040000915527344,29.8700008392334,32.869998931884766,32.869998931884766,687300
2022-10-28,33.189998626708984,34.38999938964844,33.06999969482422,34.25,34.25,902200
2022-10-31,34.0,35.709999084472656,33.97999954223633,35.310001373291016,35.310001373291016,547400
2022-11-01,35.52000045776367,36.70000076293945,35.209999084472656,36.61000061035156,36.61000061035156,572500
2022-11-02,36.27000045776367,37.279998779296875,35.34000015258789,35.630001068115234,35.630001068115234,615000
2022-11-03,35.08000183105469,36.939998626708984,35.08000183105469,36.779998779296875,36.779998779296875,419800
2022-11-04,37.31999969482422,37.9900016784668,36.970001220703125,37.689998626708984,37.689998626708984,385200
2022-11-07,36.790000915527344,37.58000183105469,36.65999984741211,37.58000183105469,37.58000183105469,339400
2022-11-08,37.720001220703125,38.5,37.400001525878906,37.849998474121094,37.849998474121094,233400
2022-11-09,36.880001068115234,37.380001068115234,35.970001220703125,36.27000045776367,36.27000045776367,243800
2022-11-10,37.959999084472656,38.2400016784668,37.38999938964844,37.970001220703125,37.970001220703125,549000
2022-11-11,38.130001068115234,39.52000045776367,38.02000045776367,38.83000183105469,38.83000183105469,254800
2022-11-14,38.52000045776367,39.0,37.849998474121094,37.970001220703125,37.970001220703125,339500
2022-11-15,38.40999984741211,39.52000045776367,38.40999984741211,38.72999954223633,38.72999954223633,294400
2022-11-16,38.0,38.11000061035156,36.63999938964844,36.959999084472656,36.959999084472656,198200
2022-11-17,36.119998931884766,36.90999984741211,35.95000076293945,36.83000183105469,36.83000183105469,355300
2022-11-18,37.40999984741211,37.459999084472656,36.689998626708984,37.15999984741211,37.15999984741211,278100
2022-11-21,36.869998931884766,38.27000045776367,36.869998931884766,38.2599983215332,38.2599983215332,225900
2022-11-22,38.349998474121094,38.650001525878906,37.68000030517578,38.43000030517578,38.43000030517578,192400
2022-11-23,38.31999969482422,38.849998474121094,37.599998474121094,37.9900016784668,37.9900016784668,116400
2022-11-25,38.060001373291016,38.529998779296875,38.0099983215332,38.0099983215332,38.0099983215332,65300
2022-11-28,37.560001373291016,37.959999084472656,37.2400016784668,37.630001068115234,37.630001068115234,140800
2022-11-29,37.68000030517578,38.0099983215332,37.400001525878906,37.77000045776367,37.77000045776367,158900
2022-11-30,37.68000030517578,38.5,37.209999084472656,38.38999938964844,38.38999938964844,247500
2022-12-01,38.459999084472656,38.58000183105469,37.689998626708984,38.45000076293945,38.45000076293945,163900
2022-12-02,37.779998779296875,37.959999084472656,37.459999084472656,37.70000076293945,37.70000076293945,144300
2022-12-05,37.40999984741211,37.40999984741211,35.95000076293945,36.310001373291016,36.310001373291016,188700
2022-12-06,36.34000015258789,36.84000015258789,35.470001220703125,35.540000915527344,35.540000915527344,154800
2022-12-07,35.15999984741211,36.52000045776367,35.060001373291016,36.27000045776367,36.27000045776367,285000
2022-12-08,36.38999938964844,36.900001525878906,35.970001220703125,36.029998779296875,36.029998779296875,162300
2022-12-09,35.540000915527344,36.11000061035156,35.27000045776367,35.34000015258789,35.34000015258789,140300
2022-12-12,35.459999084472656,36.709999084472656,35.060001373291016,36.5,36.5,180700
2022-12-13,37.650001525878906,37.849998474121094,36.04999923706055,36.189998626708984,36.189998626708984,203600
2022-12-14,36.209999084472656,36.709999084472656,35.54999923706055,35.7400016784668,35.7400016784668,229300
2022-12-15,34.95000076293945,34.95000076293945,34.13999938964844,34.7400016784668,34.7400016784668,174900
2022-12-16,34.119998931884766,34.45000076293945,33.7599983215332,34.11000061035156,34.11000061035156,633600
2022-12-19,34.27000045776367,34.95000076293945,34.27000045776367,34.290000915527344,34.290000915527344,199200
2022-12-20,34.38999938964844,35.220001220703125,34.279998779296875,34.810001373291016,34.810001373291016,110200
2022-12-21,35.220001220703125,35.58000183105469,35.09000015258789,35.20000076293945,35.20000076293945,135600
2022-12-22,34.880001068115234,35.02000045776367,33.900001525878906,34.939998626708984,34.939998626708984,166800
2022-12-23,34.810001373291016,35.060001373291016,34.619998931884766,34.630001068115234,34.630001068115234,148000
2022-12-27,34.7599983215332,34.91999816894531,34.40999984741211,34.47999954223633,34.47999954223633,112800
2022-12-28,34.61000061035156,34.66999816894531,33.33000183105469,33.34000015258789,33.34000015258789,175200
2022-12-29,33.66999816894531,34.38999938964844,33.40999984741211,34.33000183105469,34.33000183105469,231600
2022-12-30,34.0,34.119998931884766,33.220001220703125,33.529998779296875,33.529998779296875,153100
2023-01-03,33.900001525878906,34.22999954223633,33.2599983215332,33.959999084472656,33.959999084472656,212700
2023-01-04,34.38999938964844,35.380001068115234,34.189998626708984,34.599998474121094,34.599998474121094,221900
2023-01-05,34.439998626708984,35.209999084472656,33.650001525878906,34.90999984741211,34.90999984741211,287000
2023-01-06,30.1299991607666,31.049999237060547,28.549999237060547,28.65999984741211,28.65999984741211,1649400
2023-01-09,28.899999618530273,29.65999984741211,27.399999618530273,27.479999542236328,27.479999542236328,819900
2023-01-10,27.5,29.25,27.229999542236328,28.739999771118164,28.739999771118164,577600
2023-01-11,29.030000686645508,29.510000228881836,28.360000610351562,28.6299991607666,28.6299991607666,350200
2023-01-12,28.959999084472656,30.5,28.799999237060547,30.0,30.0,462000
2023-01-13,29.639999389648438,29.809999465942383,29.149999618530273,29.309999465942383,29.309999465942383,239400
2023-01-17,28.3799991607666,29.299999237060547,28.3799991607666,28.510000228881836,28.510000228881836,462400
2023-01-18,28.75,29.559999465942383,28.56999969482422,28.90999984741211,28.90999984741211,300400
2023-01-19,28.719999313354492,28.84000015258789,28.15999984741211,28.260000228881836,28.260000228881836,279300
2023-01-20,28.540000915527344,28.889999389648438,28.030000686645508,28.219999313354492,28.219999313354492,611200
2023-01-23,28.34000015258789,28.540000915527344,27.899999618530273,28.31999969482422,28.31999969482422,415000
2023-01-24,28.399999618530273,28.399999618530273,27.68000030517578,28.030000686645508,28.030000686645508,452500
2023-01-25,27.68000030517578,27.989999771118164,27.329999923706055,27.790000915527344,27.790000915527344,342500
2023-01-26,28.010000228881836,28.889999389648438,27.6200008392334,28.8799991607666,28.8799991607666,265200
2023-01-27,28.760000228881836,29.799999237060547,28.6299991607666,29.579999923706055,29.579999923706055,323400
2023-01-30,29.389999389648438,29.969999313354492,29.170000076293945,29.559999465942383,29.559999465942383,230100
2023-01-31,29.559999465942383,31.1299991607666,29.489999771118164,30.920000076293945,30.920000076293945,612100
2023-02-01,30.729999542236328,30.84000015258789,29.540000915527344,30.40999984741211,30.40999984741211,451800
2023-02-02,30.690000534057617,31.860000610351562,30.559999465942383,31.799999237060547,31.799999237060547,369800
2023-02-03,31.579999923706055,32.0,31.469999313354492,31.68000030517578,31.68000030517578,261000
2023-02-06,31.510000228881836,31.510000228881836,30.950000762939453,31.06999969482422,31.06999969482422,169200
2023-02-07,30.829999923706055,31.860000610351562,30.600000381469727,31.719999313354492,31.719999313354492,257100
2023-02-08,31.43000030517578,31.56999969482422,30.719999313354492,30.850000381469727,30.850000381469727,203900
2023-02-09,31.110000610351562,31.18000030517578,29.670000076293945,29.68000030517578,29.68000030517578,248300
2023-02-10,29.610000610351562,29.84000015258789,29.420000076293945,29.579999923706055,29.579999923706055,171400
2023-02-13,29.420000076293945,29.940000534057617,29.079999923706055,29.790000915527344,29.790000915527344,156300
2023-02-14,29.690000534057617,29.690000534057617,28.8700008392334,29.25,29.25,212500
2023-02-15,29.030000686645508,29.979999542236328,28.979999542236328,29.770000457763672,29.770000457763672,176300
2023-02-16,29.31999969482422,29.969999313354492,29.010000228881836,29.420000076293945,29.420000076293945,359500
2023-02-17,29.75,29.780000686645508,29.329999923706055,29.360000610351562,29.360000610351562,311100
2023-02-21,28.760000228881836,29.059999465942383,28.100000381469727,28.459999084472656,28.459999084472656,266600
2023-02-22,28.530000686645508,29.420000076293945,28.530000686645508,29.219999313354492,29.219999313354492,383500
2023-02-23,29.399999618530273,30.700000762939453,29.309999465942383,30.68000030517578,30.68000030517578,312100
2023-02-24,30.200000762939453,31.209999084472656,30.15999984741211,30.940000534057617,30.940000534057617,264500
2023-02-27,31.25,31.860000610351562,30.770000457763672,30.780000686645508,30.780000686645508,293500
2023-02-28,30.799999237060547,32.13999938964844,30.799999237060547,32.11000061035156,32.11000061035156,335000
2023-03-01,32.0099983215332,32.959999084472656,31.709999084472656,32.65999984741211,32.65999984741211,260900
2023-03-02,32.220001220703125,32.77000045776367,31.6200008392334,32.75,32.75,174400
2023-03-03,32.95000076293945,33.18000030517578,32.619998931884766,33.09000015258789,33.09000015258789,178500
2023-03-06,33.150001525878906,33.150001525878906,31.959999084472656,32.40999984741211,32.40999984741211,235100
2023-03-07,32.38999938964844,32.38999938964844,31.43000030517578,31.809999465942383,31.809999465942383,195000
2023-03-08,31.940000534057617,32.29999923706055,31.489999771118164,31.950000762939453,31.950000762939453,141600
2023-03-09,32.060001373291016,32.369998931884766,30.959999084472656,31.030000686645508,31.030000686645508,153200
2023-03-10,30.739999771118164,30.850000381469727,29.809999465942383,30.06999969482422,30.06999969482422,189700
2023-03-13,29.450000762939453,29.639999389648438,27.959999084472656,28.110000610351562,28.110000610351562,343800
2023-03-14,29.010000228881836,29.459999084472656,28.100000381469727,28.3700008392334,28.3700008392334,238500
2023-03-15,27.469999313354492,27.719999313354492,26.780000686645508,27.709999084472656,27.709999084472656,368900
2023-03-16,27.34000015258789,28.709999084472656,26.729999542236328,28.290000915527344,28.290000915527344,393500
2023-03-17,27.75,28.209999084472656,26.739999771118164,26.8700008392334,26.8700008392334,1234900
2023-03-20,27.270000457763672,28.479999542236328,27.190000534057617,28.270000457763672,28.270000457763672,512400
2023-03-21,28.959999084472656,29.260000228881836,27.850000381469727,28.389999389648438,28.389999389648438,473500
2023-03-22,32.41999816894531,32.56999969482422,30.280000686645508,30.34000015258789,30.34000015258789,881800
2023-03-23,30.6200008392334,31.899999618530273,30.389999389648438,30.989999771118164,30.989999771118164,462700
2023-03-24,30.280000686645508,31.299999237060547,29.899999618530273,31.239999771118164,31.239999771118164,341300
2023-03-27,31.549999237060547,31.780000686645508,31.190000534057617,31.520000457763672,31.520000457763672,241100
2023-03-28,31.510000228881836,32.04999923706055,31.329999923706055,31.84000015258789,31.84000015258789,219900
2023-03-29,32.20000076293945,32.47999954223633,31.600000381469727,31.8700008392334,31.8700008392334,218700
2023-03-30,32.279998779296875,32.36000061035156,31.6200008392334,31.93000030517578,31.93000030517578,161600
2023-03-31,32.06999969482422,32.31999969482422,31.899999618530273,32.16999816894531,32.16999816894531,305400
2023-04-03,32.619998931884766,32.619998931884766,31.860000610351562,32.470001220703125,32.470001220703125,279300
2023-04-04,32.599998474121094,32.63999938964844,31.31999969482422,31.670000076293945,31.670000076293945,208400
2023-04-05,31.420000076293945,31.43000030517578,30.34000015258789,30.389999389648438,30.389999389648438,364300
2023-04-06,30.239999771118164,30.760000228881836,30.049999237060547,30.209999084472656,30.209999084472656,811500
2023-04-10,33.970001220703125,34.13999938964844,31.899999618530273,33.27000045776367,33.27000045776367,1817700
2023-04-11,34.02000045776367,34.709999084472656,32.869998931884766,33.11000061035156,33.11000061035156,935200
2023-04-12,33.150001525878906,33.7599983215332,32.119998931884766,32.36000061035156,32.36000061035156,774800
2023-04-13,32.40999984741211,32.40999984741211,30.3799991607666,30.760000228881836,30.760000228881836,683600
2023-04-14,30.489999771118164,30.8799991607666,29.15999984741211,29.399999618530273,29.399999618530273,650400
2023-04-17,29.520000457763672,30.059999465942383,29.219999313354492,29.770000457763672,29.770000457763672,668900
2023-04-18,29.969999313354492,29.969999313354492,29.059999465942383,29.600000381469727,29.600000381469727,404500
2023-04-19,29.329999923706055,29.889999389648438,28.899999618530273,29.68000030517578,29.68000030517578,390300
2023-04-20,29.600000381469727,29.959999084472656,29.219999313354492,29.450000762939453,29.450000762939453,405900
2023-04-21,29.34000015258789,29.450000762939453,28.84000015258789,29.1299991607666,29.1299991607666,402600
2023-04-24,28.559999465942383,29.1299991607666,28.059999465942383,28.09000015258789,28.09000015258789,386000
2023-04-25,27.690000534057617,27.850000381469727,26.950000762939453,27.31999969482422,27.31999969482422,334900
2023-04-26,27.170000076293945,27.670000076293945,26.600000381469727,26.739999771118164,26.739999771118164,480500
2023-04-27,26.709999084472656,26.889999389648438,25.860000610351562,26.540000915527344,26.540000915527344,345100
2023-04-28,26.420000076293945,26.920000076293945,26.200000762939453,26.450000762939453,26.450000762939453,318000
2023-05-01,26.56999969482422,27.299999237060547,26.469999313354492,26.600000381469727,26.600000381469727,348500
2023-05-02,26.540000915527344,26.59000015258789,25.40999984741211,26.5,26.5,425400
2023-05-03,26.489999771118164,26.8700008392334,26.389999389648438,26.399999618530273,26.399999618530273,252900
2023-05-04,26.1200008392334,26.299999237060547,25.40999984741211,25.68000030517578,25.68000030517578,261600
2023-05-05,26.09000015258789,26.959999084472656,26.09000015258789,26.899999618530273,26.899999618530273,274500
2023-05-08,27.139999389648438,27.200000762939453,26.530000686645508,26.690000534057617,26.690000534057617,206900
2023-05-09,26.5,26.790000915527344,26.329999923706055,26.450000762939453,26.450000762939453,211100
2023-05-10,26.81999969482422,26.850000381469727,26.09000015258789,26.5,26.5,198500
2023-05-11,26.15999984741211,26.75,26.040000915527344,26.739999771118164,26.739999771118164,233800
2023-05-12,26.8799991607666,27.1299991607666,26.09000015258789,26.540000915527344,26.540000915527344,205700
2023-05-15,26.670000076293945,26.8799991607666,26.389999389648438,26.440000534057617,26.440000534057617,344100
2023-05-16,26.170000076293945,26.829999923706055,26.059999465942383,26.3799991607666,26.3799991607666,232200
2023-05-17,26.56999969482422,27.350000381469727,26.56999969482422,27.139999389648438,27.139999389648438,228900
2023-05-18,26.989999771118164,27.56999969482422,26.889999389648438,27.510000228881836,27.510000228881836,223000
2023-05-19,27.989999771118164,27.989999771118164,27.170000076293945,27.610000610351562,27.610000610351562,172100
2023-05-22,27.719999313354492,27.920000076293945,27.280000686645508,27.809999465942383,27.809999465942383,142200
2023-05-23,27.729999542236328,28.360000610351562,27.709999084472656,27.760000228881836,27.760000228881836,237400
2023-05-24,27.600000381469727,28.059999465942383,27.389999389648438,27.559999465942383,27.559999465942383,194400
2023-05-25,27.239999771118164,27.690000534057617,26.969999313354492,27.579999923706055,27.579999923706055,157200
2023-05-26,27.65999984741211,28.149999618530273,27.600000381469727,27.729999542236328,27.729999542236328,228200
2023-05-30,27.649999618530273,28.0,27.299999237060547,27.440000534057617,27.440000534057617,174200
2023-05-31,27.270000457763672,27.579999923706055,26.940000534057617,27.170000076293945,27.170000076293945,175700
2023-06-01,27.229999542236328,27.940000534057617,26.959999084472656,27.8799991607666,27.8799991607666,271800
2023-06-02,28.510000228881836,29.829999923706055,28.389999389648438,29.649999618530273,29.649999618530273,320900
2023-06-05,29.3700008392334,29.389999389648438,28.329999923706055,28.690000534057617,28.690000534057617,255200
2023-06-06,28.59000015258789,29.780000686645508,28.59000015258789,29.459999084472656,29.459999084472656,316400
2023-06-07,29.799999237060547,30.520000457763672,29.56999969482422,30.3799991607666,30.3799991607666,249500
2023-06-08,30.239999771118164,30.729999542236328,29.75,30.709999084472656,30.709999084472656,206800
2023-06-09,30.799999237060547,30.799999237060547,29.989999771118164,30.219999313354492,30.219999313354492,163900
2023-06-12,30.149999618530273,30.40999984741211,29.719999313354492,30.219999313354492,30.219999313354492,208700
2023-06-13,30.31999969482422,30.81999969482422,30.1299991607666,30.6299991607666,30.6299991607666,204200
2023-06-14,30.81999969482422,31.260000228881836,30.559999465942383,30.739999771118164,30.739999771118164,318000
2023-06-15,30.700000762939453,31.280000686645508,30.43000030517578,31.270000457763672,31.270000457763672,274500
2023-06-16,31.510000228881836,32.09000015258789,31.09000015258789,31.780000686645508,31.780000686645508,995500
2023-06-20,31.639999389648438,32.119998931884766,31.239999771118164,31.850000381469727,31.850000381469727,252300
2023-06-21,31.75,32.810001373291016,31.670000076293945,32.150001525878906,32.150001525878906,263000
2023-06-22,32.06999969482422,32.43000030517578,31.899999618530273,32.220001220703125,32.220001220703125,205600
2023-06-23,31.770000457763672,32.279998779296875,31.229999542236328,31.40999984741211,31.40999984741211,430200
2023-06-26,31.690000534057617,32.31999969482422,31.459999084472656,32.040000915527344,32.040000915527344,253800
2023-06-27,32.060001373291016,32.47999954223633,31.56999969482422,32.279998779296875,32.279998779296875,244000
2023-06-28,32.279998779296875,32.720001220703125,31.959999084472656,32.47999954223633,32.47999954223633,182400
2023-06-29,37.959999084472656,42.880001068115234,37.58000183105469,42.81999969482422,42.81999969482422,2123200
2023-06-30,43.77000045776367,44.70000076293945,42.91999816894531,43.099998474121094,43.099998474121094,972300
2023-07-03,43.099998474121094,43.70000076293945,42.349998474121094,43.099998474121094,43.099998474121094,396300
2023-07-05,42.79999923706055,42.849998474121094,41.93000030517578,42.63999938964844,42.63999938964844,775200
2023-07-06,42.380001068115234,42.65999984741211,41.34000015258789,42.630001068115234,42.630001068115234,444100
2023-07-07,43.0,43.5,42.47999954223633,42.58000183105469,42.58000183105469,385700
2023-07-10,42.65999984741211,43.52000045776367,42.470001220703125,43.290000915527344,43.290000915527344,399300
2023-07-11,43.5099983215332,43.970001220703125,42.779998779296875,43.18000030517578,43.18000030517578,392600
2023-07-12,43.72999954223633,43.90999984741211,42.56999969482422,43.08000183105469,43.08000183105469,420100
2023-07-13,43.130001068115234,44.15999984741211,42.86000061035156,44.150001525878906,44.150001525878906,462800
2023-07-14,44.25,44.25,43.0099983215332,43.650001525878906,43.650001525878906,332200
2023-07-17,43.349998474121094,43.970001220703125,43.02000045776367,43.529998779296875,43.529998779296875,336400
2023-07-18,43.68000030517578,44.29999923706055,43.58000183105469,43.77000045776367,43.77000045776367,222500
2023-07-19,43.9900016784668,44.970001220703125,43.810001373291016,44.959999084472656,44.959999084472656,397600
2023-07-20,45.0,45.27000045776367,44.439998626708984,44.84000015258789,44.84000015258789,255000
2023-07-21,44.959999084472656,44.970001220703125,44.099998474121094,44.45000076293945,44.45000076293945,549600
2023-07-24,44.18000030517578,44.93000030517578,43.650001525878906,44.90999984741211,44.90999984741211,292800
2023-07-25,44.65999984741211,44.75,44.06999969482422,44.36000061035156,44.36000061035156,196300
2023-07-26,44.40999984741211,45.369998931884766,44.40999984741211,45.11000061035156,45.11000061035156,211000
2023-07-27,45.20000076293945,45.5,44.599998474121094,44.72999954223633,44.72999954223633,160000
2023-07-28,45.0,45.36000061035156,44.5099983215332,44.810001373291016,44.810001373291016,175200
